SMILES,Fluorescent
N#Cc1cc2ccc(O)cc2oc1=O,1
N#Cc1cc2ccc([O-])cc2oc1=O,1
CCCCCCCCCCCC#CC#CCCCCCCCCCN1C(=O)c2ccc3c4ccc5c6c(ccc(c7ccc(c2c37)C1=O)c64)C(=O)N(CCCCCCCCCC#CC#CCCCCCCCCCCCC)C5=O,1
[O-]c1c(-c2nc3ccccc3s2)cc2ccc3cccc4ccc1c2c34,1
CCN(CC)c1ccc2c(C)cc(=O)oc2c1,1
CCN(CC)c1ccc2c(C(F)(F)F)cc(=O)oc2c1,1
Cc1cc(=O)oc2c3c4c(cc12)CCCN4CCC3,1
O=c1cc(C(F)(F)F)c2cc3c4c(c2o1)CCCN4CCC3,1
CN1CCCc2cc3c(C(F)(F)F)cc(=O)oc3cc21,1
Nc1ccc2c(C(F)(F)F)cc(=O)oc2c1,1
CCN(CC)c1ccc2cc(-c3nc4ccccc4s3)c(=O)oc2c1,1
CCN(CC)c1ccc2cc(-c3nc4ccccc4n3C)c(=O)oc2c1,1
CCNc1cc2oc(=O)cc(C)c2cc1C,1
CCNc1cc2oc(=O)cc(C(F)(F)F)c2cc1C,1
CCNc1cc2oc3c/c(=[NH+]\CC)c(C)cc-3c(-c3ccccc3C(=O)OCC)c2cc1C,1
O=C([O-])c1ccccc1-c1c2cc(Br)c(=O)c(Br)c-2oc2c(Br)c([O-])c(Br)cc12,1
O=C([O-])c1ccccc1-c1c2cc(I)c(=O)c(I)c-2oc2c(I)c([O-])c(I)cc12,1
O=C([O-])c1c(Cl)c(Cl)c(Cl)c(Cl)c1-c1c2cc(I)c(=O)c(I)c-2oc2c(I)c([O-])c(I)cc12,1
CCC(=O)c1ccc2cc(N(C)C)ccc2c1,1
c1ccc2ccccc2c1,1
C[Si](C)(C)c1cccc2ccccc12,1
C[SiH](C)c1cccc2ccccc12,1
CCCC[Si](C)(C)c1cccc2ccccc12,1
CC(C)(C)[Si](C)(C)c1cccc2ccccc12,1
CCCCCCCC[Si](C)(C)c1cccc2ccccc12,1
C[Si](C)(C)c1ccc([Si](C)(C)C)c2ccccc12,1
C[SiH](C)c1ccc([SiH](C)C)c2ccccc12,1
CC(C)(C)[Si](C)(C)c1ccc([Si](C)(C)C(C)(C)C)c2ccccc12,1
COc1ccc([Si](C)(C)C)c2ccccc12,1
C[Si](C)(C)c1ccc(C#N)c2ccccc12,1
C[Si](C)(C)c1cccc2c(C#N)cccc12,1
C[Si](C)(C)C#Cc1cccc2ccccc12,1
C[Si](C)(C)C#Cc1ccc(C#C[Si](C)(C)C)c2ccccc12,1
CCCCCCCCCCCCn1cccc1/C=C/c1cc(OCCCC)c(/C=C/c2cccn2CCCCCCCCCCCC)cc1OCCCC,1
CCCCCCCCCCCCn1cccc1/C=C/c1ccc(OCCCC)c2c(/C=C/c3cccn3CCCCCCCCCCCC)ccc(OCCCC)c12,1
CCCCCCCCCCCCn1cccc1/C=C/c1ccc(/C=C/c2cccn2CCCCCCCCCCCC)cc1,1
CCCCCCCCc1ccc(-c2ccc(/C=C(\C#N)c3ccc(-c4cccc5cccc(-c6ccc(/C(C#N)=C/c7ccc(-c8ccc(CCCCCCCC)cc8)cc7)cc6)c45)cc3)cc2)cc1,1
CCC12C(=C3C(=C4c5ccc(-c6ccc(C)s6)cc5S(=O)(=O)C41CC)C(F)(F)C(F)(F)C3(F)F)c1ccc(-c3ccc(C)s3)cc1S2(=O)=O,1
ClP1(Cl)=NP(Cl)(Cl)=NP(Cl)(Oc2ccc3ccc4cccc5ccc2c3c45)=N1,1
ClP1(Cl)=N[P@@](Cl)(Oc2ccc3ccc4cccc5ccc2c3c45)=N[P@@](Cl)(Oc2ccc3ccc4cccc5ccc2c3c45)=N1,1
ClP1(Cl)=N[P@](Cl)(Oc2ccc3ccc4cccc5ccc2c3c45)=N[P@@](Cl)(Oc2ccc3ccc4cccc5ccc2c3c45)=N1,1
c1ccc2c(c1)OP1(=NP3(=NP(Oc4ccc5ccc6cccc7ccc4c5c67)(Oc4ccc5ccc6cccc7ccc4c5c67)=N1)Oc1ccccc1-c1ccccc1O3)Oc1ccccc1-2,1
c1ccc2c(c1)OP1(=NP(Oc3ccc4ccc5cccc6ccc3c4c56)(Oc3ccc4ccc5cccc6ccc3c4c56)=NP(Oc3ccc4ccc5cccc6ccc3c4c56)(Oc3ccc4ccc5cccc6ccc3c4c56)=N1)Oc1ccccc1-2,1
c1cc2ccc3ccc(OP4(Oc5ccc6ccc7cccc8ccc5c6c78)=NP(Oc5ccc6ccc7cccc8ccc5c6c78)(Oc5ccc6ccc7cccc8ccc5c6c78)=NP(Oc5ccc6ccc7cccc8ccc5c6c78)(Oc5ccc6ccc7cccc8ccc5c6c78)=N4)c4ccc(c1)c2c34,1
CCCCC(CC)CN1C(=O)C2=C(c3ccc(-c4ccc(C5=C6C(C)=CC(C)=[N+]6[B-](F)(F)n6c(C)cc(C)c65)cc4)s3)N(CC(CC)CCCC)C(=O)C2=C1c1cccs1,1
CCCCC(CC)CN1C(=O)C2=C(c3ccc(-c4ccc(C5=C6C(C)=CC(C)=[N+]6[B-](F)(F)n6c(C)cc(C)c65)cc4)s3)N(CC(CC)CCCC)C(=O)C2=C1c1ccc(-c2ccc(C3=C4C(C)=CC(C)=[N+]4[B-](F)(F)n4c(C)cc(C)c43)cc2)s1,1
CN(C)c1ccc2nc3ccc(N(C)C)cc3[s+]c2c1,1
COc1ccccc1-c1nc(-c2ccccc2)c2ccccn12,1
C(=C/c1nc(-c2ccccc2)c2ccccn12)\c1nc(-c2ccccc2)c2ccccn12,1
O=C(O)c1ccccc1-c1nc(-c2ccccc2)c2ccccn12,1
O=C(O)c1ccc(-c2nc(-c3ccccc3)c3ccccn23)cc1,1
O=C(O)c1ccc(-c2nc(-c3ccccc3)c3c4ccccc4ccn23)cc1,1
O=C(O)c1ccc(-c2ccc(-c3nc(-c4ccccc4)c4ccccn34)cc2)s1,1
O=C1c2cccc3cc4ccccc4c(c23)C(=O)N1Cc1ccccn1,1
O=C1c2cccc3c(NCc4ccccn4)c4ccccc4c(c23)C(=O)N1Cc1ccccn1,1
CCCCCCCCCCCCN1C(=O)c2cccc3c(N(Cc4ccccn4)Cc4ccccn4)c4ccccc4c(c23)C1=O,1
CC(=O)N(Cc1ccccn1)c1c2ccccc2c2c3c(cccc13)C(=O)N(Cc1ccccn1)C2=O,1
O=C(O)CCCc1cc(C#Cc2ccccc2)c2ccc3c(C#Cc4ccccc4)cc(C#Cc4ccccc4)c4ccc1c2c34,1
O=C1NC(=O)c2ccc(N3CCCCC3)c3cccc1c23,1
O=C1NC(=O)c2ccc(N3CCOCC3)c3cccc1c23,1
Cc1ccc(N(CC(=O)[O-])CC(=O)[O-])c(OCCOc2cc3cc(-c4ncc(C(=O)[O-])o4)oc3cc2N(CC(=O)[O-])CC(=O)[O-])c1,1
Cc1ccc(N(CC(=O)[O-])CC(=O)[O-])cc1OCCOc1cc(-c2cc3ccc(C(=O)[O-])cc3[nH]2)ccc1N(CC(=O)[O-])CC(=O)[O-],1
CC(=O)OCOC(=O)CN(CC(=O)OCOC(C)=O)c1ccccc1OCCOc1cc(NC(=O)c2ccc3c(c2)C(=O)OC32c3cc(Cl)c(OC(C)=O)cc3Oc3cc(OC(C)=O)c(Cl)cc32)ccc1N(CC(=O)OCOC(C)=O)CC(=O)OCOC(C)=O,1
COc1cc(N(CC(=O)[O-])CC(=O)[O-])c2nc(COc3cc(C)ccc3N(CC(=O)[O-])CC(=O)[O-])ccc2c1,1
COc1cc(N(CC(=O)[O-])CC(=O)[O-])c2ncccc2c1,1
O=C([O-])COc1cc(NC(=O)c2ccc(-c3c4cc(Cl)c(=O)cc-4oc4cc(O)c(Cl)cc34)c(C(=O)[O-])c2)ccc1N(CC(=O)[O-])CC(=O)[O-],1
COc1cc2cc(-c3ccc(C(=O)OCOC(C)=O)cc3C(=O)OCOC(C)=O)oc2cc1N1CCOCCOCCN(c2cc3oc(-c4ccc(C(=O)OCOC(C)=O)cc4C(=O)OCOC(C)=O)cc3cc2OC)CCOCCOCC1,1
COc1cc(N2CCOCCOCCN(c3cc(OC)c(NC(=O)c4ccc(-c5c6cc(Cl)c(=O)cc-6oc6cc([O-])c(Cl)cc56)c(C(=O)[O-])c4)cc3OC)CCOCC2)c(OC)cc1NC(=O)c1ccc(-c2c3cc(Cl)c(=O)cc-3oc3cc([O-])c(Cl)cc23)c(C(=O)[O-])c1,1
CCN1CCCc2cc3c(cc21)Oc1cc2c(cc1=N3)C(CS(=O)(=O)[O-])CC(C)(C)[N+]=2CCCC(=O)[O-],1
CN(C)c1ccc2cc3ccc(N(C)C)cc3nc2c1,1
Nc1ccc2c(-c3ccc(C(=O)CN4C(=O)CCC4=O)cc3C(=O)[O-])c3ccc(=[NH2+])c(S(=O)(=O)[O-])c-3oc2c1S(=O)(=O)[O-],1
CC1(CCCCC(=O)NCCCCCCO)C(/C=C/C=C/C=C2/N(CCCS(=O)(=O)[O-])c3ccc(S(=O)(=O)[O-])cc3C2(C)C)=[N+](CCCS(=O)(=O)[O-])c2ccc(S(=O)(=O)[O-])cc21,1
CC1=CC(C)=[N+]2C1=Cc1ccc(CCC(=O)ON3C(=O)CCC3=O)n1[B-]2(F)F,1
CC1(C)C2=C3C=C4C5=[N+](CCC4OC3CCN2c2ccc(CC(=O)NCCCCCCO)cc21)c1ccc(S(=O)(=O)[O-])cc1C5(C)C,1
CN1/C(=C/C=C/C2=[N+](CCCCCC(=O)O)c3ccc(S(=O)(=O)[O-])cc3C2(C)C)C(C)(C)c2cc(S(=O)(=O)[O-])ccc21,1
O=C([O-])c1cc(N2C(=O)C=CC2=O)ccc1-c1c2cc(F)c(=O)cc-2oc2cc([O-])c(F)cc12,1
CC1(C)C(/C=C/C=C/C=C/C=C2\N(CCCCS(=O)(=O)[O-])c3ccc4ccccc4c3C2(C)C)=[N+](CCCCS(=O)(=O)[O-])c2ccc3ccccc3c21,1
NC(=O)C1=CN([C@H]2C[C@H](O)[C@@H](COP(=O)([O-])OP(=O)([O-])OC[C@H]3O[C@@H](n4cnc5c(N)ncnc54)C[C@@H]3O)O2)C=CC1,1
CCOC(=O)c1c(CSc2ccccc2)n(C)c2cc(Br)c(O)c(CN(C)C)c12,1
c1ccc(-c2ccc(-c3ccccc3)cc2)cc1,1
c1ccc2[nH]ccc2c1,1
Nc1ncc2nc[nH]c2n1,1
N[C@@H](Cc1ccc(O)cc1)C(=O)O,1
Nc1ccccc1C(=O)O,1
c1ccc2cc3ccccc3cc2c1,1
O=S(=O)([O-])c1cc(O)c2ccc3c(S(=O)(=O)[O-])cc(S(=O)(=O)[O-])c4ccc1c2c34,1
NNC(=O)N1C(=O)c2cc(S(=O)(=O)[O-])cc3c(N)c(S(=O)(=O)[O-])cc(c23)C1=O,1
O=S(=O)([O-])c1cc(S(=O)(=O)Cl)ccc1C1=c2cc3c4c(c2Oc2c1cc1c5c2CCCN5CCC1)CCC[N+]=4CCC3,1
N#Cc1cccc2[nH]ccc12,1
N#Cc1ccc2[nH]ccc2c1,1
N#Cc1ccc2cc[nH]c2c1,1
N#Cc1cccc2cc[nH]c12,1
N#Cc1cc2ccccc2[nH]1,1
N#Cc1c[nH]c2ccccc12,1
COc1cc(/C=C/C(=O)CC(=O)/C=C/c2ccc(O)c(OC)c2)ccc1O,1
O=Cc1ccc(N(c2ccc(C=O)cc2)c2ccc(-c3ccc4c(c3)C(=O)c3ccccc3C4=O)cc2)cc1,1
Nc1ccc(-c2ccc3c(c2)C(=O)c2ccccc2C3=O)cc1,1
O=C1c2ccccc2C(=O)c2cc(-c3ccc(N(c4ccccc4)c4ccccc4)cc3)ccc21,1
Cc1ccc(N(c2ccc(C)cc2)c2ccc(-c3ccc4c(c3)C(=O)c3ccccc3C4=O)cc2)cc1,1
COc1ccc(N(c2ccc(OC)cc2)c2ccc(-c3ccc4c(c3)C(=O)c3ccccc3C4=O)cc2)cc1,1
CC1=CC(C)=[N+]2C1=C(c1ccccc1)c1c(C)cc(C)n1[B-]2(F)F,1
COc1ccccc1C1=C2C(C)=CC(C)=[N+]2[B-](F)(F)n2c(C)cc(C)c21,1
COc1cccc(OC)c1C1=C2C(C)=CC(C)=[N+]2[B-](F)(F)n2c(C)cc(C)c21,1
COc1cc(OC)c(C2=C3C(C)=CC(C)=[N+]3[B-](F)(F)n3c(C)cc(C)c32)c(OC)c1,1
C(/C=C/c1ccc(-n2c3ccccc3c3ccccc32)cc1)=C\c1ccncc1,1
CN(C)c1ccc(/C=C/C=C/c2ccncc2)cc1,1
C(/C=C/c1ccc(N(c2ccccc2)c2ccccc2)cc1)=C\c1ccncc1,1
C(/C=C/c1cc2c3c(c1)CCCN3CCC2)=C\c1ccncc1,1
Nc1ccc2c3cccc4cccc(c5cccc1c52)c43,1
CC(=O)Nc1ccc2c3cccc4cccc(c5cccc1c52)c43,1
Clc1nc(Cl)nc(Nc2ccc3c4cccc5cccc(c6cccc2c63)c54)n1,1
COc1nc(Cl)nc(Nc2ccc3c4cccc5cccc(c6cccc2c63)c54)n1,1
COc1nc(Nc2ccc3c4cccc5cccc(c6cccc2c63)c54)nc(OC)n1,1
Clc1nc(Nc2ccccc2)nc(Nc2ccc3c4cccc5cccc(c6cccc2c63)c54)n1,1
c1ccc(Nc2nc(Nc3ccccc3)nc(Nc3ccc4c5cccc6cccc(c7cccc3c74)c65)n2)cc1,1
CCOC(=O)CN1C(=O)C2=C(c3ccccc3)N(CC(=O)OCC)C(=O)C2=C1c1ccccc1,1
CCOC(=O)CN1C(=O)C2=C(c3ccc(C#N)cc3)N(CC(=O)OCC)C(=O)C2=C1c1ccccc1,1
CCOC(=O)CN1C(=O)C2=C(c3ccc(C#N)cc3)N(CC(=O)OCC)C(=O)C2=C1c1ccc(C#N)cc1,1
CCOC(=O)CN1C(=O)C2=C(c3ccc(N4CCCCC4)cc3)N(CC(=O)OCC)C(=O)C2=C1c1ccccc1,1
CCOC(=O)CN1C(=O)C2=C(c3ccc(N4CCCCC4)cc3)N(CC(=O)OCC)C(=O)C2=C1c1ccc(N2CCCCC2)cc1,1
CCOC(=O)CN1C(=O)C2=C(c3ccc(N4CCCCC4)cc3)N(CC(=O)OCC)C(=O)C2=C1c1ccc(C#N)cc1,1
CCCCCCCCCCN1C(=O)c2cc(NCCCOCCO)c3c4c(cc(NCCCOCCO)c(c24)C1=O)C(=O)N(CCCCCCCCCC)C3=O,1
CC(=O)OCCOCCN1C(=O)c2cc(NCCOCCO)c3c4c(cc(NCCOCCO)c(c24)C1=O)C(=O)N(CCOCCOC(C)=O)C3=O,1
COCCOCCOCCN1C(=O)c2cc(NCCOCCO)c3c4c(cc(NCCOCCO)c(c24)C1=O)C(=O)N(CCOCCOCCOC)C3=O,1
COCCOCCOCCNc1cc2c3c(c(NCCOCCOCCOC)cc4c3c1C(=O)N(CCOCCOCCOC)C4=O)C(=O)N(CCOCCOCCOC)C2=O,1
FC(F)(F)C(F)(F)C(F)(F)C(F)(F)C(F)(F)C(F)(F)CCOc1nnc(Cl)nn1,1
FC(F)(F)C(F)(F)C(F)(F)C(F)(F)C(F)(F)C(F)(F)C(F)(F)C(F)(F)CCOc1nnc(Cl)nn1,1
C=CCOc1nnc(OCCC(F)(F)C(F)(F)C(F)(F)C(F)(F)C(F)(F)C(F)(F)F)nn1,1
C=CCOc1nnc(OCCC(F)(F)C(F)(F)C(F)(F)C(F)(F)C(F)(F)C(F)(F)C(F)(F)C(F)(F)F)nn1,1
COc1nnc(Cl)nn1,1
CCCCCCN1C(=O)c2cccc3c(-c4cc5ccccc5s4)ccc(c23)C1=O,1
CCCCCCN1C(=O)c2cccc3c(-c4cccs4)ccc(c23)C1=O,1
CCCCCCN1C(=O)c2cccc3c(-c4ccc(-c5ccc6c7c(cccc57)C(=O)N(CCCCCC)C6=O)s4)ccc(c23)C1=O,1
CCCCCCN1C(=O)c2cccc3c(-c4scc5c4OCCO5)ccc(c23)C1=O,1
CCCCCCN1C(=O)c2cccc3c(-c4sc(-c5ccc6c7c(cccc57)C(=O)N(CCCCCC)C6=O)c5c4OCCO5)ccc(c23)C1=O,1
CCCCCCN1C(=O)c2cccc3c(-c4ccc(C)s4)ccc(c23)C1=O,1
CCCCCCN1C(=O)c2cccc3c(-c4ccc(OC)s4)ccc(c23)C1=O,1
CCCCCCN1C(=O)c2cccc3c(-c4ccc(Cl)s4)ccc(c23)C1=O,1
CCCCCCN1C(=O)c2cccc3c(-c4ccc(-c5cccs5)s4)ccc(c23)C1=O,1
CCCCCCN1C(=O)c2cccc3c(-c4ccc(-c5ccc(-c6ccc7c8c(cccc68)C(=O)N(CCCCCC)C7=O)s5)s4)ccc(c23)C1=O,1
COc1nc(Cl)nc(Nc2ccc3cc4ccccc4cc3c2)n1,1
COc1nc(Nc2ccc3cc4ccccc4cc3c2)nc(OC)n1,1
Clc1nc(Nc2ccccc2)nc(Nc2ccc3cc4ccccc4cc3c2)n1,1
c1ccc(Nc2nc(Nc3ccccc3)nc(Nc3ccc4cc5ccccc5cc4c3)n2)cc1,1
Nc1ccc2ccc3cccc4ccc1c2c34,1
Nc1cc2ccc3cccc4ccc(c1)c2c34,1
CC(=O)Nc1ccc2ccc3cccc4ccc1c2c34,1
CC(=O)Nc1cc2ccc3cccc4ccc(c1)c2c34,1
Clc1nc(Cl)nc(Nc2cc3ccc4cccc5ccc(c2)c3c45)n1,1
COc1nc(Nc2ccc3ccc4cccc5ccc2c3c45)nc(OC)n1,1
COc1nc(Nc2cc3ccc4cccc5ccc(c2)c3c45)nc(OC)n1,1
c1ccc(Nc2nc(Nc3ccccc3)nc(Nc3ccc4ccc5cccc6ccc3c4c56)n2)cc1,1
c1ccc(Nc2nc(Nc3ccccc3)nc(Nc3cc4ccc5cccc6ccc(c3)c4c56)n2)cc1,1
O=c1oc2ccccc2cc1-c1cccc(-c2cc3ccccc3oc2=O)c1,1
COc1ccc2cc(-c3cccc(-c4cc5ccc(OC)cc5oc4=O)c3)c(=O)oc2c1,1
COc1cc(OC)c2cc(-c3cccc(-c4cc5c(OC)cc(OC)cc5oc4=O)c3)c(=O)oc2c1,1
O=c1oc2ccccc2cc1-c1ccc(-c2cc3ccccc3oc2=O)cc1,1
COc1ccc2cc(-c3ccc(-c4cc5ccc(OC)cc5oc4=O)cc3)c(=O)oc2c1,1
COc1cc(OC)c2cc(-c3ccc(-c4cc5c(OC)cc(OC)cc5oc4=O)cc3)c(=O)oc2c1,1
N#CCc1ccccc1-c1cc2ccccc2oc1=O,1
COc1ccc2cc(-c3ccccc3CC#N)c(=O)oc2c1,1
COc1cc(OC)c2cc(-c3ccccc3CC#N)c(=O)oc2c1,1
CCC(CC)c1ccc2cc3c([o+]c2c1)/C(=C/Cc1ccccc1)CCC3,1
CCCCCCCCOc1ccc(C#Cc2ccc(C#Cc3ccc(OCCCCCCCC)c(OCCCCCCCC)c3)c3nc4c5ccccc5c5ccccc5c4nc23)cc1OCCCCCCCC,1
CCCCCCCCCCOc1ccc(C#Cc2ccc(C#Cc3ccc(OCCCCCCCCCC)c(OCCCCCCCCCC)c3)c3nc4c5ccccc5c5ccccc5c4nc23)cc1OCCCCCCCCCC,1
CCCCCCCCCCCCOc1ccc(C#Cc2ccc(C#Cc3ccc(OCCCCCCCCCCCC)c(OCCCCCCCCCCCC)c3)c3nc4c5ccccc5c5ccccc5c4nc23)cc1OCCCCCCCCCCCC,1
CCCCCCCCn1nnc(-c2ccc(C#Cc3ccc(C#Cc4ccc(-c5nnn(CCCCCCCC)n5)cc4)c4nc5c6ccccc6c6ccccc6c5nc34)cc2)n1,1
CCCCCCCCCCn1nnc(-c2ccc(C#Cc3ccc(C#Cc4ccc(-c5nnn(CCCCCCCCCC)n5)cc4)c4nc5c6ccccc6c6ccccc6c5nc34)cc2)n1,1
CCCCCCCCCCCCn1nnc(-c2ccc(C#Cc3ccc(C#Cc4ccc(-c5nnn(CCCCCCCCCCCC)n5)cc4)c4nc5c6ccccc6c6ccccc6c5nc34)cc2)n1,1
CN(C)c1ccc(-c2c(/C=C3/C=Cc4ccccc4N3C)c(=O)c2=O)cc1,1
CCN1/C(=C\c2c(-c3ccc(N(C)C)cc3)c(=O)c2=O)C=Cc2ccccc21,1
CCCN1/C(=C\c2c(-c3ccc(N(C)C)cc3)c(=O)c2=O)C=Cc2ccccc21,1
CCCCN1/C(=C\c2c(-c3ccc(N(C)C)cc3)c(=O)c2=O)C=Cc2ccccc21,1
CN(C)c1ccc(-c2c(/C=C3/C=Cc4ccccc4N3Cc3ccccc3)c(=O)c2=O)cc1,1
Cc1nc(-c2ccccc2O)n2c1CCCC2,1
Cc1ccc(O)c(-c2nc(C)c3n2CCCC3)c1,1
COc1ccc(O)c(-c2nc(C)c3n2CCCC3)c1,1
Cc1nc(-c2cc(F)ccc2O)n2c1CCCC2,1
Cc1nc(-c2cc(C(F)(F)F)ccc2O)n2c1CCCC2,1
Cc1nc(-c2cc(N)ccc2O)n2c1CCCC2,1
F[B-]1(F)n2c(Nc3cccc4cccnc34)ccc2C(c2ccccc2)=C2C=CC(Cl)=[N+]21,1
CCCN1C(=O)c2c3c(c4c(c2C1=O)CCc1cc(-c2ccc(N(C)C)cc2)c(OC)cc1-4)-c1cc(OC)c(-c2ccc(N(C)C)cc2)cc1CC3,1
CC1(C)c2ccccc2-c2ccc(N3c4ccc(-c5ccc(/C=C6\C(=O)c7ccc(C(=O)O)cc7C6=O)s5)cc4C4CCCC43)cc21,1
CCCCCCc1cc(-c2ccc3c(c2)C2CCCC2N3c2ccc3c(c2)C(C)(C)c2ccccc2-3)sc1/C=C1\C(=O)c2ccc(C(=O)O)cc2C1=O,1
c1cc2c3c(cccc3c1)C(N1CCOCCOCCOCCOCC1)=N2,1
c1cc2c3c(cccc3c1)C(N1CCOCCNCCOCCOCC1)=N2,1
c1cc2c3c(cccc3c1)C(N1CCOCCOCCN(C3=Nc4cccc5cccc3c45)CCOCC1)=N2,1
CN(C)C1=Nc2cccc3cccc1c23,1
CN(C)c1ccc(-c2ccc3n2[B-](F)(F)[N+]2=C(c4ccccc4)C=CC2=C3C(F)(F)F)cc1,1
CCCCCCCCCCCCOc1cc2cc(N(C)C)ccc2cc1C#N,1
CCCCCCCCCCCCOc1cc2cc(N(C)C)ccc2cc1C=O,1
CCCCCCCCCCCCOc1cc2cc(N(C)C)ccc2cc1C=C(C#N)C#N,1
CCC[n+]1ccc(/C=C/c2ccc(N(C)C)cc2)cc1,1
CN(C)c1ccc(/C=C/c2cc[n+](CCCOCC(COCCC[n+]3ccc(/C=C/c4ccc(N(C)C)cc4)cc3)(COCCC[n+]3ccc(/C=C/c4ccc(N(C)C)cc4)cc3)COCCC[n+]3ccc(/C=C/c4ccc(N(C)C)cc4)cc3)cc2)cc1,1
CN(C)c1ccc(/C=C/c2cc[n+](Cc3cc(C[n+]4ccc(/C=C/c5ccc(N(C)C)cc5)cc4)cc(C[n+]4ccc(/C=C/c5ccc(N(C)C)cc5)cc4)c3)cc2)cc1,1
CCCCCCCCCCCCCCCCN(CCCCCCCCCCCCCCCC)c1ccc(/C=C/c2cc[n+](Cc3cc(C[n+]4ccc(/C=C/c5ccc(N(CCCCCCCCCCCCCCCC)CCCCCCCCCCCCCCCC)cc5)cc4)cc(C[n+]4ccc(/C=C/c5ccc(N(CCCCCCCCCCCCCCCC)CCCCCCCCCCCCCCCC)cc5)cc4)c3)cc2)cc1,1
CCCCCCCCCCCCN1C(=O)c2ccc3c4ccc5c6c(ccc(c7ccc(c2c37)C1=O)c64)C(=O)N(CCCCCCCCCCCC)C5=O,1
NCCCCCCCCCCCCN1C(=O)c2ccc3c4ccc5c6c(ccc(c7ccc(c2c37)C1=O)c64)C(=O)N(CCCCCCCCCCCCN)C5=O,1
CCCCCCCCCCCCCCCCCCN1C(=O)c2ccc3c4ccc5c6c(ccc(c7ccc(c2c37)C1=O)c64)C(=O)N(CCCCCCCCCCCCCCCCCC)C5=O,1
Nc1ccc(N2C(=O)c3ccc4c5ccc6c7c(ccc(c8ccc(c3c48)C2=O)c75)C(=O)N(c2ccc(N)cc2)C6=O)cc1,1
O=C1c2ccc3c4ccc5c6c(ccc(c7ccc(c2c37)C(=O)N1c1ccc(Cl)cc1)c64)C(=O)N(c1ccc(Cl)cc1)C5=O,1
O=C1c2ccc3c4ccc5c6c(ccc(c7ccc(c2c37)C(=O)N1c1ccc(O)cc1)c64)C(=O)N(c1ccc(O)cc1)C5=O,1
CCCCCCCCCCCCN1C(=O)c2ccc3c4ccc5c6c(ccc(c7ccc(c2c37)C1=O)c64)C(=O)NC5=O,1
NCCCCCCCCCCCCN1C(=O)c2ccc3c4ccc5c6c(ccc(c7ccc(c2c37)C1=O)c64)C(=O)NC5=O,1
CCCCCCCCCCCCCCCCCCN1C(=O)c2ccc3c4ccc5c6c(ccc(c7ccc(c2c37)C1=O)c64)C(=O)NC5=O,1
Nc1ccc(N2C(=O)c3ccc4c5ccc6c7c(ccc(c8ccc(c3c48)C2=O)c75)C(=O)NC6=O)cc1,1
O=C1NC(=O)c2ccc3c4ccc5c6c(ccc(c7ccc1c2c73)c64)C(=O)N(c1ccc(Cl)cc1)C5=O,1
O=C1NC(=O)c2ccc3c4ccc5c6c(ccc(c7ccc1c2c73)c64)C(=O)N(c1ccc(O)cc1)C5=O,1
NCCCCCCCCCCCCN1C(=O)c2ccc3c4ccc5c6c(ccc(c7ccc(c2c37)C1=O)c64)C(=O)N(c1ccc(O)cc1)C5=O,1
Nc1ccc(N2C(=O)c3ccc4c5ccc6c7c(ccc(c8ccc(c3c48)C2=O)c75)C(=O)N(c2ccc(O)cc2)C6=O)cc1,1
Cc1cc(=O)oc2cc(/[NH+]=C/C=C3/C=C(C(=O)O)NC(C(=O)O)C3)ccc12,1
O=C(O)C1=C/C(=C/C=[NH+]/c2ccc3c(C(F)(F)F)cc(=O)oc3c2)CC(C(=O)O)N1,1
F[B-]1(F)OC(C#Cc2ccccc2)=C2CCc3ccccc3C2=[O+]1,1
COc1ccc2c(c1)CCC1=C(C#Cc3ccccc3)O[B-](F)(F)[O+]=C12,1
COc1ccc2c(c1)CCC1=C(C#Cc3ccc(Cl)cc3)O[B-](F)(F)[O+]=C12,1
COc1ccc(C#CC2=C3CCc4ccccc4C3=[O+][B-](F)(F)O2)cc1,1
COc1ccc2cc(C#CC3=C4CCc5ccccc5C4=[O+][B-](F)(F)O3)ccc2c1,1
COc1ccc2c(c1)CCC1=C(C#Cc3cc4ccccc4c4ccccc34)O[B-](F)(F)[O+]=C12,1
F[B-]1(F)OC(C#Cc2ccccc2)=CC(c2ccccc2)=[O+]1,1
COc1ccc(/C=C/C2=C3CCc4ccccc4C3=[O+][B-](F)(F)O2)cc1,1
COc1ccc2cc(/C=C/C3=C4CCc5ccccc5C4=[O+][B-](F)(F)O3)ccc2c1,1
F[B-]1(F)OC(/C=C/c2ccccc2)=CC(c2ccccc2)=[O+]1,1
COc1ccc(/C=C/C2=CC(c3ccccc3)=[O+][B-](F)(F)O2)cc1,1
COc1ccc2cc(/C=C/C3=CC(c4ccccc4)=[O+][B-](F)(F)O3)ccc2c1,1
O=C1/C(=C2\Sc3ccccc3C2=O)Sc2ccccc21,1
O=C1/C(=C2\Sc3ccc(S(=O)(=O)Cl)cc3C2=O)Sc2ccc(S(=O)(=O)Cl)cc21,1
O=C1/C(=C2\Sc3ccc(S(=O)(=O)O)cc3C2=O)Sc2ccc(S(=O)(=O)O)cc21,1
CC(C)(C)NS(=O)(=O)c1ccc2c(c1)C(=O)/C(=C1\Sc3ccc(S(=O)(=O)NC(C)(C)C)cc3C1=O)S2,1
C=CCNS(=O)(=O)c1ccc2c(c1)C(=O)/C(=C1\Sc3ccc(S(=O)(=O)NCC=C)cc3C1=O)S2,1
O=C1/C(=C2\Sc3ccc(S(=O)(=O)Nc4ccccc4)cc3C2=O)Sc2ccc(S(=O)(=O)Nc3ccccc3)cc21,1
CCCCn1c(-c2ccc(-c3nnc(-c4ccccc4)o3)cc2)nc(-c2ccccc2)c1-c1ccccc1,1
CCCCn1c(-c2ccc(-c3nnc(-c4ccc5ccccc5c4)o3)cc2)nc(-c2ccccc2)c1-c1ccccc1,1
CCCCn1c(-c2ccc(-c3nnc(-c4cccs4)o3)cc2)nc(-c2ccccc2)c1-c1ccccc1,1
CCCCn1c(-c2ccc(-c3nnc(-c4ccccc4)o3)cc2)nc2c3ccccc3c3ccccc3c21,1
CCCCn1c(-c2ccc(-c3nnc(-c4ccc5ccccc5c4)o3)cc2)nc2c3ccccc3c3ccccc3c21,1
CCCCn1c(-c2ccc(-c3nnc(-c4cccs4)o3)cc2)nc2c3ccccc3c3ccccc3c21,1
CCCCn1c(-c2ccc(-c3nnc(-c4ccc(-c5nc6ccccc6n5CCCC)cc4)o3)cc2)nc2ccccc21,1
CCCCn1c(-c2ccc(-c3nnc(-c4ccc(-c5nc(-c6ccccc6)c(-c6ccccc6)n5CCCC)cc4)o3)cc2)nc(-c2ccccc2)c1-c1ccccc1,1
CCCCn1c(-c2ccc(-c3nnc(-c4ccc(-c5nc6c7ccccc7c7ccccc7c6n5CCCC)cc4)o3)cc2)nc2c3ccccc3c3ccccc3c21,1
CN(C)c1ccc(/C=C/c2nc3c4ccccc4c4ccccc4c3[nH]2)cc1,1
COc1c2ccccc2c(OC)c2c1c1ccccc1n2C,1
COc1c2ccccc2c(OC)c2c1c1ccc(C)cc1n2C,1
COc1c2ccccc2c(OC)c2c1c1cc(C)ccc1n2C,1
COc1c2ccccc2c(OC)c2c1c1cccc(OC)c1n2C,1
COc1ccc2c3c(OC)c4ccccc4c(OC)c3n(C)c2c1,1
COc1ccc2c(c1)c1c(OC)c3ccccc3c(OC)c1n2C,1
COc1c2ccccc2c(OC)c2c1c1c(C)ccc(OC)c1n2C,1
COc1c2ccccc2c(OC)c2c1c1cc(Cl)ccc1n2C,1
COc1c2ccccc2c(OC)c2c1c1ccc(C(F)(F)F)cc1n2C,1
COc1c2ccccc2c(OC)c2c1c1ccc(F)cc1n2C,1
COc1c2ccccc2c(OC)c2c1c1c(F)cccc1n2C,1
COc1c2ccccc2c(OC)c2c1c1cc(F)ccc1n2C,1
COc1ccc2c(-c3nc(-c4ccccc4)no3)cc(=O)oc2c1,1
COc1ccc2c(-c3nc(-c4cccc(Br)c4)no3)cc(=O)oc2c1,1
COc1ccc2c(-c3nc(-c4ccccc4F)no3)cc(=O)oc2c1,1
COc1ccc2c(-c3nc(-c4ccccc4Cl)no3)cc(=O)oc2c1,1
COc1ccc2c(-c3nc(-c4cccc(C)c4)no3)cc(=O)oc2c1,1
CCOc1ccc2c(-c3nc(-c4ccccc4)no3)cc(=O)oc2c1,1
CCOc1ccc2c(-c3nc(-c4cccc(Br)c4)no3)cc(=O)oc2c1,1
CCOc1ccc2c(-c3nc(-c4ccccc4F)no3)cc(=O)oc2c1,1
CCOc1ccc2c(-c3nc(-c4ccccc4Cl)no3)cc(=O)oc2c1,1
CCOc1ccc2c(-c3nc(-c4cccc(C)c4)no3)cc(=O)oc2c1,1
[O-][n+]1c(/C=C/c2ccccc2)nc(N2CCOCC2)c2c1CCCC2,1
Cc1cccc(C)c1/C=C/c1nc(N2CCOCC2)c2c([n+]1[O-])CCCC2,1
CN(C)c1ccc(/C=C/c2nc(N3CCOCC3)c3c([n+]2[O-])CCCC3)cc1,1
COc1ccc(/C=C/c2nc(N3CCOCC3)c3c([n+]2[O-])CCCC3)cc1,1
CCOc1ccc(/C=C/c2nc(N3CCOCC3)c3c([n+]2[O-])CCCC3)cc1,1
COc1cc(/C=C/c2nc(N3CCOCC3)c3c([n+]2[O-])CCCC3)cc(OC)c1OC,1
O=Cc1ccc(/C=C/c2nc(N3CCOCC3)c3c([n+]2[O-])CCCC3)cc1,1
[O-][n+]1c(/C=C/c2ccc(/C=C/c3ccccc3)cc2)nc(N2CCOCC2)c2c1CCCC2,1
CCCCNc1nc(/C=C/c2ccccc2)[n+]([O-])c2c1CCCC2,1
[O-][n+]1c(/C=C/c2ccccc2)nc(Nc2ccccc2)c2c1CCCC2,1
COc1ccc(Nc2nc(/C=C/c3ccccc3)[n+]([O-])c3c2CCCC3)cc1,1
[O-][n+]1c(/C=C/C=C/c2ccccc2)nc(N2CCOCC2)c2c1CCCC2,1
[O-][n+]1c(/C=C/c2ccc3ccccc3c2)nc(N2CCOCC2)c2c1CCCC2,1
[O-][n+]1c(/C=C/c2cc3cccc4c5cccc6cccc(c(c2)c34)c65)nc(N2CCOCC2)c2c1CCCC2,1
[O-][n+]1c(/C=C/c2cccs2)nc(N2CCOCC2)c2c1CCCC2,1
[O-][n+]1c(-c2ccccc2)cc(N2CCOCC2)nc1/C=C/c1ccccc1,1
[O-][n+]1c(-c2ccc(Br)cc2)cc(N2CCOCC2)nc1/C=C/c1ccccc1,1
C(=C/c1nc2c(c(N3CCOCC3)n1)CCCC2)\c1ccccc1,1
CCN(CC)c1ccc2cc(C#N)c(=N)oc2c1,1
COc1ccc2cc(C#N)c(=N)oc2c1,1
COc1cccc2cc(C#N)c(=N)oc12,1
COc1ccc2oc(=N)c(C#N)cc2c1,1
COc1cc(OC)c2cc(C#N)c(=N)oc2c1,1
CCOC(=O)/N=c1/oc2cc(N(CC)CC)ccc2cc1C#N,1
CCOC(=O)/N=c1/oc2cc(OC)ccc2cc1C#N,1
CCOC(=O)/N=c1/oc2c(OC)cccc2cc1C#N,1
CCOC(=O)/N=c1/oc2ccc(OC)cc2cc1C#N,1
CCOC(=O)/N=c1/oc2cc(OC)cc(OC)c2cc1C#N,1
CCN(CC)c1ccc2cc(C#N)c(=O)oc2c1,1
CCN(CC)c1ccc2ccc(=O)oc2c1,1
c1cc2ccc3cccc4ccc(c1)c2c34,1
NCc1ccc2ccc3cccc4ccc1c2c34,1
CC1(C)CC(NCc2ccc3ccc4cccc5ccc2c3c45)CC(C)(C)N1,1
CC1(C)CC(NCc2ccc3ccc4cccc5ccc2c3c45)CC(C)(C)N1[O],1
CC1(C)CC(/N=C/c2ccc3ccc4cccc5ccc2c3c45)CC(C)(C)N1,1
CC1(C)CC(/N=C/c2ccc3ccc4cccc5ccc2c3c45)CC(C)(C)N1[O],1
C(=C/c1nc2ccccc2[nH]1)\c1ccc(/C=C/c2nc3ccccc3[nH]2)cc1,1
Cn1c(/C=C/c2ccc(/C=C/c3nc4ccccc4[nH]3)cc2)[n+](C)c2ccccc21,1
c1ccc2c(c1)CCc1c-2cnc2c1-c1ccccc1CC2,1
c1ccc(-c2nc3c(c4c2-c2ccccc2CC4)-c2ccccc2CC3)cc1,1
COc1ccc(-c2nc3c(c4c2-c2ccccc2CC4)-c2ccccc2CC3)cc1,1
CN(C)c1ccc(-c2nc3c(c4c2-c2ccccc2CC4)-c2ccccc2CC3)cc1,1
CCN(CC)c1ccc(-c2nc3c(c4c2-c2ccccc2CC4)-c2ccccc2CC3)cc1,1
O=[N+]([O-])c1ccc(-c2nc3c(c4c2-c2ccccc2CC4)-c2ccccc2CC3)cc1,1
COc1ccc(-c2nc3c(c4c2-c2ccc(C#N)cc2CC4)-c2ccc(C#N)cc2CC3)cc1,1
CN(C)c1ccc(-c2nc3c(c4c2-c2ccc(C#N)cc2CC4)-c2ccc(C#N)cc2CC3)cc1,1
CCN(CC)c1ccc(-c2nc3c(c4c2-c2ccc(C#N)cc2CC4)-c2ccc(C#N)cc2CC3)cc1,1
N#Cc1ccc2c(c1)CCc1nc(-c3ccc([N+](=O)[O-])cc3)c3c(c1-2)CCc1cc(C#N)ccc1-3,1
C=CC1CN2CCC1CC2[C@H](O)c1ccnc2ccc(OC)cc12,1
[NH3+]C(Cc1ccccc1)C(=O)[O-],1
c1ccc(Nc2ccc3ccccc3n2)cc1,1
Cc1ccc(Nc2ccc3ccccc3n2)cc1,1
CCc1ccc(Nc2ccc3ccccc3n2)cc1,1
COc1ccc(Nc2ccc3ccccc3n2)cc1,1
Clc1ccc(Nc2ccc3ccccc3n2)cc1,1
Fc1ccc(Nc2ccc3ccccc3n2)cc1,1
Brc1ccc(Nc2ccc3ccccc3n2)cc1,1
O=[N+]([O-])c1ccc(Nc2ccc3ccccc3n2)cc1,1
Oc1ccc(Nc2ccc3ccccc3n2)cc1,1
O=C(O)c1ccccc1,1
COc1cc(C(=O)O)ccc1O,1
COc1cc(C(=O)O)cc(OC)c1O,1
COc1cc(/C=C/CO)ccc1O,1
O=C(O)c1ccccc1O,1
COc1cc(/C=C/C(=O)O)ccc1O,1
O=C(O)c1cc(O)c(O)c(O)c1,1
Cc1ccc(O)cc1,1
[NH3+]C(Cc1ccc(O)cc1)C(=O)[O-],1
[NH3+]C(Cc1ccc(O)c(O)c1)C(=O)[O-],1
[NH3+]C(Cc1c[nH]c2ccccc12)C(=O)[O-],1
O=c1ccc2ccccc2o1,1
C(=C/c1ccc(N(c2ccccc2)c2ccccc2)cc1)\c1ccc(-c2nc(-c3ccc(/C=C/c4ccc(N(c5ccccc5)c5ccccc5)cc4)cc3)nc(-c3ccc(/C=C/c4ccc(N(c5ccccc5)c5ccccc5)cc4)cc3)n2)cc1,1
CCN(CC)c1ccc2cc3c(cc2c1)C1(c2ccccc2Oc2ccccc21)c1cc2cc(N(CC)CC)ccc2cc1C3=O,1
COc1ccc(/C=C/C(=O)c2ccccc2O)cc1OC,1
CCOC(=O)c1ccccc1-c1c2ccc(=O)cc-2oc2cc(OC(=O)[C@H](CO[Si](C)(C)C(C)(C)C)NC(=O)OC(C)(C)C)ccc12,1
CCOC(=O)c1ccccc1-c1c2ccc(=O)cc-2oc2cc(OC(=O)[C@H](CSCc3ccc(C)cc3)NC(=O)OC(C)(C)C)ccc12,1
CCCCOC(=O)c1ccccc1-c1c2ccc(=[N+](CC)CC)cc-2oc2cc(N(CC)CC)ccc12,1
CCOC(=O)c1ccccc1-c1c2ccc(=[N+](CC)CC)cc-2oc2cc(N(CC)CC)ccc12,1
CCN(CC)c1ccc2c(-c3ccc(S(=O)(=O)[O-])cc3S(=O)(=O)[O-])c3ccc(=[N+](CC)CC)cc-3oc2c1,1
CCN(CC)c1ccc2c(-c3ccccc3C(=O)[O-])c3ccc(=[N+](CC)CC)cc-3oc2c1,1
CCN(CC)c1ccc2c(-c3ccc(S(=O)(=O)O)cc3S(=O)(=O)[O-])c3ccc(=[N+](CC)CC)cc-3oc2c1,1
COC(=O)c1ccccc1-c1c2ccc(=[NH2+])cc-2oc2cc(N)ccc12,1
Nc1ccc2c(-c3ccccc3C(=O)[O-])c3ccc(=[NH2+])cc-3oc2c1,1
O=C([O-])c1ccccc1C1=c2cc3c4c(c2Oc2c1cc1c5c2CCCN5CCC1)CCC[N+]=4CCC3,1
CCN(CC)c1ccc2cc3ccc(=[N+](CC)CC)cc-3oc2c1,1
F[B-]1(F)OC(c2ccc3c(c2)Cc2ccccc2-3)=CC(c2ccccc2)=[O+]1,1
COc1ccc(C2=[O+][B-](F)(F)OC(c3ccc4c(c3)Cc3ccccc3-4)=C2)cc1,1
N#CC1=c2cc3c4c(c2Oc2c1cc1c5c2CCCN5CCC1)CCC[N+]=4CCC3,1
Nc1ccc2nc3c4ccccc4c(=[NH2+])cc-3oc2c1,1
O=Cc1ccc2ccc3cccc4ccc1c2c34,1
CC(=O)c1ccc2ccc3cccc4ccc1c2c34,1
O=C(O)c1ccc2ccc3cccc4ccc1c2c34,1
COC(=O)c1ccc2ccc3cccc4ccc1c2c34,1
CC(=O)c1ccn2c3c(c(-c4ccc(N)cc4)c2c1)CN(CCCNC(=O)OC(C)(C)C)C3=O,1
CC(=O)c1ccn2c3c(c(-c4ccc(O)cc4)c2c1)CN(CCCNC(=O)OC(C)(C)C)C3=O,1
COc1ccc(-c2c3c(n4ccc(C(C)=O)cc24)C(=O)N(CCCNC(=O)OC(C)(C)C)C3)cc1,1
CC(=O)c1ccn2c3c(c(-c4ccc(C)cc4)c2c1)CN(CCCNC(=O)OC(C)(C)C)C3=O,1
CC(=O)c1ccn2c3c(c(-c4ccccc4)c2c1)CN(CCCNC(=O)OC(C)(C)C)C3=O,1
CC(=O)c1ccn2c3c(c(-c4ccc(F)cc4)c2c1)CN(CCCNC(=O)OC(C)(C)C)C3=O,1
CC(=O)c1ccn2c3c(c(-c4ccc(C(F)(F)F)cc4)c2c1)CN(CCCNC(=O)OC(C)(C)C)C3=O,1
CC(=O)c1ccn2c3c(c(-c4ccc(C#N)cc4)c2c1)CN(CCCNC(=O)OC(C)(C)C)C3=O,1
CC(=O)c1ccn2c3c(c(-c4ccc(C#N)c(C#N)c4)c2c1)CN(CCCNC(=O)OC(C)(C)C)C3=O,1
c1ccc(-c2ccc(-c3cc(-c4ccccn4)nc(-c4ccccn4)c3)cc2)cc1,1
Fc1ccc(-c2ccc(-c3cc(-c4ccccn4)nc(-c4ccccn4)c3)cc2)c(F)c1,1
FC(F)(F)c1ccc(-c2ccc(-c3cc(-c4ccccn4)nc(-c4ccccn4)c3)cc2)cc1,1
COc1ccc(-c2ccc(-c3cc(-c4ccccn4)nc(-c4ccccn4)c3)cc2)cc1,1
CCCCCCn1c2ccccc2c2cc(-c3ccc(-c4cc(-c5ccccn5)nc(-c5ccccn5)c4)cc3)ccc21,1
CCCCCCC1(CCCCCC)c2ccccc2-c2ccc(-c3ccc(-c4cc(-c5ccccn5)nc(-c5ccccn5)c4)cc3)cc21,1
c1ccc(N(c2ccccc2)c2ccc(-c3ccc(-c4cc(-c5ccccn5)nc(-c5ccccn5)c4)cc3)cc2)cc1,1
C(=C/c1nc(-c2ccccc2)[nH]c1/C=C/c1ccccc1)\c1ccccc1,1
Cc1ccc(-c2nc(/C=C/c3ccccc3)c(/C=C/c3ccccc3)[nH]2)cc1,1
Cc1ccc(/C=C/c2nc(-c3ccccc3)[nH]c2/C=C/c2ccc(C)cc2)cc1,1
Cc1ccc(/C=C/c2nc(-c3ccc(C)cc3)[nH]c2/C=C/c2ccc(C)cc2)cc1,1
COc1ccc(/C=C/c2nc(-c3ccccc3)[nH]c2/C=C/c2ccc(OC)cc2)cc1,1
COc1ccc(/C=C/c2nc(-c3ccc(C)cc3)[nH]c2/C=C/c2ccc(OC)cc2)cc1,1
Clc1ccc(/C=C/c2nc(-c3ccccc3)[nH]c2/C=C/c2ccc(Cl)cc2)cc1,1
Cc1ccc(-c2nc(/C=C/c3ccc(Cl)cc3)c(/C=C/c3ccc(Cl)cc3)[nH]2)cc1,1
CCCCc1cc(C=O)c2ccc3c(CCCC)cc(N4CCCCC4)c4ccc1c2c34,1
CCCCc1cc(C(=O)CCC)c2ccc3c(CCCC)cc(N4CCCCC4)c4ccc1c2c34,1
Cc1cc(O)c(C(=O)/C=C/c2ccccc2)c(=O)o1,1
COc1cccc(/C=C/C(=O)c2c(O)cc(C)oc2=O)c1,1
COc1ccc(/C=C/C(=O)c2c(O)cc(C)oc2=O)cc1,1
Cc1cc(O)c(C(=O)/C=C/c2ccccc2O)c(=O)o1,1
Cc1cc(O)c(C(=O)/C=C/c2ccc(O)c(O)c2)c(=O)o1,1
Cc1cc(O)c(C(=O)/C=C/c2cccc(O)c2)c(=O)o1,1
Cc1cc(O)c(C(=O)/C=C/c2ccc(Cl)cc2)c(=O)o1,1
Cc1cc(O)c(C(=O)/C=C/c2ccccc2Cl)c(=O)o1,1
Cc1cc(O)c(C(=O)/C=C/c2ccc(Cl)cc2Cl)c(=O)o1,1
Cc1cc(O)c(C(=O)/C=C/c2ccccc2[N+](=O)[O-])c(=O)o1,1
Cc1cc(O)c(C(=O)/C=C/c2ccc([N+](=O)[O-])cc2)c(=O)o1,1
Cc1cc(O)c(C(=O)/C=C/c2ccc(N(C)C)cc2)c(=O)o1,1
CCN(CC)c1ccc(/C=C/C(=O)c2c(O)cc(C)oc2=O)cc1,1
C(=C/c1ccc(N(c2ccccc2)c2ccccc2)cc1)\c1ccc(/C=C/c2ccc(N(c3ccccc3)c3ccccc3)cc2)cc1,1
O=C([O-])c1ccc(C2=c3cc4c5c(c3Oc3c2cc2c6c3CCCN6CCC2)CCC[N+]=5CCC4)c(C(=O)[O-])c1,1
O=C([O-])c1ccc(C(=O)[O-])c(C2=c3cc4c5c(c3Oc3c2cc2c6c3CCCN6CCC2)CCC[N+]=5CCC4)c1,1
CN(C)c1ccc2c(-c3ccc(C(=O)[O-])cc3C(=O)[O-])c3ccc(=[N+](C)C)cc-3oc2c1,1
CN(C)c1ccc2c(-c3cc(C(=O)[O-])ccc3C(=O)[O-])c3ccc(=[N+](C)C)cc-3oc2c1,1
CN(C)c1ccc2c(-c3ccc(N)cc3C(=O)[O-])c3ccc(=[N+](C)C)cc-3oc2c1,1
CN(C)c1ccc2c(-c3cc(N)ccc3C(=O)[O-])c3ccc(=[N+](C)C)cc-3oc2c1,1
CN(C)c1ccc2cc3ccc(=[N+](C)C)cc-3oc2c1,1
CC(C)(C)c1ccc(Oc2cc3c4c(cc(Oc5ccc(C(C)(C)C)cc5)c5c6c(Oc7ccc(C(C)(C)C)cc7)cc7c8c(cc(Oc9ccc(C(C)(C)C)cc9)c(c2c45)c86)C(=O)OC7=O)C(=O)OC3=O)cc1,1
CC(C)(C)c1ccc(Oc2c3c4c(cc(Oc5ccc(C(C)(C)C)cc5)c5c6c(Oc7ccc(C(C)(C)C)cc7)c(Oc7ccc(C(C)(C)C)cc7)c7c8c(cc(Oc9ccc(C(C)(C)C)cc9)c(c(c2Oc2ccc(C(C)(C)C)cc2)c45)c86)C(=O)OC7=O)C(=O)OC3=O)cc1,1
CCCCN1C(=O)c2ccc3c4ccc5c6c(ccc(c7ccc(c2c37)C1=O)c64)C(=O)N(CCCC)C5=O,1
CCCCN1C(=O)c2cc(Oc3ccc(C(C)(C)C)cc3)c3c4c(Oc5ccc(C(C)(C)C)cc5)cc5c6c(cc(Oc7ccc(C(C)(C)C)cc7)c(c7c(Oc8ccc(C(C)(C)C)cc8)cc(c2c37)C1=O)c64)C(=O)N(CCCC)C5=O,1
CCCCN1C(=O)c2cc(Oc3ccc(C(C)(C)C)cc3)c3c4c(Oc5ccc(C(C)(C)C)cc5)c(Oc5ccc(C(C)(C)C)cc5)c5c6c(cc(Oc7ccc(C(C)(C)C)cc7)c(c7c(Oc8ccc(C(C)(C)C)cc8)c(Oc8ccc(C(C)(C)C)cc8)c(c2c37)C1=O)c64)C(=O)N(CCCC)C5=O,1
CC(C)(C)c1ccc(Oc2cc3c4c(cc(Oc5ccc(C(C)(C)C)cc5)c5c6c(Oc7ccc(C(C)(C)C)cc7)cc7c8c(cc(Oc9ccc(C(C)(C)C)cc9)c(c2c45)c86)C(=O)N(c2ccccc2)C7=O)C(=O)N(c2ccccc2)C3=O)cc1,1
CC(C)(C)c1ccc(Oc2cc3c4c(cc(Oc5ccc(C(C)(C)C)cc5)c5c6c(Oc7ccc(C(C)(C)C)cc7)cc7c8c(cc(Oc9ccc(C(C)(C)C)cc9)c(c2c45)c86)C(=O)N(Cc2ccccc2)C7=O)C(=O)N(Cc2ccccc2)C3=O)cc1,1
CCCCN1C(=O)c2ccc3c4c(Br)cc5c6c(ccc(c7c(Br)cc(c2c37)C1=O)c64)C(=O)N(CCCC)C5=O,1
CCCCN1C(=O)c2cc(Br)c3c4c(Br)cc5c6c(cc(Br)c(c7c(Br)cc(c2c37)C1=O)c64)C(=O)N(CCCC)C5=O,1
CCCCN1C(=O)c2cc(Br)c3c4c(Br)c(Br)c5c6c(cc(Br)c(c7c(Br)c(Br)c(c2c37)C1=O)c64)C(=O)N(CCCC)C5=O,1
CCCCN1C(=O)c2c(Br)c(Br)c3c4c(Br)c(Br)c5c6c(c(Br)c(Br)c(c7c(Br)c(Br)c(c2c37)C1=O)c64)C(=O)N(CCCC)C5=O,1
CCCCCCCCC1(CCCCCCCC)c2cc(-c3ccccc3)ccc2-c2ccc(-c3ccccc3)cc21,1
CCCCCCCCC1(CCCCCCCC)c2cc(-c3ccc([Si](C)(C)C)cc3)ccc2-c2ccc(-c3ccc([Si](C)(C)C)cc3)cc21,1
CCCCCCCCC1(CCCCCCCC)c2cc(-c3ccc(C(=O)OC)cc3)ccc2-c2ccc(-c3ccc(C(=O)OC)cc3)cc21,1
CCCCCCCCC1(CCCCCCCC)c2cc(-c3ccc(C#N)cc3)ccc2-c2ccc(-c3ccc(C#N)cc3)cc21,1
CCCCCCCCC1(CCCCCCCC)c2cc(-c3ccc([N+](=O)[O-])cc3)ccc2-c2ccc(-c3ccc([N+](=O)[O-])cc3)cc21,1
Oc1ccccc1-c1nc2ncccc2o1,1
Oc1ccc(Br)cc1-c1nc2ncccc2o1,1
COc1ccc(O)c(-c2nc3ncccc3o2)c1,1
CCN(CC)c1ccc(-c2nc3ncccc3o2)c(O)c1,1
COc1ccc(-c2nc3ncccc3o2)c(O)c1,1
CCN(CC)c1ccc2cc(-c3cn4ccccc4n3)c(=O)oc2c1,1
O=c1oc2ccccc2cc1-c1cn2ccccc2n1,1
CCN(CC)c1ccc2cc(-c3cn4cc(C)ccc4n3)c(=O)oc2c1,1
CCN(CC)c1ccc2cc(-c3cn4cc(OC)ccc4n3)c(=O)oc2c1,1
CCN(CC)c1ccc2cc(-c3cn4cc5ccccc5cc4n3)c(=O)oc2c1,1
CCOC(=O)c1c(C=Cc2ccccc2)oc(NC2CCCCC2)c1C(=O)OCC,1
CC(C)(C)OC(=O)c1c(C=Cc2ccccc2)oc(NC2CCCCC2)c1C(=O)OC(C)(C)C,1
CC(C)(C)Nc1oc(C=Cc2ccccc2)c(C(=O)OC(C)(C)C)c1C(=O)OC(C)(C)C,1
COC(=O)c1c(NC(C)(C)C)oc(-c2ccccc2)c1C(=O)OC,1
COC(=O)c1c(NC(C)(C)C)oc(-c2ccc(-c3ccccc3)cc2)c1C(=O)OC,1
CCOC(=O)c1c(NC(C)(C)C)oc(-c2ccc(-c3ccccc3)cc2)c1C(=O)OCC,1
CCCCN1C(=O)c2cccc3cc(C#CC#Cc4cc5c6c(cccc6c4)C(=O)N(CCCC)C5=O)cc(c23)C1=O,1
O=C1c2cccc3cc(C#CC#Cc4cc5c6c(cccc6c4)C(=O)N(c4ccccc4)C5=O)cc(c23)C(=O)N1c1ccccc1,1
CCCCN1C(=O)c2cccc3c(C#CC#Cc4ccc5c6c(cccc46)C(=O)N(CCCC)C5=O)ccc(c23)C1=O,1
O=C1c2cccc3c(C#CC#Cc4ccc5c6c(cccc46)C(=O)N(c4ccccc4)C5=O)ccc(c23)C(=O)N1c1ccccc1,1
c1ccc2c(-c3cc(-c4nccs4)nc(-c4nccs4)c3)cccc2c1,1
c1ccc2cc(-c3cc(-c4nccs4)nc(-c4nccs4)c3)ccc2c1,1
c1ccc2c(-c3cc(-c4nccs4)nc(-c4nccs4)c3)c3ccccc3cc2c1,1
c1ccc2cc3cc(-c4cc(-c5nccs5)nc(-c5nccs5)c4)ccc3cc2c1,1
c1ccc2c(c1)cc(-c1cc(-c3nccs3)nc(-c3nccs3)c1)c1ccccc12,1
c1cc2ccc3cccc4c(-c5cc(-c6nccs6)nc(-c6nccs6)c5)cc(c1)c2c34,1
Cn1c(=O)c(/N=N/c2ccc(Nc3ccc([N+](=O)[O-])cc3S(=O)(=O)O)cc2)c(O)c2ccccc21,1
Cn1c(=O)c(/N=N/c2ccc(Nc3ccccc3)c(S(=O)(=O)O)c2)c(O)c2ccccc21,1
Cn1c(=O)c(/N=N/c2ccc(/N=N/c3ccc(S(=O)(=O)O)cc3)cc2)c(O)c2ccccc21,1
COc1ccc(/N=N/c2c(O)c3ccccc3n(C)c2=O)c(S(=O)(=O)O)c1,1
Cn1c(=O)c(/N=N/c2cc(S(=O)(=O)O)ccc2S(=O)(=O)O)c(O)c2ccccc21,1
CC(=O)Nc1ccc(S(=O)(=O)O)c(/N=N/c2c(O)c3ccccc3n(C)c2=O)c1,1
Cn1c(=O)c(/N=N/c2cc(S(=O)(=O)O)ccc2C(=O)O)c(O)c2ccccc21,1
Cn1c(=O)c(/N=N/c2ccc(S(=O)(=O)O)c3ccccc23)c(O)c2ccccc21,1
CN1c2ccccc2C(O)(c2ccccc2)c2cc([N+](=O)[O-])ccc21,1
Cn1c2ccccc2[c+](-c2ccccc2)c2cc([N+](=O)[O-])ccc21,1
Cc1ccc([C@@H]2C[C@](O)(c3ccccn3)C[C@](O)(c3ccccn3)[C@H]2C(=O)c2ccc(N(c3ccccc3)c3ccccc3)cc2)cc1,1
O=C(c1ccc(N(c2ccccc2)c2ccccc2)cc1)[C@H]1[C@H](c2ccccc2)C[C@](O)(c2ccccn2)C[C@]1(O)c1ccccn1,1
O=C(c1ccc(N(c2ccccc2)c2ccccc2)cc1)[C@H]1[C@H](c2cccs2)C[C@](O)(c2ccccn2)C[C@]1(O)c1ccccn1,1
O=C(c1ccc(N(c2ccccc2)c2ccccc2)cc1)[C@H]1[C@H](c2ccc(F)cc2)C[C@](O)(c2ccccn2)C[C@]1(O)c1ccccn1,1
COc1ccc([C@@H]2C[C@](O)(c3ccccn3)C[C@](O)(c3ccccn3)[C@H]2C(=O)c2ccc(N(c3ccccc3)c3ccccc3)cc2)cc1,1
COc1ccc(Oc2ccc3c4c(cccc24)C(=O)N(c2c(C(C)C)cccc2C(C)C)C3=O)cc1,1
CC(C)c1cccc(C(C)C)c1N1C(=O)c2cccc3c(Oc4ccc(C(C)(C)C)cc4)ccc(c23)C1=O,1
CC(C)c1cccc(C(C)C)c1N1C(=O)c2cccc3c(Oc4ccc(C(C)(C)c5ccccc5)cc4)ccc(c23)C1=O,1
CC(C)c1cccc(C(C)C)c1N1C(=O)c2cccc3c(Oc4ccccc4)ccc(c23)C1=O,1
CC(C)c1cccc(C(C)C)c1N1C(=O)c2cccc3c(Oc4ccc(Cl)cc4)ccc(c23)C1=O,1
COC(=O)c1ccc(Oc2ccc3c4c(cccc24)C(=O)N(c2c(C(C)C)cccc2C(C)C)C3=O)cc1,1
CCN(CC)c1ccc2c(-c3ccccc3C(=O)O)c3c([o+]c2c1)/C(=C/Nc1ccccc1)CCC3,1
CCN(CC)c1ccc2cc3c([o+]c2c1)/C(=C/Nc1ccccc1)CCC3,1
CN(C)c1ccc(/C=C/c2nc3c(ccc4ccccc43)s2)cc1,1
FC(F)(F)c1ccc(/C=C/c2nc3c(ccc4ccccc43)s2)cc1,1
CC(C)c1ccc(/C=C/c2nc3ccc(N(C)C)cc3s2)cc1,1
COc1ccc(/C=C(\C#N)c2nc(-c3ccc(Cl)cc3)cs2)cc1,1
COc1ccc(-c2csc(/C(C#N)=C/c3ccc(Cl)cc3)n2)cc1,1
N#C/C(=C\c1ccc(Cl)cc1)c1nc(-c2ccccc2)cs1,1
COc1ccc(-c2csc(/C(C#N)=C/c3ccc(C(F)(F)F)cc3)n2)cc1,1
N#C/C(=C\c1ccc(C(F)(F)F)cc1)c1nc(-c2ccc(Cl)cc2)cs1,1
COc1ccc(-c2csc(/C(C#N)=C/c3ccc(C#N)cc3)n2)cc1,1
N#C/C(=C\c1ccc(C#N)cc1)c1nc(-c2ccccc2)cs1,1
N#C/C(=C\c1ccc(C#N)cc1)c1nc(-c2ccc(Cl)cc2)cs1,1
N#C/C(=C\c1ccc([N+](=O)[O-])cc1)c1nc(-c2ccccc2)cs1,1
COc1ccc(-c2csc(/C(C#N)=C/c3ccncc3)n2)cc1,1
N#C/C(=C\c1ccncc1)c1nc(-c2ccccc2)cs1,1
N#C/C(=C\c1ccncc1)c1nc(-c2ccc(Cl)cc2)cs1,1
COc1ccc(-c2csc(/C(C#N)=C/c3ccccc3Cl)n2)cc1,1
COc1ccc(-c2csc(/C(C#N)=C/c3ccc(Cl)cc3Cl)n2)cc1,1
COc1ccc(-c2csc(/C(C#N)=C/c3c(Cl)cccc3Cl)n2)cc1,1
COc1ccc(-c2nc(/C(C#N)=C/c3ccc(Cl)cc3)sc2-c2ccc(OC)cc2)cc1,1
N#C/C(=C\c1ccc(Cl)cc1)c1nc(-c2ccccc2)c(-c2ccccc2)s1,1
COc1ccc(-c2nc(/C(C#N)=C/c3ccc(C#N)cc3)sc2-c2ccc(OC)cc2)cc1,1
N#C/C(=C\c1ccc(C#N)cc1)c1nc(-c2ccccc2)c(-c2ccccc2)s1,1
Cc1ccc(-c2sc(/C(C#N)=C/c3ccc(C#N)cc3)nc2-c2ccc(Cl)cc2)cc1,1
N#C/C(=C\c1ccc(C#N)cc1)c1nc(-c2ccc(Cl)cc2)c(-c2ccccc2)s1,1
COc1ccc(-c2csc(/C(C#N)=C\Nc3ccc(C#N)cc3)n2)cc1,1
N#C/C(=C/Nc1ccc(C#N)cc1)c1nc(-c2ccccc2)cs1,1
COc1ccc(-c2csc(/C(C#N)=N\Nc3ccc(C#N)cc3)n2)cc1,1
N#C/C(=N/Nc1ccc(C#N)cc1)c1nc(-c2ccccc2)cs1,1
COc1ccc(/C=C(\C#N)c2nc(-c3ccc(OC)cc3)cs2)cc1,1
COc1ccc(-c2csc(/C(C#N)=C/c3ccc([N+](=O)[O-])cc3)n2)cc1,1
COc1ccc(-c2csc(-c3ccncc3)n2)cc1,1
c1ccc(-c2csc(-c3ccncc3)n2)cc1,1
COc1ccc(-n2nc(C#N)c(N3CCCC3)n2)cc1OC,1
COc1ccc(-n2nc(C#N)c(N3CCCC3)n2)cc1,1
N#Cc1nn(-c2ccccc2)nc1N1CCCC1,1
N#Cc1nn(-c2ccc(F)cc2)nc1N1CCCC1,1
N#Cc1nn(-c2ccc(Cl)cc2)nc1N1CCCC1,1
N#Cc1nn(-c2cc(F)cc(F)c2)nc1N1CCCC1,1
N#Cc1nn(-c2cccc(C(F)(F)F)c2)nc1N1CCCC1,1
N#Cc1ccc(-n2nc(C#N)c(N3CCCC3)n2)cc1,1
COc1ccccc1-n1nc(C#N)c(N2CCCC2)n1,1
N#Cc1nn(-c2ccccc2Cl)nc1N1CCCC1,1
N#Cc1nn(-c2c(Cl)cccc2Cl)nc1N1CCCC1,1
N#Cc1nn(-c2ccccc2C(F)(F)F)nc1N1CCCC1,1
COc1ccc(-n2nc(C(=O)N3CCCC3)c(N3CCCC3)n2)cc1,1
CCOC(=O)c1nn(-c2ccc(OC)cc2)nc1N1CCCC1,1
COc1ccc(-n2nc(C(=O)c3ccc(Cl)cc3)c(N3CCCC3)n2)cc1,1
COc1ccc(-n2nc(C#N)c(N3CCCCC3)n2)cc1,1
COc1ccc(-n2nc(C#N)c(N3CCOCC3)n2)cc1,1
COc1ccc(-n2nc(C#N)c(N3CCCCCC3)n2)cc1,1
COc1ccc(-n2nc(C#N)c(N3CCN(c4ccccn4)CC3)n2)cc1,1
COc1ccc(-n2nc(C#N)c(N3CCC(N4CCCCC4)CC3)n2)cc1,1
CCCCNc1nn(-c2ccc(OC)cc2)nc1C#N,1
COc1ccc(-n2nc(C#N)c(NC3CCCCC3)n2)cc1,1
Cc1nc(-c2ccccc2)c2ccccn12,1
c1ccc(-c2nc(-c3ccccc3)n3ccccc23)cc1,1
Oc1ccccc1-c1nc(-c2ccccc2)c2ccccn12,1
N#Cc1ccc(-c2nc(-c3ccccc3)c3ccccn23)cc1,1
CN(C)c1ccc(-c2nc(-c3ccccc3)c3ccccn23)cc1,1
c1ccc(-c2nc(-c3c[nH]c4ccccc34)n3ccccc23)cc1,1
c1ccc(-c2nc(-c3ccc(N(c4ccccc4)c4ccccc4)cc3)n3ccccc23)cc1,1
c1ccc(-c2nc(-c3cccc4ccccc34)n3ccccc23)cc1,1
Oc1ccc2ccccc2c1-c1nc(-c2ccccc2)c2ccccn12,1
c1ccc(-c2nc(-c3c4ccccc4cc4ccccc34)n3ccccc23)cc1,1
C[Si](C)(C)c1ccc(-c2ccc(-c3ccc(-c4ccc(-c5ccc([Si](C)(C)C)cc5)cc4)c4nsnc34)cc2)cc1,1
C[Si](C)(C)c1ccc(-c2ccc(-c3ccc(-c4ccc(-c5ccc([Si](C)(C)C)s5)cc4)c4nsnc34)cc2)s1,1
C[Si](C)(C)c1ccc(-c2ccc(-c3ccc(-c4ccc(-c5ccc([Si](C)(C)C)cc5)s4)c4nsnc34)s2)cc1,1
C[Si](C)(C)c1ccc(-c2ccc(-c3ccc(-c4ccc(-c5ccc([Si](C)(C)C)s5)s4)c4nsnc34)s2)s1,1
OC1(c2ccc(-c3cccs3)s2)CCC1,1
OC1(c2ccc(-c3cccs3)s2)CCCC1,1
OC1(c2ccc(-c3cccs3)s2)CCCCC1,1
CC1CCC(O)(c2ccc(-c3cccs3)s2)CC1,1
OC1(c2ccc(-c3cccs3)s2)CCC(c2ccccc2)CC1,1
C1=C(c2ccc(-c3cccs3)s2)CCC1,1
C1=C(c2ccc(-c3cccs3)s2)CCCC1,1
CC1CC=C(c2ccc(-c3cccs3)s2)CC1,1
C1=C(c2ccc(-c3cccs3)s2)CCC(c2ccccc2)C1,1
O=CC1=C(c2ccc(-c3cccs3)s2)CC1,1
O=CC1=C(c2ccc(-c3cccs3)s2)CCC1,1
O=Cc1ccc(-c2ccc(C3=CCCCC3)s2)s1,1
CC1CC=C(c2ccc(-c3ccc(C=O)s3)s2)CC1,1
O=Cc1ccc(-c2ccc(C3=CCC(c4ccccc4)CC3)s2)s1,1
N#CC1=C(c2ccc(-c3cccs3)s2)CC1,1
N#CC1=C(c2ccc(-c3cccs3)s2)CCC1,1
N#Cc1ccc(-c2ccc(C3=CCCCC3)s2)s1,1
CC1CC=C(c2ccc(-c3ccc(C#N)s3)s2)CC1,1
N#Cc1ccc(-c2ccc(C3=CCC(c4ccccc4)CC3)s2)s1,1
COc1ccc(N2c3cc(OC)ccc3N=c3cc4c(cc32)=Nc2cc(C(C)(C)C)cc(C(C)(C)C)c2O4)cc1,1
COc1ccc2c(c1)N(c1ccc(C)cc1)c1cc3c(cc1=N2)Oc1c(cc(C(C)(C)C)cc1C(C)(C)C)N=3,1
COc1ccc2c(c1)N(c1ccccc1-c1ccccc1)c1cc3c(cc1=N2)Oc1c(cc(C(C)(C)C)cc1C(C)(C)C)N=3,1
CCCCCCN1C(=O)c2cccc3cc(/N=C\c4ccc5c(c4)c4ccccc4n5CC)cc(c23)C1=O,1
CCCCCCN1C(=O)c2cccc3cc(/N=C\c4nc5ccccc5s4)cc(c23)C1=O,1
CCCCCCN1C(=O)c2cccc3cc(/N=C\c4cn(C)c5ccccc45)cc(c23)C1=O,1
CCCCCCN1C(=O)c2cccc3cc(/N=C\c4cnc5ccccc5c4)cc(c23)C1=O,1
CCCCCCN1C(=O)c2cccc3cc(/N=C\c4c[nH]c5c4ccc4ccccc45)cc(c23)C1=O,1
CCCCCCN1C(=O)c2cccc3cc(/N=C\c4ccc(N5CCOCC5)cc4)cc(c23)C1=O,1
CCCCCCN1C(=O)c2cccc3cc(/N=C\c4ccc(N(c5ccccc5)c5ccccc5)cc4)cc(c23)C1=O,1
CC1(C)C(/C=C/C=C/C=C/C=C2/N(CCC(=O)O)c3ccc4ccccc4c3C2(C)C)=[N+](CCC(=O)O)c2ccc3ccccc3c21,1
CC1(C)C(/C=C/C=C/C=C/C=C2/N(CCCCS(=O)(=O)[O-])c3ccc4ccccc4c3C2(C)C)=[N+](CCCCS(=O)(=O)[O-])c2ccc3ccccc3c21,1
CC1(C)C(/C=C/C2=C(Cl)/C(=C/C=C3/N(CCCCS(=O)(=O)[O-])c4ccc5ccccc5c4C3(C)C)CCC2)=[N+](CCCCS(=O)(=O)[O-])c2ccc3ccccc3c21,1
CC1(C)C(/C=C/C2=C(c3ccc(C(=O)O)cc3)/C(=C/C=C3/N(CCCCS(=O)(=O)[O-])c4ccc5ccccc5c4C3(C)C)CCC2)=[N+](CCCCS(=O)(=O)[O-])c2ccc3ccccc3c21,1
CC1(C)C(/C=C/C2=C(c3ccc(C(=O)O)cc3)/C(=C/C=C3/N(CCCCS(=O)(=O)[O-])c4ccccc4C3(C)C)CCC2)=[N+](CCCCS(=O)(=O)[O-])c2ccccc21,1
CS1(C)C(/C=C/C2=C(c3ccc(C(=O)O)cc3)/C(=C/C=C3/N(CCCCS(=O)(=O)[O-])c4ccccc4S3(C)C)CCC2)=[N+](CCCCS(=O)(=O)[O-])c2ccccc21,1
O=C(O)c1ccc(C2=C(/C=C/c3[se]c4ccccc4[n+]3CCCCS(=O)(=O)[O-])CCC/C2=C\C=C2/[Se]c3ccccc3N2CCCCS(=O)(=O)[O-])cc1,1
CC1(C)C(/C=C/C2=C(c3ccc(C(=O)O)cc3)/C(=C/C=C3/N(CCCCS(=O)(=O)[O-])c4ccc(S(=O)(=O)[O-])cc4C3(C)C)CCC2)=[N+](CCCCS(=O)(=O)[O-])c2ccc(S(=O)(=O)[O-])cc21,1
CC1(C)C(/C=C/C2=C(c3ccc(C(=O)O)cc3)/C(=C/C=C3/N(CCCCS(=O)(=O)[O-])c4ccccc4C3(C)C)CC2)=[N+](CCCCS(=O)(=O)[O-])c2ccccc21,1
O=S(=O)([O-])CCCCN1C=C/C(=C/C=C/C=C/c2cc[n+](CCCCS(=O)(=O)[O-])c3ccccc23)c2ccccc21,1
O=C(O)CCCCCn1/c(=C/C=C/C2=[N+](CCCCCC(=O)O)c3cccc4cccc2c34)c2cccc3cccc1c32,1
Nc1ccc2c(c1)C(=O)N(C13C[C@H]4C[C@@H](C1)C[C@@H](C3)C4)C2=O,1
c1ccc(-c2oc(-c3ccccc3)c3ccccc23)cc1,1
O=c1cccc2n1C[C@@H]1CNC[C@H]2C1,1
Cc1cc(C#Cc2ccccc2)c2ccc3c(C#Cc4ccccc4)cc(C#Cc4ccccc4)c4ccc1c2c43,1
CN(C)c1ccc2nc(-c3ccccc3)sc2c1,1
CN(C)c1ccc2nc(-c3ccc(C(=O)O)cc3)sc2c1,1
COC(=O)c1ccc(-c2nc3ccc(N(C)C)cc3s2)cc1,1
CN(C)c1ccc2nc(-c3ccc(C(=O)OC(C)(C)C)cc3)sc2c1,1
CN(C)C(=O)c1ccc(-c2nc3ccc(N(C)C)cc3s2)cc1,1
CN(C)c1ccc2nc(-c3ccc(C(=O)Nc4ccccc4)cc3)sc2c1,1
CN(C)c1ccc2nc(-c3ccc(C(=O)OC[C@H](NC(=O)OC(C)(C)C)C(=O)OCc4ccccc4)cc3)sc2c1,1
Oc1ccc2ccccc2c1,1
[O-]c1ccc2ccccc2c1,1
[NH3+]c1ccc2ccc(O)cc2c1,1
Nc1ccc2ccc(O)cc2c1,1
Nc1ccc2ccc([O-])cc2c1,1
COc1ccc2ccc(O)cc2c1,1
COc1ccc2ccc([O-])cc2c1,1
N#Cc1cc(-n2c3ccccc3c3ccccc32)c(-n2c3ccccc3c3ccccc32)cc1C#N,1
N#Cc1c(-n2c3ccccc3c3ccccc32)c(C#N)c(-n2c3ccccc3c3ccccc32)c(-n2c3ccccc3c3ccccc32)c1-n1c2ccccc2c2ccccc21,1
N#Cc1c(-n2c3ccc(Cl)cc3c3cc(Cl)ccc32)c(C#N)c(-n2c3ccc(Cl)cc3c3cc(Cl)ccc32)c(-n2c3ccc(Cl)cc3c3cc(Cl)ccc32)c1-n1c2ccc(Cl)cc2c2cc(Cl)ccc21,1
N#Cc1c(-n2c3ccccc3c3cc(Br)ccc32)c(C#N)c(-n2c3ccccc3c3cc(Br)ccc32)c(-n2c3ccccc3c3cc(Br)ccc32)c1-n1c2ccccc2c2cc(Br)ccc21,1
N#Cc1c(-n2c3ccc(Br)cc3c3cc(Br)ccc32)c(C#N)c(-n2c3ccc(Br)cc3c3cc(Br)ccc32)c(-n2c3ccc(Br)cc3c3cc(Br)ccc32)c1-n1c2ccc(Br)cc2c2cc(Br)ccc21,1
N#Cc1c(-n2c3ccccc3c3cc(I)ccc32)c(C#N)c(-n2c3ccccc3c3cc(I)ccc32)c(-n2c3ccccc3c3cc(I)ccc32)c1-n1c2ccccc2c2cc(I)ccc21,1
N#Cc1c(-n2c3ccc(I)cc3c3cc(I)ccc32)c(C#N)c(-n2c3ccc(I)cc3c3cc(I)ccc32)c(-n2c3ccc(I)cc3c3cc(I)ccc32)c1-n1c2ccc(I)cc2c2cc(I)ccc21,1
N#Cc1c(-n2c3ccccc3c3cc(Br)ccc32)c(-n2c3ccccc3c3cc(Br)ccc32)c(C#N)c(-n2c3ccccc3c3cc(Br)ccc32)c1-n1c2ccccc2c2cc(Br)ccc21,1
N#Cc1c(-n2c3ccc(Br)cc3c3cc(Br)ccc32)c(-n2c3ccc(Br)cc3c3cc(Br)ccc32)c(C#N)c(-n2c3ccc(Br)cc3c3cc(Br)ccc32)c1-n1c2ccc(Br)cc2c2cc(Br)ccc21,1
N#Cc1c(-n2c3ccccc3c3cc(I)ccc32)c(-n2c3ccccc3c3cc(I)ccc32)c(C#N)c(-n2c3ccccc3c3cc(I)ccc32)c1-n1c2ccccc2c2cc(I)ccc21,1
N#Cc1c(-n2c3ccc(I)cc3c3cc(I)ccc32)c(-n2c3ccc(I)cc3c3cc(I)ccc32)c(C#N)c(-n2c3ccc(I)cc3c3cc(I)ccc32)c1-n1c2ccc(I)cc2c2cc(I)ccc21,1
CC1(C)c2ccccc2N(c2cc(C#N)c(C#N)cc2N2c3ccccc3C(C)(C)c3ccccc32)c2ccccc21,1
N#Cc1cc(N2c3ccccc3Oc3ccccc32)c(N2c3ccccc3Oc3ccccc32)cc1C#N,1
N#Cc1cc(N2c3ccccc3Sc3ccccc32)c(N2c3ccccc3Sc3ccccc32)cc1C#N,1
N#Cc1c(-c2ccc(N(c3ccccc3)c3ccccc3)cc2)c(C#N)c(-c2ccc(N(c3ccccc3)c3ccccc3)cc2)c(C#N)c1-c1ccc(N(c2ccccc2)c2ccccc2)cc1,1
N#Cc1c(-n2c3ccccc3c3ccccc32)nc(-n2c3ccccc3c3ccccc32)c(C#N)c1-c1ccccc1,1
Cc1c(C)c(B(c2c(C)c(C)c(C#N)c(C)c2C)c2c(C)c(C)c(N3c4ccccc4Oc4ccccc43)c(C)c2C)c(C)c(C)c1C#N,1
Cc1c(C)c(B(c2c(C)c(C)c(N3c4ccccc4Oc4ccccc43)c(C)c2C)c2c(C)c(C)c(N3c4ccccc4Oc4ccccc43)c(C)c2C)c(C)c(C)c1C#N,1
COc1cn2cc(-c3ccc(C#N)cc3)[n-][n+]2c1,1
Cc1cn2cc(-c3ccc(C#N)cc3)[n-][n+]2c1,1
N#Cc1ccc(-c2cn3cc(C#N)c[n+]3[n-]2)cc1,1
N#Cc1ccc(-c2cn3cc(-c4ccccc4)c[n+]3[n-]2)cc1,1
N#Cc1ccc(-c2cn3ccc[n+]3[n-]2)cc1,1
CCCCc1ccc2ccc3cccc4ccc1c2c34,1
CCCCc1ccc2ccc3c(CCCC)ccc4ccc1c2c43,1
CCCCc1ccc2ccc3c(CCCC)cc(CCCC)c4ccc1c2c34,1
CCCCc1cc(CCCC)c2ccc3c(CCCC)cc(CCCC)c4ccc1c2c43,1
Cc1ccc2ccc3cccc4ccc1c2c34,1
CC(C)c1ccc2ccc3cccc4ccc1c2c34,1
CC(C)(C)c1ccc2ccc3cccc4ccc1c2c34,1
C[Si](C)(C)c1ccc2ccc3cccc4ccc1c2c34,1
Cc1ccc2ccc3c(C)ccc4ccc1c2c43,1
CC(C)c1ccc2ccc3c(C(C)C)ccc4ccc1c2c43,1
CC(C)(C)c1ccc2ccc3c(C(C)(C)C)ccc4ccc1c2c43,1
C[Si](C)(C)c1ccc2ccc3c([Si](C)(C)C)ccc4ccc1c2c43,1
Nc1nc2c(ncn2[C@H]2C[C@H](O)[C@@H](CO)O2)c(=O)[nH]1,1
Nc1nc2c([nH]c(=O)n2[C@H]2C[C@H](O)[C@@H](CO)O2)c(=O)[nH]1,1
Cc1ccc(-c2ccc(/C=C/c3cccn3C)cn2)nc1,1
Cc1ccc(-c2ccc(/C=C/c3ccccc3)cn2)nc1,1
Cc1ccc(-c2ccc(/C=C/c3ccc(Cl)cc3)cn2)nc1,1
Cc1ccc(-c2ccc(/C=C/c3ccc(F)cc3)cn2)nc1,1
COc1ccc(/C=C/c2ccc(-c3ccc(C)cn3)nc2)cc1,1
Cc1ccc(-c2ccc(/C=C/c3cccs3)cn2)nc1,1
Cc1ccc(-c2ccc(/C=C/c3ccc(N(C)C)cc3)cn2)nc1,1
Cc1ccc(-c2ccc(/C=C/c3ccc([N+](=O)[O-])cc3)cn2)nc1,1
Cc1ccc(-c2ccc(/C=C/c3ccc(C#N)cc3)cn2)nc1,1
Cc1ccc(-c2ccc(/C=C/c3ccc(Br)n3C)cn2)nc1,1
c1ccc2c(c1)ccc1ccc3ccc4ccccc4c3c12,1
N#Cc1cc2ccc3cc(C#N)c4ccccc4c3c2c2ccccc12,1
COc1ccc2c(c1)c(C#N)cc1c(OC)c(OC)c3cc(C#N)c4cc(OC)ccc4c3c12,1
COc1ccc2c(C=C(C#N)C#N)cc3ccc4cc(C=C(C#N)C#N)c5ccc(OC)cc5c4c3c2c1,1
COc1ccc2c(C#N)cc3ccc4cc(C#N)c5ccc(OC)cc5c4c3c2c1,1
CN(C)c1ccc2cc3c(cc2c1)OCCN=C3,1
CCC/N=C/c1cc2ccc(N(C)C)cc2cc1OC,1
O=S(=O)([O-])c1ccc2c(O)cc(S(=O)(=O)[O-])cc2c1,1
O=S(=O)([O-])c1ccc2c([O-])cc(S(=O)(=O)[O-])cc2c1,1
CC(C)(C)c1cccc2c(O)cccc12,1
CC(C)(C)c1cccc2c([O-])cccc12,1
O=S(=O)([O-])c1cccc2c(O)cccc12,1
O=S(=O)([O-])c1cccc2c([O-])cccc12,1
Oc1ccccc1/C=N/c1ccccc1/N=C/c1ccccc1O,1
[O-]c1ccccc1/C=N/c1ccccc1/N=C/c1ccccc1[O-],1
COC(=O)/C(C#N)=c1/cc/c(=c2/cc/c(=C(\C#N)C(=O)OC)s2)s1,1
CCCCCCc1ccc(/C=C/c2ccc(CCCCCC)s2)s1,1
CCCCCCc1cc2/c(=C(\C#N)C(=O)OC)s/c(=c3/s/c(=C(/C#N)C(=O)OC)c4cc(CCCCCC)sc34)c2s1,1
COC(=O)/C(C#N)=c1\s/c(=c2/s/c(=C(/C#N)C(=O)OC)c3cc(-c4ccc(C(F)(F)F)cc4)sc23)c2sc(-c3ccc(C(F)(F)F)cc3)cc12,1
COC(=O)/C(C#N)=c1\s/c(=c2/s/c(=C(/C#N)C(=O)OC)c3cc(-c4ccc(F)cc4)sc23)c2sc(-c3ccc(F)cc3)cc12,1
COC(=O)/C(C#N)=c1\s/c(=c2/s/c(=C(/C#N)C(=O)OC)c3cc(-c4ccccc4)sc23)c2sc(-c3ccccc3)cc12,1
COC(=O)/C(C#N)=c1\s/c(=c2/s/c(=C(/C#N)C(=O)OC)c3cc(-c4ccc(C)cc4)sc23)c2sc(-c3ccc(C)cc3)cc12,1
COC(=O)/C(C#N)=c1\s/c(=c2/s/c(=C(/C#N)C(=O)OC)c3cc(-c4ccc(OC)cc4)sc23)c2sc(-c3ccc(OC)cc3)cc12,1
COC(=O)/C(C#N)=c1\s/c(=c2/s/c(=C(/C#N)C(=O)OC)c3cc(-c4ccc5c(c4)C(C)(C)c4ccccc4-5)sc23)c2sc(-c3ccc4c(c3)C(C)(C)c3ccccc3-4)cc12,1
COc1ccc2cc3c(C)cc(=O)oc3cc2c1,1
O=C1c2ccccc2-c2ccc(Nc3nc(Cl)nc(Cl)n3)c3cccc1c23,1
COc1nc(Cl)nc(Nc2ccc3c4c(cccc24)C(=O)c2ccccc2-3)n1,1
COc1nc(Nc2ccc3c4c(cccc24)C(=O)c2ccccc2-3)nc(OC)n1,1
COc1ccc2c3c(cccc13)C(=O)c1ccccc1-2,1
CC(=O)Nc1ccc2c3c(cccc13)C(=O)c1ccccc1-2,1
Nc1ccc2c3c(cccc13)C(=O)c1ccccc1-2,1
CCCCCCCCCCC1(CCCCCCCCCC)c2cc(-c3nc4ccccc4s3)ccc2-c2ccc(N3C(=O)c4ccc5c6ccc7c8c(ccc(c9ccc(c4c59)C3=O)c86)C(=O)N(c3ccc4c(c3)C(CCCCCCCCCC)(CCCCCCCCCC)c3cc(-c5nc6ccccc6s5)ccc3-4)C7=O)cc21,1
CCCCCCCCCCC1(CCCCCCCCCC)c2cc(N3C(=O)c4ccc5c6ccc7c8c(ccc(c9ccc(c4c59)C3=O)c86)C(=O)N(c3ccc4c(c3)C(CCCCCCCCCC)(CCCCCCCCCC)c3cc(N(c5ccccc5)c5ccccc5)ccc3-4)C7=O)ccc2-c2ccc(N(c3ccccc3)c3ccccc3)cc21,1
c1ccc2c(c1)ccc1ccc3c(c12)-c1c(ccc2ccc4ccccc4c12)C3,1
c1ccc(C2c3ccc4ccc5ccccc5c4c3-c3c2ccc2ccc4ccccc4c32)cc1,1
c1ccc(C2(c3ccccc3)c3ccc4ccc5ccccc5c4c3-c3c2ccc2ccc4ccccc4c32)cc1,1
c1ccc2c(c1)ccc1ccc3ccc4ccc5ccccc5c4c3c12,1
CN(CCO)c1ccc(/N=N/c2ccc([N+](=O)[O-])cc2)cc1,1
COc1ccc(/C=C/c2cc(/C=C/c3ccc(OC)cc3)ncn2)cc1,1
CN(C)c1ccc(/C=C/c2cc(/C=C/c3ccc(N(C)C)cc3)ncn2)cc1,1
C(=C/c1cc(/C=C/c2ccc(N(c3ccccc3)c3ccccc3)cc2)ncn1)\c1ccc(N(c2ccccc2)c2ccccc2)cc1,1
COc1ccc(/C=C/c2cc(/C=C/c3ccc(OC)cc3)nc(/C=C/c3ccccc3)n2)cc1,1
CN(C)c1ccc(/C=C/c2cc(/C=C/c3ccc(N(C)C)cc3)nc(/C=C/c3ccccc3)n2)cc1,1
C(=C/c1nc(/C=C/c2ccc(N(c3ccccc3)c3ccccc3)cc2)cc(/C=C/c2ccc(N(c3ccccc3)c3ccccc3)cc2)n1)\c1ccccc1,1
COc1ccc(/C=C/c2cc(/C=C/c3ccc(OC)cc3)nc(/C=C/c3ccc(OC)cc3)n2)cc1,1
COc1ccc(/C=C/c2nc(/C=C/c3ccc(N(C)C)cc3)cc(/C=C/c3ccc(N(C)C)cc3)n2)cc1,1
COc1ccc(/C=C/c2nc(/C=C/c3ccc(N(c4ccccc4)c4ccccc4)cc3)cc(/C=C/c3ccc(N(c4ccccc4)c4ccccc4)cc3)n2)cc1,1
CN(C)c1ccc(/C=C/c2cc(/C=C/c3ccc(N(C)C)cc3)nc(/C=C/c3ccc(N(C)C)cc3)n2)cc1,1
CN(C)c1ccc(/C=C/c2nc(/C=C/c3ccc(N(c4ccccc4)c4ccccc4)cc3)cc(/C=C/c3ccc(N(c4ccccc4)c4ccccc4)cc3)n2)cc1,1
COc1ccc(/C=C/c2cc(/C=C/c3ccc(OC)cc3)nc(/C=C/c3ccc(N(c4ccccc4)c4ccccc4)cc3)n2)cc1,1
CN(C)c1ccc(/C=C/c2cc(/C=C/c3ccc(N(C)C)cc3)nc(/C=C/c3ccc(N(c4ccccc4)c4ccccc4)cc3)n2)cc1,1
C(=C/c1cc(/C=C/c2ccc(N(c3ccccc3)c3ccccc3)cc2)nc(/C=C/c2ccc(N(c3ccccc3)c3ccccc3)cc2)n1)\c1ccc(N(c2ccccc2)c2ccccc2)cc1,1
COc1ccc(/C=C/c2cc(/C=C/c3ccc(OC)cc3)nc(/C=C/c3ccc4cc(OC)ccc4c3)n2)cc1,1
COc1ccc2cc(/C=C/c3nc(/C=C/c4ccc(N(C)C)cc4)cc(/C=C/c4ccc(N(C)C)cc4)n3)ccc2c1,1
COc1ccc2cc(/C=C/c3nc(/C=C/c4ccc(N(c5ccccc5)c5ccccc5)cc4)cc(/C=C/c4ccc(N(c5ccccc5)c5ccccc5)cc4)n3)ccc2c1,1
COc1ccc(/C=C/c2cc(/C=C/c3ccc(OC)cc3)nc(/C=C/c3ccc(C(F)(F)F)cc3)n2)cc1,1
CN(C)c1ccc(/C=C/c2cc(/C=C/c3ccc(N(C)C)cc3)nc(/C=C/c3ccc(C(F)(F)F)cc3)n2)cc1,1
FC(F)(F)c1ccc(/C=C/c2nc(/C=C/c3ccc(N(c4ccccc4)c4ccccc4)cc3)cc(/C=C/c3ccc(N(c4ccccc4)c4ccccc4)cc3)n2)cc1,1
COc1ccc(/C=C/c2nc(/C=C/c3ccc(N(C)C)cc3)cc(/C=C/c3ccc(N(c4ccccc4)c4ccccc4)cc3)n2)cc1,1
COc1ccc(/C=C/c2cc(/C=C/c3ccc(N(c4ccccc4)c4ccccc4)cc3)nc(/C=C/c3ccc(N(C)C)cc3)n2)cc1,1
CN(C)c1ccc(/C=C/c2ccnc(/C=C/c3ccc(N(C)C)cc3)n2)cc1,1
C(=C/c1ccnc(/C=C/c2ccc(N(c3ccccc3)c3ccccc3)cc2)n1)\c1ccc(N(c2ccccc2)c2ccccc2)cc1,1
C[Si]1(C)C(c2ccccc2)=Cc2ccccc21,1
C1=C(c2ccccc2)[Si](c2ccccc2)(c2ccccc2)c2ccccc21,1
FC(F)(F)c1ccc(C2=Cc3ccccc3[Si]2(c2ccccc2)c2ccccc2)cc1,1
COc1ccc(C2=Cc3ccccc3[Si]2(c2ccccc2)c2ccccc2)cc1,1
C1=C(c2ccccn2)[Si](c2ccccc2)(c2ccccc2)c2ccccc21,1
c1ccc(C2=C(c3ccccn3)[Si](c3ccccc3)(c3ccccc3)c3ccccc32)cc1,1
CC(C)(C)c1ccc2c(c1)-c1cc3c4c(c5c6c(cc7c8c(c-2c1c4c86)-c1ccc(C(C)(C)C)cc1-7)-c1cc(C(C)(C)C)ccc1-5)-c1ccc(C(C)(C)C)cc1-3,1
COc1ccc(N(c2ccccc2)c2ccccc2)cc1,1
COc1ccc(N(c2ccccc2)c2ccc(OC)cc2)cc1,1
COc1ccc(N(c2ccc(C=C(c3ccccc3)c3ccccc3)cc2)c2ccc(C=C(c3ccccc3)c3ccccc3)cc2)cc1,1
COc1ccc(N(c2ccc(C=C(c3ccccc3)c3ccccc3)cc2)c2ccc(OC)cc2)cc1,1
COc1ccc(N(c2ccc(/C=C(\C)c3ccccc3)cc2)c2ccc(/C=C(\C)c3ccccc3)cc2)cc1,1
COc1ccc(N(c2ccc(/C=C(\C)c3ccccc3)cc2)c2ccc(OC)cc2)cc1,1
COc1ccccc1C#Cc1ccccc1OC,1
C1#Cc2ccccc2OCc2ccccc2COc2ccccc21,1
C1#Cc2ccccc2OCc2cccc(c2)COc2ccccc21,1
Cc1c(C)c(C)c2c(c1C)COc1ccccc1C#Cc1ccccc1OC2,1
c1ccc2c(c1)-c1sc3ccccc3c1C21c2ccccc2-c2sc3ccccc3c21,1
O=S1(=O)C2=C(c3ccccc31)C1(c3ccccc32)c2ccccc2-c2sc3ccccc3c21,1
O=S1(=O)C2=C(c3ccccc31)C1(C3=C(c4ccccc41)S(=O)(=O)c1ccccc13)c1ccccc12,1
CC1(C)c2ccccc2-c2sc3ccccc3c21,1
CC1(C)C2=C(c3ccccc31)S(=O)(=O)c1ccccc12,1
CN(C)c1ccc2c(c1)[Si](C)(C)C1=CC(=[N+](C)C)C=CC1=C2,1
Cc1ccccc1C1=C2C=CC(=[N+](C)C)C=C2[Si](C)(C)c2cc(N(C)C)ccc21,1
CN(C)c1ccc2c(c1)[Ge](C)(C)C1=CC(=[N+](C)C)C=CC1=C2,1
Cc1ccccc1C1=C2C=CC(=[N+](C)C)C=C2[Ge](C)(C)c2cc(N(C)C)ccc21,1
CN(C)c1ccc2c(c1)[Sn](C)(C)C1=CC(=[N+](C)C)C=CC1=C2,1
Cc1ccc(C2=C3C=CC(=[N+](C)C)C=C3[Si](C)(C)c3cc(N(C)C)ccc32)c(C)c1,1
Cc1ccc(C)c(C2=C3C=CC(=[N+](C)C)C=C3[Si](C)(C)c3cc(N(C)C)ccc32)c1,1
COc1ccccc1C1=C2C=CC(=[N+](C)C)C=C2[Si](C)(C)c2cc(N(C)C)ccc21,1
COc1ccc(C2=C3C=CC(=[N+](C)C)C=C3[Si](C)(C)c3cc(N(C)C)ccc32)c(C)c1,1
COc1ccc(C)cc1C1=C2C=CC(=[N+](C)C)C=C2[Si](C)(C)c2cc(N(C)C)ccc21,1
COc1ccc(C2=C3C=CC(=[N+](C)C)C=C3[Si](C)(C)c3cc(N(C)C)ccc32)c(OC)c1,1
COc1ccc(OC)c(C2=C3C=CC(=[N+](C)C)C=C3[Si](C)(C)c3cc(N(C)C)ccc32)c1,1
Cc1cc(N(C)C)ccc1C1=C2C=CC(=[N+](C)C)C=C2[Si](C)(C)c2cc(N(C)C)ccc21,1
Cc1ccc(N(C)C)cc1C1=C2C=CC(=[N+](C)C)C=C2[Si](C)(C)c2cc(N(C)C)ccc21,1
O=c1oc2ccc3ccccc3c2nc1-c1ccccc1,1
O=c1oc2cc3ccccc3cc2nc1-c1ccccc1,1
O=c1oc2c(ccc3ccccc32)nc1-c1ccccc1,1
CC1=N/C(=C\c2ccncc2)C(=O)N1C,1
CN1C(=O)/C(=C/c2ccncc2)N=C1c1ccccc1,1
CN1C(=O)/C(=C/c2ccncc2)N=C1/C=C/c1ccccc1,1
COc1ccc(/C=C/C2=N/C(=C\c3ccncc3)C(=O)N2C)cc1,1
CN1C(=O)/C(=C/c2ccncc2)N=C1/C=C/c1ccncc1,1
CC(C)(C)c1cc(-n2c(-c3ccc(C(=C(c4ccccc4)c4ccccc4)c4ccccc4)cc3)cc3c2cc(-c2ccc(C(=C(c4ccccc4)c4ccccc4)c4ccccc4)cc2)n3-c2cc(C(C)(C)C)cc(C(C)(C)C)c2)cc(C(C)(C)C)c1,1
CC(C)(C)c1cc(-c2cc3c(cc(-c4cc(C(C)(C)C)cc(C(C)(C)C)c4)n3-c3ccc(C(=C(c4ccccc4)c4ccccc4)c4ccccc4)cc3)n2-c2ccc(C(=C(c3ccccc3)c3ccccc3)c3ccccc3)cc2)cc(C(C)(C)C)c1,1
CC(C)(C)c1cc2c3cc(C(C)(C)C)c(-c4cc5cc6c7cccc8cccc(c9cc(C(C)(C)C)cc(c5cc4C(C)(C)C)c96)c87)cc3cc3c4cccc5cccc(c(c1)c23)c54,1
CC(C)(C)c1ccc2cc3c4cccc5cccc(c6cc(C(C)(C)C)cc(c2c1)c63)c54,1
B1C=Cc2ccc3ccccc3c2N1,1
CB1C=Cc2ccc3ccccc3c2N1,1
C=CB1C=Cc2ccc3ccccc3c2N1,1
C1=Cc2ccc3ccccc3c2NB1c1ccccc1,1
CB1C=Cc2ccc3ccccc3c2N1c1ccccc1,1
C1=Cc2ccc3ccccc3c2N(c2ccccc2)B1c1ccccc1,1
C1=C(c2ccccc2)B(c2ccccc2)Nc2c1ccc1ccccc21,1
C(#Cc1ccccc1)C1=Cc2ccc3ccccc3c2NB1c1ccccc1,1
[BH3-][P+]1(c2ccccc2)c2ccccc2-c2sc3ccccc3c21,1
O=P1(c2ccccc2)c2ccccc2-c2sc3ccccc3c21,1
O=P1(c2ccccc2)C2=C(c3ccccc31)S(=O)(=O)c1ccccc12,1
C[P+]1(c2ccccc2)C2=C(c3ccccc31)S(=O)(=O)c1ccccc12,1
CCCCCC(=O)c1ccc2c3c(sc2c1)-c1ccccc1P3(=O)c1ccccc1,1
CCCCCC(=O)c1cccc2sc3c(c12)P(=O)(c1ccccc1)c1ccccc1-3,1
O=C(c1ccc2c3c(sc2c1)-c1ccccc1P3(=O)c1ccccc1)c1c(F)c(F)c(F)c(F)c1F,1
C#CCN1C(=O)/C(=C/c2cc(OC(C)C)ccc2OC(C)C)N=C1C,1
CN(C)CCNCc1c2ccccc2cc2ccccc12,1
CN(C)CCN(Cc1c2ccccc2cc2ccccc12)c1ccc([N+](=O)[O-])cc1[N+](=O)[O-],1
CN(C)CCN(Cc1c2ccccc2cc2ccccc12)c1ccc([N+](=O)[O-])cc1,1
CN(C)CCN(Cc1c2ccccc2cc2ccccc12)c1ccc([N+](=O)[O-])cn1,1
CN(C)CCN(Cc1c2ccccc2c(CN(CCN(C)C)c2ccc([N+](=O)[O-])cc2[N+](=O)[O-])c2ccccc12)c1ccc([N+](=O)[O-])cc1[N+](=O)[O-],1
O=[N+]([O-])c1ccc(NCCNCc2c3ccccc3cc3ccccc23)c([N+](=O)[O-])c1,1
O=[N+]([O-])c1ccc(NCCN(Cc2c3ccccc3cc3ccccc23)c2ccc([N+](=O)[O-])cc2[N+](=O)[O-])c([N+](=O)[O-])c1,1
CN(C)CCNc1ccc([N+](=O)[O-])cc1[N+](=O)[O-],1
CCCCCCOc1ccc(C#Cc2ccc(C#Cc3ccc(OCCCCCC)c(OCCCCCC)c3)c3nsnc23)cc1OCCCCCC,1
CCCCCCOc1ccc(C#Cc2ccc(C#CC#Cc3ccc(C#Cc4ccc(OCCCCCC)c(OCCCCCC)c4)c4nsnc34)c3nsnc23)cc1OCCCCCC,1
CCCCCCOc1ccc(C#Cc2ccc(-c3ccc(-c4ccc(C#Cc5ccc(OCCCCCC)c(OCCCCCC)c5)s4)c4nsnc34)s2)cc1OCCCCCC,1
CCCCC(CC)Cn1c2cc(-n3c4ccccc4c4ccccc43)ccc2c2ccc(-n3c4ccccc4c4ccccc43)cc21,1
CCCCC(CC)Cn1c2ccccc2c2ccc(-n3c4ccccc4c4ccccc43)cc21,1
CCn1c2ccccc2c2ccc(-n3c4ccccc4c4ccccc43)cc21,1
CCCCC(CC)Cn1c2ccccc2c2ccc(-c3ccc4c5ccccc5n(CC(CC)CCCC)c4c3)cc21,1
CCCCC(CC)Cn1c2ccc(-n3c4ccccc4c4ccccc43)cc2c2cc(-n3c4ccccc4c4ccccc43)ccc21,1
CN(C)CCCN1c2ccccc2CCc2ccccc21,1
CNCCCN1c2ccccc2CCc2ccccc21,1
CN(C)CCCN1c2ccccc2CCc2ccc(Cl)cc21,1
CNCCCC1c2ccccc2C=Cc2ccccc21,1
c1ccc2c(c1)CCc1ccccc1N2,1
CN1c2ccccc2CCc2ccccc21,1
CC(C)CCCN1c2ccccc2CCc2ccccc21,1
C1=Cc2ccccc2Cc2ccccc21,1
Cc1ccc(-n2c(-c3ccc(C(F)(F)F)cc3)nc(-c3ccccc3O)c2-c2ccccc2O)cc1,1
Cc1ccc(-n2c(-c3ccccc3O)nc(-c3ccccc3O)c2-c2ccccc2O)cc1,1
COc1ccc(-c2nc(-c3ccccc3O)c(-c3ccccc3O)n2-c2ccc(C)cc2)cc1,1
COc1ccccc1-c1c(-c2ccccc2O)nc(-c2ccc(C(F)(F)F)cc2)n1-c1ccc(C)cc1,1
COc1ccccc1-c1nc(-c2ccc(C(F)(F)F)cc2)n(-c2ccc(C)cc2)c1-c1ccccc1OC,1
c1ccc(-c2nc3c(ccc4[nH]ccc43)o2)cc1,1
CCCCCCn1c2cc(/C=C/c3ccccc3)ccc2c2ccc(/C=C/c3ccccc3)cc21,1
CCCCCCn1c2cc(/C=C(\C#N)c3ccccc3)ccc2c2ccc(/C=C(\C#N)c3ccccc3)cc21,1
CCCCCCn1c2cc(/C=C/c3cccs3)ccc2c2ccc(/C=C/c3cccs3)cc21,1
CCCCCCn1c2cc(/C=C(\C#N)c3cccs3)ccc2c2ccc(/C=C(\C#N)c3cccs3)cc21,1
Cc1ccc(NC(=O)c2ccc(N(C)C)cc2)cc1,1
Cc1cccc(NC(=O)c2ccc(N(C)C)cc2)c1,1
CN(C)c1ccc(C(=O)Nc2ccccc2)cc1,1
CN(C)c1ccc(C(=O)Nc2ccc(F)cc2)cc1,1
CN(C)c1ccc(C(=O)Nc2ccc(Cl)cc2)cc1,1
CN(C)c1ccc(C(=O)Nc2cccc(Cl)c2)cc1,1
CN(C)c1ccc(C(=O)Nc2cccc(Br)c2)cc1,1
COC(=O)c1ccc(NC(=O)c2ccc(N(C)C)cc2)cc1,1
CC(=O)c1ccc(NC(=O)c2ccc(N(C)C)cc2)cc1,1
CN(C)c1ccc(C(=O)Nc2ccc([N+](=O)[O-])cc2)cc1,1
CCCCCCC(CCCCCC)n1c(=O)c2c3ccc4cccc5c6cccc7ccc(c2c1=O)c(c76)c3c45,1
C(#Cc1ccccc1C#Cc1ccccc1)c1ccccc1,1
Fc1nc(F)c(F)c(C#Cc2ccccc2C#Cc2c(F)c(F)nc(F)c2F)c1F,1
Fc1nc(F)c(F)c(C#Cc2cc3c(cc2C#Cc2c(F)c(F)nc(F)c2F)OC2(CCCCC2)O3)c1F,1
Fc1nc(F)c(F)c(/C=C2/C(c3c(F)c(F)nc(F)c3F)=Cc3ccccc32)c1F,1
N#Cc1cc(C#Cc2c(F)c(F)nc(F)c2F)c(C#Cc2c(F)c(F)nc(F)c2F)cc1C#N,1
COc1ccc(C#Cc2ccccc2C#Cc2ccc(OC)cc2)cc1,1
COc1cc(C#Cc2ccccc2)c(C#Cc2ccccc2)cc1OC,1
C(#Cc1nccnc1C#Cc1ccccc1)c1ccccc1,1
Fc1nc(F)c(F)c(C#Cc2nccnc2C#Cc2c(F)c(F)nc(F)c2F)c1F,1
c1ccc(N(c2ccccc2)c2c3ccccc3cc3ccccc23)cc1,1
c1ccc2c(c1)CCc1ccccc1N2c1c2ccccc2cc2ccccc12,1
c1ccc2c(c1)Cc1ccccc1N2c1c2ccccc2cc2ccccc12,1
c1ccc(N(c2ccccc2)c2c3ccccc3c(N(c3ccccc3)c3ccccc3)c3ccccc23)cc1,1
c1ccc2c(c1)CCc1ccccc1N2c1c2ccccc2c(N2c3ccccc3CCc3ccccc32)c2ccccc12,1
c1ccc2c(c1)Cc1ccccc1N2c1c2ccccc2c(N2c3ccccc3Cc3ccccc32)c2ccccc12,1
C[Si]1(C)c2ccccc2-c2ccccc21,1
C[Si]1(C)c2cc(-c3ccccc3)ccc2C=Cc2ccc(-c3ccccc3)cc21,1
COc1ccc(-c2ccc3c(c2)[Si](C)(C)c2cc(-c4ccc(OC)cc4)ccc2C=C3)cc1,1
C[Si]1(C)c2cc(-c3ccc(N(c4ccccc4)c4ccccc4)cc3)ccc2C=Cc2ccc(-c3ccc(N(c4ccccc4)c4ccccc4)cc3)cc21,1
C[Si]1(C)c2cc(-c3cccs3)ccc2C=Cc2ccc(-c3cccs3)cc21,1
C[Si]1(C)c2cc(-c3ccc(-c4cccs4)s3)ccc2C=Cc2ccc(-c3ccc(-c4cccs4)s3)cc21,1
C[Si]1(C)c2cc(C#Cc3ccccc3)ccc2C=Cc2ccc(C#Cc3ccccc3)cc21,1
C[Si]1(C)c2ccc(-c3ccccc3)cc2C=Cc2cc(-c3ccccc3)ccc21,1
COc1ccc(-c2ccc3c(c2)C=Cc2cc(-c4ccc(OC)cc4)ccc2[Si]3(C)C)cc1,1
C[Si]1(C)c2ccc(-c3ccc(N(c4ccccc4)c4ccccc4)cc3)cc2C=Cc2cc(-c3ccc(N(c4ccccc4)c4ccccc4)cc3)ccc21,1
C[Si]1(C)c2ccc(-c3cccs3)cc2C=Cc2cc(-c3cccs3)ccc21,1
C[Si]1(C)c2ccc(-c3ccc(-c4cccs4)s3)cc2C=Cc2cc(-c3ccc(-c4cccs4)s3)ccc21,1
C[Si]1(C)c2ccc(C#Cc3ccccc3)cc2C=Cc2cc(C#Cc3ccccc3)ccc21,1
N#Cc1ccc(N)c2nonc12,1
C[Si](C)(C)[Si](c1ccc([Si]([Si](C)(C)C)([Si](C)(C)C)[Si](C)(C)C)s1)([Si](C)(C)C)[Si](C)(C)C,1
c1ccsc1,1
C[Si](C)(C)[Si](c1ccc(-c2ccc([Si]([Si](C)(C)C)([Si](C)(C)C)[Si](C)(C)C)s2)s1)([Si](C)(C)C)[Si](C)(C)C,1
c1csc(-c2cccs2)c1,1
C[Si](C)(C)[Si](c1ccc(-c2ccc(-c3ccc([Si]([Si](C)(C)C)([Si](C)(C)C)[Si](C)(C)C)s3)s2)s1)([Si](C)(C)C)[Si](C)(C)C,1
c1csc(-c2ccc(-c3cccs3)s2)c1,1
C[Si](C)(C)[Si](c1ccc(-c2ccc(-c3ccc(-c4ccc([Si]([Si](C)(C)C)([Si](C)(C)C)[Si](C)(C)C)s4)s3)s2)s1)([Si](C)(C)C)[Si](C)(C)C,1
c1csc(-c2ccc(-c3ccc(-c4cccs4)s3)s2)c1,1
C[Si](C)(C)[Si](c1cc2sc([Si]([Si](C)(C)C)([Si](C)(C)C)[Si](C)(C)C)cc2s1)([Si](C)(C)C)[Si](C)(C)C,1
c1cc2sccc2s1,1
C[Si](C)(C)[Si](c1cc2sc3cc([Si]([Si](C)(C)C)([Si](C)(C)C)[Si](C)(C)C)sc3c2s1)([Si](C)(C)C)[Si](C)(C)C,1
c1cc2sc3ccsc3c2s1,1
Oc1ccc2ccc3cccc4ccc1c2c34,1
COc1cc(S(=O)(=O)[O-])c2ccc3c(S(=O)(=O)[O-])cc(S(=O)(=O)[O-])c4ccc1c2c43,1
O=S(=O)([O-])c1cc([O-])c2ccc3c(S(=O)(=O)[O-])cc(S(=O)(=O)[O-])c4ccc1c2c34,1
COC(=O)C(Cc1ccc2oc(-c3ccc(N(C)c4ccccc4)cc3)nc2c1)NC(=O)OC(C)(C)C,1
COC(=O)C(Cc1ccc2oc(-c3ccc(N(C)C)cc3)nc2c1)NC(=O)OC(C)(C)C,1
COC(=O)C(Cc1ccc2oc(-c3ccc(Nc4ccccc4)cc3)nc2c1)NC(=O)OC(C)(C)C,1
C(=C/c1c2ccccc2cc2ccccc12)\c1ccccc1,1
C(=C/c1c2ccccc2cc2ccccc12)\c1cccc2ccccc12,1
C(=C/c1ccnc2ccccc12)\c1c2ccccc2cc2ccccc12,1
C(=C/c1c2ccccc2cc2ccccc12)\c1ccc2ccccc2c1,1
C(=C/c1c2ccccc2cc2ccccc12)\c1ccc2ccccc2n1,1
C(=C/c1c2ccccc2cc2ccccc12)\c1cnc2ccccc2c1,1
O=C1c2ccccc2-c2ccccc21,1
COc1ccc2c(c1)C(=O)c1ccccc1-2,1
COc1ccc2c(c1)-c1ccccc1C2=O,1
COc1cccc2c1-c1ccccc1C2=O,1
COc1ccc2c(c1)-c1cc(OC)ccc1C2=O,1
COc1cc(OC)c2c(c1)C(=O)c1ccccc1-2,1
COc1cc(OC)c2c(c1)C(=O)c1ccc(OC)cc1-2,1
COc1ccc2c(c1)C(=O)c1cc(OC)cc(OC)c1-2,1
COc1cc(OC)c2c(c1)C(=O)c1cc(OC)cc(OC)c1-2,1
Cc1cc2ccc(-c3cccc4cccc(-c5ccc6cc(C)c(=O)oc6c5)c34)cc2oc1=O,1
Cc1cc(C)c(C)c(-c2ccc3cc(C)c(=O)oc3c2)c1C,1
CCCCCCCCCCCCCCCCOc1cc(C#Cc2ccc3ccccc3c2)c(OCCCCCCCCCCCCCCCC)cc1C#Cc1ccc(C=C(C#N)C#N)cc1,1
CCCCCCCCCCCCCCCCOc1cc(C#Cc2ccc3ccccc3c2-c2c(C#Cc3cc(OCCCCCCCCCCCCCCCC)c(C#Cc4ccc(C=C(C#N)C#N)cc4)cc3OCCCCCCCCCCCCCCCC)ccc3ccccc23)c(OCCCCCCCCCCCCCCCC)cc1C#Cc1ccc(C=C(C#N)C#N)cc1,1
CCCCCCC(CCCCCC)N1C(=O)c2cccc3c(-c4ccccc4)ccc(c23)C1=O,1
CCCCCCC(CCCCCC)N1C(=O)c2cccc3c(-c4ccc(OC)cc4)ccc(c23)C1=O,1
CCCCCCC(CCCCCC)N1C(=O)c2cccc3c(-c4ccc(N(C)C)cc4)ccc(c23)C1=O,1
CCCCCCC(CCCCCC)N1C(=O)c2cccc3c(-c4cc(OC)c(OC)c(OC)c4)ccc(c23)C1=O,1
CCCCCCC(CCCCCC)N1C(=O)c2cccc3c(-c4ccc(OC)c5ccccc45)ccc(c23)C1=O,1
CCCCCCC(CCCCCC)N1C(=O)c2cccc3c(-c4ccc(OC)c5cccc(C)c45)ccc(c23)C1=O,1
CCCCCCC(CCCCCC)N1C(=O)c2cccc3c(-c4ccc([Si](C)(C)C)cc4)ccc(c23)C1=O,1
CCCCCCC(CCCCCC)N1C(=O)c2cccc3c(-c4ccc(C#N)cc4)ccc(c23)C1=O,1
CCCCCCC(CCCCCC)N1C(=O)c2cccc3c(-c4ccc(-c5ccc(OC)cc5)cc4)ccc(c23)C1=O,1
COC(=O)C(Cc1ccc2oc(-c3ccc(-n4c5ccccc5c5ccccc54)cc3)nc2c1)NC(=O)OC(C)(C)C,1
COC(=O)C(Cc1ccc2oc(-c3ccc4c(c3)c3ccccc3n4-c3ccccc3)nc2c1)NC(=O)OC(C)(C)C,1
F[B-]1(F)n2cccc2C(c2ccccc2)=C2C=CC=[N+]21,1
F[B-]1(F)n2c(ccc2-c2ccccc2)C(c2ccc(I)cc2)=C2C=CC(c3ccccc3)=[N+]21,1
COc1ccc(C2=[N+]3C(=C(c4ccc(I)cc4)c4ccc(-c5ccc(OC)cc5)n4[B-]3(F)F)C=C2)cc1,1
COc1ccccc1C1=[N+]2C(=C(c3ccc(I)cc3)c3ccc(-c4ccccc4OC)n3[B-]2(F)F)C=C1,1
Cc1cc(C)c(C2=C3C=CC(c4cccc5ccccc45)=[N+]3[B-](F)(F)n3c2ccc3-c2cccc3ccccc23)c(C)c1,1
Cc1cc(C)c(C2=C3C=CC(c4ccc5ccccc5c4)=[N+]3[B-](F)(F)n3c2ccc3-c2ccc3ccccc3c2)c(C)c1,1
Cc1cc(C)c(C2=C3C=CC(c4ccc5c(ccc6ccccc65)c4)=[N+]3[B-](F)(F)n3c2ccc3-c2ccc3c(ccc4ccccc43)c2)c(C)c1,1
CCCC1=CC2=C(c3c(C)cc(C)cc3C)c3cc(CCC)c(-c4ccc5ccc6cccc7ccc4c5c67)n3[B-](F)(F)[N+]2=C1c1ccc2ccc3cccc4ccc1c2c34,1
Cc1cc(C)c(C2=C3C=CC(c4csc5ccccc45)=[N+]3[B-](F)(F)n3c2ccc3-c2csc3ccccc23)c(C)c1,1
F[B-]1(F)n2c(ccc2-c2nc3ccccc3s2)C(c2ccccc2)=C2C=CC(c3nc4ccccc4s3)=[N+]21,1
F[B-]1(F)n2c(ccc2-c2cccs2)C(c2ccc(Br)cc2)=C2C=CC(c3cccs3)=[N+]21,1
F[B-]1(F)n2c(ccc2-c2ccccc2)C(C(F)(F)F)=C2C=CC(c3ccccc3)=[N+]21,1
F[B-]1(F)n2c(ccc2-c2cccs2)C(C(F)(F)F)=C2C=CC(c3cccs3)=[N+]21,1
CC1=C(c2ccccc2)C2=Cc3c(-c4ccccc4)c(C)c(C)n3[B-](F)(F)[N+]2=C1C,1
CC1=C(c2cccs2)C2=Cc3c(-c4cccs4)c(C)c(C)n3[B-](F)(F)[N+]2=C1C,1
F[B-]1(F)n2c(-c3ccccc3)cc(-c3ccccc3)c2C=C2C(c3ccccc3)=CC(c3ccccc3)=[N+]21,1
F[B-]1(F)n2c(-c3ccccc3)cc(-c3ccccc3)c2C(c2ccccc2)=C2C(c3ccccc3)=CC(c3ccccc3)=[N+]21,1
F[B-]1(F)n2c(cc(-c3ccccc3)c2-c2ccccc2)C(c2ccccc2)=C2C=C(c3ccccc3)C(c3ccccc3)=[N+]21,1
F[B-]1(F)n2c(c(-c3ccccc3)c(-c3ccccc3)c2-c2ccccc2)C=C2C(c3ccccc3)=C(c3ccccc3)C(c3ccccc3)=[N+]21,1
F[B-]1(F)n2c(c(-c3ccccc3)c(-c3ccccc3)c2-c2ccccc2)C(c2ccccc2)=C2C(c3ccccc3)=C(c3ccccc3)C(c3ccccc3)=[N+]21,1
COc1ccc(C2=C(c3ccc(OC)cc3)C(c3ccc(OC)cc3)=[N+]3C2=C(c2ccc(OC)cc2)c2c(-c4ccc(OC)cc4)c(-c4ccc(OC)cc4)c(-c4ccc(OC)cc4)n2[B-]3(F)F)cc1,1
CC1=C(C#Cc2ccccc2)C2=Cc3c(C#Cc4ccccc4)c(C)c(C)n3[B-](F)(F)[N+]2=C1C,1
CC1=C(C#Cc2ccccc2)C(C)=[N+]2C1=C(c1ccccc1)c1c(C)c(C#Cc3ccccc3)c(C)n1[B-]2(F)F,1
CC1=C(C#Cc2ccc(N(c3ccccc3)c3ccccc3)cc2)C(C)=[N+]2C1=C(c1ccccc1)c1c(C)c(C#Cc3ccc(N(c4ccccc4)c4ccccc4)cc3)c(C)n1[B-]2(F)F,1
CC1=C(C#Cc2ccc(B(c3c(C)cc(C)cc3C)c3c(C)cc(C)cc3C)cc2)C(C)=[N+]2C1=C(c1ccccc1)c1c(C)c(C#Cc3ccc(B(c4c(C)cc(C)cc4C)c4c(C)cc(C)cc4C)cc3)c(C)n1[B-]2(F)F,1
CC1=C(C#Cc2ccc([Si](c3ccccc3)(c3ccccc3)c3ccccc3)cc2)C(C)=[N+]2C1=C(c1ccccc1)c1c(C)c(C#Cc3ccc([Si](c4ccccc4)(c4ccccc4)c4ccccc4)cc3)c(C)n1[B-]2(F)F,1
Cc1ccc(C2=C3C=CC(C#Cc4ccccc4)=[N+]3[B-](F)(F)n3c(C#Cc4ccccc4)ccc32)cc1,1
COC(=O)CCC1=CC(C#Cc2cccs2)=[N+]2C1=Cc1c(CCC(=O)OC)cc(C#Cc3cccs3)n1[B-]2(F)F,1
COC(=O)CCC1=CC(C#Cc2ccsc2)=[N+]2C1=Cc1c(CCC(=O)OC)cc(C#Cc3ccsc3)n1[B-]2(F)F,1
COC(=O)CCC1=CC(C#Cc2ccc(OC)cc2)=[N+]2C1=Cc1c(CCC(=O)OC)cc(C#Cc3ccc(OC)cc3)n1[B-]2(F)F,1
CC1=CC(C)=[N+]2C1=C(c1ccccc1)c1c(C)cc(/C=C/c3ccccc3)n1[B-]2(F)F,1
CC1=CC(C)=[N+]2C1=C(c1ccccc1)c1c(C)cc(/C=C/c3ccc(O)cc3)n1[B-]2(F)F,1
CC1=CC(C)=[N+]2C1=C(c1ccccc1)c1c(C)cc(/C=C/c3ccc(N(C)C)cc3)n1[B-]2(F)F,1
CC1=CC(C)=[N+]2C1=C(c1ccc(N(C)C)cc1)c1c(C)cc(/C=C/c3ccc(N(C)C)cc3)n1[B-]2(F)F,1
CC1=CC(C)=[N+]2C1=C(c1ccc(C)cc1)c1c(C)cc(/C=C/c3ccc4ccc5cccc6ccc3c4c56)n1[B-]2(F)F,1
COC(=O)c1ccc(C2=C3C(C)=CC(C)=[N+]3[B-](F)(F)n3c(/C=C/c4c[nH]cn4)cc(C)c32)cc1,1
CC1=CC(C)=[N+]2C1=C(c1ccc(Br)cc1)c1c(C)cc(/C=C/c3ccc[nH]3)n1[B-]2(F)F,1
CC1=CC(C)=[N+]2C1=C(c1ccc(O)cc1)c1c(C)cc(/C=C/C=C3/N(C)c4ccccc4C3(C)C)n1[B-]2(F)F,1
CCc1c(C)c2n(c1C)[B-](F)(F)[N+]1=C(C=C3C=Cc4ccccc43)C=CC1=C2C,1
CCc1c(C)c2n(c1C)[B-](F)(F)[N+]1=C(C=C3c4ccccc4-c4ccccc43)C=CC1=C2C,1
CC1=CC(/C=C/c2ccccc2)=[N+]2C1=C(c1ccccc1)c1c(C)cc(/C=C/c3ccccc3)n1[B-]2(F)F,1
CC1=CC(/C=C/c2ccc(N(C)C)cc2)=[N+]2C1=C(c1ccccc1)c1c(C)cc(/C=C/c3ccc(N(C)C)cc3)n1[B-]2(F)F,1
CC1=C(Br)C(/C=C/c2ccncc2)=[N+]2C1=C(c1ccccc1)c1c(C)c(Br)c(/C=C/c3ccncc3)n1[B-]2(F)F,1
CC1=C(/C=C/c2ccccc2)C(C)=[N+]2C1=C(c1ccccc1)c1c(C)c(/C=C/c3ccccc3)c(C)n1[B-]2(F)F,1
CC1=C(/C=C/c2ccccc2)C2=Cc3c(/C=C/c4ccccc4)c(C)c(C)n3[B-](F)(F)[N+]2=C1C,1
CC1=CC(/C=C/c2ccc(C)cc2)=[N+]2C1=C(c1ccccc1)c1c(C)cc(/C=C/c3ccc(C)cc3)n1[B-]2(F)F,1
CC1=CC(/C=C/c2c3ccccc3c(C)c3ccccc23)=[N+]2C1=C(c1ccccc1)c1c(C)cc(/C=C/c3c4ccccc4c(C)c4ccccc34)n1[B-]2(F)F,1
CC1=CC(/C=C/c2ccc3ccc4cccc5ccc2c3c45)=[N+]2C1=C(c1ccccc1)c1c(C)cc(/C=C/c3ccc4ccc5cccc6ccc3c4c56)n1[B-]2(F)F,1
CCOC(=O)c1ccc(/C=C/C2=[N+]3C(=C(c4ccccc4)c4ccc(/C=C/c5ccc(C(=O)OCC)o5)n4[B-]3(F)F)C=C2)o1,1
CCOC(=O)/C=C/C1=[N+]2C(=C(c3c(C)cc(C)cc3C)c3ccc(/C=C/C(=O)OCC)n3[B-]2(F)F)C=C1,1
COC(=O)/C=C/C=C/C1=[N+]2C(=C(c3c(C)cc(C)cc3C)c3ccc(/C=C/C=C/C(=O)OC)n3[B-]2(F)F)C=C1,1
CCCCCCOC(=O)/C=C/C1=CC2=C(c3c(C)cc(C)cc3C)c3cc(/C=C/C(=O)OCCCCCC)cn3[B-](F)(F)[N+]2=C1,1
COC(=O)/C=C/C=C/C1=CC2=C(c3c(C)cc(C)cc3C)c3cc(/C=C/C=C/C(=O)OC)cn3[B-](F)(F)[N+]2=C1,1
CCCCCCCCCCOc1cc(OCCCCCCCCCC)cc(C2=C3C(C)=CC(/C=C/c4ccc(OC)cc4)=[N+]3[B-](F)(F)n3c(/C=C/c4ccc(OC)cc4)cc(C)c32)c1,1
CCCCCCCCCCOc1cc(OCCCCCCCCCC)cc(C2=C3C(C)=CC(/C=C/c4ccc(OC)cc4)=[N+]3[B-](F)(F)n3c(/C=C/c4ccc(OC)cc4)cc(C=Cc4ccc(OC)cc4)c32)c1,1
CCCCCCCCCCOc1cc(OCCCCCCCCCC)cc(C2=C3C(/C=C/c4ccc(OC)cc4)=CC(/C=C/c4ccc(OC)cc4)=[N+]3[B-](F)(F)n3c(/C=C/c4ccc(OC)cc4)cc(C=Cc4ccc(OC)cc4)c32)c1,1
COc1ccc(C2=C3C(/C=C/c4cc(OC)c(OC)c(OC)c4)=C(C=O)C(C)=[N+]3[B-](F)(F)n3c(C)c(C=O)c(C=Cc4cc(OC)c(OC)c(OC)c4)c32)cc1,1
COc1ccc(C2=C3C(/C=C/c4cc(OC)c(OC)c(OC)c4)=C(C=O)C(C)=[N+]3[B-](F)(F)n3c(/C=C/c4cc(OC)c(OC)c(OC)c4)c(C=O)c(C=Cc4cc(OC)c(OC)c(OC)c4)c32)cc1,1
COc1ccc(C2=C3C(/C=C/c4cc(OC)c(OC)c(OC)c4)=C(C=O)C(/C=C/c4cc(OC)c(OC)c(OC)c4)=[N+]3[B-](F)(F)n3c(/C=C/c4cc(OC)c(OC)c(OC)c4)c(C=O)c(C=Cc4cc(OC)c(OC)c(OC)c4)c32)cc1,1
COc1ccc(/C=C/C2=CC(/C=C/c3ccc(OC)cc3)=[N+]3C2=C(c2ccc(-c4ccc5ccccc5n4)s2)c2c(/C=C/c4ccc(OC)cc4)cc(/C=C/c4ccc(OC)cc4)n2[B-]3(F)F)cc1,1
CCCCOc1ccc(/C=C/C2=[N+]3C(=C(c4ccc(I)cc4)c4c(/C=C/c5ccc(N(C)C)cc5)cc(/C=C/c5ccc(OC)cc5)n4[B-]3(F)F)C(/C=C/c3ccc(OCCOCCOC)cc3)=C2)cc1,1
CCCCCCCCCCOc1cc(OCCCCCCCCCC)cc(C2=C3C(/C=C/c4ccc(OC)cc4)=C(C#Cc4ccc(C(C)(C)C)cc4)C(/C=C/c4ccc(OC)cc4)=[N+]3[B-](F)(F)n3c(/C=C/c4ccc(OC)cc4)c(C#Cc4ccc(C(C)(C)C)cc4)c(/C=C/c4ccc(OC)cc4)c32)c1,1
CCCCCCCCCCOc1cc(OCCCCCCCCCC)cc(C2=C3C(/C=C/c4ccc(N(C)C)cc4)=C(C#Cc4ccc(C(C)(C)C)cc4)C(/C=C/c4ccc(N(C)C)cc4)=[N+]3[B-](F)(F)n3c(/C=C/c4ccc(N(C)C)cc4)c(C#Cc4ccc(C(C)(C)C)cc4)c(/C=C/c4ccc(N(C)C)cc4)c32)c1,1
CC1=C2C=CC(c3ccccc3)=[N+]2[B-](F)(F)n2c1ccc2-c1ccccc1,1
CN1/C(=C\C=C\C2=C3C=CC(c4ccccc4)=[N+]3[B-](F)(F)n3c2ccc3-c2ccccc2)C(C)(C)c2ccccc21,1
CN1/C(=C\C=C\C2=C3C=CC(c4ccccc4)=[N+]3[B-](F)(F)n3c2ccc3-c2ccccc2)Sc2ccccc21,1
CCC1=C(C)C2=C(C)c3c(C)c(CC)c(C)n3[B-](F)(F)[N+]2=C1C,1
CCC1=C(C)C2=C(/C=C/c3ccc([N+](=O)[O-])cc3)c3c(C)c(CC)c(C)n3[B-](F)(F)[N+]2=C1C,1
CCC1=C(C)C2=C(/C=C/c3ccc(OC)cc3)c3c(C)c(CC)c(C)n3[B-](F)(F)[N+]2=C1C,1
CCC1=C(C)C2=C(/C=C/Sc3ccccc3)c3c(C)c(CC)c(C)n3[B-](F)(F)[N+]2=C1C,1
Cc1ccc(C2=C3C=CC(Oc4ccccc4)=[N+]3[B-](F)(F)n3c(Oc4ccccc4)ccc32)cc1,1
Cc1ccc(C2=C3C=CC(Nc4ccccc4)=[N+]3[B-](F)(F)n3c(Nc4ccccc4)ccc32)cc1,1
Cc1ccc(C2=C3C=CC(Sc4ccccc4)=[N+]3[B-](F)(F)n3c(Sc4ccccc4)ccc32)cc1,1
Cc1ccc(C2=C3C=CC([Se]c4ccccc4)=[N+]3[B-](F)(F)n3c([Se]c4ccccc4)ccc32)cc1,1
Cc1ccc(C2=C3C=CC([Te]c4ccccc4)=[N+]3[B-](F)(F)n3c([Te]c4ccccc4)ccc32)cc1,1
CSC1=C(C)C2=C(c3ccc(C)cc3)c3c(C)c(Cl)c(C)n3[B-](F)(F)[N+]2=C1C,1
F[B-]1(F)n2c(cc3c2-c2ccccc2CC3)C(c2ccc(I)cc2)=C2C=C3CCc4ccccc4C3=[N+]21,1
CC1=C2CCc3ccccc3C2=[N+]2C1=C(c1ccc(I)cc1)c1c(C)c3c(n1[B-]2(F)F)-c1ccccc1CC3,1
F[B-]1(F)n2c(cc3ccc4ccccc4c32)C(c2ccc(I)cc2)=C2C=C3CCc4ccccc4C3=[N+]21,1
COc1ccc2c(c1)CCC1=C(c3ccccc3)C3=C(c4ccc5cccc(O)c5n4)c4c(-c5ccccc5)c5c(n4[B-](F)(F)[N+]3=C12)-c1ccc(OC)cc1CC5,1
F[B-]1(F)n2c(c(Sc3ccccc3)c3c2-c2ccccc2CC3)C=C2C(Sc3ccccc3)=C3CCc4ccccc4C3=[N+]21,1
F[B-]1(F)n2c(c(-c3cccs3)c3c2-c2ccccc2CC3)C=C2C(c3cccs3)=C3CCc4ccccc4C3=[N+]21,1
CC1=C2C3=C(CCc4ccccc43)C(C)=[N+]2[B-](F)(F)n2c(C)c3c(c21)-c1ccccc1CC3,1
CC1=[N+]2C(=C(c3ccccc3)c3c4c(c(C)n3[B-]2(F)F)CCc2ccccc2-4)C2=C1CCc1ccccc12,1
Cc1ccc(C2=C3C=C4C(=[N+]3[B-](F)(F)n3c2cc2c3-c3ccccc3C23c2ccccc2-c2ccccc23)c2ccccc2C42c3ccccc3-c3ccccc32)cc1,1
F[B-]1(F)n2c(c(-c3ccccc3)c3c2C2=Cc4ccccc4OC2CC3)C=C2C(c3ccccc3)=C3CCC4Oc5ccccc5C=C4C3=[N+]21,1
Cc1ccc(C2=C3C=c4c(oc5ccccc45)=[N+]3[B-](F)(F)n3c2cc2c4ccccc4oc23)cc1,1
F[B-]1(F)n2c(cc3oc4ccccc4c32)C(c2ccc(I)cc2)=C2C=c3oc4ccccc4c3=[N+]21,1
Cc1cc2c(o1)=CC1=Cc3cc4oc(C)cc4n3[B-](F)(F)[N+]=21,1
F[B-]1(F)n2c(cc3oc(-c4ccccc4)cc32)C=C2C=c3oc(-c4ccccc4)cc3=[N+]21,1
COc1ccc(-c2cc3c(o2)=CC2=Cc4cc5oc(-c6ccc(OC)cc6)cc5n4[B-](F)(F)[N+]=32)cc1,1
COc1ccc(-c2cc3c(o2)=CC2=C(C(F)(F)F)c4cc5oc(-c6ccc(OC)cc6)cc5n4[B-](F)(F)[N+]=32)cc1,1
COc1ccccc1-c1cc2c(o1)=CC1=Cc3cc4oc(-c5ccccc5OC)cc4n3[B-](F)(F)[N+]=21,1
F[B-]1(F)n2c(cc3sc4ccccc4c32)C(c2ccc(I)cc2)=C2C=c3sc4ccccc4c3=[N+]21,1
COC(=O)c1ccc(C2=C3C=c4sccc4=[N+]3[B-](F)(F)n3c2cc2sccc23)cc1,1
COc1ccc(-c2cc3c(s2)=CC2=C(C(F)(F)F)c4cc5sc(-c6ccc(OC)cc6)cc5n4[B-](F)(F)[N+]=32)cc1,1
COC(=O)c1ccc(C2=C3C=c4sc(-c5cccs5)cc4=[N+]3[B-](F)(F)n3c2cc2sc(-c4cccs4)cc23)cc1,1
Ic1ccc(C2=C3C=CC4=[N+]3[B-]3(Oc5ccccc54)Oc4ccccc4-c4ccc2n43)cc1,1
Cc1cc(C)c(C2=C3C=CC(c4ccccc4O)=[N+]3[B-]3(c4ccccc4)Oc4ccccc4-c4ccc2n43)c(C)c1,1
Cc1cc(C)c(C2=C3C=CC4=[N+]3[B-]3(Oc5ccccc54)Oc4ccccc4-c4ccc2n43)c(C)c1,1
COc1ccccc1C1=[N+]2C(=Cc3c4c(c(-c5ccccc5OC)n3[B-]2(F)F)C2CCC4CC2)C2=C1C1CCC2CC1,1
C1=C2C3=C(C4=[N+]2[B-]2(Oc5ccccc54)Oc4ccccc4-c4c5c(c1n42)C1CCC5CC1)C1CCC3CC1,1
CC1=[N+]2C(=C(c3ccccc3)c3c4c(c(C)n3[B-]2(F)F)C2CCC4CC2)C2=C1C1CCC2CC1,1
CC1=[N+]2C(=C(c3ccccc3)c3c4ccccc4c(C)n3[B-]2(F)F)c2ccccc21,1
CC1=[N+]2C(=C(c3ccccc3)c3c4c5ccccc5c5ccccc5c4c(C)n3[B-]2(F)F)c2c1c1ccccc1c1ccccc21,1
Cc1cc(C)c(C2=C3C=c4c(c5ccccc5c5ccccc45)=[N+]3[B-](F)(F)n3c2cc2c4ccccc4c4ccccc4c23)c(C)c1,1
CC(C)C1=c2c(c3[nH]cc(C(C)C)c3c3ccccc23)=[N+]2C1=Cc1c(C(C)C)c3c4ccccc4c4c(C(C)C)c[nH]c4c3n1[B-]2(F)F,1
CC1=C2c3ccccc3C(C)=[N+]2[B-](F)(F)n2c(C)c3cc4c(-c5ccccc5)c5c(c(-c6ccccc6)c4cc3c21)-c1cccc2cccc-5c12,1
CC1=c2c3c4cccc5cccc(c=3c(C)[n+]2[B-](F)(F)n2c(C)c3cc6c(-c7ccccc7)c7c(c(-c8ccccc8)c6cc3c21)-c1cccc2cccc-7c12)c54,1
Cc1c2cc3c(-c4ccccc4)c4c(c(-c5ccccc5)c3cc2c2n1[B-](F)(F)[n+]1c(C)c3cc5c(-c6ccccc6)c6c7cccc8cccc(c6c(-c6ccccc6)c5cc3c1=C2c1ccccc1)c87)-c1cccc2cccc-4c12,1
CCC1=[N+]2c3c(c4ccc(Oc5c(C)cc(C)cc5C)c5cc6c(Oc7c(C)cc(C)cc7C)ccc7c8cc(CC)n(c8c3c(c54)c67)[B-]2(F)F)=C1,1
CCCCCCCCCCC(CCCCCCCCCC)Cn1c2cc(-c3ccc(C(C)(C)C)cc3)c3cccc4c5ccc6c7cc(-c8cc(C(C)(C)C)cc(C(C)(C)C)c8)n8c7c(c7cc1c(c5c76)c2c34)=C1C=CC(c2cc(C(C)(C)C)cc(C(C)(C)C)c2)=[N+]1[B-]8(F)F,1
F[B-]1(F)n2c(c3ccccc3c2-c2ccccc2)C=C2c3ccccc3C(c3ccccc3)=[N+]21,1
COc1ccc(C2=[N+]3C(=Cc4c5ccc(OC)cc5c(-c5ccc(OC)cc5)n4[B-]3(F)F)c3ccc(OC)cc32)cc1,1
CCc1ccc(C2=[N+]3C(=Cc4c5ccc(OC)cc5c(-c5ccc(CC)s5)n4[B-]3(F)F)c3ccc(OC)cc32)s1,1
CC1=[N+]2C(=C(C3=CC4OCCOCCOCCOCCOC4C=C3)c3c4ccccc4c(/C=C/c4ccc(N(C)C)cc4)n3[B-]2(F)F)c2ccccc21,1
CC1=CC(C)=[N+]2C1=Cc1c3ccccc3c(C#Cc3ccccc3)n1[B-]2(F)F,1
COc1ccc(C#Cc2c3ccccc3c3n2[B-](F)(F)[N+]2=C(C)C=C(C)C2=C3)cc1,1
CC1=CC(C)=[N+]2C1=Cc1c3ccccc3c(C#Cc3cccs3)n1[B-]2(F)F,1
CC1=CC(C)=[N+]2C1=Cc1c3ccccc3c(C#Cc3ccsc3)n1[B-]2(F)F,1
COc1ccccc1C1=[N+]2C(=C(c3ccccc3)c3c4ccccc4c(-c4ccccc4OC)n3[B-]2(F)F)c2ccccc21,1
c1ccc(C2=C3c4ccccc4C4=[N+]3[B-]3(Oc5ccccc54)Oc4ccccc4-c4c5ccccc5c2n43)cc1,1
CC1=CC(C)=[N+]2C1=Cc1c3ccccc3c(-c3[nH]c(C)cc3C)n1[B-]2(F)F,1
CC1=c2ccccc2=[N+]2C1=Cc1c3ccccc3c(-c3[nH]c4ccccc4c3C)n1[B-]2(F)F,1
CCOC(=O)COc1ccc(/C=C/C2=[N+]3C(=Cc4c5ccccc5c(-c5[nH]c(C)cc5C)n4[B-]3(F)F)C(C)=C2)cc1,1
CCOC(=O)COc1ccc(/C=C/C2=C3C(C)=CC(C)=[N+]3[B-](F)(F)n3c2c2ccccc2c3-c2[nH]c(C)cc2C)cc1,1
CCOC(=O)COc1ccc(/C=C/C2=C3C(C)=CC(/C=C/c4ccc(OCC(=O)OCC)cc4)=[N+]3[B-](F)(F)n3c2c2ccccc2c3-c2[nH]c(C)cc2C)cc1,1
F[B-]1(F)n2c(-c3ccccc3)cc(-c3ccccc3)c2N=C2C(c3ccccc3)=CC(c3ccccc3)=[N+]21,1
COc1ccc(C2=[N+]3C(=Nc4c(-c5ccccc5)cc(-c5ccc(OC)cc5)n4[B-]3(F)F)C(c3ccccc3)=C2)cc1,1
CN(C)c1ccc(C2=[N+]3C(=Nc4c(-c5ccccc5)cc(-c5ccc(N(C)C)cc5)n4[B-]3(F)F)C(c3ccccc3)=C2)cc1,1
COc1ccc(C2=CC(c3ccccc3)=[N+]3C2=Nc2c(-c4ccc(OC)cc4)cc(-c4ccccc4)n2[B-]3(F)F)cc1,1
CN(C)c1ccc(C2=CC(c3ccccc3)=[N+]3C2=Nc2c(-c4ccc(N(C)C)cc4)cc(-c4ccccc4)n2[B-]3(F)F)cc1,1
F[B-]1(F)n2c(-c3ccccc3)cc(-c3ccccn3)c2N=C2C(c3ccccn3)=CC(c3ccccc3)=[N+]21,1
F[B-]1(F)n2c(-c3cccs3)cc(-c3ccccc3)c2N=C2C(c3ccccc3)=CC(c3cccs3)=[N+]21,1
F[B-]1(F)n2c(-c3ccccc3)cc(-c3cccs3)c2N=C2C(c3cccs3)=CC(c3ccccc3)=[N+]21,1
F[B-]1(F)n2c(-c3cccs3)cc(-c3cccs3)c2N=C2C(c3cccs3)=CC(c3cccs3)=[N+]21,1
COc1ccc(C2=[N+]3C(=Nc4c(-c5ccccc5)c5c(n4[B-]3(F)F)-c3ccc(OC)cc3CC5)C(c3ccccc3)=C2)cc1,1
COc1ccc2c(c1)CCC1=C(c3ccccc3)C3=Nc4c(-c5ccccc5)c5c(n4[B-](F)(F)[N+]3=C12)-c1ccc(OC)cc1CC5,1
COc1ccc2c(c1)SCC1=C(c3ccccc3)C3=Nc4c(-c5ccccc5)c5c(n4[B-](F)(F)[N+]3=C12)-c1ccc(OC)cc1SC5,1
COc1ccc2c(c1)CCc1c(-c3ccccc3)c3n(c1-2)[B-](F)(F)[N+]1=C2C(=C(c4ccccc4)C1=N3)CCc1ccccc12,1
COc1ccc2c(c1)CCc1c(-c3ccccc3)c3n(c1-2)[B-](F)(F)[N+]1=c2ccc4ccccc4c2=C(c2ccccc2)C1=N3,1
COc1ccccc1C1=[N+]2C(=Nc3c(-c4ccccc4)cc(-c4ccccc4OC)n3[B-]2(F)F)C(c2ccccc2)=C1,1
C1=C(c2ccccc2)C2=Nc3c(-c4ccccc4)cc4n3[B-]3(Oc5ccccc5C1=[N+]23)Oc1ccccc1-4,1
COc1ccc2c(c1)O[B-]13Oc4cc(OC)ccc4-c4cc(-c5ccccc5)c(n41)N=C1C(c4ccccc4)=CC2=[N+]13,1
F[B-]1(F)n2c(c3ccccc3c2-c2ccccc2)N=C2c3ccccc3C(c3ccccc3)=[N+]21,1
Fc1ccc(C2=[N+]3C(=Nc4c5ccccc5c(-c5ccc(F)cc5)n4[B-]3(F)F)c3ccccc32)cc1,1
CN(C)c1ccc(C2=[N+]3C(=Nc4c5ccccc5c(-c5ccc(N(C)C)cc5)n4[B-]3(F)F)c3ccccc32)cc1,1
Cc1ccc(C2=[N+]3C(=Nc4c5ccccc5c(-c5ccc(C)s5)n4[B-]3(F)F)c3ccccc32)s1,1
F[B-]1(F)n2c(-c3ccccc3)c3ccc4ccccc4c3c2N=C2c3c(ccc4ccccc34)C(c3ccccc3)=[N+]21,1
CCc1nc2c(nc1CC)C(c1ccccc1)=[N+]1C2=Nc2c3nc(CC)c(CC)nc3c(-c3ccccc3)n2[B-]1(F)F,1
CC1=CC(C)=[N+]2C1=C(C1=C3C(C)=CC(C)=[N+]3[B-](F)(F)n3c(C)cc(C)c31)c1c(C)cc(C)n1[B-]2(F)F,1
CC1=CC(C)=[N+]2C1=C(C1=C(C)C3=C(C)c4c(C)cc(C)n4[B-](F)(F)[N+]3=C1C)c1c(C)cc(C)n1[B-]2(F)F,1
CC1=C(C)C(c2c(C)c(C)c3n2[B-](F)(F)[N+]2=C(C)C(C)=C(C)C2=C3)=[N+]2C1=Cc1c(C)c(C)c(C)n1[B-]2(F)F,1
CC1=CC(C)=[N+]2C1=Cc1c(C)c(C3=C(C)C4=Cc5c(C)cc(C)n5[B-](F)(F)[N+]4=C3C)c(C)n1[B-]2(F)F,1
CC1=C(C2=C(C)C(C)=[N+]3C2=Cc2cc(C)c(C)n2[B-]3(F)F)C2=Cc3cc(C)c(C)n3[B-](F)(F)[N+]2=C1C,1
CCCCCCCCOc1ccc(-c2c3c4n(c(-c5ccc(OCCCCCCCC)cc5)c3c3n2[B-](F)(F)[n+]2c(ccc5cc(C(C)(C)C)ccc52)C=3C#N)[B-](F)(F)[n+]2c(ccc3cc(C(C)(C)C)ccc32)C=4C#N)cc1,1
CCCCCCCCOc1ccc(-c2c3c4n(c(-c5ccc(OCCCCCCCC)cc5)c3c3n2[B-](c2ccccc2)(c2ccccc2)[n+]2c(ccc5cc(C(C)(C)C)ccc52)C=3C#N)[B-](c2ccccc2)(c2ccccc2)[n+]2c(ccc3cc(C(C)(C)C)ccc32)C=4C#N)cc1,1
CCCCCCCCOc1ccc(-c2c3c4n(c(-c5ccc(OCCCCCCCC)cc5)c3c3n2[B-](F)(F)[n+]2ccccc2N=3)[B-](F)(F)[n+]2ccccc2N=4)cc1,1
CCCCCCCCOc1ccc(-c2c3c4n(c(-c5ccc(OCCCCCCCC)cc5)c3c3n2[B-](F)(F)[n+]2c(sc5ccccc52)N=3)[B-](F)(F)[n+]2c(sc3ccccc32)N=4)cc1,1
CCCCCCCCOc1ccc(-c2c3c4n(c(-c5ccc(OCCCCCCCC)cc5)c3c3n2[B-](F)(F)[n+]2c(ccc5ccccc52)N=3)[B-](F)(F)[n+]2c(ccc3ccccc32)N=4)cc1,1
CCC1=C(CC)C(C)=[N+]2C1=Cc1c(C)c3cc4c(cc3n1[B-]2(F)F)=[N+]1C(=Cc2c(CC)c(CC)c(C)n2[B-]1(F)F)C=4C,1
CCc1c(CC)c2n(c1C)[B-](F)(F)[N+]1=C(C)c3cc4c(cc3C1=C2)=[N+]1C(=Cc2c(CC)c(CC)c(C)n2[B-]1(F)F)C=4C,1
CC1=c2cc3c(C)c4n(c3cc2=[N+]2C1=Cc1c3ccccc3c(C)n1[B-]2(F)F)[B-](F)(F)[N+]1=C(C)c2ccccc2C1=C4,1
CC1=c2cc3c(cc2=[N+]2C1=Cc1c4ccccc4c(C)n1[B-]2(F)F)C1=Cc2c4ccccc4c(C)n2[B-](F)(F)[N+]1=C3C,1
O=C1C2=C(O[B-](F)(F)[n+]3c2ccc2ccccc23)c2cccc3c(N4CCOCC4)ccc1c23,1
O=C1C2=C(O[B-](F)(F)[n+]3c2ccc2ccccc23)c2ccc(N3CCOCC3)c3cccc1c23,1
CCCCC1C(=O)c2cc(Oc3ccc(C(C)(C)C)cc3)c3c4c(Oc5ccc(C(C)(C)C)cc5)cc5c6c(cc(Oc7ccc(C(C)(C)C)cc7)c(c7c(Oc8ccc(C(C)(C)C)cc8)cc(c2c37)C1=O)c64)C1=C(C5=O)c2ccc3ccccc3[n+]2[B-](F)(F)O1,1
CC(C)(C)c1ccc(Oc2cc3c4c(cc(Oc5ccc(C(C)(C)C)cc5)c5c6c(Oc7ccc(C(C)(C)C)cc7)cc7c8c(cc(Oc9ccc(C(C)(C)C)cc9)c(c2c45)c86)C(=O)C2=C7O[B-](F)(F)[n+]4c2ccc2ccccc24)C2=C(C3=O)c3ccc4ccccc4[n+]3[B-](F)(F)O2)cc1,1
CN(C)c1ccc(C2=Nc3ccc4c(C(F)(F)F)cc(C(F)(F)F)nc4[n+]3[B-](F)(F)O2)cc1,1
O=C1c2ccccc2C2=Cc3cccc[n+]3[B-](F)(F)N12,1
O=C1c2ccccc2C2=Nc3cccc[n+]3[B-](F)(F)N12,1
O=C1c2ccccc2C2=Nc3ccc4ccccc4[n+]3[B-](F)(F)N12,1
O=C1c2cc3ccccc3cc2C2=Nc3cccc[n+]3[B-](F)(F)N12,1
O=C1c2cc3ccccc3cc2C2=Nc3ccc4ccccc4[n+]3[B-](F)(F)N12,1
F[B-]1(F)n2c(nc3c4ccccc4c4ccccc4c32)-c2ccc3ccccc3[n+]21,1
CCN(CC)c1ccc2c(c1)OC1=[N+](c3ccc(I)cc3)[B-](F)(F)n3c(nc4ccccc43)C1=C2,1
F[B-]1(F)N(c2ccccc2)c2cccc3ccc4ccc[n+]1c4c23,1
CC1=NN(c2cccc3ccccc23)[B-](F)(F)[n+]2ccccc21,1
Cc1cc(C)n2c1C=C1C(=O)N(C)C(c3ccc([N+](=O)[O-])cc3)=[N+]1[B-]2(F)F,1
Cc1ccc(/N=C2/C3=c4[nH]c5ccccc5c4=[N+](c4ccc(C)cc4)[B-](F)(F)N3c3ccccc32)cc1,1
Cc1ccc([N+]2=c3c4n(c5ccccc35)[B-](F)(F)[N+](c3ccc(C)cc3)=c3c=4n(c4ccccc34)[B-]2(F)F)cc1,1
Cc1ccc(-c2ccc3ccc4cc(C(C)(C)C)cc5ccc2c3c45)cc1,1
CCN(CC)c1ccc(/C=C/C2=[O+][B-](F)(F)Oc3c2c(=O)oc2cc(N(CC)CC)ccc32)cc1,1
COc1ccccc1-c1nc2c3ccccc3c3ccccc3c2o1,1
Oc1ccccc1-c1nc2c3ccccc3c3ccccc3c2o1,1
COc1ccccc1-c1nc2c3ccccc3c3ccccc3c2n1-c1ccc(C)cc1,1
Oc1ccccc1-c1nc2c3ccccc3c3ccccc3c2n1-c1ccccc1,1
[O-]c1ccccc1-c1[nH+]c2c3ccccc3c3ccccc3c2n1-c1ccccc1,1
COc1ccccc1-c1nc2c3cccnc3c3ncccc3c2n1-c1ccccc1,1
Oc1ccccc1-c1nc2c3cccnc3c3ncccc3c2n1-c1ccccc1,1
COc1ccccc1C1=NC2c3cccc4cccc(c34)C2N1c1ccccc1,1
Oc1ccccc1C1=NC2c3cccc4cccc(c34)C2N1c1ccccc1,1
Cc1ccc(N2C(c3ccccc3N(C)C)=NC(c3ccccc3)C2c2ccccc2)cc1,1
Cc1ccc(N2C(c3ccccc3N)=NC(c3ccccc3)C2c2ccccc2)cc1,1
Cc1ccc(N2C(c3ccccc3[NH-])=[NH+]C(c3ccccc3)C2c2ccccc2)cc1,1
Cc1ccc(N2C(c3ccccc3NS(=O)(=O)c3ccc(C)cc3)=NC(c3ccccc3)C2c2ccccc2)cc1,1
Cc1ccc(-n2c(-c3ccccc3N)nc3c4ccccc4c4ccccc4c32)cc1,1
Cc1ccc(-n2c(-c3ccccc3NS(=O)(=O)c3ccc(C)cc3)nc3c4ccccc4c4ccccc4c32)cc1,1
Cc1ccc(-n2c(-c3ccccc3[N-]S(=O)(=O)c3ccc(C)cc3)[nH+]c3c4ccccc4c4ccccc4c32)cc1,1
Cc1ccc(-n2c(-c3cccc4cc[nH]c34)nc3c4ccccc4c4ccccc4c32)cc1,1
Cc1ccc(-n2c(-c3cccc4cc[n-]c34)[nH+]c3c4ccccc4c4ccccc4c32)cc1,1
O=C1CCCC2=C1C(c1ccccc1)c1c(c3ccccc3oc1=O)N2,1
O=C1CCCC2=C1C(c1ccc([N+](=O)[O-])cc1)c1c(c3ccccc3oc1=O)N2,1
COc1ccc(C2C3=C(CCCC3=O)Nc3c2c(=O)oc2ccccc32)cc1,1
O=C1CCCC2=C1C(c1cccc(Cl)c1)c1c(c3ccccc3oc1=O)N2,1
Cc1ccc(C2C3=C(CCCC3=O)Nc3c2c(=O)oc2ccccc32)cc1,1
COc1ccc(C#Cc2ccc(C#N)cc2)cc1OC,1
COc1ccc(C#Cc2ccc(C#N)cc2)cc1,1
CCCCC(CC)COC(=O)/C=C/c1c(OC)ccc(OC)c1OC,1
CCCCC(CC)COC(=O)/C=C\c1c(OC)ccc(OC)c1OC,1
CCCCC(CC)COC(=O)/C=C/c1cccc(OC)c1,1
CCCCC(CC)COC(=O)/C=C\c1cccc(OC)c1,1
CCCCC(CC)COC(=O)/C=C/c1ccc(OC)c(OC)c1OC,1
CCCCC(CC)COC(=O)/C=C\c1ccc(OC)c(OC)c1OC,1
CCCCC(CC)COC(=O)/C=C/c1ccccc1OC,1
CCCCC(CC)COC(=O)/C=C\c1ccccc1OC,1
CCN(CC)c1ccc2nc3c4ccccc4c(=O)cc-3oc2c1,1
O=Cc1cc(N2CCCCC2)c2ccc3c(N4CCCCC4)cc(N4CCCCC4)c4ccc1c2c43,1
O=Cc1cc(C=O)c2ccc3c(N4CCCCC4)cc(N4CCCCC4)c4ccc1c2c43,1
CN(C)c1ccc(-c2ccc3c(=O)c(O)coc3c2)cc1,1
COc1coc2cc(-c3ccc(N(C)C)cc3)ccc2c1=O,1
CCOC(=O)C1=C(C)NC2=C(C(=O)c3ccccc32)C1c1ccc(N(C)C)cc1,1
CC1(C)c2cc(C#N)ccc2-c2ccc(N3c4ccccc4Oc4ccccc43)cc21,1
C(=C/c1ccc(-c2ccncc2)cc1)\c1ccc(-c2ccncc2)cc1,1
N#C/C(=C(/C#N)c1ccc(-c2ccncc2)cc1)c1ccc(-c2ccncc2)cc1,1
N#C/C(=C\c1ccc(-c2ccncc2)cc1)c1ccc(-c2ccncc2)cc1,1
CCn1c2ccccc2c2cc(/C=C/C(=O)c3ccc4c(c3)c3cc(C(=O)/C=C/c5ccc6c(c5)c5ccccc5n6CC)ccc3n4CC)ccc21,1
O=[N+]([O-])c1ccc(/C=C/c2c[nH]c3ccccc23)cc1,1
CC(=O)n1cc(/C=C/c2ccc([N+](=O)[O-])cc2)c2ccccc21,1
O=[N+]([O-])c1ccc(/C=C/c2cn(S(=O)(=O)c3ccccc3)c3ccccc23)cc1,1
NNC(=O)c1ccc(/C=C/c2ccc(C(=O)NN)cc2)cc1,1
S=c1[nH]nc(-c2ccc(/C=C/c3ccc(-c4n[nH]c(=S)o4)cc3)cc2)o1,1
O=c1[nH]nc(-c2ccc(/C=C/c3ccc(-c4n[nH]c(=O)o4)cc3)cc2)o1,1
C(=C/c1ccc(-c2nnc(-c3ccccc3)o2)cc1)\c1ccc(-c2nnc(-c3ccccc3)o2)cc1,1
O=c1c2ccccc2nc2n1[B-](F)(F)[n+]1ccccc1-2,1
O=c1c2cc(F)ccc2nc2n1[B-](F)(F)[n+]1ccccc1-2,1
O=c1c2cc(Cl)ccc2nc2n1[B-](F)(F)[n+]1ccccc1-2,1
O=c1c2cc(Br)ccc2nc2n1[B-](F)(F)[n+]1ccccc1-2,1
O=c1c2cc(I)ccc2nc2n1[B-](F)(F)[n+]1ccccc1-2,1
F[B-]1(F)n2cccc2C=C2C=CC=[N+]21,1
CC1=[N+]2C(=Cc3cccn3[B-]2(F)F)C=C1,1
CC1=C2C=CC=[N+]2[B-](F)(F)n2cccc21,1
CC1=CC(C)=[N+]2C1=Cc1cccn1[B-]2(F)F,1
CC1=C2C=CC(C)=[N+]2[B-](F)(F)n2cccc21,1
CC1=CC(C)=[N+]2C1=C(C)c1cccn1[B-]2(F)F,1
CC1=CC(C)=[N+]2C1=Cc1c(C)cc(C)n1[B-]2(F)F,1
C1=Nc2cccc3cccc(c23)N1,1
Nc1cccc2cccc(N)c12,1
F[B-]1(F)n2cccc2C2=[N+]1c1cccc3cccc(c13)N2,1
F[B-]1(F)N2C(=Nc3cccc4cccc2c34)c2cccc[n+]21,1
Oc1ccc2ccccc2c1C1Nc2cccc3cccc(c23)N1,1
c1cc2c3c(cccc3c1)NC(c1ccc3ccc4cccc5ccc1c3c45)N2,1
CC(C)(C)c1ccc(-c2ccc(C(C)(C)C)cc2)cc1,1
CC(C)(C)c1ccc2c(c1)Cc1cc(C(C)(C)C)ccc1-2,1
CCCC1(CCC)c2ccccc2-c2ccccc21,1
CCn1c2ccccc2c2ccc(C#N)cc21,1
CCCC1(CCC)c2cc(C#N)ccc2-c2ccc(C#N)cc21,1
CC(C)(C)c1cc(-c2ccc(-c3cc(C(C)(C)C)cc(C(C)(C)C)c3)cc2)cc(C(C)(C)C)c1,1
CCC(C)(C)c1ccc(-c2ccc(-c3ccccc3)cc2)cc1,1
COc1ccc(-c2ccc(-c3ccccc3)cc2)cc1,1
CCCC1(CCC)c2ccccc2-c2ccc(-c3ccc(C(C)(C)C)cc3)cc21,1
CCCC1(CCC)c2ccccc2-c2ccc(-c3ccc(OC)cc3)cc21,1
CCn1c2ccccc2c2ccc(-c3ccc(OC)cc3)cc21,1
COc1ccc(-c2ccc(-c3ccc(OC)cc3)cc2)cc1,1
COc1ccc(-c2ccc(-c3ccc(F)cc3)cc2)cc1,1
COc1ccc(-c2ccc(-c3ccc(C#N)cc3)cc2)cc1,1
c1ccc(-c2ccc(-c3ccc4c(c3)CCO4)cc2)cc1,1
c1ccc(-c2ccc(-c3ccc4c(c3)CCCO4)cc2)cc1,1
c1cc(-c2ccc3c(c2)CCCO3)ccc1-c1ccc2c(c1)CCCO2,1
CCC(C)(C)c1ccc(-c2ccc(-c3ccc(C(C)(C)CC)cc3)cc2)cc1,1
CCC(C)(C)c1ccc(-c2ccc3c(c2)C(CCOC)(CCOC)c2cc(C(C)(C)CC)ccc2-3)cc1,1
CCCC1(CCC)c2cc(-c3cccc(C)c3)ccc2-c2ccc(-c3cccc(C)c3)cc21,1
CCCC1(CCC)c2cc(-c3ccc(C(C)(C)CC)cc3)ccc2-c2ccc(-c3ccc(C(C)(C)CC)cc3)cc21,1
COCCC1(CCOC)c2cc(-c3ccc(OC)cc3)ccc2-c2ccc(-c3ccc(OC)cc3)cc21,1
CCC(C)(C)c1ccc2c(c1)C(CC)(CC)c1cc(-c3ccc4c(c3)C(CC)(CC)c3cc(C(C)(C)CC)ccc3-4)ccc1-2,1
CCC(C)(C)c1ccc2c(c1)C(CCOC)(CCOC)c1cc(-c3ccc4c(c3)C(CCOC)(CCOC)c3cc(C(C)(C)CC)ccc3-4)ccc1-2,1
CCCC1(CCC)c2cc(-c3cccc(Cc4ccc(/C=C/c5ccccc5)cc4)c3)ccc2-c2ccc(-c3cccc(Cc4ccc(/C=C/c5ccccc5)cc4)c3)cc21,1
CCC(C)(C)c1ccc2c(c1)C(CC)(CC)c1cc(-c3ccc(-c4ccc5c(c4)C(CC)(CC)c4cc(C(C)(C)CC)ccc4-5)cc3)ccc1-2,1
CCC(C)(C)c1ccc2c(c1)C(CCOC)(CCOC)c1cc(-c3ccc(-c4ccc5c(c4)C(CCOC)(CCOC)c4cc(C(C)(C)CC)ccc4-5)cc3)ccc1-2,1
CCC(C)(C)c1ccc(-c2ccc3c(c2)C(CCOC)(CCOC)c2cc4c(cc2-3)C(CCOC)(CCOC)c2cc(-c3ccc(C(C)(C)CC)cc3)ccc2-4)cc1,1
CCCC1(CCC)c2cc(-c3ccccc3)ccc2-c2ccc(-c3ccc4c(c3)C(CCC)(CCC)c3cc(-c5ccccc5)ccc3-4)cc21,1
CCCC1(CCC)c2cc(-c3ccc(C(C)(C)C)cc3)ccc2-c2ccc(-c3ccc4c(c3)C(CCC)(CCC)c3cc(-c5ccc(C(C)(C)C)cc5)ccc3-4)cc21,1
CCCC1(CCC)c2cc(-c3ccc(OC)cc3)ccc2-c2ccc(-c3ccc4c(c3)C(CCC)(CCC)c3cc(-c5ccc(OC)cc5)ccc3-4)cc21,1
COCCC1(CCOC)c2cc(-c3ccc(OC)cc3)ccc2-c2ccc(-c3ccc4c(c3)C(CCOC)(CCOC)c3cc(-c5ccc(OC)cc5)ccc3-4)cc21,1
CCCC1(CCC)c2ccccc2-c2ccc(-c3ccc4c(c3)C(CCC)(CCC)c3cc(-c5ccc6c(c5)C(CCC)(CCC)c5ccccc5-6)ccc3-4)cc21,1
CCCC1(CCC)c2cc(-c3ccc4c(c3)C(CCC)(CCC)c3cc(C(C)(C)CC)ccc3-4)ccc2-c2ccc(-c3ccc4c(c3)C(CCC)(CCC)c3cc(C(C)(C)CC)ccc3-4)cc21,1
CCCC1(CCC)c2cc(-c3ccc(-c4ccccc4)cc3)ccc2-c2ccc(-c3ccc4c(c3)C(CCC)(CCC)c3cc(-c5ccc(-c6ccccc6)cc5)ccc3-4)cc21,1
CCCC1(CCC)c2cc(-c3ccc(C(C)(C)C)cc3)ccc2-c2ccc(-c3ccc4c(c3)C(CCC)(CCC)c3cc(-c5ccc6c(c5)C(CCC)(CCC)c5cc(-c7ccc(C(C)(C)C)cc7)ccc5-6)ccc3-4)cc21,1
CCCC1(CCC)c2ccccc2-c2ccc(-c3ccc4c(c3)C(CCC)(CCC)c3cc(-c5ccc6c(c5)C(CCC)(CCC)c5cc(-c7ccc8c(c7)C(CCC)(CCC)c7ccccc7-8)ccc5-6)ccc3-4)cc21,1
CCCC1(CCC)c2cc(-c3ccc4c(c3)C(CCC)(CCC)c3cc(-c5ccc6c(c5)C(CCC)(CCC)c5cc(C(C)(C)CC)ccc5-6)ccc3-4)ccc2-c2ccc(-c3ccc4c(c3)C(CCC)(CCC)c3cc(C(C)(C)CC)ccc3-4)cc21,1
CCCC1(CCC)c2cc(-c3ccc(C(C)(C)C)cc3)ccc2-c2ccc(-c3ccc4c(c3)C(CCC)(CCC)c3cc(-c5ccc6c(c5)C(CCC)(CCC)c5cc(-c7ccc8c(c7)C(CCC)(CCC)c7cc(-c9ccc(C(C)(C)C)cc9)ccc7-8)ccc5-6)ccc3-4)cc21,1
CCCC1(CCC)c2cc(-c3ccco3)ccc2-c2ccc(-c3ccco3)cc21,1
CCCC1(CCC)c2cc(-c3ccc(-c4ccc(OC)cc4)o3)ccc2-c2ccc(-c3ccc(-c4ccc(OC)cc4)o3)cc21,1
COc1ccc2c(c1)CCc1c-2nc(N)c(C#N)c1-c1ccc(Br)cc1,1
O=c1[nH]c(=O)c2nc3ccccc3nc2[nH]1,1
Cc1cccc2nc3[nH]c(=O)[nH]c(=O)c3nc12,1
Cc1ccc2nc3[nH]c(=O)[nH]c(=O)c3nc2c1,1
Cc1ccc2nc3c(=O)[nH]c(=O)[nH]c3nc2c1,1
Cc1cccc2nc3c(=O)[nH]c(=O)[nH]c3nc12,1
Cc1ccc2nc3[nH]c(=O)[nH]c(=O)c3nc2c1C,1
Cc1cc(C)c2nc3c(=O)[nH]c(=O)[nH]c3nc2c1,1
Cc1ccc(C)c2nc3c(=O)[nH]c(=O)[nH]c3nc12,1
Cc1cc2nc3[nH]c(=O)[nH]c(=O)c3nc2cc1C,1
Cc1cc2nc3c(=O)[nH]c(=O)n(C)c3nc2cc1C,1
Cc1cc2nc3[nH]c(=O)n(C)c(=O)c3nc2cc1C,1
Cc1cc2nc3c(=O)n(C)c(=O)n(C)c3nc2cc1C,1
Cc1cc(C)c2nc3[nH]c(=O)[nH]c(=O)c3nc2c1,1
Cc1ccc2nc3c(=O)[nH]c(=O)[nH]c3nc2c1C,1
Cc1cc2nc3c(=O)[nH]c(=O)nc-3n(C)c2cc1C,1
Cc1cc2nc3c(=O)n(C)c(=O)nc-3n(C)c2cc1C,1
Cc1cccc2c1nc1c(=O)n(C)c(=O)nc-1n2C,1
Cc1ccc2c(c1)nc1c(=O)n(C)c(=O)nc-1n2C,1
Cc1ccc2nc3c(=O)n(C)c(=O)nc-3n(C)c2c1,1
Cc1cccc2nc3c(=O)n(C)c(=O)nc-3n(C)c12,1
Cn1c(=O)nc2n(C)c3ccccc3nc-2c1=O,1
O=C(O)CCCCCn1c2ccccc2c(=O)c2ccccc21,1
O=C(O)Cn1c2ccccc2c(=O)c2ccccc21,1
O=C(O)CCCCCn1c2ccccc2c(=O)c2cc(Br)ccc21,1
O=C(O)CCCCCn1c2ccc(Br)cc2c(=O)c2cc(Br)ccc21,1
CCOC(=O)CCCCCn1c2ccccc2c(=O)c2cc(I)ccc21,1
O=C(O)CCCCCn1c2ccccc2c(=O)c2cc(S(=O)(=O)O)ccc21,1
O=C(O)CCCCCn1c2ccc(Br)cc2c(=O)c2cc(S(=O)(=O)O)ccc21,1
O=c1c2cc(Cl)ccc2[nH]c2ccc(COO)cc12,1
O=C(O)c1cccc2c(=O)c3ccccc3[nH]c12,1
O=C(O)CCCCCNC(=O)c1cccc2c(=O)c3ccccc3[nH]c12,1
CCOC(=O)CCCCCn1c2ccccc2c(=O)c2cc(N)ccc21,1
CC(=O)Nc1ccc2c(c1)c(=O)c1ccccc1n2CCCCCC(=O)O,1
CCOC(=O)CCCCCn1c2ccc(N)cc2c(=O)c2cc(N)ccc21,1
CC(=O)Nc1ccc2c(c1)c(=O)c1cc(NC(C)=O)ccc1n2CCCCCC(=O)O,1
O=C(O)CCCCCn1c2ccccc2c(=O)c2cc(F)ccc21,1
COc1ccc2c(c1)c(=O)c1ccccc1n2CCCCCC(=O)O,1
Cc1ccc2c(c1)c(=O)c1ccccc1n2CCCCCC(=O)O,1
O=c1c2cc3[nH]c4c(S(=O)(=O)O)cc(S(=O)(=O)O)cc4c(=O)c3cc2[nH]c2c(S(=O)(=O)O)cc(S(=O)(=O)O)cc12,1
CCOC(=O)CCCCCn1c2ccccc2c(=O)c2cc3c(cc21)c(=O)c1ccccc1n3CCCCCC(=O)OCC,1
CCOC(=O)CCCCCn1c2ccccc2c(=O)c2cc3c(cc21)c(=O)c1cc(I)ccc1n3CCCCCC(=O)OCC,1
CCOC(=O)CCCCCn1c2ccc(F)cc2c(=O)c2cc3c(cc21)c(=O)c1cc(F)ccc1n3CCCCCC(=O)OCC,1
CCOC(=O)CCCCCn1c2ccc(Cl)cc2c(=O)c2cc3c(cc21)c(=O)c1cc(Cl)ccc1n3CCCCCC(=O)OCC,1
O=C(O)CCCCCn1c2ccc(Br)cc2c(=O)c2cc3c(cc21)c(=O)c1cc(Br)ccc1n3CCCCCC(=O)O,1
CCOC(=O)CCCCCn1c2ccc(C)cc2c(=O)c2cc3c(cc21)c(=O)c1cc(C)ccc1n3CCCCCC(=O)OCC,1
CCOC(=O)CCCCCn1c2ccc(OC)cc2c(=O)c2cc3c(cc21)c(=O)c1cc(OC)ccc1n3CCCCCC(=O)OCC,1
CCOC(=O)CCCCCn1c2ccc([N+](=O)[O-])cc2c(=O)c2cc3c(cc21)c(=O)c1cc([N+](=O)[O-])ccc1n3CCCCCC(=O)OCC,1
CCOC(=O)CCCCCn1c2ccc(N)cc2c(=O)c2cc3c(cc21)c(=O)c1cc(N)ccc1n3CCCCCC(=O)OCC,1
CCOC(=O)CCCCCn1c2ccccc2c(=O)c2cc3c(cc21)c(=O)c1ccccc1n3CC,1
CCn1c2ccc(S(=O)(=O)O)cc2c(=O)c2cc3c(cc21)c(=O)c1cc(S(=O)(=O)O)ccc1n3CCCCCC(=O)O,1
CN(C)c1ccc(-c2nc(C#N)c(C#N)n2C)cc1,1
CN(C)c1ccc(-c2ccc(-c3nc(C#N)c(C#N)n3C)cc2)cc1,1
CN(C)c1ccc(/C=C/c2ccc(-c3nc(C#N)c(C#N)n3C)cc2)cc1,1
CN(C)c1ccc(C#Cc2ccc(-c3nc(C#N)c(C#N)n3C)cc2)cc1,1
O=C([O-])c1ccccc1O,1
Cc1ccc(C(=O)[O-])c(O)c1,1
COc1ccc(C(=O)[O-])c(O)c1,1
Nc1ccc(C(=O)[O-])c(O)c1,1
Cc1ccc(O)c(C(=O)[O-])c1,1
COc1ccc(O)c(C(=O)[O-])c1,1
Nc1ccc(O)c(C(=O)[O-])c1,1
O=S(=O)(c1cccc(-n2c3ccccc3c3ccccc32)c1)c1cccc(-n2c3ccccc3c3ccccc32)c1,1
O=S(=O)(c1cccc(N2c3ccccc3Sc3ccccc32)c1)c1cccc(N2c3ccccc3Sc3ccccc32)c1,1
O=S(=O)(c1cccc(N2c3ccccc3Oc3ccccc32)c1)c1cccc(N2c3ccccc3Oc3ccccc32)c1,1
CC1(C)c2ccccc2N(c2cccc(S(=O)(=O)c3cccc(N4c5ccccc5C(C)(C)c5ccccc54)c3)c2)c2ccccc21,1
CCn1nc(-c2ccccc2)c2ccc3[o+]c(-c4ccccc4)c4ccc1c2c34.[O-][Cl+3]([O-])([O-])[O-],1
CCn1nc(-c2ccc(F)cc2)c2ccc3[o+]c(-c4ccc(F)cc4)c4ccc1c2c34.[O-][Cl+3]([O-])([O-])[O-],1
CCn1nc(-c2ccc(C)cc2)c2ccc3[o+]c(-c4ccc(C)cc4)c4ccc1c2c34.[O-][Cl+3]([O-])([O-])[O-],1
CCCCCCCCN1c2ccc(C#Cc3ccc(OC)cc3)cc2Sc2cc(C=O)ccc21,1
CCCCCCCCN1c2ccc(C#Cc3ccc(F)cc3)cc2Sc2cc(C=O)ccc21,1
CCCCCCCCN1c2ccc(C#Cc3ccc(C(F)(F)F)cc3)cc2Sc2cc(C=O)ccc21,1
CCCCCCCCN1c2ccc(C#Cc3cc(C(F)(F)F)cc(C(F)(F)F)c3)cc2Sc2cc(C=O)ccc21,1
Cc1cc(=O)c2ccc(N)cc2o1,1
N#Cc1coc2ccccc2c1=O,1
O=C([O-])c1c(Cl)c(Cl)c(Cl)c(Cl)c1-c1c2cc(Cl)c(=O)c(Cl)c-2oc2c(Cl)c(O)c(Cl)cc12,1
CC(C)(C)c1ccc(/C=C/c2ccc(N(c3ccc(/C=C/c4ccc(C(C)(C)C)cc4)cc3)c3ccc(-c4nc5ccccc5nc4-c4ccc(N(c5ccc(/C=C/c6ccc(C(C)(C)C)cc6)cc5)c5ccc(/C=C/c6ccc(C(C)(C)C)cc6)cc5)cc4)cc3)cc2)cc1,1
CCCCCCOc1ccc(/C=C/c2ccc(N(c3ccc(/C=C/c4ccc(OCCCCCC)cc4)cc3)c3ccc(-c4nc5ccccc5nc4-c4ccc(N(c5ccc(/C=C/c6ccc(OCCCCCC)cc6)cc5)c5ccc(/C=C/c6ccc(OCCCCCC)cc6)cc5)cc4)cc3)cc2)cc1,1
C(=C/c1ccc(N(c2ccc(/C=C/c3ccc(N(c4ccccc4)c4ccccc4)cc3)cc2)c2ccc(-c3nc4ccccc4nc3-c3ccc(N(c4ccc(/C=C/c5ccc(N(c6ccccc6)c6ccccc6)cc5)cc4)c4ccc(/C=C/c5ccc(N(c6ccccc6)c6ccccc6)cc5)cc4)cc3)cc2)cc1)\c1ccc(N(c2ccccc2)c2ccccc2)cc1,1
C(=C/c1ccccn1)\c1ccc(N(c2ccc(/C=C/c3ccccn3)cc2)c2ccc(-c3nc4ccccc4nc3-c3ccc(N(c4ccc(/C=C/c5ccccn5)cc4)c4ccc(/C=C/c5ccccn5)cc4)cc3)cc2)cc1,1
CCOC(=O)c1ccc(C2CC(c3cccc4ccccc34)=NN2c2ccc(OC)cc2)cc1,1
CCOC(=O)c1ccc(C2CC(c3cccc4ccccc34)=NN2c2ccc(C)cc2)cc1,1
CCOC(=O)c1ccc(C2CC(c3cccc4ccccc34)=NN2c2ccc(Cl)cc2)cc1,1
CCOC(=O)c1ccc(C2CC(c3cccc4ccccc34)=NN2c2ccc(F)cc2)cc1,1
CCOC(=O)c1ccc(C2CC(c3cccc4ccccc34)=NN2c2ccc(C#N)cc2)cc1,1
CC(=O)O[B-]1(OC(C)=O)OC(/C=C/c2ccccc2)=CC(/C=C/c2ccccc2)=[O+]1,1
CC(=O)O[B-]1(OC(C)=O)OC(/C=C/c2ccc(C)cc2)=CC(/C=C/c2ccc(C)cc2)=[O+]1,1
COc1ccc(/C=C/C2=CC(/C=C/c3ccc(OC)cc3)=[O+][B-](OC(C)=O)(OC(C)=O)O2)cc1,1
CC(=O)O[B-]1(OC(C)=O)OC(/C=C/c2cccc3ccccc23)=CC(/C=C/c2cccc3ccccc23)=[O+]1,1
CC(=O)O[B-]1(OC(C)=O)OC(/C=C/C=C/c2ccccc2)=CC(/C=C/C=C/c2ccccc2)=[O+]1,1
c1ccc(-c2nn(-c3ccccn3)c3nc4ccccc4cc23)cc1,1
Cc1ccc(NC(=O)c2sc(Br)nc2C)cc1,1
Cc1cc(C)cc(NC(=O)c2sc(Br)nc2C)c1,1
CC1(C)C(=O)C=Cc2ccc(O)cc21,1
CC1(C)C(=O)C=Cc2ccc(N)cc21,1
CCNc1ccc2c(c1)C(C)(C)C(=O)C=C2,1
CN(C)c1ccc2c(c1)C(C)(C)C(=O)C=C2,1
CCN(CC)c1ccc2c(c1)C(C)(C)C(=O)C=C2,1
CC1(C)C(=O)C=Cc2ccc(N3CCC3)cc21,1
COc1ccc(-c2ccc(-c3ccc(C#N)s3)s2)cc1,1
COc1cc(OC)cc(-c2ccc(-c3ccc(C#N)s3)s2)c1,1
C(=C/c1nc2c3ccccc3c3ccccc3c2o1)\c1ccccc1,1
CN(C)c1ccc(/C=C/c2nc3c4ccccc4c4ccccc4c3o2)cc1,1
COc1ccc(/C=C/c2nc3c4ccccc4c4ccccc4c3o2)cc1,1
O=[N+]([O-])c1ccc(/C=C/c2nc3c4ccccc4c4ccccc4c3o2)cc1,1
Fc1ccc(/C=C/c2nc3c4ccccc4c4ccccc4c3o2)cc1,1
CCN1/C(=C\C=C\C=C\C2=[N+](CC)c3ccc4ccccc4c3C2(C)C)C(C)(C)c2c1ccc1ccccc21,1
CCCCN1/C(=C\C=C\C=C\C2=[N+](CCCC)c3ccc4ccccc4c3C2(C)C)C(C)(C)c2c1ccc1ccccc21,1
CCN1/C(=C\C=C\C=C\C2=[N+](CC)c3ccc4cc(Br)ccc4c3C2(C)C)C(C)(C)c2c1ccc1cc(Br)ccc21,1
CCCCN1/C(=C\C=C\C=C\C2=[N+](CCCC)c3ccc4cc(Br)ccc4c3C2(C)C)C(C)(C)c2c1ccc1cc(Br)ccc21,1
CCN(CC)c1ccc2c(-c3ccccc3C(=O)O)c3c([o+]c2c1)/C(=C/c1ccc(N(C)C)cc1)CCC3,1
CCN(CC)c1ccc2c(-c3ccccc3C(=O)O)c3c([o+]c2c1)/C(=C/c1ccc(N(C)C)s1)CCC3,1
CCN(CC)c1ccc2c(-c3ccccc3C(=O)O)c3c([o+]c2c1)/C(=C/c1ccc(N2CCCC2)s1)CCC3,1
CCN(CC)c1ccc2c(-c3ccccc3C(=O)O)c3c([o+]c2c1)/C(=C/C=C/c1ccc(N(C)C)cc1)CCC3,1
CCN(CC)c1ccc2c(-c3ccccc3C(=O)O)c3c([o+]c2c1)/C(=C/c1nc(C)n2ccccc12)CCC3,1
CCN(CC)c1ccc2c(-c3ccccc3C(=O)O)c3c([o+]c2c1)/C(=C/c1nc(-c2ccccc2)n2ccccc12)CCC3,1
CCN(CC)c1ccc2c(-c3ccccc3C(=O)O)c3c([o+]c2c1)/C(=C/c1ccc2c(c1)c1ccccc1n2CC)CCC3,1
CCN(CC)c1ccc2cc(/C=C3\CCCc4c3[o+]c3cc(N(CC)CC)ccc3c4-c3ccccc3C(=O)O)c(=O)oc2c1,1
CC1=CC(C)=[N+]2C1=Cc1c3ccccc3c(C#Cc3ccc(F)cc3)n1[B-]2(F)F,1
C#CCNC1=C2C=CC=[N+]2[B-](F)(F)n2cccc21,1
N#Cc1nc(N(Cc2ccccc2)Cc2ccccc2)c(C#N)nc1N(Cc1ccccc1)Cc1ccccc1,1
N#Cc1nc(N(Cc2ccc(F)cc2)Cc2ccc(F)cc2)c(C#N)nc1N(Cc1ccc(F)cc1)Cc1ccc(F)cc1,1
N#Cc1nc(N(Cc2ccc(Cl)cc2)Cc2ccc(Cl)cc2)c(C#N)nc1N(Cc1ccc(Cl)cc1)Cc1ccc(Cl)cc1,1
N#Cc1nc(N(Cc2ccc(Br)cc2)Cc2ccc(Br)cc2)c(C#N)nc1N(Cc1ccc(Br)cc1)Cc1ccc(Br)cc1,1
N#Cc1nc(N(Cc2ccc(I)cc2)Cc2ccc(I)cc2)c(C#N)nc1N(Cc1ccc(I)cc1)Cc1ccc(I)cc1,1
Cc1ccc(CN(Cc2ccc(C)cc2)c2nc(C#N)c(N(Cc3ccc(C)cc3)Cc3ccc(C)cc3)nc2C#N)cc1,1
N#Cc1nc(N(Cc2ccccc2F)Cc2ccccc2F)c(C#N)nc1N(Cc1ccccc1F)Cc1ccccc1F,1
N#Cc1nc(N(Cc2ccccc2Cl)Cc2ccccc2Cl)c(C#N)nc1N(Cc1ccccc1Cl)Cc1ccccc1Cl,1
N#Cc1nc(N(Cc2ccccc2Br)Cc2ccccc2Br)c(C#N)nc1N(Cc1ccccc1Br)Cc1ccccc1Br,1
N#Cc1nc(N(Cc2ccccc2I)Cc2ccccc2I)c(C#N)nc1N(Cc1ccccc1I)Cc1ccccc1I,1
Cc1ccccc1CN(Cc1ccccc1C)c1nc(C#N)c(N(Cc2ccccc2C)Cc2ccccc2C)nc1C#N,1
COc1ccc(C2=C3C(C)=CC(C)=[N+]3[B-](F)(F)n3c(C)cc(C)c32)cc1,1
CC1=CC(C)=[N+]2C1=C(c1ccc(C(=O)OC3C[C@@H]4CC[C@]3(C)C4(C)C)cc1)c1c(C)cc(C)n1[B-]2(F)F,1
COc1ccc(C2=C3C(C)=CC(C=Cc4ccc(C(=O)OC5C[C@H]6CCC5(C)C6(C)C)cc4)=[N+]3[B-](F)(F)n3c(C)cc(C)c32)cc1,1
COc1ccc(C2=C3C(C)=CC(C=Cc4ccc(C(=O)OC5C[C@H]6CCC5(C)C6(C)C)cc4)=[N+]3[B-](F)(F)n3c(/C=C/c4ccc(C(=O)OC5CC6CCC5(C)C6(C)C)cc4)cc(C)c32)cc1,1
O=C1CC(=O)Nc2ccccc2N1,1
Cc1ccc2c(c1)NC(=O)CC(=O)N2,1
Cc1cc2c(cc1C)NC(=O)CC(=O)N2,1
O=C1CC(=O)Nc2cc(Cl)ccc2N1,1
O=C1CC(=O)Nc2cc(Br)ccc2N1,1
O=C1CC(=O)Nc2cc(C(=O)O)ccc2N1,1
O=C1CC(=O)Nc2cc([N+](=O)[O-])ccc2N1,1
Cc1cc2c(cc1[N+](=O)[O-])NC(=O)CC(=O)N2,1
Nc1ccc2c(c1)NC(=O)CC(=O)N2,1
Cc1ccc2nc3c(nc2c1)c(-c1ccccc1)nn3C,1
COc1ccc2nc3c(nc2c1)c(-c1ccccc1)nn3C,1
CCCCN(CCCC)c1ccc2nc3c4ccccc4c(=O)cc-3oc2c1,1
CCCCN(CCCC)c1ccc2nc3c4ccccc4c(=O)c(OC(=C(C(F)(C(F)(F)F)C(F)(F)F)C(F)(C(F)(F)F)C(F)(F)F)C(F)(F)F)c-3oc2c1,1
CCCCN(CCCC)c1ccc2nc3c4ccccc4c(=O)c(-c4ccccc4)c-3oc2c1,1
CCCCN(CCCC)c1ccc2nc3c4ccccc4c(=O)c(-c4cccc5ccccc45)c-3oc2c1,1
CCCCN(CCCC)c1ccc2nc3c4ccccc4c(=O)c(-c4c5ccccc5cc5ccccc45)c-3oc2c1,1
CCCCN(CCCC)c1ccc2nc3c4ccccc4c(=O)c(-c4ccc5c(c4)C(CCCC)(CCCC)c4ccccc4-5)c-3oc2c1,1
C(=C/c1cccc2ccccc12)\c1ccc(-c2nnc(-c3ccc(-c4cc5ccccc5s4)cc3)o2)cc1,1
CN(C)c1ccc(/C=C/c2ccc(-c3nnc(-c4ccc(-c5cc6ccccc6s5)cc4)o3)cc2)cc1,1
FC(F)(F)c1ccc(/C=C/c2ccc(-c3nnc(-c4ccc(-c5cc6ccccc6s5)cc4)o3)cc2)cc1,1
COc1ccc(/C=C/c2ccc(-c3nnc(-c4ccc(-c5cc6ccccc6s5)cc4)o3)cc2)cc1,1
CCc1ccc(/C=C/c2ccc(-c3nnc(-c4ccc(-c5cc6ccccc6s5)cc4)o3)cc2)cc1,1
COC(=O)C(Cc1ccc2oc(-c3ccc(N(c4ccccc4)c4ccccc4)cc3)nc2c1)NC(=O)OC(C)(C)C,1
COC(=O)C1=NNC(C(=O)OC)=C2c3ccccc3C(=O)c3ccccc3C12,1
O=C1c2ccccc2C2=C(c3ccccn3)NN=C(c3ccccn3)C2c2ccccc21,1
CN(C)c1ccc(C2=Cc3ccc4ccccc4[n+]3[B-](F)(F)O2)cc1,1
COc1ccc(C2=Cc3ccc4ccccc4[n+]3[B-](F)(F)O2)cc1,1
Cc1ccc(C2=Cc3ccc4ccccc4[n+]3[B-](F)(F)O2)cc1,1
Cc1cccc(C2=Cc3ccc4ccccc4[n+]3[B-](F)(F)O2)c1,1
F[B-]1(F)OC(c2ccccc2)=Cc2ccc3ccccc3[n+]21,1
F[B-]1(F)OC(c2ccc(Br)cc2)=Cc2ccc3ccccc3[n+]21,1
F[B-]1(F)OC(c2cccc(Br)c2)=Cc2ccc3ccccc3[n+]21,1
Fc1cccc(C2=Cc3ccc4ccccc4[n+]3[B-](F)(F)O2)c1,1
F[B-]1(F)OC(c2ccc(C(F)(F)F)cc2)=Cc2ccc3ccccc3[n+]21,1
CN(C)c1ccc(/C=C2/N=C(c3ccccc3)OC2=O)cc1,1
Cc1cc(=O)oc2cc3cc(O)ccc3cc12,1
Cc1cc(=O)oc2ccc3ccc(O)cc3c12,1
Cc1cc(=O)c2c(ccc3ccc(O)cc32)o1,1
COc1ccc2c3cccc4c(OC)ccc(c5cccc1c52)c43,1
CCCCCCCCOc1ccc2c3cccc4c(OCCCCCCCC)ccc(c5cccc1c52)c43,1
CCCCCCCC(=O)Oc1ccc2c3cccc4c(OC(=O)CCCCCCC)ccc(c5cccc1c52)c43,1
COc1ccc2cc(-c3ccc([N+](=O)[O-])cc3)ccc2c1,1
O=[N+]([O-])c1ccc(C#Cc2ccc3ccccc3c2)cc1,1
COc1ccc2cc(C#Cc3ccc([N+](=O)[O-])cc3)ccc2c1,1
COc1cc2cc(OC)c(-c3ccc([N+](=O)[O-])cc3)cc2cc1-c1ccc([N+](=O)[O-])cc1,1
O=[N+]([O-])c1ccc(C#Cc2ccc3ccc(C#Cc4ccc([N+](=O)[O-])cc4)cc3c2)cc1,1
COc1cc2cc(OC)c(C#Cc3ccc([N+](=O)[O-])cc3)cc2cc1C#Cc1ccc([N+](=O)[O-])cc1,1
C1=CSC(=C2SC=C(/C=C/C=C/C=C/C3=CSC(=C4SC=CS4)S3)S2)S1,1
CN(C)c1ccc(/C=C/C=C/C=C/c2ccc(N(C)C)cc2)cc1,1
CCCCCC(=O)c1c2c(c(C(=O)CCCCC)c3c1OC1(CCCC1)O3)OC1(CCCC1)O2,1
CCCC(=O)c1c(OCOC)c(OCOC)c(C(=O)CCC)c2c1OCO2,1
COC(=O)CC1(C(=O)OC)Oc2c(c(C(C)=O)c3c(c2C(C)=O)OCO3)O1,1
CCCC(=O)c1c2c(c(C(=O)CCC)c3c1OC(CC(=O)OC)(C(=O)OC)O3)OCO2,1
COC(=O)CC1(C(=O)O)Oc2c(c(C(C)=O)c3c(c2C(C)=O)OCO3)O1,1
CCCC(=O)c1c2c(c(C(=O)CCC)c3c1OC(CC(=O)OC)(C(=O)O)O3)OCO2,1
CC(=O)c1c2c(c(C(C)=O)c3c1OC(CC(=O)O)O3)OCO2,1
Nc1ccc(-c2ccc(N)cc2)cc1,1
[C-]#[N+]c1ccc(-c2ccc(N)cc2)cc1,1
[C-]#[N+]c1ccc(-c2ccc(NC)cc2)cc1,1
[C-]#[N+]c1ccc(-c2ccc(N(C)C)cc2)cc1,1
O=c1cc[nH]c(=O)[nH]1,1
Cc1cc(=O)[nH]c(=O)[nH]1,1
Cn1ccc(=O)n(C)c1=O,1
Cc1cn(C(F)(F)F)c(=O)[nH]c1=O,1
Cc1c[nH]c(=O)[nH]c1=O,1
O=c1[nH]cc(F)c(=O)[nH]1,1
CCCCN1c2ccccc2Sc2cc(/C=C/c3nc4nc5ccccc5nc4s3)ccc21,1
CCCCN1c2ccccc2Sc2cc(/C=C/C3=Nc4ccc5ccccc5c4C3(C)C)ccc21,1
c1ccccc1,1
Cc1ccccc1,1
Cc1ccccc1C,1
Cc1cccc(C)c1,1
Cc1ccc(C)cc1,1
Cc1ccc(C)c(C)c1,1
Cc1cc(C)cc(C)c1,1
Oc1ccccc1,1
Nc1ccccc1,1
COc1ccccc1,1
CN(C)c1ccccc1,1
COc1ccc(OC)cc1,1
CN(C)c1ccc(N(C)C)cc1,1
Cc1cccc2ccccc12,1
Cc1ccc2ccccc2c1,1
Cc1cc2ccccc2cc1C,1
Cc1ccc2cc(C)ccc2c1,1
Oc1cccc2ccccc12,1
Nc1cccc2ccccc12,1
c1ccc(-c2ccccc2)cc1,1
Cc1ccc(-c2ccccc2)cc1,1
Cc1cccc(-c2cccc(C)c2)c1,1
Cc1ccccc1-c1ccccc1C,1
COc1ccc(-c2ccccc2)cc1,1
COc1ccc(-c2ccc(OC)cc2)cc1,1
Nc1cccc2cc3ccccc3cc12,1
Nc1ccc2cc3ccccc3cc2c1,1
c1ccc2cc3cnccc3cc2c1,1
Cc1cc2cc3ccccc3cc2cn1,1
Cc1ccc2cc3cc(C)ncc3cc2c1,1
Cc1cc2cc3cc(C)c(C)cc3cc2cn1,1
Cc1cc(C)c2cc3cc(C)ncc3cc2c1,1
CCCCCCCCCCCCN1C(=O)c2c(c3ccc4cc(-c5ccc(C(F)(F)F)cc5)c(OC)cc4c3c3c2ccc2cc(-c4ccc(C(F)(F)F)cc4)c(OC)cc23)C1=O,1
CCCCCCCCCCCCN1C(=O)c2c(c3ccc4cc(-c5ccc(C#N)cc5)c(OC)cc4c3c3c2ccc2cc(-c4ccc(C#N)cc4)c(OC)cc23)C1=O,1
CCCCCCCCCCCCN1C(=O)c2c(c3ccc4cc(-c5ccc(C=O)cc5)c(OC)cc4c3c3c2ccc2cc(-c4ccc(C=O)cc4)c(OC)cc23)C1=O,1
CCCCCCCCCCCCN1C(=O)c2c(c3ccc4cc(-c5ccc(F)cc5)c(OC)cc4c3c3c2ccc2cc(-c4ccc(F)cc4)c(OC)cc23)C1=O,1
CCCCCCCCCCCCN1C(=O)c2c(c3ccc4cc(-c5ccc(Cl)cc5)c(OC)cc4c3c3c2ccc2cc(-c4ccc(Cl)cc4)c(OC)cc23)C1=O,1
CCCCCCCCCCCCN1C(=O)c2c(c3ccc4cc(-c5ccccc5)c(OC)cc4c3c3c2ccc2cc(-c4ccccc4)c(OC)cc23)C1=O,1
CCCCCCCCCCCCN1C(=O)c2c(c3ccc4cc(-c5ccc(C)cc5)c(OC)cc4c3c3c2ccc2cc(-c4ccc(C)cc4)c(OC)cc23)C1=O,1
CCCCCCCCCCCCN1C(=O)c2c(c3ccc4cc(-c5ccc(-c6ccccc6)cc5)c(OC)cc4c3c3c2ccc2cc(-c4ccc(-c5ccccc5)cc4)c(OC)cc23)C1=O,1
CCCCCCCCCCCCN1C(=O)c2c(c3ccc4cc(-c5ccc(OC)cc5)c(OC)cc4c3c3c2ccc2cc(-c4ccc(OC)cc4)c(OC)cc23)C1=O,1
CCCCCCCCCCCCN1C(=O)c2c(c3ccc4cc(-c5cccs5)c(OC)cc4c3c3c2ccc2cc(-c4cccs4)c(OC)cc23)C1=O,1
CCCCCCCCCCCCN1C(=O)c2c(c3ccc4cc(-c5ccc(N(C)C)cc5)c(OC)cc4c3c3c2ccc2cc(-c4ccc(N(C)C)cc4)c(OC)cc23)C1=O,1
O=C1CCCC2=C1CC1=C(CCCC1=O)N2NC(=O)c1ccccc1,1
O=C1CCCC2=C1CC1=C(CCCC1=O)N2NC(=O)c1ccc(O)cc1,1
COc1ccc(C(=O)NN2C3=C(CC4=C2CCCC4=O)C(=O)CCC3)cc1,1
Cc1ccc(C(=O)NN2C3=C(CC4=C2CCCC4=O)C(=O)CCC3)cc1,1
Cc1ccccc1C(=O)NN1C2=C(CC3=C1CC(C)(C)CC3=O)C(=O)CC(C)(C)C2,1
COc1ccc(C2=C(Br)C(c3ccccc3)=[N+]3C2=Nc2c(-c4ccc(OC)cc4)c(Br)c(-c4ccccc4)n2[B-]3(F)F)cc1,1
COc1ccc(C2=C(c3ccccc3)C(c3ccccc3)=[N+]3C2=Nc2c(-c4ccc(OC)cc4)c(-c4ccccc4)c(-c4ccccc4)n2[B-]3(F)F)cc1,1
COc1ccc(C2=C(c3ccc(C)cc3)C(c3ccccc3)=[N+]3C2=Nc2c(-c4ccc(OC)cc4)c(-c4ccc(C)cc4)c(-c4ccccc4)n2[B-]3(F)F)cc1,1
COc1ccc(C2=C(c3ccc(OC)cc3)C(c3ccccc3)=[N+]3C2=Nc2c(-c4ccc(OC)cc4)c(-c4ccc(OC)cc4)c(-c4ccccc4)n2[B-]3(F)F)cc1,1
COc1ccc(C2=C(c3ccc(F)cc3)C(c3ccccc3)=[N+]3C2=Nc2c(-c4ccc(OC)cc4)c(-c4ccc(F)cc4)c(-c4ccccc4)n2[B-]3(F)F)cc1,1
COc1ccc(C2=C(c3ccc([N+](=O)[O-])cc3)C(c3ccccc3)=[N+]3C2=Nc2c(-c4ccc(OC)cc4)c(-c4ccc([N+](=O)[O-])cc4)c(-c4ccccc4)n2[B-]3(F)F)cc1,1
COc1ccc(C2=C(c3ccc(-c4ccccc4)cc3)C(c3ccccc3)=[N+]3C2=Nc2c(-c4ccc(OC)cc4)c(-c4ccc(-c5ccccc5)cc4)c(-c4ccccc4)n2[B-]3(F)F)cc1,1
CCC1=C(C)C2=C(c3cc(C(=O)Cl)cc(C(=O)Cl)c3)c3c(C)c(CC)c(C)n3[B-](F)(F)[N+]2=C1C,1
CCC1=C(C)C2=C(c3cc(C(=O)Cl)cc(C4=C5C(C)=C(CC)C(C)=[N+]5[B-](F)(F)n5c(C)c(CC)c(C)c54)c3)c3c(C)c(CC)c(C)n3[B-](F)(F)[N+]2=C1C,1
CCC1=C(C)C2=C(c3cc(C4=C5C(C)=C(CC)C(C)=[N+]5[B-](F)(F)n5c(C)c(CC)c(C)c54)cc(C4=C5C(C)=C(CC)C(C)=[N+]5[B-](F)(F)n5c(C)c(CC)c(C)c54)c3)c3c(C)c(CC)c(C)n3[B-](F)(F)[N+]2=C1C,1
CN(C)c1ccc(/C=C2\CC/C(=C\c3ccc(C#N)cc3)C2=O)cc1,1
Cc1ccc2cc3c(=O)n(C)c(=O)n(C)c3nc2c1,1
Cc1cccc2cc3c(=O)n(C)c(=O)n(C)c3nc12,1
CCOC(=O)C1=CN(c2ccccc2)C=CC1c1ccccc1,1
CCOC(=O)C1=CN(c2ccccc2)C=C(C(=O)OCC)C1c1ccccc1,1
CCOC(=O)C1=CNC=C(C(=O)OCC)C1c1ccccc1,1
CCOC(=O)C1=CN(c2ccccc2)C=C(C(=O)OCC)C1,1
CCOC(=O)C1=CN(Cc2ccccc2)C=C(C(=O)OCC)C1,1
COc1cc2[nH]c3c(c2cc1OC)CCCC3=O,1
O=c1c(N(c2ccccc2)c2ccccc2)c([O-])c1=[N+](c1ccccc1)c1ccccc1,1
O=c1c(N(c2ccccc2)c2ccc3ccccc3c2)c([O-])/c1=[N+](\c1ccccc1)c1ccc2ccccc2c1,1
Cc1ccc(N(c2ccc(C)cc2)c2c([O-])c(=[N+](c3ccc(C)cc3)c3ccc(C)cc3)c2=O)cc1,1
COc1ccc(N(c2ccc(C)cc2)c2c([O-])/c(=[N+](\c3ccc(C)cc3)c3ccc(OC)cc3)c2=O)cc1,1
c1ccc(-c2nc(-c3ccccc3)c(-c3ccccc3)[nH]2)cc1,1
O=C(O)c1ccc(-c2nc(-c3ccccc3)c(-c3ccccc3)[nH]2)cc1,1
COc1ccc(-c2nc(-c3ccc(C(=O)O)cc3)[nH]c2-c2ccc(OC)cc2)cc1,1
N#Cc1ccc(-c2nc(-c3ccccc3)c(-c3ccccc3)[nH]2)cc1,1
Cc1ccc(-c2nc(-c3ccc(C#N)cc3)[nH]c2-c2ccc(C)cc2)cc1,1
COc1ccc(-c2nc(-c3ccc(C#N)cc3)[nH]c2-c2ccc(OC)cc2)cc1,1
N#Cc1cccc(-c2nc(-c3ccccc3)c(-c3ccccc3)[nH]2)c1,1
Cc1ccc(-c2nc(-c3cccc(C#N)c3)[nH]c2-c2ccc(C)cc2)cc1,1
COc1ccc(-c2nc(-c3cccc(C#N)c3)[nH]c2-c2ccc(OC)cc2)cc1,1
COc1ccccc1-c1nc(-c2ccccc2)c(-c2ccccc2)[nH]1,1
COc1cccc(-c2nc(-c3ccccc3)c(-c3ccccc3)[nH]2)c1,1
COc1ccc(-c2nc(-c3ccccc3)c(-c3ccccc3)[nH]2)cc1,1
COc1ccc(-c2nc(-c3ccccc3OC)[nH]c2-c2ccc(OC)cc2)cc1,1
COc1ccc(-c2nc(-c3cccc(OC)c3)[nH]c2-c2ccc(OC)cc2)cc1,1
COc1ccc(-c2nc(-c3ccc(OC)cc3)c(-c3ccc(OC)cc3)[nH]2)cc1,1
COc1ccc(-c2nc(-c3ccccc3)[nH]c2-c2ccc(OC)cc2)cc1,1
Oc1ccccc1-c1nc(-c2ccccc2)c(-c2ccccc2)[nH]1,1
Oc1cccc(-c2nc(-c3ccccc3)c(-c3ccccc3)[nH]2)c1,1
Oc1ccc(-c2nc(-c3ccccc3)c(-c3ccccc3)[nH]2)cc1,1
Cc1ccc(-c2nc(-c3ccccc3O)[nH]c2-c2ccc(C)cc2)cc1,1
Cc1ccc(-c2nc(-c3cccc(O)c3)[nH]c2-c2ccc(C)cc2)cc1,1
Cc1ccc(-c2nc(-c3ccc(O)cc3)[nH]c2-c2ccc(C)cc2)cc1,1
c1ccc(-c2nc(-c3cccs3)[nH]c2-c2ccccc2)cc1,1
c1ccc(-c2nc(-c3ccc(-c4cccs4)s3)[nH]c2-c2ccccc2)cc1,1
c1ccc(-c2nc(-c3ccc(-c4nc(-c5ccccc5)c(-c5ccccc5)[nH]4)s3)[nH]c2-c2ccccc2)cc1,1
Cn1c(-c2ccc(-c3nc(-c4ccccc4)c(-c4ccccc4)n3C)s2)nc(-c2ccccc2)c1-c1ccccc1,1
c1ccc(-c2nc(-c3ccc(-c4nc(-c5ccccc5)c(-c5ccccc5)[nH]4)cc3)[nH]c2-c2ccccc2)cc1,1
Cn1c(-c2ccc(-c3nc(-c4ccccc4)c(-c4ccccc4)n3C)cc2)nc(-c2ccccc2)c1-c1ccccc1,1
COc1ccc(-c2nc(-c3ccc(-c4nc(-c5ccc(OC)cc5)c(-c5ccc(OC)cc5)[nH]4)s3)[nH]c2-c2ccc(OC)cc2)cc1,1
COc1ccc(-c2nc(-c3ccc(-c4nc(-c5ccc(OC)cc5)c(-c5ccc(OC)cc5)[nH]4)cc3)[nH]c2-c2ccc(OC)cc2)cc1,1
Cc1ccc(/C=C/c2ccccc2-[n+]2cc([O-])on2)cc1,1
Cc1ccc(/C=C/c2ccccc2-[n+]2noc([O-])c2C)cc1,1
Cc1ccc(/C=C/c2ccccc2-[n+]2noc([O-])c2-c2ccccc2)cc1,1
c1ccc2c(c1)[nH]c1ccccc12,1
c1ccc2c(c1)[nH]c1ncccc12,1
O=C1OC(c2ccccc2)=N/C1=C\c1ccc(N(c2ccccc2)c2ccccc2)cc1,1
O=C1OC(c2ccccc2)=N/C1=C\c1ccc(N(c2ccc(/C=C3\N=C(c4ccccc4)OC3=O)cc2)c2ccc(/C=C3/N=C(c4ccccc4)OC3=O)cc2)cc1,1
c1cc2cccc3c4cccc5cccc(c(c1)c23)c54,1
c1ccc(-c2ccc3c4ccc(-c5ccccc5)c5c(-c6ccccc6)ccc(c6cccc2c63)c54)cc1,1
c1ccc(-c2ccc3c4ccc(-c5ccccc5)c5c(-c6ccccc6)ccc(c6ccc(-c7ccccc7)c2c36)c54)cc1,1
CCN(CC)c1ccc2cc(-c3ccc(-c4c5ccccc5c(-c5ccc(-c6cc7ccc(N(CC)CC)cc7oc6=O)cc5)c5ccccc45)cc3)c(=O)oc2c1,1
CCN(CC)c1ccc2cc(-c3ccc(-c4ccc5ccc6c(-c7ccc(-c8cc9ccc(N(CC)CC)cc9oc8=O)cc7)ccc7ccc4c5c76)cc3)c(=O)oc2c1,1
CCN(CC)c1ccc2cc(-c3ccc(-c4ccc5c6ccccc6c6c7cc(-c8ccc(-c9cc%10ccc(N(CC)CC)cc%10oc9=O)cc8)ccc7c7ccccc7c6c5c4)cc3)c(=O)oc2c1,1
CN(C)c1cc(C#N)c(N(C)C)c(C#N)c1,1
Cn1nc(-c2ccccc2)c2n[nH]nc2c1=O,1
Cn1nc(-c2ccccc2)c2n[nH]nc2/c1=N\c1ccccn1,1
Cc1ccc(-c2cc(-c3ccccc3)c3c(N)nc(N4CCCC4)c(C#N)c3n2)cc1,1
COc1ccc(-c2cc(-c3ccc(C)cc3)nc3c(C#N)c(N4CCCC4)nc(N)c23)cc1,1
COc1cc(-c2cc(-c3ccc(C)cc3)nc3c(C#N)c(N4CCCC4)nc(N)c23)cc(OC)c1OC,1
Cc1ccc(-c2cc(-c3ccccc3Cl)c3c(N)nc(N4CCCC4)c(C#N)c3n2)cc1,1
Cc1ccc(-c2cc(-c3ccc(N(C)C)cc3)c3c(N)nc(N4CCCC4)c(C#N)c3n2)cc1,1
COc1ccc(-c2cc(-c3ccc(OC)cc3)c3c(N)nc(N4CCCC4)c(C#N)c3n2)cc1,1
Cn1c2nc(=O)[nH]c(=O)c-2nc2ccccc21,1
O=[N+]([O-])c1ccc(F)cc1C1CC(c2cccc3ccccc23)=NN1c1ccccc1,1
CN(CC(O)c1cccc(O)c1)c1ccc([N+](=O)[O-])c(C2CC(c3cccc4ccccc34)=NN2c2ccccc2)c1,1
Nc1ccc2c(c1)Cc1ccccc1-2,1
[NH3+]c1ccc2c(c1)Cc1ccccc1-2,1
COC(=O)c1nc(Cl)c(-c2ccccc2)o1,1
COC(=O)c1nc(Br)c(-c2ccccc2)o1,1
COOCc1noc(-c2ccccc2)c1Cl,1
COOCc1noc(-c2ccccc2)c1Br,1
COC(=O)C(NC(=O)OC(C)(C)C)c1ccc2oc(-c3cc(OC)ccc3OC)nc2c1,1
COC(=O)C(NC(=O)OC(C)(C)C)c1ccc2oc(-c3cc(OC)c(OC)cc3OC)nc2c1,1
COC(=O)C(NC(=O)OC(C)(C)C)c1ccc2oc(-c3cc(OC)c(OC)c(OC)c3)nc2c1,1
COC(=O)C(NC(=O)OC(C)(C)C)c1ccc2oc(-c3ccc(O)cc3O)nc2c1,1
COC(=O)C(NC(=O)OC(C)(C)C)c1ccc2oc(-c3ccc(N(C)C)cc3OC)nc2c1,1
CCN(CC)c1ccc(-c2nc3cc(C(NC(=O)OC(C)(C)C)C(=O)OC)ccc3o2)c(O)c1,1
C=CCOc1ccc(-c2nc3cc(C(NC(=O)OC(C)(C)C)C(=O)OC)ccc3o2)cc1,1
COC(=O)C(NC(=O)OC(C)(C)C)c1ccc2oc(-c3ccc(OC(=O)c4ccccc4)cc3OC(=O)c3ccccc3)nc2c1,1
COC(=O)C(NC(=O)OC(C)(C)C)c1ccc2oc(-c3ccc(OC(=O)c4ccccc4)cc3O)nc2c1,1
COC(=O)C(NC(=O)OC(C)(C)C)c1ccc2oc(-c3cccc(Oc4ccccc4)c3)nc2c1,1
COC(=O)C(NC(=O)OC(C)(C)C)c1ccc2oc(-c3ccc(C#N)cc3)nc2c1,1
COC(=O)C(NC(=O)OC(C)(C)C)c1ccc2oc(-c3ccc(F)cc3)nc2c1,1
COC(=O)C(NC(=O)OC(C)(C)C)c1ccc2oc(-c3cc(C(F)(F)F)cc(C(F)(F)F)c3)nc2c1,1
Nc1ccc2c(c1)C(=O)c1ccc(N)cc1C2=O,1
COc1cc(OC)c2ccc(=O)oc2c1,1
O=c1ccc2cc3c(cc2o1)OCC3,1
C[C@]12C(=O)NC(=O)N([C@H]3CC(O)[C@@H](CO)O3)[C@H]1[C@H]1Oc3cc4oc(=O)ccc4cc3[C@H]12,1
O=c1ccc2cc3ccoc3cc2o1,1
CCOC(=O)/C=C/c1ccc(N(C)C)cc1,1
CN(C)c1ccc(/C=C/C(=O)O)cc1,1
CC1=CC(C)=[N+]2C1=C(c1c(-c3ccccn3)nc3ccccn13)c1c(C)cc(C)n1[B-]2(F)F,1
CC1=C(Br)C(C)=[N+]2C1=C(c1c(-c3ccccn3)nc3ccccn13)c1c(C)c(Br)c(C)n1[B-]2(F)F,1
CC1=C(I)C(C)=[N+]2C1=C(c1c(-c3ccccn3)nc3ccccn13)c1c(C)cc(C)n1[B-]2(F)F,1
CC1=C(I)C(C)=[N+]2C1=C(c1c(-c3ccccn3)nc3ccccn13)c1c(C)c(I)c(C)n1[B-]2(F)F,1
CC1=C(c2ccccc2)C(C)=[N+]2C1=C(c1c(-c3ccccn3)nc3ccccn13)c1c(C)cc(C)n1[B-]2(F)F,1
CC1=C(c2ccccc2)C(C)=[N+]2C1=C(c1c(-c3ccccn3)nc3ccccn13)c1c(C)c(-c3ccccc3)c(C)n1[B-]2(F)F,1
COc1ccc(C2=C(C)C3=C(c4c(-c5ccccn5)nc5ccccn45)c4c(C)cc(C)n4[B-](F)(F)[N+]3=C2C)cc1,1
COc1ccc(C2=C(C)C3=C(c4c(-c5ccccn5)nc5ccccn45)c4c(C)c(-c5ccc(OC)cc5)c(C)n4[B-](F)(F)[N+]3=C2C)cc1,1
CC1=C(c2ccc(N(C)C)cc2)C(C)=[N+]2C1=C(c1c(-c3ccccn3)nc3ccccn13)c1c(C)cc(C)n1[B-]2(F)F,1
CC1=C(c2ccc(N(C)C)cc2)C(C)=[N+]2C1=C(c1c(-c3ccccn3)nc3ccccn13)c1c(C)c(-c3ccc(N(C)C)cc3)c(C)n1[B-]2(F)F,1
CC1=C(c2ccc(N(c3ccccc3)c3ccccc3)cc2)C(C)=[N+]2C1=C(c1c(-c3ccccn3)nc3ccccn13)c1c(C)cc(C)n1[B-]2(F)F,1
CC1=C(c2ccc(N(c3ccccc3)c3ccccc3)cc2)C(C)=[N+]2C1=C(c1c(-c3ccccn3)nc3ccccn13)c1c(C)c(-c3ccc(N(c4ccccc4)c4ccccc4)cc3)c(C)n1[B-]2(F)F,1
COC(=O)c1c(C(=O)OC)c2ccc(C)nn2c1C,1
COC(=O)c1c(C(=O)OC)c2ccc(-c3ccccc3)nn2c1C,1
CCc1c(C(=O)OC)c(C(=O)OC)c2ccc(-c3ccccc3)nn12,1
CCOC(=O)c1cc(C)n2nc(-c3ccccc3)ccc12,1
CCc1ccc2ccc(-c3ccccc3)nn12,1
N#Cc1c(-n2nnc3c2CCC2C(CC3)[C@@H]2CO)n([C@H]2C[C@H](O)[C@@H](CO)O2)c2ncnc(N)c12,1
N#Cc1c(-n2nnc3c2-c2ccccc2CN(C(=O)CCN)c2ccccc2-3)n([C@H]2C[C@H](O)[C@@H](CO)O2)c2ncnc(N)c12,1
N#Cc1c(-n2cc(-c3ccccc3)nn2)n([C@H]2C[C@H](O)[C@@H](CO)O2)c2ncnc(N)c12,1
N#Cc1c(-n2nnc3ccccc32)n([C@H]2C[C@H](O)[C@@H](CO)O2)c2ncnc(N)c12,1
Cc1ccc2c(c1)nnn2-c1c(C#N)c2c(N)ncnc2n1[C@H]1C[C@H](O)[C@@H](CO)O1,1
Cc1ccc2nnn(-c3c(C#N)c4c(N)ncnc4n3[C@H]3C[C@H](O)[C@@H](CO)O3)c2c1,1
N#Cc1c(-n2nnc3cc(Cl)ccc32)n([C@H]2C[C@H](O)[C@@H](CO)O2)c2ncnc(N)c12,1
N#Cc1c(-n2nnc3ccc(Cl)cc32)n([C@H]2C[C@H](O)[C@@H](CO)O2)c2ncnc(N)c12,1
Cc1nc2c(c[n+]1C)CN1C(=O)N([C@H]3O[C@@H](CO)[C@H](O)[C@@H]3O)C=CC1=N2,1
CC(=O)OC[C@@H]1O[C@H](N2C=CC3=Nc4nc(C)[n+](C)cc4CN3C2=O)[C@@H](O)[C@H]1O,1
CC(=O)OC[C@@H]1O[C@H](n2cnc3c2N=CN2Cc4c[n+](C)c(C)nc4N=C32)[C@@H](O)[C@H]1O,1
CC1=CC2=Nc3nc(C)[n+](C)cc3CN2C=C1,1
COC(=O)C(Cc1ccc2oc(-c3ccncc3)nc2c1)NC(=O)OC(C)(C)C,1
Cn1ccc(-n2cncn2)nc1=O,1
Cc1cn(C)c(=O)nc1-n1cncn1,1
Cc1cn(CCCn2cc(C)c(=O)[nH]c2=O)c(=O)nc1-n1cncn1,1
CN(C)c1ccc(-c2nc3cnccc3[nH]2)cc1,1
C[N+]1=C(/C=C/C=C2/N(CCC[N+](C)(C)C)c3ccccc3C2(C)C)C(C)(C)c2ccccc21,1
C[N+]1=C(/C=C/C=C2/N(CCCS(=O)(=O)[O-])c3ccccc3C2(C)C)C(C)(C)c2ccccc21,1
CCN1/C(=C/C=C/C2=[N+](C)c3ccccc3C2(C)C)C(C)(C)c2ccccc21,1
CCCCN1/C(=C/C=C/C2=[N+](C)c3ccccc3C2(C)C)C(C)(C)c2ccccc21,1
C[N+]1=C(/C=C/C=C2/N(CCCc3ccccc3)c3ccccc3C2(C)C)C(C)(C)c2ccccc21,1
CCCCN1/C(=C/C=C/C2=[N+](C)c3ccccc3C2(C)C)C(C)(C)c2cc(Br)ccc21,1
CCCCN1/C(=C/C=C/C2=[N+](C)c3ccccc3C2(C)C)C(C)(C)c2cc(OC)ccc21,1
C[N+]1=C(/C=C/C=C2/N(CCC[N+](C)(C)C)c3ccc(S(=O)(=O)[O-])cc3C2(C)C)C(C)(C)c2ccccc21,1
CCCCN1/C(=C/C=C/C2=[N+](C)c3ccccc3C2(C)C)C(C)(C)c2c1ccc1ccccc21,1
C[N+]1=C(/C=C/C=C2/N(CCC[N+](C)(C)C)c3ccc(Br)cc3C2(C)C)C(C)(C)c2ccccc21,1
CN1/C(=C/C=C/C2=[N+](C)c3ccccc3C2(C)C)Sc2ccccc21,1
CCCCN1/C(=C/C=C/C2=[N+](C)c3ccccc3C2(C)C)Oc2ccccc21,1
c1ccc2c(c1)[nH]c1cccnc12,1
O=c1cc(-c2ccccc2)oc(-c2ccc(-c3nc4ccccn4c3NC3CCCCC3)cc2)c1,1
Cc1cccc2nc(-c3ccc(-c4cc(=O)cc(-c5ccccc5)o4)cc3)c(NC3CCCCC3)n12,1
CC(C)(C)Nc1c(-c2ccc(-c3cc(=O)cc(-c4ccccc4)o3)cc2)nc2ccccn12,1
Cc1cc(=O)cc(-c2ccc(-c3nc4ccccn4c3NC3CCCCC3)cc2)o1,1
O=c1cc(-c2ccccc2)oc(-c2nc3ccccn3c2NC2CCCCC2)c1,1
O=c1cc(-c2nc3ccccn3c2NC2CCCCC2)occ1OCc1ccccc1,1
Cc1cccc2nc(-c3cc(=O)c(OCc4ccccc4)co3)c(NC3CCCCC3)n12,1
O=C(O)c1ccc(C2CC(c3cccc4ccccc34)=NN2c2ccccc2)cc1,1
O=C(O)C1CCCN1C(=O)c1ccc(C2CC(c3cccc4ccccc34)=NN2c2ccccc2)cc1,1
O=C(O)c1cc2c(ccc3ccccc32)oc1=O,1
O=C([O-])c1cc2c(ccc3ccccc32)oc1=O,1
c1csc(-c2cnc(-c3cccs3)c3nonc23)c1,1
COC(=O)c1ccc2c3ccc(C(=O)OC)c4c(C(=O)OC)ccc(c5ccc(C(=O)OC)c1c25)c43,1
CN(C)c1ccc(C2=Cc3cccc[n+]3[B-](F)(F)O2)cc1,1
CN(C)c1ccc(C2=Cc3c4ccccc4cc[n+]3[B-](F)(F)O2)cc1,1
CN(C)c1ccc(C2=Cc3c4ccccc4c4ccccc4[n+]3[B-](F)(F)O2)cc1,1
CC(C)(C)NC(=O)c1ccc2ccc3cccc4ccc1c2c34,1
CC(C)(C)N1C(=O)c2c(cc3ccc4cccc5ccc2c3c45)C1O,1
CCCCn1c(=O)c2cc3ccc4cccc5ccc(c2c1=O)c3c45,1
CC(C)n1c(=O)c2cc3ccc4cccc5ccc(c2c1=O)c3c45,1
CC(C)(C)n1c(=O)c2cc3ccc4cccc5ccc(c2c1=O)c3c45,1
O=c1c2cc3ccc4cccc5ccc(c2c(=O)n1-c1ccccc1)c3c45,1
CC(C)(C)NC(=O)c1cc2ccc3cccc4ccc(c1C(=O)NC(C)(C)C)c2c34,1
CN(C)c1ccc(/C=C/c2ccc(-c3ccc(/C=C/c4ccc(N(C)C)cc4)s3)s2)cc1,1
CCN(CC)c1ccc(/C=C/c2ccc(-c3ccc(/C=C/c4ccc(N(CC)CC)cc4)s3)s2)cc1,1
C(=C/c1ccc(-c2ccc(/C=C/c3ccc(-n4c5ccccc5c5ccccc54)cc3)s2)s1)\c1ccc(-n2c3ccccc3c3ccccc32)cc1,1
Cc1cc(C)c(C2=C3C=CC=[N+]3[B-]3(F)Oc4cc(O)cc5c6ccc(C)cc6c6cc2n3c6c45)c(C)c1,1
Cc1cc(C)c(C2=C3C=CC=[N+]3[B-]3(c4ccccc4)Oc4cc(O)cc5c6ccc(C)cc6c6cc2n3c6c45)c(C)c1,1
Cc1cc(C)c(C2=C3C=CC=[N+]3[B-]3(c4cccc5ccccc45)Oc4cc(O)cc5c6ccc(C)cc6c6cc2n3c6c45)c(C)c1,1
Cc1cc(C)c(C2=C3C=CC=[N+]3[B-]3(c4ccc5ccc6cccc7ccc4c5c67)Oc4cc(O)cc5c6ccc(C)cc6c6cc2n3c6c45)c(C)c1,1
CCCCC1(CCCC)c2cc(-c3ccc(C=C4C(=O)c5ccccc5C4=O)cc3)ccc2-c2ccc(-c3ccc(C=C4C(=O)c5ccccc5C4=O)cc3)cc21,1
CCCCCCCCC1(CCCCCCCC)c2cc(-c3ccc(C=C4C(=O)c5ccccc5C4=O)cc3)ccc2-c2ccc(-c3ccc(C=C4C(=O)c5ccccc5C4=O)cc3)cc21,1
CCCCCCCCCCCCC1(CCCCCCCCCCCC)c2cc(-c3ccc(C=C4C(=O)c5ccccc5C4=O)cc3)ccc2-c2ccc(-c3ccc(C=C4C(=O)c5ccccc5C4=O)cc3)cc21,1
c1ccc(-c2nn(-c3ccccc3)c3nc4ccccc4cc23)cc1,1
CN(C)c1ccc2nc3c(cc2c1)c(-c1ccccc1)nn3-c1ccccc1,1
c1ccc(-c2nn(-c3ccccc3)c3nc4ccc(N(c5ccccc5)c5ccccc5)cc4cc23)cc1,1
c1ccc(-c2nn(-c3ccccc3)c3nc4ccc(N(c5ccccc5)c5cccc6ccccc56)cc4cc23)cc1,1
c1ccc(-c2nn(-c3ccccc3)c3nc4ccc(-n5c6ccccc6c6ccccc65)cc4cc23)cc1,1
O=C1CCCc2c1[nH]c1cc3c(cc21)OCO3,1
c1csc(-c2ccc(-c3cccs3)c3nsnc23)c1,1
c1ccc(N(c2ccccc2)c2ccc(-c3ccc(-c4ccc(-c5cccs5)c5nsnc45)s3)cc2)cc1,1
c1ccc(N(c2ccccc2)c2ccc(-c3ccc(-c4ccc(-c5ccc(-c6ccc(N(c7ccccc7)c7ccccc7)cc6)s5)c5nsnc45)s3)cc2)cc1,1
COc1ccc(N(c2ccc(OC)cc2)c2ccc(-c3ccc(-c4ccc(-c5cccs5)c5nsnc45)s3)cc2)cc1,1
COc1ccc(N(c2ccc(OC)cc2)c2ccc(-c3ccc(-c4ccc(-c5ccc(-c6ccc(N(c7ccc(OC)cc7)c7ccc(OC)cc7)cc6)s5)c5nsnc45)s3)cc2)cc1,1
CCOC(=O)C1CC(c2c(C#N)c(C)nn2-c2ccccc2)=CN1c1ccc(Br)cc1,1
CC(=O)[B-]1(C(C)=O)OC(c2ccccc2)=CC(c2ccccc2)=[O+]1,1
COc1ccc(C2=CC(c3ccc(OC)cc3)=[O+][B-](C(C)=O)(C(C)=O)O2)cc1,1
CC(=O)[B-]1(C(C)=O)OC(C)=CC(c2ccc3ccccc3c2)=[O+]1,1
CC(=O)[B-]1(C(C)=O)OC(c2ccccc2)=CC(c2ccc3ccccc3c2)=[O+]1,1
COc1ccc(C2=CC(c3ccc4ccccc4c3)=[O+][B-](C(C)=O)(C(C)=O)O2)cc1,1
CC(=O)[B-]1(C(C)=O)OC(c2ccc3ccccc3c2)=CC(c2ccc3ccccc3c2)=[O+]1,1
O=C1O[B-]2(OC1=O)OC(c1ccccc1)=CC(c1ccccc1)=[O+]2,1
CC1=CC(c2ccc3ccccc3c2)=[O+][B-]2(OC(=O)C(=O)O2)O1,1
O=C1O[B-]2(OC1=O)OC(c1ccccc1)=CC(c1ccc3ccccc3c1)=[O+]2,1
O=C1O[B-]2(OC1=O)OC(c1ccc3ccccc3c1)=CC(c1ccc3ccccc3c1)=[O+]2,1
CC1=[O+][B-]2(OC(=O)C(=O)O2)OC(c2c3ccccc3cc3ccccc23)=C1,1
F[B-]1(F)OC(c2ccccc2)=CC(c2ccccc2)=[O+]1,1
F[B-]1(F)OC(c2ccc3ccccc3c2)=CC(c2ccc3ccccc3c2)=[O+]1,1
CC(C)(C)NC(=O)c1c([Si](C)(C)C)cc2ccc3cccc4ccc1c2c34,1
CC[Si](C)(C)c1cc2ccc3cccc4ccc(c1C(=O)NC(C)(C)C)c2c34,1
CC[Si](CC)(CC)c1cc2ccc3cccc4ccc(c1C(=O)NC(C)(C)C)c2c34,1
CCC[Si](CCC)(CCC)c1cc2ccc3cccc4ccc(c1C(=O)NC(C)(C)C)c2c34,1
CCOC(=O)C1(O)c2cc3ccc4cccc5ccc(c2C(=O)N1C(C)(C)C)c3c45,1
CN(C)c1ccc(/C=C/c2ccccn2)cc1,1
CCCCC(CC)COc1ccc2nc(-c3ccc(-c4ccccc4)s3)sc2c1,1
CCCCC(CC)COc1ccc2nc(-c3ccc(-c4cccs4)s3)sc2c1,1
CCCCC(CC)COc1ccc2nc(-c3ccc(-c4ccc(OC)cc4)s3)sc2c1,1
CCCCC(CC)COc1ccc2nc(-c3ccc(-c4ccc(N(C)C)cc4)s3)sc2c1,1
CCCCC(CC)COc1ccc2nc(-c3ccc(-c4c(C)noc4C)s3)sc2c1,1
COc1cc(/C=C/c2cc[n+](Cc3ccc(Br)cc3)cc2)ccc1O,1
COC1=C/C(=C\C=C2C=CN(Cc3ccc(Br)cc3)C=C2)C=CC1=O,1
COc1cc(OC)c2c3c([nH]c2c1)C(=O)CCC3,1
c1ccc(-n2cccc2)cc1,1
Cc1ccc(-n2cccc2)cc1,1
COc1ccc(-n2cccc2)cc1,1
CCN(CC)c1ccc(-n2cccc2)cc1,1
Cc1ccc(C)n1-c1ccccc1,1
Cc1ccc(-n2c(C)ccc2C)cc1,1
COc1ccc(-n2c(C)ccc2C)cc1,1
Cc1ccc(C)n1-c1ccc(N(C)C)cc1,1
CCN(CC)c1ccc(-n2c(C)ccc2C)cc1,1
COC(=O)/C=C/C=C/c1ccc(N(C)C)cc1,1
CCN(CC)c1ccc2cc(C#N)/c(=N\C(C)=O)oc2c1,1
CCN(CC)c1ccc2cc(C#N)/c(=N\C(=O)C(C)C)oc2c1,1
CCN(CC)c1ccc2cc(C#N)/c(=N\C(=O)c3ccccc3)oc2c1,1
CCN(CC)c1ccc2cc(C#N)/c(=N\C(=O)c3ccc(C)cc3)oc2c1,1
CCN(CC)c1ccc2cc(C#N)/c(=N\C(=O)c3ccc(F)cc3)oc2c1,1
CCN(CC)c1ccc2cc(C#N)/c(=N\C(=O)c3ccco3)oc2c1,1
CC(=O)Nc1ccccc1C(=O)OC1CC(C)CCC1C(C)C,1
C[n+]1c2c(c(-c3ccccc3)c3c1CCCC3)CCCC2,1
Nc1cc(N)cc(-c2nc3ccccc3s2)c1,1
Nc1cc([NH3+])cc(-c2nc3ccccc3s2)c1,1
[NH3+]c1cc([NH3+])cc(-c2nc3ccccc3s2)c1,1
[NH3+]c1cc([NH3+])cc(-c2[nH+]c3ccccc3s2)c1,1
[NH-]c1cc(N)cc(-c2nc3ccccc3s2)c1,1
CCN1C(=CC2=C([O-])C(=CC3=[N+](CC)c4ccccc4C3(C)C)C2=O)C(C)(C)c2ccccc21,1
CCN1C(=CC2=C([O-])C(=Cc3sc4ccccc4[n+]3CC)C2=O)Sc2ccccc21,1
CCN1C(=CC2=C([O-])C(=Cc3[se]c4ccccc4[n+]3CC)C2=O)[Se]c2ccccc21,1
CN1C(=CC2=C([O-])C(=CC3=[N+](C)c4ccc(Cl)cc4C3(C)C)C2=O)C(C)(C)c2cc(Cl)ccc21,1
CC[n+]1c(C=C2C(=O)C(C=C3N(C)c4ccccc4C3(C)C)=C2[O-])sc2ccccc21,1
CC[n+]1c(C=C2C(=O)C(C=C3N(C)c4ccccc4C3(C)C)=C2[O-])[se]c2ccccc21,1
CC[n+]1c(C=C2C(=O)C(C=C3N(C)c4ccc(Cl)cc4C3(C)C)=C2[O-])sc2ccccc21,1
CN1C(=CC2=C([O-])C(=CC3=[N+](C)c4ccccc4C3(C)C)C2=O)C(C)(C)c2cc(Cl)ccc21,1
CC[n+]1c(C=C2C(=O)C(C=C3N(C)c4ccc(Cl)cc4C3(C)C)=C2[O-])[se]c2ccccc21,1
CC[n+]1c(C=C2C(=O)C(C=C3Sc4cc(Cl)ccc4N3C)=C2[O-])[se]c2ccccc21,1
N#Cc1cc(-c2ccc(F)cc2)cnc1O,1
Cc1nn(-c2ccccc2)c(C2=NN(c3ccc(Br)cc3)[C@@H](c3ccccc3)[C@@H]2c2ccccc2)c1C#N,1
c1ccc(-n2c(-c3ccc(N(c4ccc(-c5ccc(N(c6ccc(-c7nc8c9ccccc9c9ccccc9c8n7-c7ccccc7)cc6)c6ccc(-c7nc8c9ccccc9c9ccccc9c8n7-c7ccccc7)cc6)cc5)cc4)c4ccc(-c5nc6c7ccccc7c7ccccc7c6n5-c5ccccc5)cc4)cc3)nc3c4ccccc4c4ccccc4c32)cc1,1
Cc1ccc(-n2c(-c3ccc(N(c4ccc(-c5ccc(N(c6ccc(-c7nc8c9ccccc9c9ccccc9c8n7-c7ccc(C)cc7)cc6)c6ccc(-c7nc8c9ccccc9c9ccccc9c8n7-c7ccc(C)cc7)cc6)cc5)cc4)c4ccc(-c5nc6c7ccccc7c7ccccc7c6n5-c5ccc(C)cc5)cc4)cc3)nc3c4ccccc4c4ccccc4c32)cc1,1
CC(C)(C)c1ccc(-n2c(-c3ccc(N(c4ccc(-c5ccc(N(c6ccc(-c7nc8c9ccccc9c9ccccc9c8n7-c7ccc(C(C)(C)C)cc7)cc6)c6ccc(-c7nc8c9ccccc9c9ccccc9c8n7-c7ccc(C(C)(C)C)cc7)cc6)cc5)cc4)c4ccc(-c5nc6c7ccccc7c7ccccc7c6n5-c5ccc(C(C)(C)C)cc5)cc4)cc3)nc3c4ccccc4c4ccccc4c32)cc1,1
FC(F)(F)c1ccc(-n2c(-c3ccc(N(c4ccc(-c5ccc(N(c6ccc(-c7nc8c9ccccc9c9ccccc9c8n7-c7ccc(C(F)(F)F)cc7)cc6)c6ccc(-c7nc8c9ccccc9c9ccccc9c8n7-c7ccc(C(F)(F)F)cc7)cc6)cc5)cc4)c4ccc(-c5nc6c7ccccc7c7ccccc7c6n5-c5ccc(C(F)(F)F)cc5)cc4)cc3)nc3c4ccccc4c4ccccc4c32)cc1,1
COc1cc(OC)cc(C2=C3C(C)=C(I)C(C)=[N+]3[B-](F)(F)n3c(C)c(I)c(C)c32)c1,1
COc1cc(OC)cc(C2=C3C(C)=C(I)C(C)=[N+]3[B-](F)(F)n3c(/C=C/c4c[nH]c5ccccc45)c(I)c(C)c32)c1,1
C=O.COCCOCCCOc1ccc(/C=C/c2c(I)c(C)c3n2[B-](F)(F)[N+]2=C(C)C(I)=C(C)C2=C3c2cc(OC)cc(OC)c2)cc1,1
COc1cc(OC)cc(C2=C3C(C)=C(I)C(C)=[N+]3[B-](F)(F)n3c(/C=C/c4ccsc4)c(I)c(C)c32)c1,1
COc1cc(OC)cc(C2=C3C(C)=C(I)C(C)=[N+]3[B-](F)(F)n3c(/C=C/c4c[nH]c5ccc([N+](=O)[O-])cc45)c(I)c(C)c32)c1,1
CCOC(=O)c1[nH]c(C)c(/C=C/c2c(I)c(C)c3n2[B-](F)(F)[N+]2=C(C)C(I)=C(C)C2=C3c2cc(OC)cc(OC)c2)c1C,1
COc1cc(OC)cc(C2=C3C(C)=C(I)C(/C=C/c4c[nH]c5ccccc45)=[N+]3[B-](F)(F)n3c(/C=C/c4c[nH]c5ccccc45)c(I)c(C)c32)c1,1
COCCOCCOCCOc1ccc(/C=C/C2=[N+]3C(=C(c4cc(OC)cc(OC)c4)c4c(C)c(I)c(/C=C/c5ccc(OCCOCCOCCOC)cc5)n4[B-]3(F)F)C(C)=C2I)cc1,1
COc1cc(OC)cc(C2=C3C(C)=C(I)C(/C=C/c4ccsc4)=[N+]3[B-](F)(F)n3c(/C=C/c4ccsc4)c(I)c(C)c32)c1,1
COc1cc(OC)cc(C2=C3C(C)=C(I)C(/C=C/c4c[nH]c5ccc([N+](=O)[O-])cc45)=[N+]3[B-](F)(F)n3c(/C=C/c4c[nH]c5ccc([N+](=O)[O-])cc45)c(I)c(C)c32)c1,1
CCOC(=O)c1[nH]c(C)c(/C=C/C2=[N+]3C(=C(c4cc(OC)cc(OC)c4)c4c(C)c(I)c(/C=C/c5c(C)[nH]c(C(=O)OCC)c5C)n4[B-]3(F)F)C(C)=C2I)c1C,1
Cc1ccc(-c2nc(-c3ccc(-c4nc(-c5ccc(C)cc5)c(-c5ccc(C)cc5)[nH]4)cc3)[nH]c2-c2ccc(C)cc2)cc1,1
Brc1ccc(-c2nc(-c3ccc(-c4nc(-c5ccc(Br)cc5)c(-c5ccc(Br)cc5)[nH]4)cc3)[nH]c2-c2ccc(Br)cc2)cc1,1
c1ccc2c(c1)c1ccccc1c1[nH]c(-c3ccc(-c4nc5c6ccccc6c6ccccc6c5[nH]4)cc3)nc21,1
c1cnc2c(c1)c1nc(-c3ccc(-c4nc5c6cccnc6c6ncccc6c5[nH]4)cc3)[nH]c1c1cccnc12,1
Cn1cc(/C=C/C(=O)c2ccccc2)c2ccccc21,1
CCCCCCCCCCCCCCCCCCN1C(=O)c2cccc3c(OCCN(C)C)ccc(c23)C1=O,1
CN(C)c1ccc(C=CC(=O)c2ccccc2)cc1,1
CN(C)c1ccc(C=C2Cc3ccccc3C2=O)cc1,1
CN(C)c1ccc(-c2cc(=O)c3ccccc3o2)cc1,1
CN(C)c1ccc2c(c1)COc1c-2oc2ccccc2c1=O,1
COC(=O)C(Cc1ccc2oc(-c3c4ccccc4cc4ccccc34)nc2c1)NC(=O)OC(C)(C)C,1
CCCCc1c2ccccc2c(-c2ccc(-c3nc4cc(CC(NC(=O)OC(C)(C)C)C(=O)OC)ccc4o3)cc2)c2ccccc12,1
O=C(O)c1ccc2cc3cc(C(=O)O)ccc3cc2c1,1
O=C([O-])c1ccc2cc3cc(C(=O)[O-])ccc3cc2c1,1
O=C(O)c1ccc(C(=O)O)c2cc3ccccc3cc12,1
O=C([O-])c1ccc(C(=O)[O-])c2cc3ccccc3cc12,1
O=C(O)c1c2ccccc2c(C(=O)O)c2ccccc12,1
O=C([O-])c1c2ccccc2c(C(=O)[O-])c2ccccc12,1
CNc1ccc(/C=C/C#N)cc1,1
CNc1cccc2c1C(=O)c1ccccc1C2=O,1
CN(C)c1cccc2c1C(=O)c1ccccc1C2=O,1
CC(C)(C)/C=C/C1=[N+]2C(=C(c3c4ccccc4cc4ccccc34)c3ccc(/C=C/C(C)(C)C)n3[B-]2(F)F)C=C1,1
CC1=[N+]2C(=C(c3c4ccccc4cc4ccccc34)c3ccc(C)n3[B-]2(F)F)C=C1,1
CC1=[N+]2C(=C(c3c4ccccc4cc4ccccc34)c3ccc(/C=C/C(C)(C)C)n3[B-]2(F)F)C=C1,1
CC1=CC(C)=[N+]2C1=C(c1ccc(I)cc1)c1c(C)cc(C)n1[B-]2(F)F,1
CO[B-]1(OC)n2c(C)cc(C)c2C(c2ccc(I)cc2)=C2C(C)=CC(C)=[N+]21,1
CCO[B-]1(OCC)n2c(C)cc(C)c2C(c2ccc(I)cc2)=C2C(C)=CC(C)=[N+]21,1
CC1=CC(C)=[N+]2C1=C(c1ccc(I)cc1)c1c(C)cc(C)n1[B-]2(OC(C)C)OC(C)C,1
CC1=CC(C)=[N+]2C1=C(c1ccc(I)cc1)c1c(C)cc(C)n1[B-]2(OCc1ccccc1)OCc1ccccc1,1
CC1=CC(C)=[N+]2C1=C(c1ccc(I)cc1)c1c(C)cc(C)n1[B-]2(Oc1ccccc1)Oc1ccccc1,1
COc1ccc(O[B-]2(Oc3ccc(OC)cc3)n3c(C)cc(C)c3C(c3ccc(I)cc3)=C3C(C)=CC(C)=[N+]32)cc1,1
CC1=CC(C)=[N+]2C1=C(c1ccc(I)cc1)c1c(C)cc(C)n1[B-]2(Oc1ccc(Cl)cc1)Oc1ccc(Cl)cc1,1
CC1=CC(C)=[N+]2C1=C(c1ccc(I)cc1)c1c(C)cc(C)n1[B-]2(Oc1ccc([N+](=O)[O-])cc1)Oc1ccc([N+](=O)[O-])cc1,1
CC1=CC(C)=[N+]2C1=C(c1ccc(I)cc1)c1c(C)cc(C)n1[B-]21Oc2ccc3ccccc3c2-c2c(ccc3ccccc23)O1,1
CC1=CC(C)=[N+]2C1=C(c1ccc(I)cc1)c1c(C)cc(C)n1[B-]21OCCO1,1
CC1=CC(C)=[N+]2C1=C(c1ccc(I)cc1)c1c(C)cc(C)n1[B-]2(O)O,1
CCN1C(=O)C(C2C(=O)c3c4ccccc4cc4cc5ccccc5c2c34)SC1=S,1
O=C1c2ccccc2C(=O)C1C1C(=O)c2c3ccccc3cc3cc4ccccc4c1c23,1
O=C1C(=c2c(=O)c3c4ccccc4cc4cc5ccccc5c2c43)C(=O)c2ccccc21,1
CCN1C(=O)C(C2C(=O)c3c4ccccc4cc4cc5ccccc5c2c34)C(=O)N(CC)C1=S,1
CN(C)c1ccc(/C=C/c2cc[n+](C)cc2)cc1,1
CN(C)c1ccc(/C=C/c2cc[n+](CCC[n+]3ccc(/C=C/c4ccc(N(C)C)cc4)cc3)cc2)cc1,1
CN(C)c1ccc(/C=C/c2cc[n+](CCCCC[n+]3ccc(/C=C/c4ccc(N(C)C)cc4)cc3)cc2)cc1,1
CN(C)c1ccc(/C=C/c2cc[n+](CCCCCCCCCCCC[n+]3ccc(/C=C/c4ccc(N(C)C)cc4)cc3)cc2)cc1,1
Cc1ccc(C2=C3C=CC(C#Cc4ccccc4)=[N+]3[B-](F)(F)n3c(Cl)ccc32)cc1,1
Cc1ccc(C2=C3C=CC(/C=C/c4ccccc4)=[N+]3[B-](F)(F)n3c(Cl)ccc32)cc1,1
Cc1ccc(C2=C3C=CC(/C=C/c4ccccc4)=[N+]3[B-](F)(F)n3c(/C=C/c4ccccc4)ccc32)cc1,1
Cc1ccc(C2=C3C=CC(c4ccccc4)=[N+]3[B-](F)(F)n3c(Cl)ccc32)cc1,1
Cc1ccc(C2=C3C=CC(c4ccccc4)=[N+]3[B-](F)(F)n3c2ccc3-c2ccccc2)cc1,1
COc1ccc2n1[B-](F)(F)[N+]1=C(c3ccccc3)C=CC1=C2c1ccc(C)cc1,1
CCCCCCCCCCCCCCCCCCC1=[N+]2C(=C(NCCS(=O)(=O)[O-])c3ccc(CCCCCCCCCCCCCCCCCC)n3[B-]2(F)F)C=C1.[Na+],1
COc1ccc(C#Cc2ccc(-c3nn[nH]n3)cc2)cc1OC,1
Cc1c2oc3c(C)c(N)cc(C(=O)NC4OC(=O)C(C(C)C)N(C)C(=O)CN(C)C(=O)C5CCCN5C(=O)C(C(C)C)NC4=O)c3nc-2c(C(=O)NC2OC(=O)C(C(C)C)N(C)C(=O)CN(C)C(=O)C3CCCN3C(=O)C(C(C)C)NC2=O)c(N)c1=O,1
O=C(O)c1c2ccccc2nc2ccccc12,1
COC(=O)c1c2ccccc2nc2ccccc12,1
Nc1ccc(/C=C/c2ccccc2)cc1,1
CN(C)c1ccc(/C=C/c2ccccc2)cc1,1
C(=C/c1ccc(Nc2ccccc2)cc1)\c1ccccc1,1
CN(c1ccccc1)c1ccc(/C=C/c2ccccc2)cc1,1
C(=C/c1ccc(N(c2ccccc2)c2ccccc2)cc1)\c1ccccc1,1
Cc1cccc(C)c1Nc1ccc(/C=C/c2ccccc2)cc1,1
Nc1ccc(/C=C/c2cccnc2)cc1,1
C(=C/c1cccnc1)\c1ccc(Nc2ccccc2)cc1,1
C(=C/c1cccnc1)\c1ccc(N(c2ccccc2)c2ccccc2)cc1,1
Cc1cccc(C)c1Nc1ccc(/C=C/c2cccnc2)cc1,1
Nc1ccc(/C=C/c2ccc3ccccc3c2)cc1,1
C(=C/c1ccc2ccccc2c1)\c1ccc(Nc2ccccc2)cc1,1
C(=C/c1ccc2ccccc2c1)\c1ccc(N(c2ccccc2)c2ccccc2)cc1,1
Cc1cccc(C)c1Nc1ccc(/C=C/c2ccc3ccccc3c2)cc1,1
Cc1csc(C)c1C1=C(c2c(C)sc(-c3ccc(-c4nc(-c5ccccc5)c(-c5ccccc5)[nH]4)cc3)c2C)C(F)(F)C(F)(F)C1(F)F,1
Cc1cc(C2=C(c3c(C)sc(-c4ccc(-c5nc(-c6ccccc6)c(-c6ccccc6)[nH]5)cc4)c3C)C(F)(F)C(F)(F)C2(F)F)c(C)s1,1
Cc1cc(C)c(C2=C(c3c(C)sc(-c4ccc(-c5nc(-c6ccccc6)c(-c6ccccc6)[nH]5)cc4)c3C)C(F)(F)C(F)(F)C2(F)F)s1,1
Cc1sc(-c2ccc(-c3nc(-c4ccccc4)c(-c4ccccc4)[nH]3)cc2)c(C)c1C1=C(c2c(C)n(C)c3ccccc23)C(F)(F)C(F)(F)C1(F)F,1
CN(C)c1c2ccccc2cc2ccccc12,1
C[NH+](C)c1c2ccccc2cc2ccccc12,1
c1ccc([B-]2(c3ccccc3)Oc3ccc4ccccc4c3-c3c4ccccc4cc[n+]32)cc1,1
c1ccc([B-]2(c3ccccc3)Oc3ccc4ccccc4c3-c3c4ccccc4nc[n+]32)cc1,1
c1ccc([B-]2(c3ccccc3)Oc3ccc4ccccc4c3-c3c4ccccc4cn[n+]32)cc1,1
c1ccc(N2c3ccc4ccccc4c3-c3c4ccccc4cc[n+]3[B-]2(c2ccccc2)c2ccccc2)cc1,1
c1ccc(N2c3ccc4ccccc4c3-c3c4ccccc4nc[n+]3[B-]2(c2ccccc2)c2ccccc2)cc1,1
c1ccc(N2c3ccc4ccccc4c3-c3c4ccccc4cn[n+]3[B-]2(c2ccccc2)c2ccccc2)cc1,1
COc1ccc(N2c3ccc4ccccc4c3-c3c4ccccc4cc[n+]3[B-]2(c2ccccc2)c2ccccc2)cc1,1
CC1=N/C(=C\c2cccc(N(C)C)c2)C(=O)N1C,1
CC1=N/C(=C\c2cccc(N(C)C)c2)C(=O)N1CCO,1
COCCN1C(=O)/C(=C/c2cccc(N(C)C)c2)N=C1C,1
CC(O)CC1=N/C(=C\c2cccc(N(C)C)c2)C(=O)N1C,1
COC(C)CC1=N/C(=C\c2cccc(N(C)C)c2)C(=O)N1C,1
CC1(C)C(/C=C/C2=C(Cl)/C(=C/C=C3/N(CCCS(=O)(=O)[O-])c4ccccc4C3(C)C)CCC2)=[N+](CCCS(=O)(=O)[O-])c2ccccc21,1
CC1(C)C(/C=C/C2=C(Oc3ccc(CCN=C=S)cc3)/C(=C/C=C3/N(CCCS(=O)(=O)[O-])c4ccccc4C3(C)C)CCC2)=[N+](CCCS(=O)(=O)[O-])c2ccccc21,1
CC1(C)C(/C=C/C2=C(Oc3ccc(CCN=C=S)cc3I)/C(=C/C=C3/N(CCCS(=O)(=O)[O-])c4ccccc4C3(C)C)CCC2)=[N+](CCCS(=O)(=O)[O-])c2ccccc21,1
CC1(C)C(/C=C/C2=C(Oc3ccc(CCN=C=S)cc3Br)/C(=C/C=C3/N(CCCS(=O)(=O)[O-])c4ccccc4C3(C)C)CCC2)=[N+](CCCS(=O)(=O)[O-])c2ccccc21,1
CC1(C)C(/C=C/C2=C(Oc3ccc(CCN=C=S)cc3Cl)/C(=C/C=C3/N(CCCS(=O)(=O)[O-])c4ccccc4C3(C)C)CCC2)=[N+](CCCS(=O)(=O)[O-])c2ccccc21,1
CC1(C)C(/C=C/C2=C(Oc3ccc(CCN=C=S)cc3F)/C(=C/C=C3/N(CCCS(=O)(=O)[O-])c4ccccc4C3(C)C)CCC2)=[N+](CCCS(=O)(=O)[O-])c2ccccc21,1
COc1ccc(C2=C3C(C)=CC(C)=[N+]3[B-](F)(F)n3c(/C=C/c4ccc(N(C)C)cc4)cc(C)c32)cc1,1
CC(C)(C)c1ccc2c(c1)c1cc(C(C)(C)C)ccc1n2-c1ccc(C#Cc2ccc3c4ccc(C#Cc5ccc(C=O)cc5)cc4n(-c4ccc(C(F)(F)F)cc4)c3c2)cc1,1
CC(C)(C)c1ccc2c(c1)c1cc(C(C)(C)C)ccc1n2-c1ccc(C#Cc2ccc3c4ccc(C#Cc5ccc(C=C(C#N)C#N)cc5)cc4n(-c4ccc(C(F)(F)F)cc4)c3c2)cc1,1
CC(C)(C)c1ccc2c(c1)c1cc(C(C)(C)C)ccc1n2-c1ccc(C#Cc2ccc3c4ccc(C#Cc5ccc(/C=C(/C#N)C(=O)O)cc5)cc4n(-c4ccc(C(F)(F)F)cc4)c3c2)cc1,1
CC(C)(C)c1ccc2c(c1)c1cc(C(C)(C)C)ccc1n2-c1ccc(C#Cc2ccc3c4ccc(C#Cc5ccc(-n6c7ccc(C(C)(C)C)cc7c7cc(C(C)(C)C)ccc76)cc5)cc4n(-c4ccc(C(F)(F)F)cc4)c3c2)cc1,1
C(=C/c1ccccc1/C=C/c1c2ccccc2cc2ccccc12)\c1ccncc1,1
C(=C/c1cccc(/C=C/c2c3ccccc3cc3ccccc23)c1)\c1ccncc1,1
C(=C/c1ccc(/C=C/c2c3ccccc3cc3ccccc23)cc1)\c1ccncc1,1
CN(C)c1ccc(C(=O)c2ccccc2)cc1,1
CC1(C)c2ccccc2N(c2ccc3c(c2)C(C)(C)c2cc(N4c5ccccc5C(C)(C)c5ccccc54)ccc2S3(=O)=O)c2ccccc21,1
CC1(C)c2ccccc2N(c2ccc3c(c2)S(=O)(=O)c2cc(N4c5ccccc5C(C)(C)c5ccccc54)ccc2C3(C)C)c2ccccc21,1
Cc1cc2c(cc1N1c3ccccc3C(C)(C)c3ccccc31)C(C)(C)c1cc(N3c4ccccc4C(C)(C)c4ccccc43)c(C)cc1S2(=O)=O,1
Cc1ccc2c(c1)C(C)(C)c1cc(C)ccc1N2c1ccc2c(c1)C(C)(C)c1cc(N3c4ccc(C)cc4C(C)(C)c4cc(C)ccc43)ccc1S2(=O)=O,1
N#Cc1cc(-n2c3ccccc3c3ccccc32)nc(-n2c3ccccc3c3ccccc32)n1,1
N#Cc1nc(-n2c3ccccc3c3ccccc32)cc(-n2c3ccccc3c3ccccc32)n1,1
c1ccc(-c2nc(-c3ccccc3)nc(-c3ccc(-n4c5ccccc5c5cc6c(cc54)C4(c5ccccc5-c5ccccc54)c4ccccc4-6)cc3)n2)cc1,1
c1ccc(-c2nc(-c3ccccc3)nc(-c3ccc(-n4c5ccccc5c5cc6c(cc54)C(c4ccccc4)(c4ccccc4)c4ccccc4-6)cc3)n2)cc1,1
CC1(C)c2ccccc2-c2cc3c4ccccc4n(-c4ccc(-c5nc(-c6ccccc6)nc(-c6ccccc6)n5)cc4)c3cc21,1
c1ccc(-c2nc(-c3ccccc3)nc(-c3ccc(-n4c5ccccc5c5c6c(ccc54)-c4ccccc4C6(c4ccccc4)c4ccccc4)cc3)n2)cc1,1
c1ccc(-n2c3ccccc3c3c2c2ccccc2n3-c2ccccc2)cc1,1
N#Cc1ccc(-n2c3ccccc3c3c2c2ccccc2n3-c2ccccc2)cc1,1
O=S(=O)(c1ccccc1)c1ccc(-n2c3ccccc3c3c2c2ccccc2n3-c2ccccc2)cc1,1
O=C(c1ccccc1)c1ccc(-n2c3ccccc3c3c2c2ccccc2n3-c2ccccc2)cc1,1
c1ccc(-c2nc(-c3ccccc3)nc(-c3ccc(-n4c5ccccc5c5c4c4ccccc4n5-c4ccccc4)cc3)n2)cc1,1
O=[N+]([O-])c1ccc(-n2c3ccccc3c3c2c2ccccc2n3-c2ccccc2)cc1,1
N#Cc1c(-n2c3ccccc3c3ccccc32)cc(N2c3ccccc3C(c3ccccc3)(c3ccccc3)c3ccccc32)cc1-n1c2ccccc2c2ccccc21,1
CC(C)(C)c1ccc2c(c1)c1cc(C(C)(C)C)ccc1n2-c1cc(N2c3ccccc3C(c3ccccc3)(c3ccccc3)c3ccccc32)cc(-n2c3ccc(C(C)(C)C)cc3c3cc(C(C)(C)C)ccc32)c1C#N,1
N#Cc1c(-c2ccccc2)cc(N2c3ccccc3Oc3ccccc32)cc1-c1ccccc1,1
N#Cc1cc(-c2ccccc2)c(N2c3ccccc3Oc3ccccc32)c(-c2ccccc2)c1,1
Cc1cc(C)c(B(c2ccccc2N2c3ccccc3Oc3ccccc32)c2c(C)cc(C)cc2C)c(C)c1,1
Cc1cc(C)c(B(c2ccccc2N(c2ccccc2)c2ccccc2)c2c(C)cc(C)cc2C)c(C)c1,1
Cc1cc(C)c(B(c2ccccc2-n2c3ccccc3c3ccccc32)c2c(C)cc(C)cc2C)c(C)c1,1
Cc1cc(C)c(B(c2ccc(N(c3ccccc3)c3ccccc3)cc2)c2c(C)cc(C)cc2C)c(C)c1,1
Cc1cc(C)c(B(c2ccc(-n3c4ccccc4c4ccccc43)cc2)c2c(C)cc(C)cc2C)c(C)c1,1
CC(C)(C)c1ccc2c(c1)c1cc(C(C)(C)C)ccc1n2-c1ccc(-c2nc3cc(C#N)c(C#N)cc3nc2-c2ccc(-n3c4ccc(C(C)(C)C)cc4c4cc(C(C)(C)C)ccc43)cc2)cc1,1
CC1(C)c2ccccc2N(c2ccc(-c3nc4cc(C#N)c(C#N)cc4nc3-c3ccc(N4c5ccccc5C(C)(C)c5ccccc54)cc3)cc2)c2ccccc21,1
CC(C)(C)c1ccc2c(c1)c1cc(C(C)(C)C)ccc1n2-c1ccc(-c2nc3c(C#N)ccc(C#N)c3nc2-c2ccc(-n3c4ccc(C(C)(C)C)cc4c4cc(C(C)(C)C)ccc43)cc2)cc1,1
CC1(C)c2ccccc2N(c2ccc(-c3nc4c(C#N)ccc(C#N)c4nc3-c3ccc(N4c5ccccc5C(C)(C)c5ccccc54)cc3)cc2)c2ccccc21,1
Cc1cc(-n2c3ccccc3c3ccccc32)ccc1-c1ccc(S(=O)(=O)c2ccccc2)cc1C,1
Cc1cc(-n2c3ccccc3c3cc(C#N)ccc32)ccc1-c1ccc(S(=O)(=O)c2ccccc2)cc1C,1
O=S(=O)(c1ccc(N2c3ccccc3Sc3ccccc32)cc1)c1ccc(-n2c3ccccc3c3ccccc32)cc1,1
F[B-]1(F)Oc2ccccc2-c2cc(-n3c4ccccc4c4ccccc43)cc[n+]21,1
CC(C)(C)c1ccc2c(c1)c1cc(C(C)(C)C)ccc1n2-c1cc[n+]2c(c1)-c1ccccc1O[B-]2(F)F,1
F[B-]1(F)Oc2ccccc2-c2cc(-n3c4ccc(-c5ccccc5)cc4c4cc(-c5ccccc5)ccc43)cc[n+]21,1
CC1(C)c2ccccc2N(c2cc[n+]3c(c2)-c2ccccc2O[B-]3(F)F)c2ccccc21,1
Cc1nn(-c2ccccc2)c2c1c(=O)oc1ccc(-n3c4ccccc4c4ccccc43)cc12,1
Cc1nn(-c2ccccc2)c2c1c(=O)oc1ccc(-n3c4ccccc4c4cc(-n5c6ccccc6c6ccccc65)ccc43)cc12,1
Cc1cc2cc(N3c4ccccc4Oc4ccccc43)ccc2c(=O)o1,1
O=c1oc2ccccc2c2cc(N3c4ccccc4Oc4ccccc43)ccc12,1
N#Cc1cc(N2c3ccccc3Sc3ccccc32)cc(N2c3ccccc3Sc3ccccc32)c1,1
N#Cc1cc(N2c3ccccc3Oc3ccccc32)cc(N2c3ccccc3Oc3ccccc32)c1,1
O=P(c1ccccc1)(c1ccccc1)c1cccc(-n2c(-c3ccccc3P(=O)(c3ccccc3)c3ccccc3)nc3ccccc32)c1,1
O=P(c1ccccc1)(c1ccccc1)c1ccc(-n2c(-c3ccccc3P(=O)(c3ccccc3)c3ccccc3)nc3ccccc32)cc1,1
O=P(c1ccccc1)(c1ccccc1)c1cccc(-c2nc3ccccc3n2-c2cccc(P(=O)(c3ccccc3)c3ccccc3)c2)c1,1
O=P(c1ccccc1)(c1ccccc1)c1ccc(-n2c(-c3cccc(P(=O)(c4ccccc4)c4ccccc4)c3)nc3ccccc32)cc1,1
O=P(c1ccccc1)(c1ccccc1)c1ccc(-c2nc3ccccc3n2-c2cccc(P(=O)(c3ccccc3)c3ccccc3)c2)cc1,1
O=P(c1ccccc1)(c1ccccc1)c1ccc(-c2nc3ccccc3n2-c2ccc(P(=O)(c3ccccc3)c3ccccc3)cc2)cc1,1
N#Cc1nc2c3ccc(-n4c5ccccc5c5ccccc54)cc3c3cc(-n4c5ccccc5c5ccccc54)ccc3c2nc1C#N,1
N#Cc1nc2c3ccc(-c4ccc(-n5c6ccccc6c6ccccc65)cc4)cc3c3cc(-c4ccc(-n5c6ccccc6c6ccccc65)cc4)ccc3c2nc1C#N,1
N#Cc1nc2c3ccc(N(c4ccccc4)c4ccccc4)cc3c3cc(N(c4ccccc4)c4ccccc4)ccc3c2nc1C#N,1
N#Cc1nc2c3ccc(-c4ccc(N(c5ccccc5)c5ccccc5)cc4)cc3c3cc(-c4ccc(N(c5ccccc5)c5ccccc5)cc4)ccc3c2nc1C#N,1
CC1(C)c2ccccc2N(c2ccc3c(c2)c2cc(N4c5ccccc5C(C)(C)c5ccccc54)ccc2c2nc(C#N)c(C#N)nc32)c2ccccc21,1
CC1(C)c2ccccc2N(c2ccc(-c3ccc4c(c3)c3cc(-c5ccc(N6c7ccccc7C(C)(C)c7ccccc76)cc5)ccc3c3nc(C#N)c(C#N)nc43)cc2)c2ccccc21,1
COc1ccc2c(c1)c1cc(OC)ccc1n2-c1ccc2c(c1)-c1cc(-n3c4ccc(OC)cc4c4cc(OC)ccc43)ccc1P2(=O)c1ccccc1,1
CC1(C)c2ccccc2N(c2ccc3c(c2)-c2cc(N4c5ccccc5C(C)(C)c5ccccc54)ccc2P3(=O)c2ccccc2)c2ccccc21,1
O=P1(c2ccccc2)c2ccc(N3c4ccccc4Oc4ccccc43)cc2-c2cc(N3c4ccccc4Oc4ccccc43)ccc21,1
O=P1(c2ccccc2)c2ccc(N3c4ccccc4Sc4ccccc43)cc2-c2cc(N3c4ccccc4Sc4ccccc43)ccc21,1
O=P1(c2ccccc2)c2cc(N3c4ccccc4Oc4ccccc43)ccc2-c2ccc(N3c4ccccc4Oc4ccccc43)cc21,1
O=P1(c2ccccc2)c2cc(N3c4ccccc4Sc4ccccc43)ccc2-c2ccc(N3c4ccccc4Sc4ccccc43)cc21,1
CC1(C)c2ccccc2N(c2ccc(C(=C(C#N)C#N)c3ccc(N4c5ccccc5C(C)(C)c5ccccc54)cc3)cc2)c2ccccc21,1
CC(C)(C)c1ccc2c(c1)c1cc(C(C)(C)C)ccc1n2-c1ccc(C(=C(C#N)C#N)c2ccc(-n3c4ccc(C(C)(C)C)cc4c4cc(C(C)(C)C)ccc43)cc2)cc1,1
N#CC(C#N)=C(c1ccc(-n2ccc3ccccc32)cc1)c1ccc(-n2ccc3ccccc32)cc1,1
CC1(C)c2ccccc2N(c2ccc(C(=CC#N)c3ccc(N4c5ccccc5C(C)(C)c5ccccc54)cc3)cc2)c2ccccc21,1
CC(C)(C)c1ccc2c(c1)c1cc(C(C)(C)C)ccc1n2-c1ccc(C(=CC#N)c2ccc(-n3c4ccc(C(C)(C)C)cc4c4cc(C(C)(C)C)ccc43)cc2)cc1,1
N#CC=C(c1ccc(N2c3ccccc3Oc3ccccc32)cc1)c1ccc(N2c3ccccc3Oc3ccccc32)cc1,1
CC1(C)c2ccccc2N(c2ccc(-c3nnc(-c4ccccc4O)o3)cc2)c2ccccc21,1
CC1(C)c2ccccc2N(c2ccc(-c3n[n+]4c(o3)-c3ccccc3O[B-]4(F)F)cc2)c2ccccc21,1
CC(C)(C)c1cc2ccc3c(-c4ccc(N(c5ccccc5)c5ccccc5)cc4)ccc4c5nc6cc(C#N)c(C#N)cc6nc5c(c1)c2c34,1
C[n+]1ccn(CCCCc2ccc3c(c2)c2ccccc2n3-c2cc(C#N)c(C#N)cc2F)c1,1
C[n+]1ccn(CCCCc2ccc3c(c2)c2ccccc2n3-c2cc(C#N)c(C#N)cc2-n2c3ccccc3c3cc(CCCCn4cc[n+](C)c4)ccc32)c1,1
O=c1c2ccccc2n2c3ccc(-c4ccccc4)cc3c(=O)c3cccc1c32,1
O=c1c2ccccc2n2c3ccccc3c(=O)c3cc(-c4ccccc4)cc1c32,1
O=P(c1ccccc1)(c1ccccc1)c1ccc(N2c3ccccc3Oc3ccccc32)cc1,1
O=P(c1ccccc1)(c1ccc(N2c3ccccc3Oc3ccccc32)cc1)c1ccc(N2c3ccccc3Oc3ccccc32)cc1,1
O=P(c1ccc(N2c3ccccc3Oc3ccccc32)cc1)(c1ccc(N2c3ccccc3Oc3ccccc32)cc1)c1ccc(N2c3ccccc3Oc3ccccc32)cc1,1
N#Cc1cc2nc3c(nc2cc1C#N)C1c2ccc(N(c4ccccc4)c4ccccc4)cc2C3c2ccc(N(c3ccccc3)c3ccccc3)cc21,1
N#Cc1nc2c(nc1C#N)C1c3ccc(N(c4ccccc4)c4ccccc4)cc3C2c2ccc(N(c3ccccc3)c3ccccc3)cc21,1
CC1(C)c2ccccc2N(c2ccc3c(c2)c2ccccc2c2nc4ccccc4nc32)c2ccccc21,1
CC1(C)c2ccccc2N(c2ccc3c(c2)c2cc(N4c5ccccc5C(C)(C)c5ccccc54)ccc2c2nc4ccccc4nc32)c2ccccc21,1
CC1(C)c2ccccc2N(c2ccc3nc4c5ccc(N6c7ccccc7C(C)(C)c7ccccc76)cc5c5cc(N6c7ccccc7C(C)(C)c7ccccc76)ccc5c4nc3c2)c2ccccc21,1
c1ccc2nc(-n3c4ccccc4c4ccccc43)c(-n3c4ccccc4c4ccccc43)nc2c1,1
CC(C)(C)c1ccc2c(c1)c1cc(C(C)(C)C)ccc1n2-c1nc2ccccc2nc1-n1c2ccc(C(C)(C)C)cc2c2cc(C(C)(C)C)ccc21,1
COc1ccc2c(c1)c1ccccc1n2-c1nc2ccccc2nc1-n1c2ccccc2c2cc(OC)ccc21,1
COc1ccc2c(c1)c1cc(OC)ccc1n2-c1nc2ccccc2nc1-n1c2ccc(OC)cc2c2cc(OC)ccc21,1
CCCCc1ccc2c(c1)c1cc(CCCC)ccc1n2-c1ccc(S(=O)(=O)c2ccc(S(=O)(=O)c3ccc(-n4c5ccc(CCCC)cc5c5cc(CCCC)ccc54)cc3)cc2)cc1,1
Cc1cc(C)c(N(c2ccccc2)c2ccc(S(=O)(=O)c3ccc(S(=O)(=O)c4ccc(N(c5ccccc5)c5c(C)cc(C)cc5C)cc4)cc3)cc2)c(C)c1,1
CC(C)(C)c1ccccc1N(c1ccccc1)c1ccc(S(=O)(=O)c2ccc(S(=O)(=O)c3ccc(N(c4ccccc4)c4ccccc4C(C)(C)C)cc3)cc2)cc1,1
CC(C)(C)c1ccc(N(c2ccc(S(=O)(=O)c3ccc(S(=O)(=O)c4ccc(N(c5ccc(C(C)(C)C)cc5)c5ccccc5C(C)(C)C)cc4)cc3)cc2)c2ccccc2C(C)(C)C)cc1,1
O=S(=O)(c1ccc(N(c2ccccc2)c2ccccc2)cc1)c1ccc(S(=O)(=O)c2ccc(N(c3ccccc3)c3ccccc3)cc2)cc1,1
c1ccc(-n2c3ccccc3c3cc([Si](c4ccccc4)(c4ccccc4)c4ccc5c(c4)c4ccccc4n5-c4ccccc4)ccc32)cc1,1
O=S(=O)(c1ccc2c(c1)c1ccccc1n2-c1ccccc1)c1ccc2c(c1)c1ccccc1n2-c1ccccc1,1
O=C1c2ccc(N(c3ccccc3)c3ccccc3)cc2C(=O)c2ccc(N(c3ccccc3)c3ccccc3)cc21,1
O=C1c2ccc(N(c3ccc(-c4ccccc4)cc3)c3ccc(-c4ccccc4)cc3)cc2C(=O)c2ccc(N(c3ccc(-c4ccccc4)cc3)c3ccc(-c4ccccc4)cc3)cc21,1
CC(C)(C)c1ccc2c(c1)c1cc(C(C)(C)C)ccc1n2-c1ccc2c(c1)C(=O)c1ccc(-n3c4ccc(C(C)(C)C)cc4c4cc(C(C)(C)C)ccc43)cc1C2=O,1
CC1(C)c2ccccc2N(c2ccc3c(c2)C(=O)c2ccc(N4c5ccccc5C(C)(C)c5ccccc54)cc2C3=O)c2ccccc21,1
O=C1c2ccc(-c3ccc(N(c4ccccc4)c4ccccc4)cc3)cc2C(=O)c2ccc(-c3ccc(N(c4ccccc4)c4ccccc4)cc3)cc21,1
O=C1c2ccc(-c3ccc(N(c4ccc(-c5ccccc5)cc4)c4ccc(-c5ccccc5)cc4)cc3)cc2C(=O)c2ccc(-c3ccc(N(c4ccc(-c5ccccc5)cc4)c4ccc(-c5ccccc5)cc4)cc3)cc21,1
CC(C)(C)c1ccc2c(c1)c1cc(C(C)(C)C)ccc1n2-c1ccc(-c2ccc3c(c2)C(=O)c2ccc(-c4ccc(-n5c6ccc(C(C)(C)C)cc6c6cc(C(C)(C)C)ccc65)cc4)cc2C3=O)cc1,1
CC1(C)c2ccccc2N(c2ccc(-c3ccc4c(c3)C(=O)c3ccc(-c5ccc(N6c7ccccc7C(C)(C)c7ccccc76)cc5)cc3C4=O)cc2)c2ccccc21,1
Cc1nnc(-c2cc(-n3c4ccccc4c4ccccc43)c(-n3c4ccccc4c4ccccc43)cc2-c2nnc(C)o2)o1,1
c1ccc(-c2nnc(-c3cc(-n4c5ccccc5c5ccccc54)c(-n4c5ccccc5c5ccccc54)cc3-c3nnc(-c4ccccc4)o3)o2)cc1,1
FC(F)(F)c1ccc(-c2nnc(-c3cc(-n4c5ccccc5c5ccccc54)c(-n4c5ccccc5c5ccccc54)cc3-c3nnc(-c4ccc(C(F)(F)F)cc4)o3)o2)cc1,1
COc1ccc(-c2nnc(-c3cc(-n4c5ccccc5c5ccccc54)c(-n4c5ccccc5c5ccccc54)cc3-c3nnc(-c4ccc(OC)cc4)o3)o2)cc1,1
O=C(c1ccc(N2c3ccccc3Oc3ccccc32)cc1)c1ccc2sc3ccccc3c2c1,1
O=C(c1ccc(N2c3ccccc3Sc3ccccc32)cc1)c1ccc2sc3ccccc3c2c1,1
CC(C)(C)c1ccc(-c2nnc(-c3c(-n4c5ccccc5c5ccccc54)c(-n4c5ccccc5c5ccccc54)c(-c4nnc(-c5ccc(C(C)(C)C)cc5)o4)c(-n4c5ccccc5c5ccccc54)c3-n3c4ccccc4c4ccccc43)o2)cc1,1
Cc1ccc2c(c1)c1cc(Br)ccc1n2-c1c(C#N)c(-n2c3ccc(Br)cc3c3cc(Br)ccc32)c(-n2c3ccc(Br)cc3c3cc(Br)ccc32)c(C#N)c1-n1c2ccc(Br)cc2c2cc(Br)ccc21,1
c1ccc2c(c1)c1ccccc1n2-c1ccc(-c2ccc3nc(-c4ccc(-n5c6ccccc6c6ccccc65)cc4)nn3c2)cc1,1
c1ccc(-n2c3ccccc3c3cc(-c4ccc5nc(-c6ccc(-n7c8ccccc8c8ccccc87)cc6)nn5c4)ccc32)cc1,1
c1ccc2c(c1)c1ccccc1n2-c1ccc(-c2ccn3nc(-c4ccc(-n5c6ccccc6c6ccccc65)cc4)nc3c2)cc1,1
c1ccc(-n2c3ccccc3c3cc(-c4ccn5nc(-c6ccc(-n7c8ccccc8c8ccccc87)cc6)nc5c4)ccc32)cc1,1
O=C(/C=C(\O)c1ccc(N2c3ccccc3Oc3ccccc32)cc1)c1ccc(N2c3ccccc3Oc3ccccc32)cc1,1
CC(C)(C(=O)c1ccc(N2c3ccccc3Oc3ccccc32)cc1)C(=O)c1ccc(N2c3ccccc3Oc3ccccc32)cc1,1
CC1(C)c2ccccc2N(c2ccc(C(=O)/C=C(\O)c3ccc(N4c5ccccc5C(C)(C)c5ccccc54)cc3)cc2)c2ccccc21,1
CC(C)(C(=O)c1ccc(N2c3ccccc3C(C)(C)c3ccccc32)cc1)C(=O)c1ccc(N2c3ccccc3C(C)(C)c3ccccc32)cc1,1
O=C(c1ccncc1)c1cc(-n2c3ccccc3c3ccccc32)ccc1-n1c2ccccc2c2ccccc21,1
CC(C)(C)c1ccc2c(c1)c1cc(C(C)(C)C)ccc1n2-c1ccc(-n2c3ccc(C(C)(C)C)cc3c3cc(C(C)(C)C)ccc32)c(C(=O)c2ccncc2)c1,1
c1ccc2c(c1)c1ccccc1n2-c1ccc2c(c1)c1ccccc1n2-c1cc2c3ccccc3n3c4ccccc4c(c1)c23,1
CC1(C)c2ccccc2N(c2cc3c4ccccc4n4c5ccccc5c(c2)c34)c2ccccc21,1
CC1(C)c2ccccc2N(c2ccc3c(c2)c2cc(N4c5ccccc5C(C)(C)c5ccccc54)cc4c5ccccc5n3c42)c2ccccc21,1
c1ccc(-n2c3ccccc3c3cc(-c4cccc(-n5c6ccccc6c6ncccc65)c4)ccc32)cc1,1
c1ccc(-n2c3ccccc3c3cc(-c4cccc(-n5c6cccnc6c6c7sc8ccccc8c7ccc65)c4)ccc32)cc1,1
c1ccc(-n2c3ccccc3c3cc(-c4cccc(-n5c6ccccc6c6c7sc8ccccc8c7ccc65)c4)ccc32)cc1,1
CC1(C)c2ccccc2-c2cc3c(cc21)N(c1ccc(-c2nc(-c4ccc(N5c6ccccc6C(c6ccccc6)(c6ccccc6)c6cc7c(cc65)C(C)(C)c5ccccc5-7)cc4)nc(-c4ccc(N5c6ccccc6C(c6ccccc6)(c6ccccc6)c6cc7c(cc65)C(C)(C)c5ccccc5-7)cc4)n2)cc1)c1ccccc1C3(c1ccccc1)c1ccccc1,1
O=P1(c2ccccc2)c2cccc3ccc4ccc1n4c23,1
S=P1(c2ccccc2)c2cccc3ccc4ccc1n4c23,1
O=P1(c2ccccc2)c2cccc3c4ccccc4c4ccc1n4c23,1
O=P1(c2ccccc2)c2cccc3c4c5ccccc5c5ccccc5c4c4ccc1n4c23,1
S=P1(c2ccccc2)c2cccc3c4c5ccccc5c5ccccc5c4c4ccc1n4c23,1
O=P1(c2ccccc2)c2ccccc2-n2cccc21,1
CC1(C)c2ccccc2N(c2ccc(-c3nnc(-c4ccccc4)o3)cc2)c2ccccc21,1
N#Cc1cccc(-c2cccc(-c3nc(-c4cccc(-c5cccc(C#N)c5)c4)nc(-c4cccc(-c5cccc(C#N)c5)c4)n3)c2)c1,1
N#Cc1ccc(-n2c(-c3ccc(-c4ccc(-c5nc6c7ccccc7c7ccccc7c6n5-c5ccc(C#N)c6ccccc56)cc4)cc3)nc3c4ccccc4c4ccccc4c32)c2ccccc12,1
c1ccc2c(-n3c(-c4ccc(-c5ccc(-c6nc7c8ccccc8c8ccccc8c7n6-c6cccc7ccccc67)c6ccccc56)c5ccccc45)nc4c5ccccc5c5ccccc5c43)cccc2c1,1
N#Cc1ccc(-n2c(-c3ccc(-c4ccc(-c5nc6c7ccccc7c7ccccc7c6n5-c5ccc(C#N)c6ccccc56)c5ccccc45)c4ccccc34)nc3c4ccccc4c4ccccc4c32)c2ccccc12,1
N#Cc1ccc(-n2c(-c3ccc(-c4ccc(N(c5ccccc5)c5ccccc5)cc4)s3)nc3c4ccccc4c4ccccc4c32)c2ccccc12,1
N#Cc1ccc(-n2c(-c3ccc(-c4ccc(-n5c6ccccc6c6ccccc65)cc4)s3)nc3c4ccccc4c4ccccc4c32)c2ccccc12,1
Fc1c(F)c(-n2c3ccccc3c3ccccc32)c(F)c(F)c1-c1nnc(-c2ccccc2)o1,1
Fc1c(F)c(-n2c3ccccc3c3ccccc32)c(F)c(-n2c3ccccc3c3ccccc32)c1-c1nnc(-c2ccccc2)o1,1
Fc1c(-n2c3ccccc3c3ccccc32)c(F)c(-n2c3ccccc3c3ccccc32)c(-c2nnc(-c3ccccc3)o2)c1-n1c2ccccc2c2ccccc21,1
Fc1c(-c2nnc(-c3ccccc3)o2)c(-n2c3ccccc3c3ccccc32)c(F)c(-n2c3ccccc3c3ccccc32)c1-n1c2ccccc2c2ccccc21,1
Fc1c(-n2c3ccccc3c3ccccc32)c(-c2nnc(-c3ccccc3)o2)c(-n2c3ccccc3c3ccccc32)c(-n2c3ccccc3c3ccccc32)c1-n1c2ccccc2c2ccccc21,1
CC(C)(C)c1ccc(-c2nnc(-c3c(-n4c5ccccc5c5ccccc54)c(-n4c5ccccc5c5ccccc54)c(-n4c5ccccc5c5ccccc54)c(-n4c5ccccc5c5ccccc54)c3-n3c4ccccc4c4ccccc43)o2)cc1,1
c1ccc(-c2nc(-c3ccccc3)nc(-c3ccc(-n4c5ccccc5c5ccccc54)cc3)n2)cc1,1
c1ccc(-c2nc(-c3ccccc3)nc(-c3ccc(-n4c5ccccc5c5cc6c(cc54)C4c5ccccc5C6c5ccccc54)cc3)n2)cc1,1
Cc1cc(-c2nc(-c3ccccc3)nc(-c3ccccc3)n2)ccc1-n1c2ccccc2c2cc3c(cc21)C1c2ccccc2C3c2ccccc21,1
Cc1cc(-n2c3ccccc3c3cc4c(cc32)C2c3ccccc3C4c3ccccc32)ccc1-c1nc(-c2ccccc2)nc(-c2ccccc2)n1,1
Cc1cc(-n2c3ccccc3c3cc4c(cc32)C2c3ccccc3C4c3ccccc32)c(C)cc1-c1nc(-c2ccccc2)nc(-c2ccccc2)n1,1
Cc1c(-c2nc(-c3ccccc3)nc(-c3ccccc3)n2)ccc(-n2c3ccccc3c3cc4c(cc32)C2c3ccccc3C4c3ccccc32)c1C,1
CC1(C)c2cccc(-c3nc(-c4ccccc4)nc(-c4ccccc4)n3)c2Oc2c(N3c4ccccc4Sc4ccccc43)cccc21,1
CC1(C)c2cccc(-c3nc(-c4ccccc4)nc(-c4ccccc4)n3)c2Oc2c(-n3c4ccccc4c4ccccc43)cccc21,1
CC(C)(C)c1ccc2c(c1)c1cc(C(C)(C)C)ccc1n2-c1cccc2c1Oc1c(-c3nc(-c4ccccc4)nc(-c4ccccc4)n3)cccc1C2(C)C,1
O=P(c1ccccc1)(c1ccccc1)n1c2ccccc2c2ccccc21,1
O=P(c1ccccc1)(c1ccccc1)n1c2ccccc2c2cc(-n3c4ccccc4c4ccccc43)ccc21,1
O=P(c1ccccc1)(c1ccccc1)n1c2ccccc2c2cc(-n3c4ccccc4c4cc(-n5c6ccccc6c6ccccc65)ccc43)ccc21,1
O=P(c1ccccc1)(c1ccccc1)n1c2ccccc2c2cc(-n3c4ccccc4c4cc(-n5c6ccccc6c6cc(-n7c8ccccc8c8ccccc87)ccc65)ccc43)ccc21,1
c1ccc2c(c1)c1ccccc1n2-c1ccc2c(c1)c1ccccc1n2-c1ccc(-n2c3ccccc3c3cc(-n4c5ccccc5c5ccccc54)ccc32)cc1,1
CC1(C)c2ccccc2N(c2c(F)cc(-c3nnc(-c4ccccc4)o3)cc2F)c2ccccc21,1
O=c1c2ccccc2sc2ccc(-n3c4ccccc4c4ccccc43)cc12,1
O=c1c2cc(-n3c4ccccc4c4ccccc43)ccc2sc2ccc(-n3c4ccccc4c4ccccc43)cc12,1
O=C1c2ccccc2S(=O)(=O)c2ccc(-n3c4ccccc4c4ccccc43)cc21,1
O=C1c2cc(-n3c4ccccc4c4ccccc43)ccc2S(=O)(=O)c2ccc(-n3c4ccccc4c4ccccc43)cc21,1
c1ccc(-c2ccc(-c3ccc(N(c4ccccc4)c4ccccc4)cc3)c3nsnc23)cc1,1
c1ccc(-c2ccc(-c3ccc(-n4c5ccccc5c5ccccc54)cc3)c3nsnc23)cc1,1
N#Cc1cc(-n2c3ccccc3c3cc(Br)ccc32)c(-n2c3ccccc3c3cc(Br)ccc32)cc1C#N,1
N#Cc1cc(-n2c3ccccc3c3ccccc32)c(-n2c3ccccc3c3cc(Br)ccc32)cc1C#N,1
Cc1ccc(N(c2ccc(C)cc2)c2ccc(-c3ccc(-c4ccc(N(c5ccc(C)cc5)c5ccc(C)cc5)cc4)c4nsnc34)cc2)cc1,1
Cc1ccc(N(c2ccc(C)cc2)c2ccc(-c3cc4c(cc(-c5ccc(N(c6ccc(C)cc6)c6ccc(C)cc6)cc5)c5nsnc54)c4nsnc34)cc2)cc1,1
Cc1ccc(N(c2ccc(C)cc2)c2ccc(-c3c4ccccc4c(-c4ccc(N(c5ccc(C)cc5)c5ccc(C)cc5)cc4)c4nsnc34)cc2)cc1,1
c1ccc(-n2c(-c3ccc(-c4c5ccccc5c(-c5cccc(-n6c7ccccc7c7ccccc76)c5)c5ccccc45)cc3)nc3c4ccccc4c4ccccc4c32)cc1,1
c1ccc(-n2c(-c3cccc(-c4c5ccccc5c(-c5cccc(-n6c7ccccc7c7ccccc76)c5)c5ccccc45)c3)nc3c4ccccc4c4ccccc4c32)cc1,1
c1ccc(-c2nc(-c3ccccc3)nc(-c3ccc(-c4ccc5c(c4)C4(c6ccccc6-c6ccccc64)c4ccccc4N5c4ccccc4)cc3)n2)cc1,1
Cc1cc(-c2nc(-c3ccccc3)nc(-c3ccccc3)n2)ccc1-c1ccc2c(c1)C1(c3ccccc3-c3ccccc31)c1ccccc1N2c1ccccc1,1
Cc1cc(-c2nc(-c3ccccc3)nc(-c3ccccc3)n2)c(C)cc1-c1ccc2c(c1)C1(c3ccccc3-c3ccccc31)c1ccccc1N2c1ccccc1,1
c1ccc(-c2nc(-c3ccccc3)nc(-c3ccc(-c4ccc5c(c4)C4(c6ccccc6-c6ccccc64)c4cc(-c6ccc(-c7nc(-c8ccccc8)nc(-c8ccccc8)n7)cc6)ccc4N5c4ccccc4)cc3)n2)cc1,1
c1ccc(-c2nc(-c3ccccc3)nc(-c3ccc(-c4ccc5c(c4)[Si](c4ccccc4)(c4ccccc4)c4cc(-c6ccc(-c7nc(-c8ccccc8)nc(-c8ccccc8)n7)cc6)ccc4N5c4ccccc4)cc3)n2)cc1,1
Fc1c(F)c(-n2c3ccccc3c3ccccc32)c(F)c(F)c1/C=C/c1ccc(C(=C(c2ccccc2)c2ccccc2)c2ccccc2)cc1,1
Fc1c(F)c(-n2c3ccccc3c3ccccc32)c(F)c(F)c1/C=C/C(=C(c1ccccc1)c1ccccc1)c1ccccc1,1
N#Cc1cc(C#N)c(-c2ccc(N(c3ccccc3)c3ccccc3)cc2)cc1-c1ccc(N(c2ccccc2)c2ccccc2)cc1,1
N#Cc1cc(C#N)c(-c2cc(-n3c4ccccc4c4ccccc43)cc(-n3c4ccccc4c4ccccc43)c2)cc1-c1ccc(N(c2ccccc2)c2ccccc2)cc1,1
N#Cc1cc(C#N)c(-c2cc(-n3c4ccccc4c4ccccc43)cc(-n3c4ccccc4c4ccccc43)c2)cc1-c1cc(-n2c3ccccc3c3ccccc32)cc(-n2c3ccccc3c3ccccc32)c1,1
c1cc(-n2c3ccccc3c3ccccc32)c(-c2nc3ccccn3n2)c(-n2c3ccccc3c3ccccc32)c1,1
c1ccc2c(c1)c1ccccc1n2-c1cc(-c2nc3ccccn3n2)cc(-n2c3ccccc3c3ccccc32)c1,1
Cc1ccc(-c2nnc(-c3ccc4ccc5cccc6ccc3c4c56)o2)cc1,1
CC(C)(C)c1ccc(-c2nnc(-c3ccc4ccc5cccc6ccc3c4c56)o2)cc1,1
COc1cc(-c2nnc(-c3ccc4ccc5cccc6ccc3c4c56)o2)cc(OC)c1OC,1
CC(C)(C)c1ccc(-c2c(-c3ccc(N(c4ccccc4)c4ccccc4)cc3)cc(-c3ccc(N(c4ccccc4)c4ccccc4)cc3)c(-c3ccc(C(C)(C)C)cc3)c2-c2ccc(C(C)(C)C)cc2)cc1,1
CC(C)(C)c1ccc(-c2c(-c3ccc(-n4c5ccccc5c5ccccc54)cc3)cc(-c3ccc(-n4c5ccccc5c5ccccc54)cc3)c(-c3ccc(C(C)(C)C)cc3)c2-c2ccc(C(C)(C)C)cc2)cc1,1
CC(C)(C)c1ccc(-c2c(-c3ccc(N(c4ccccc4)c4ccccc4)cc3)c(C#N)c(-c3ccc(N(c4ccccc4)c4ccccc4)cc3)c(-c3ccc(C(C)(C)C)cc3)c2-c2ccc(C(C)(C)C)cc2)cc1,1
CC(C)(C)c1ccc(-c2c(-c3ccc(-n4c5ccccc5c5ccccc54)cc3)c(C#N)c(-c3ccc(-n4c5ccccc5c5ccccc54)cc3)c(-c3ccc(C(C)(C)C)cc3)c2-c2ccc(C(C)(C)C)cc2)cc1,1
CC(C)(C)c1ccc(-c2c(-c3cccc(N(c4ccccc4)c4ccccc4)c3)c(C#N)c(-c3cccc(N(c4ccccc4)c4ccccc4)c3)c(-c3ccc(C(C)(C)C)cc3)c2-c2ccc(C(C)(C)C)cc2)cc1,1
CC(C)(C)c1ccc(-c2c(-c3cccc(-n4c5ccccc5c5ccccc54)c3)c(C#N)c(-c3cccc(-n4c5ccccc5c5ccccc54)c3)c(-c3ccc(C(C)(C)C)cc3)c2-c2ccc(C(C)(C)C)cc2)cc1,1
CC(C)(C)c1ccc(-c2c(-c3ccc4c5ccccc5n(-c5ccccc5)c4c3)c(C#N)c(-c3ccc4c5ccccc5n(-c5ccccc5)c4c3)c(-c3ccc(C(C)(C)C)cc3)c2-c2ccc(C(C)(C)C)cc2)cc1,1
c1ccc(-n2c(-c3cccc4ccccc34)nc3c4ccccc4c4ccccc4c32)cc1,1
c1ccc(-n2c(-c3cccc4ccccc34)nc3c4cccc5ccc6cccc(c6c54)c32)cc1,1
O=S(=O)(c1ccc(-c2ccc(-n3c4ccccc4c4ccccc43)cc2)cc1)c1ccc(-c2ccc(-n3c4ccccc4c4ccccc43)cc2)cc1,1
O=S(=O)(c1ccc(-c2ccc3c(c2)c2ccccc2n3-c2ccccc2)cc1)c1ccc(-c2ccc3c(c2)c2ccccc2n3-c2ccccc2)cc1,1
FC(F)(F)c1cc2n(n1)[B-](c1ccccc1)(c1ccccc1)[n+]1ccc3ccccc3c1-2,1
Cc1ccc([B-]2(c3ccc(C)cc3)n3nc(C(F)(F)F)cc3-c3c4ccccc4cc[n+]32)cc1,1
Cc1ccccc1[B-]1(c2ccccc2C)n2nc(C(F)(F)F)cc2-c2c3ccccc3cc[n+]21,1
FC(F)(F)c1cc2n(n1)[B-]1(c3ccccc3-c3ccccc31)[n+]1ccc3ccccc3c1-2,1
FC(F)(F)c1cc2n(n1)[B-]1(c3ccccc3Oc3ccccc31)[n+]1ccc3ccccc3c1-2,1
CC(C)(C)c1ccc(-n2c(-c3ccc(-c4ccc(-c5c(-c6ccccc6)nc6ccccn56)cc4)cc3)nc3c4ccccc4c4ccccc4c32)cc1,1
Cc1cc(-c2nc3c4ccccc4c4ccccc4c3n2-c2ccc(C(C)(C)C)cc2)ccc1-c1ccc(-c2c(-c3ccccc3)nc3ccccn23)cc1,1
CC(C)(C)c1ccc(-n2c(-c3ccc(-c4cccc(-c5c(-c6ccccc6)nc6ccccn56)c4)cc3)nc3c4ccccc4c4ccccc4c32)cc1,1
COc1cc(OC)cc(C2=[O+][B-](F)(F)OC(c3ccccc3)=C2)c1,1
COc1ccc(C2=CC(c3cc(OC)cc(OC)c3)=[O+][B-](F)(F)O2)cc1,1
COc1cc(OC)cc(C2=[O+][B-](F)(F)OC(c3ccc4ccccc4c3)=C2)c1,1
COc1cc(OC)cc(C2=[O+][B-](F)(F)OC(c3cccs3)=C2)c1,1
COc1cc(OC)cc(C2=[O+][B-](F)(F)OC(c3ccc4cc(OC)ccc4c3)=C2)c1,1
c1ccc2nc3cccc(-c4ccc(-n5c6ccccc6c6ccccc65)cc4)c3cc2c1,1
c1ccc(N(c2ccccc2)c2ccc(-c3cccc4nc5ccccc5cc34)cc2)cc1,1
c1ccc(N2c3ccccc3Sc3cc(-c4cccc5nc6ccccc6cc45)ccc32)cc1,1
O=S(=O)(c1ccc(-c2ccc(-c3nc4c5ccccc5c5ccccc5c4n3-c3ccccc3)cc2)cc1)c1ccc(-c2ccc(-c3nc4c5ccccc5c5ccccc5c4n3-c3ccccc3)cc2)cc1,1
c1ccc(-n2c(-c3ccc(-c4ccc(-c5ccc(-c6nc7c8ccccc8c8ccccc8c7n6-c6ccccc6)cc5)cc4)cc3)nc3ccccc32)cc1,1
c1ccc2c(c1)-c1ccccc1C21c2cc(-c3ccc(-n4c5ccccc5c5ccccc54)cc3)ccc2Sc2ccc(-c3ccc(-n4c5ccccc5c5ccccc54)cc3)cc21,1
c1ccc(N(c2ccccc2)c2ccc(-c3ccc4c(c3)C3(c5cc(-c6ccc(N(c7ccccc7)c7ccccc7)cc6)ccc5S4)c4ccccc4-c4ccccc43)cc2)cc1,1
O=S1(=O)c2ccc(-c3ccc(-n4c5ccccc5c5ccccc54)cc3)cc2C2(c3ccccc3-c3ccccc32)c2cc(-c3ccc(-n4c5ccccc5c5ccccc54)cc3)ccc21,1
O=S1(=O)c2ccc(-c3ccc(N(c4ccccc4)c4ccccc4)cc3)cc2C2(c3ccccc3-c3ccccc32)c2cc(-c3ccc(N(c4ccccc4)c4ccccc4)cc3)ccc21,1
CCn1c2ccccc2c2cccc(N(c3ccccc3)c3ccccc3)c21,1
CCn1c2ccccc2c2c(N(c3ccccc3)c3ccccc3)cccc21,1
CC(C)(C)c1ccc(-n2c(-c3ccc(-c4cc(-c5ccccc5)c(-c5ccccc5)c(-c5ccccc5)c4-c4ccccc4)cc3)nc3c4ccccc4c4ccccc4c32)cc1,1
CC(C)(C)c1ccc(-n2c(-c3ccc(-c4cc(-c5ccccc5)c5c6ccccc6c6ccccc6c5c4-c4ccccc4)cc3)nc3c4ccccc4c4ccccc4c32)cc1,1
CC(C)(C)c1ccc(-n2c(-c3ccc(-c4cc(-c5ccccc5)c5c(c4-c4ccccc4)-c4cccc6cccc-5c46)cc3)nc3c4ccccc4c4ccccc4c32)cc1,1
c1ccc2c(c1)oc1nc3oc4ccc(-n5c6ccccc6c6ccccc65)cc4c3cc12,1
c1ccc2c(c1)oc1nc3oc4ccc(-n5c6ccccc6c6cc(-n7c8ccccc8c8ccccc87)ccc65)cc4c3cc12,1
CC(C)(C)c1ccc2oc3nc4oc5ccc(-n6c7ccccc7c7ccccc76)cc5c4cc3c2c1,1
CC(C)(C)c1ccc2oc3nc4oc5ccc(-n6c7ccccc7c7cc(-n8c9ccccc9c9ccccc98)ccc76)cc5c4cc3c2c1,1
CC(C)(C)c1ccc2oc3nc4oc5ccc(-n6c7ccc(C(C)(C)C)cc7c7cc(C(C)(C)C)ccc76)cc5c4cc3c2c1,1
CC(C)(C)c1ccc2oc3nc4oc5ccc(N6c7ccccc7Oc7ccccc76)cc5c4cc3c2c1,1
CC(C)(C)c1ccc2oc3nc4oc5ccc(N6c7ccccc7Sc7ccccc76)cc5c4cc3c2c1,1
CC(C)(C)c1ccc2oc3nc4oc5ccc(-n6c7ccccc7c(=O)c7ccccc76)cc5c4cc3c2c1,1
CC(C)(C)c1ccc2oc3nc4oc5ccc(N(c6ccccc6)c6ccccc6)cc5c4cc3c2c1,1
CC(C)(C)c1ccc2oc3nc4oc5cc(-n6c7ccccc7c7ccccc76)ccc5c4cc3c2c1,1
CC(C)(C)c1ccc2c(c1)oc1nc3oc4ccc(-n5c6ccccc6c6ccccc65)cc4c3cc12,1
CC(C)(C)c1cccc2c1oc1nc3oc4ccc(-n5c6ccccc6c6ccccc65)cc4c3cc12,1
CC(C)(C)c1cccc2c1oc1nc3oc4cc(-n5c6ccccc6c6ccccc65)ccc4c3cc12,1
FC(F)(F)c1ccc2oc3nc4oc5ccc(-n6c7ccccc7c7ccccc76)cc5c4cc3c2c1,1
CC(C)(C)c1ccc2c(c1)c1cc(C(C)(C)C)ccc1n2-c1ccc2oc3nc4oc5ccc(C(F)(F)F)cc5c4cc3c2c1,1
FC(F)(F)c1ccc2oc3nc4oc5ccc(N6c7ccccc7Oc7ccccc76)cc5c4cc3c2c1,1
FC(F)(F)c1ccc2oc3nc4oc5ccc(N(c6ccccc6)c6ccccc6)cc5c4cc3c2c1,1
CC(C)(C)c1ccc2c(c1)c1cc(C(C)(C)C)ccc1n2-c1ccc2oc3nc4oc5cc(C(F)(F)F)ccc5c4cc3c2c1,1
c1ccc2c(c1)c1ccccc1n2-c1ccc(-c2ccc(-n3c4ccccc4c4ccccc43)nc2-n2c3ccccc3c3ccccc32)nn1,1
c1ccc2c(c1)c1ccccc1n2-c1ccc(-c2ccc(-c3ccc(-n4c5ccccc5c5ccccc54)nc3-n3c4ccccc4c4ccccc43)nn2)c(-n2c3ccccc3c3ccccc32)n1,1
Cc1cccc(-c2c3ccccc3c(-c3cccc(C)n3)c3ccccc23)n1,1
Cc1cccc(-c2c3ccccc3cc3ccccc23)n1,1
Cc1cccc2[n+]1[B-](c1ccccc1)(c1ccccc1)c1cccc3c4c5c(cccc5c-2c13)[B-](c1ccccc1)(c1ccccc1)[n+]1c(C)cccc1-4,1
CC[B-]1(CC)c2cccc3c4c5c(cccc5c(c23)-c2cccc(C)[n+]21)[B-](CC)(CC)[n+]1c(C)cccc1-4,1
CC[B-]1(CC)c2cccc3cc4ccccc4c(c23)-c2cccc(C)[n+]21,1
CCCCCCN1C(=O)C(c2ccc(-c3ccc(-n4c5ccccc5c5ccccc54)cc3)cc2)=C(c2ccc(-c3ccc(-n4c5ccccc5c5ccccc54)cc3)cc2)C1=O,1
CCCCCCN1C(=O)C(c2ccc(-n3c4ccccc4c4ccccc43)cc2)=C(c2ccc(-n3c4ccccc4c4ccccc43)cc2)C1=O,1
CCCCCCN1C(=O)c2cc(-c3ccc(-n4c5ccccc5c5ccccc54)cc3)c(-c3ccc(-n4c5ccccc5c5ccccc54)cc3)cc2C1=O,1
CCCCn1c2ccc(C#N)cc2c2cc(C#N)ccc21,1
CCCCn1c2ccc(C#N)cc2c2cc(C#N)cc(-c3ccc(N(c4ccccc4)c4ccccc4)cc3)c21,1
CCCCn1c2c(-c3ccc(N(c4ccccc4)c4ccccc4)cc3)cc(C#N)cc2c2cc(C#N)cc(-c3ccc(N(c4ccccc4)c4ccccc4)cc3)c21,1
CCCCC(CC)Cn1c2cc(C#N)ccc2c2ccc(C#N)cc21,1
CCCCC(CC)Cn1c2cc(C#N)ccc2c2cc(-c3ccc(N(c4ccccc4)c4ccccc4)cc3)c(C#N)cc21,1
CCCCC(CC)Cn1c2cc(C#N)c(-c3ccc(N(c4ccccc4)c4ccccc4)cc3)cc2c2cc(-c3ccc(N(c4ccccc4)c4ccccc4)cc3)c(C#N)cc21,1
CCCCC(CC)Cn1c2cc(-c3ccc(N(c4ccccc4)c4ccccc4)cc3)c(C#N)cc2c2cc(C#N)c(-c3ccc(N(c4ccccc4)c4ccccc4)cc3)cc21,1
CCCCC(CC)CN1C(=O)c2cccc3c(C#Cc4ccc(N(c5ccccc5)c5ccccc5)cc4)ccc(c23)C1=O,1
CCCCC(CC)CN1C(=O)c2cccc3c(C#Cc4ccc(N(c5ccccc5)c5ccc(C#Cc6ccc7c8c(cccc68)C(=O)N(CC(CC)CCCC)C7=O)cc5)cc4)ccc(c23)C1=O,1
CCCCC(CC)CN1C(=O)c2cccc3c(C#Cc4ccc(N(c5ccc(C#Cc6ccc7c8c(cccc68)C(=O)N(CC(CC)CCCC)C7=O)cc5)c5ccc(C#Cc6ccc7c8c(cccc68)C(=O)N(CC(CC)CCCC)C7=O)cc5)cc4)ccc(c23)C1=O,1
O=[N+]([O-])c1ccc([N+]2=Cc3ccc4ccccc4c3O[B-]2(F)F)cc1,1
O=[N+]([O-])c1ccc([N+]2=CC3=C(O[B-]2(F)F)c2ccccc2SC3)cc1,1
c1ccc(N(c2ccccc2)c2ccc3ccc4c(N(c5ccccc5)c5ccccc5)ccc5ccc2c3c54)cc1,1
Cc1ccccc1N(c1ccccc1C)c1ccc2ccc3c(N(c4ccccc4C)c4ccccc4C)ccc4ccc1c2c43,1
Cc1ccccc1N(c1ccc(C(C)(C)C)cc1)c1ccc2ccc3c(N(c4ccc(C(C)(C)C)cc4)c4ccccc4C)ccc4ccc1c2c43,1
Cc1ccc(N(c2cc(C(C)(C)C)ccc2C)c2ccc3ccc4c(N(c5ccc(C)cc5C)c5cc(C(C)(C)C)ccc5C)ccc5ccc2c3c54)c(C)c1,1
c1ccc(C2CCN3COc4c5ccccc5c5c6c7c(c2c3c46)C(c2ccccc2)CCN7CO5)cc1,1
C(=C/c1cc(/C=C/c2ccc(-n3c4ccccc4c4ccccc43)cc2)cc(/C=C/c2ccc(-n3c4ccccc4c4ccccc43)cc2)c1)\c1ccc(-n2c3ccccc3c3ccccc32)cc1,1
C(=C/c1nc(/C=C/c2ccc(-n3c4ccccc4c4ccccc43)cc2)nc(/C=C/c2ccc(-n3c4ccccc4c4ccccc43)cc2)n1)\c1ccc(-n2c3ccccc3c3ccccc32)cc1,1
OB1c2ccccc2Nc2ccccc21,1
ClB1c2ccccc2Nc2ccccc21,1
Clc1cc(Cl)c(B2c3ccccc3Nc3ccccc32)c(Cl)c1,1
FC(F)(F)c1ccccc1B1c2ccccc2Nc2ccccc21,1
FC(F)(F)c1ccc(B2c3ccccc3Nc3ccccc32)c(C(F)(F)F)c1,1
c1ccc2c(c1)Nc1ccccc1B2c1c2ccccc2cc2ccccc12,1
CCB1c2ccccc2Nc2ccccc21,1
CCCCN1c2ccccc2B(c2ccccc2C(F)(F)F)c2ccccc21,1
FC(F)(F)c1ccccc1B1c2ccccc2N(c2ccccc2)c2ccccc21,1
c12c3c4c5c1c1c6c7c2c2c8c3c3c9c4c4c%10c5c5c1c1c6c6c%11c%12c%13c%14c%15c%16c%17c%14c%14c%18c%13c%11c1c1c5c%10c5c(c%14c%10c%17c%11c%13c%16c%14c%16c%15c%12c%12c%16c(c2c7c%126)c2c8c3c(c%13c%142)c2c9c4c5c%10c%112)c%181,1
c1cc2ccc3cc4cccc5ccc6cc(c1)c2c3c6c54,1
c1ccc(-c2cc3cc4cccc5c(-c6ccccc6)cc6cc7cccc2c7c3c6c45)cc1,1
c1ccc(-c2cc3c(-c4ccccc4)c4cccc5c(-c6ccccc6)cc6c(-c7ccccc7)c7cccc2c7c3c6c54)cc1,1
CC(C)(C)c1ccc(-c2c3cccc4c(-c5ccccc5)cc5c(-c6ccc(C(C)(C)C)cc6)c6cccc7c(-c8ccccc8)cc2c(c76)c5c43)cc1,1
CC(C)(C)c1ccc(-c2cc3c(-c4ccc(C(C)(C)C)cc4)c4cccc5c(-c6ccc(C(C)(C)C)cc6)cc6c(-c7ccc(C(C)(C)C)cc7)c7cccc2c7c3c6c54)cc1,1
Cc1ccccc1-c1c2cccc3c(-c4ccc(C(C)(C)C)cc4)cc4c(-c5ccccc5C)c5cccc6c(-c7ccc(C(C)(C)C)cc7)cc1c(c65)c4c32,1
CCCCC1=Cc2c3ccc4cccc5ccc(c6cc(-c7ccccc7)n(c26)P1(=O)c1ccccc1)c3c45,1
CCCCC1=Cc2c3ccc4cccc5ccc(c6cc(-c7ccc(N(c8ccccc8)c8ccccc8)cc7)n(c26)P1(=O)c1ccccc1)c3c45,1
O=P1(c2ccccc2)C(c2cc(C(F)(F)F)cc(C(F)(F)F)c2)=Cc2c3ccc4cccc5ccc(c6cc(-c7ccccc7)n1c26)c3c45,1
O=P1(c2ccccc2)C(c2cc(C(F)(F)F)cc(C(F)(F)F)c2)=Cc2c3ccc4cccc5ccc(c6cc(-c7ccc(N(c8ccccc8)c8ccccc8)cc7)n1c26)c3c45,1
CC(=O)c1c2c(cc3ccc(N(C)C)cc13)CCC2,1
CC(=O)c1c2c(cc3cc(N(C)C)ccc13)CCC2,1
CC(=O)c1c2c(cc3c(N(C)C)cccc13)CCC2,1
N#CC1=CC=CC(C#N)=P1(c1ccccc1)c1ccccc1,1
N#CC1=CC(C=O)=CC(C#N)=P1(c1ccccc1)c1ccccc1,1
N#CC1=CC(Br)=CC(C#N)=P1(c1ccccc1)c1ccccc1,1
N#CC1=CC(/C=C/c2ccccc2)=CC(C#N)=P1(c1ccccc1)c1ccccc1,1
N#CC1=CC(C#Cc2ccccc2)=CC(C#N)=P1(c1ccccc1)c1ccccc1,1
N#CC1=CC(c2ccccc2)=CC(C#N)=P1(c1ccccc1)c1ccccc1,1
COc1ccc2ncccc2c1,1
Oc1ccc2ncccc2c1,1
C#CC1CN2CCC1CC2[C@@H](O)c1ccnc2ccc(OC)cc12,1
C=CC1CN2CCC1CC2[C@@H](OCc1ccccc1)c1ccnc2ccc(O)cc12,1
O=C1NC(=O)C(c2c[nH]c3ccccc23)=C1c1c[nH]c2ccccc12,1
O=C1NC(=O)c2c1c1c3ccccc3[nH]c1c1[nH]c3ccccc3c21,1
CCCCCCCCCCn1cc(C2=C(c3cn(CCCCCCCCCC)c4ccccc34)C(=O)N(C)C2=O)c2ccccc21,1
COc1ccc(C2=Cc3c4ccccc4cc[n+]3[B-](F)(F)O2)cc1,1
Cc1ccc(C2=Cc3c4ccccc4cc[n+]3[B-](F)(F)O2)cc1,1
Cc1cccc(C2=Cc3c4ccccc4cc[n+]3[B-](F)(F)O2)c1,1
F[B-]1(F)OC(c2ccccc2)=Cc2c3ccccc3cc[n+]21,1
F[B-]1(F)OC(c2ccc(Br)cc2)=Cc2c3ccccc3cc[n+]21,1
F[B-]1(F)OC(c2cccc(Br)c2)=Cc2c3ccccc3cc[n+]21,1
F[B-]1(F)OC(c2ccc(C(F)(F)F)cc2)=Cc2c3ccccc3cc[n+]21,1
c1ccc(-c2c3c(c(-c4ccccc4)c4cc5ccccc5cc24)Cc2c(c(-c4ccccc4)c4cc5ccccc5cc4c2-c2ccccc2)C3)cc1,1
CC(C)(C)c1ccc(-c2c3c(c(-c4ccccc4)c4cc5ccccc5cc24)Cc2c(c(-c4ccccc4)c4cc5ccccc5cc4c2-c2ccc(C(C)(C)C)cc2)C3)cc1,1
CC(C)(C)c1ccc(-c2c3c(c(-c4ccc(C(C)(C)C)cc4)c4cc5ccccc5cc24)Cc2c(c(-c4ccc(C(C)(C)C)cc4)c4cc5ccccc5cc4c2-c2ccc(C(C)(C)C)cc2)C3)cc1,1
CC(C)(C)c1ccc(C(C)(C)C)c(N2C(=O)c3cccc4c(-c5ccc(-c6ccccc6)s5)ccc(c34)C2=O)c1,1
CC(C)(C)c1ccc(C(C)(C)C)c(N2C(=O)c3cccc4c(-c5ccc(-c6ccc([N+](=O)[O-])cc6)s5)ccc(c34)C2=O)c1,1
CC(C)(C)c1ccc(C(C)(C)C)c(N2C(=O)c3cccc4c(-c5ccc(-c6ccc(N(c7ccccc7)c7ccccc7)cc6)s5)ccc(c34)C2=O)c1,1
c1cc2ccc1-c1ccc(cc1)-c1ccc(s1)-c1ccc(cc1)-c1ccc(cc1)-c1ccc(s1)-c1ccc(cc1)-c1ccc(cc1)-c1ccc-2s1,1
c1cc2ccc1-c1ccc(cc1)-c1ccc(s1)-c1ccc(cc1)-c1ccc(cc1)-c1ccc(s1)-c1ccc(cc1)-c1ccc(cc1)-c1ccc(s1)-c1ccc(cc1)-c1ccc(cc1)-c1ccc-2s1,1
c1cc2ccc1-c1ccc(cc1)-c1ccc([se]1)-c1ccc(cc1)-c1ccc(cc1)-c1ccc([se]1)-c1ccc(cc1)-c1ccc(cc1)-c1ccc([se]1)-c1ccc(cc1)-c1ccc(cc1)-c1ccc-2[se]1,1
c1cc2ccc1-c1ccc(cc1)-c1sc(c3c1OCCO3)-c1ccc(cc1)-c1ccc(cc1)-c1sc(c3c1OCCO3)-c1ccc(cc1)-c1ccc(cc1)-c1sc-2c2c1OCCO2,1
COC(=O)c1ccccc1C#Cc1ccccc1NC(C)=O,1
COC(=O)c1cccc2c1C#Cc1c(N)cccc1OCCCO2,1
COC(=O)c1cccc2c1C#Cc1c(NC(C)=O)cccc1OCCCO2,1
CNC(=O)[C@H](C)NC(=O)c1cccc2c1C#Cc1c(N)cccc1OCCCO2,1
CNC(=O)[C@H](C)NC(=O)c1cccc2c1C#Cc1c(NC(=O)[C@@H](NC(C)=O)C(C)C)cccc1OCCCO2,1
CC(=O)Nc1cccc2c1C#Cc1c(cccc1C(=O)N(C)C)OCCCO2,1
CCn1c2ccccc2c2cc3c(cc21)c1ccccc1n3CC,1
CCC(CC)n1c2ccccc2c2cc3c(cc21)c1ccccc1n3C(CC)CC,1
CCc1cc(CC)cc(-n2c3ccccc3c3cc4c(cc32)c2ccccc2n4-c2cc(CC)cc(CC)c2)c1,1
CCc1ccc(-n2c3ccccc3c3cc4c(cc32)c2ccccc2n4-c2ccc(CC)cc2)cc1,1
CCc1ccc(-n2c3ccccc3c3cc4c(cc32)c2ccccc2n4-c2ccc(CC)s2)s1,1
CC1(C)Nc2ccccc2-c2[nH]c3ccccc3c(=O)c21,1
CC1(C)Nc2cc(Cl)ccc2-c2[nH]c3ccccc3c(=O)c21,1
COc1ccc2c(=O)c3c([nH]c2c1)-c1ccccc1NC3(C)C,1
COc1ccc2c(=O)c3c([nH]c2c1)-c1cc(Cl)ccc1NC3(C)C,1
CN(C)c1ccc(C2=Nc3sc4ccccc4[n+]3[B-](F)(F)O2)cc1,1
COc1ccc2c(c1)sc1[n+]2[B-](F)(F)OC(c2ccc(N(C)C)cc2)=N1,1
CN(C)c1ccc(C2=Nc3sc4cc(F)ccc4[n+]3[B-](F)(F)O2)cc1,1
CN(C)c1ccc(C2=Nc3sc4cc(Cl)ccc4[n+]3[B-](F)(F)O2)cc1,1
CN(C)c1ccc(C2=Nc3sc4cc(C(F)(F)F)ccc4[n+]3[B-](F)(F)O2)cc1,1
CN(C)c1ccc(C2=Nc3sc4c(F)c(F)c(F)c(F)c4[n+]3[B-](F)(F)O2)cc1,1
c1ccc(-c2pc3ccccc3s2)cc1,1
COc1ccc(-c2pc3ccccc3s2)cc1,1
Brc1ccc(-c2pc3ccccc3s2)cc1,1
FC(F)(F)c1ccc(-c2pc3ccccc3s2)cc1,1
N#Cc1ccc(-c2pc3ccccc3s2)cc1,1
N#Cc1cccc(-c2pc3ccccc3s2)c1,1
CSC1=C2C=C(c3cc4n(c3)[B-](F)(F)[N+]3=CC=CC3=C4c3c(C)cc(C)cc3C)C(C)=[N+]2[B-](F)(F)n2c(C)ccc21,1
C#CCNC1=C2C=C(c3cc4n(c3)[B-](F)(F)[N+]3=CC=CC3=C4c3c(C)cc(C)cc3C)C(C)=[N+]2[B-](F)(F)n2c(C)ccc21,1
CC1=[N+]2C(=C(Oc3ccccc3)c3ccc(C)n3[B-]2(F)F)C=C1c1cc2n(c1)[B-](F)(F)[N+]1=CC=CC1=C2c1c(C)cc(C)cc1C,1
CC1=[N+]2C(=Cc3ccc(C)n3[B-]2(F)F)C=C1c1cc2n(c1)[B-](F)(F)[N+]1=CC=CC1=C2c1c(C)cc(C)cc1C,1
CC1=[N+]2C(=C(c3ccc(C=O)cc3)c3ccc(C)n3[B-]2(F)F)C=C1c1cc2n(c1)[B-](F)(F)[N+]1=CC=CC1=C2c1c(C)cc(C)cc1C,1
CC1=[N+]2C(=C(c3ccc(Br)cc3)c3ccc(C)n3[B-]2(F)F)C=C1c1cc2n(c1)[B-](F)(F)[N+]1=CC=CC1=C2c1c(C)cc(C)cc1C,1
CC1=[N+]2C(=C(c3ccccc3C)c3ccc(C)n3[B-]2(F)F)C=C1c1cc2n(c1)[B-](F)(F)[N+]1=CC=CC1=C2c1c(C)cc(C)cc1C,1
CC1=[N+]2C(=C(c3ccc(C(=O)c4ccccc4)cc3)c3ccc(C)n3[B-]2(F)F)C=C1c1cc2n(c1)[B-](F)(F)[N+]1=CC=CC1=C2c1c(C)cc(C)cc1C,1
CC1=[N+]2C(=C(c3ccc4c(c3)Cc3ccccc3-4)c3ccc(C)n3[B-]2(F)F)C=C1c1cc2n(c1)[B-](F)(F)[N+]1=CC=CC1=C2c1c(C)cc(C)cc1C,1
CC1=[N+]2C(=C(c3ccc(N(c4ccccc4)c4ccccc4)cc3)c3ccc(C)n3[B-]2(F)F)C=C1c1cc2n(c1)[B-](F)(F)[N+]1=CC=CC1=C2c1c(C)cc(C)cc1C,1
CC1=[N+]2C(=C(c3cccs3)c3ccc(C)n3[B-]2(F)F)C=C1c1cc2n(c1)[B-](F)(F)[N+]1=CC=CC1=C2c1c(C)cc(C)cc1C,1
CC1=[N+]2C(=C(/C=C/c3ccc(C(F)(F)F)cc3)c3ccc(C)n3[B-]2(F)F)C=C1c1cc2n(c1)[B-](F)(F)[N+]1=CC=CC1=C2c1c(C)cc(C)cc1C,1
CC1=[N+]2C(=C(NCc3ccccc3)c3ccc(C)n3[B-]2(F)F)C=C1c1cc2n(c1)[B-](F)(F)[N+]1=CC=CC1=C2c1c(C)cc(C)cc1C,1
CC1=[N+]2C(=C(NC(C)c3ccccc3)c3ccc(C)n3[B-]2(F)F)C=C1c1cc2n(c1)[B-](F)(F)[N+]1=CC=CC1=C2c1c(C)cc(C)cc1C,1
CC1=[N+]2C(=C(Oc3ccc4c(c3)CC[C@@H]3[C@@H]4CC[C@]4(C)C(=O)CC[C@@H]34)c3ccc(C)n3[B-]2(F)F)C=C1c1cc2n(c1)[B-](F)(F)[N+]1=CC=CC1=C2c1c(C)cc(C)cc1C,1
CC1=[N+]2C(=C(Oc3cc(C)c4c(c3)CC[C@@](C)(CCC[C@H](C)CCC[C@H](C)CCCC(C)C)O4)c3ccc(C)n3[B-]2(F)F)C=C1c1cc2n(c1)[B-](F)(F)[N+]1=CC=CC1=C2c1c(C)cc(C)cc1C,1
C#Cc1cccc2ccccc12,1
C#Cc1ccc2ccc3cccc4ccc1c2c34,1
C(C#Cc1ccc2ccc3cccc4ccc1c2c34)#Cc1cccc2ccccc12,1
CC1=C(C(C)(C)C)C(C)=[N+]2C1=C(C)c1c(C)c(C(C)(C)C)c(C)n1[B-]2(F)F,1
c1ccc(-c2cc(-c3ccc4ccc5cccc6ccc3c4c56)ccn2)nc1,1
c1ccc(-c2cc(-c3ccc4ccc5c(-c6ccnc(-c7ccccn7)c6)ccc6ccc3c4c65)ccn2)nc1,1
CCN(CC)c1ccc(/C=N/C(C#N)=C(C#N)/N=C/c2ccc(N(CC)CC)cc2O)c(O)c1,1
CCN(CC)c1ccc(/C=N/C(C#N)=C(C#N)\N=C\c2ccc(N(CC)CC)cc2O)c(O)c1,1
N#CC(/N=C/c1c(O)ccc2ccccc12)=C(C#N)/N=C/c1c(O)ccc2ccccc12,1
N#CC(/N=C/c1ccccc1O)=C(C#N)/N=C/c1ccccc1O,1
CCN(CC)c1ccc(/C=N/c2cc3nc4ccccc4nc3cc2/N=C/c2ccc(N(CC)CC)cc2O)c(O)c1,1
Oc1ccc2ccccc2c1/C=N/c1cc2nc3ccccc3nc2cc1/N=C/c1c(O)ccc2ccccc12,1
Oc1ccccc1/C=N/c1cc2nc3ccccc3nc2cc1/N=C/c1ccccc1O,1
CCN(CC)c1ccc(/C=N/c2ccccc2/N=C/c2ccc(N(CC)CC)cc2O)c(O)c1,1
Oc1ccc2ccccc2c1/C=N/c1ccccc1/N=C/c1c(O)ccc2ccccc12,1
Cc1cc(/N=C/c2cc(S(=O)(=O)O[Na])ccc2O)c(/N=C/c2cc(S(=O)(=O)O[Na])ccc2O)cc1C,1
CCN(CC)c1ccc(/C=N/CC/N=C/c2ccc(N(CC)CC)cc2O)c(O)c1,1
Oc1ccc2ccccc2c1/C=N/CC/N=C/c1c(O)ccc2ccccc12,1
Oc1ccccc1/C=N/CC/N=C/c1ccccc1O,1
CCN(CC)c1ccc(/C=N/C2CCCCC2/N=C/c2ccc(N(CC)CC)cc2O)c(O)c1,1
Oc1ccc2ccccc2c1/C=N/C1CCCCC1/N=C/c1c(O)ccc2ccccc12,1
Oc1ccccc1/C=N/C1CCCCC1/N=C/c1ccccc1O,1
CCN(CC)c1ccc(/C=N/c2cc3ccccc3cc2/N=C/c2ccc(N(CC)CC)cc2O)c(O)c1,1
Oc1ccc2ccccc2c1/C=N/c1cc2ccccc2cc1/N=C/c1c(O)ccc2ccccc12,1
CCCCCCCCN1C(=O)c2ccc3c4c(-c5ccc(-n6c7ccccc7c7ccccc76)cc5)cc5c6c(cc(-c7ccc(-n8c9ccccc9c9ccccc98)cc7)c(c7ccc(c2c37)C1=O)c64)C(=O)N(CCCCCCCC)C5=O,1
CCCCCCCCN1C(=O)c2ccc3c4c(-c5ccc(-n6c7ccccc7c7ccccc76)cc5)cc5c6c(ccc(c7c(-c8ccc(-n9c%10ccccc%10c%10ccccc%109)cc8)cc(c2c37)C1=O)c64)C(=O)N(CCCCCCCC)C5=O,1
CCCCCCCCN1C(=O)c2ccc3c4c(-c5ccc6c(c5)c5ccccc5n6-c5ccccc5)cc5c6c(cc(-c7ccc8c(c7)c7ccccc7n8-c7ccccc7)c(c7ccc(c2c37)C1=O)c64)C(=O)N(CCCCCCCC)C5=O,1
CCCCCCCCN1C(=O)c2ccc3c4c(-c5ccc6c(c5)c5ccccc5n6-c5ccccc5)cc5c6c(ccc(c7c(-c8ccc9c(c8)c8ccccc8n9-c8ccccc8)cc(c2c37)C1=O)c64)C(=O)N(CCCCCCCC)C5=O,1
CCCCCCCCN1C(=O)c2ccc3c4c(-c5ccc6c7ccccc7n(-c7ccccc7)c6c5)cc5c6c(cc(-c7ccc8c9ccccc9n(-c9ccccc9)c8c7)c(c7ccc(c2c37)C1=O)c64)C(=O)N(CCCCCCCC)C5=O,1
CCCCCCCCN1C(=O)c2ccc3c4c(-c5ccc6c7ccccc7n(-c7ccccc7)c6c5)cc5c6c(ccc(c7c(-c8ccc9c%10ccccc%10n(-c%10ccccc%10)c9c8)cc(c2c37)C1=O)c64)C(=O)N(CCCCCCCC)C5=O,1
COC(=O)c1cc(=O)n(C)c2cc(-c3ccccc3)sc12,1
COC(=O)c1cc(=O)n(C)c2cc(-c3ccc(OC)cc3)sc12,1
COC(=O)c1cc(=O)n(C)c2cc(-c3cccc(OC)c3)sc12,1
COC(=O)c1cc(=O)n(C)c2cc(-c3ccccc3OC)sc12,1
COC(=O)c1cc(=O)n(Cc2ccccc2)c2cc(-c3ccc(OC)cc3)sc12,1
COc1ccc(-c2cc3c(ccc(=O)n3C)s2)cc1,1
COc1ccc(-c2cc3c(s2)c(C)cc(=O)n3C)cc1,1
COc1ccc(-c2cc3c(s2)c(-c2ccccc2)cc(=O)n3C)cc1,1
COc1ccc(-c2cc3c(s2)c(C(C)=O)cc(=O)n3C)cc1,1
COc1ccc(-c2cc3c(s2)c(C(C)=O)cc(=O)n3Cc2ccccc2)cc1,1
COc1ccc(-c2cc3c(s2)c(C(=O)c2ccccc2)cc(=O)n3Cc2ccccc2)cc1,1
COC(=O)c1cc(=O)n(C)c2cc(-c3ccc(Oc4ccccc4)cc3)sc12,1
COC(=O)c1cc(=O)n(C)c2cc(-c3ccc4c(c3)OCO4)sc12,1
COC(=O)c1cc(=O)n(C)c2cc(-c3ccc4c(c3)OCCO4)sc12,1
COC(=O)c1cc(=O)n(C)c2cc(-c3cc(OC)c(OC)c(OC)c3)sc12,1
COC(=O)c1cc(=O)n(C)c2cc(-c3ccc(N(C)C)cc3)sc12,1
COC(=O)c1cc(=O)n(C)c2cc(-c3cccc(N(C)C)c3)sc12,1
COC(=O)c1cc(=O)n(C)c2cc(-c3ccccc3N(C)C)sc12,1
COC(=O)c1cc(=O)n(Cc2ccccc2)c2cc(-c3ccc(N(C)C)cc3)sc12,1
CC(=O)c1cc(=O)n(C)c2cc(-c3ccc(N(C)C)cc3)sc12,1
CN(C)c1ccc(-c2cc3c(s2)c(C(=O)c2ccccc2)cc(=O)n3Cc2ccccc2)cc1,1
CCN(CC)c1ccc(-c2cc3c(s2)c(C(=O)OC)cc(=O)n3C)cc1,1
COC(=O)c1cc(=O)n(C)c2cc(-c3ccc(N4CCN(C)CC4)cc3)sc12,1
COC(=O)c1cc(=O)n(C)c2cc(-c3cc4c5c(c3)CCCN5CCC4)sc12,1
Cn1c(=O)cc(C(=O)c2ccccc2)c2sc(-c3ccc(N(c4ccccc4)c4ccccc4)cc3)cc21,1
Cn1c(=O)cc(C(=O)c2ccccc2)c2sc(-c3ccc(OC(F)(F)F)cc3)cc21,1
Cn1c(=O)cc(C(=O)c2ccccc2)c2sc(-c3ccc(C(F)(F)F)cc3)cc21,1
COc1ccc(C#Cc2ccc(C#Cc3ccc(P(=O)(c4ccccc4)c4ccccc4)cc3)cc2)cc1,1
COc1ccc(C#Cc2ccc(C#Cc3ccc(P(=O)(c4ccc(C#Cc5ccc(C#Cc6ccc(OC)cc6)cc5)cc4)c4ccc(C#Cc5ccc(C#Cc6ccc(OC)cc6)cc5)cc4)cc3)cc2)cc1,1
C[Si](C)(C)C#CC(C#C[Si](C)(C)C)=Cc1ccc(C=C(C#C[Si](C)(C)C)C#C[Si](C)(C)C)cc1,1
C(#Cc1ccccc1)C(C#Cc1ccccc1)=Cc1ccc(C=C(C#Cc2ccccc2)C#Cc2ccccc2)cc1,1
C(#Cc1cccs1)C(C#Cc1cccs1)=Cc1ccc(C=C(C#Cc2cccs2)C#Cc2cccs2)cc1,1
O=Cc1ccc(C#CC(C#Cc2ccc(C=O)o2)=Cc2ccc(C=C(C#Cc3ccc(C=O)o3)C#Cc3ccc(C=O)o3)cc2)o1,1
O=Cc1ccc(C#CC(C#Cc2ccc(C=O)s2)=Cc2ccc(C=C(C#Cc3ccc(C=O)s3)C#Cc3ccc(C=O)s3)cc2)s1,1
C(#Cc1ccncc1)C(C#Cc1ccncc1)=Cc1ccc(C=C(C#Cc2ccncc2)C#Cc2ccncc2)cc1,1
C[Si](C)(C)C#CC(C#C[Si](C)(C)C)=Cc1ccc(C=C(C#C[Si](C)(C)C)C#C[Si](C)(C)C)s1,1
C(#Cc1ccccc1)C(C#Cc1ccccc1)=Cc1ccc(C=C(C#Cc2ccccc2)C#Cc2ccccc2)s1,1
C(#Cc1cccs1)C(C#Cc1cccs1)=Cc1ccc(C=C(C#Cc2cccs2)C#Cc2cccs2)s1,1
O=Cc1ccc(C#CC(C#Cc2ccc(C=O)o2)=Cc2ccc(C=C(C#Cc3ccc(C=O)o3)C#Cc3ccc(C=O)o3)s2)o1,1
O=Cc1ccc(C#CC(C#Cc2ccc(C=O)s2)=Cc2ccc(C=C(C#Cc3ccc(C=O)s3)C#Cc3ccc(C=O)s3)s2)s1,1
C(#Cc1ccncc1)C(C#Cc1ccncc1)=Cc1ccc(C=C(C#Cc2ccncc2)C#Cc2ccncc2)s1,1
C[Si](C)(C)C#Cc1c2c(=O)c3ccccc3c2c(C#C[Si](C)(C)C)c2c(=O)c3ccccc3c12,1
CC[Si](C#Cc1c2c(=O)c3ccccc3c2c(C#C[Si](CC)(CC)CC)c2c(=O)c3ccccc3c12)(CC)CC,1
CC(C)(C)[Si](C)(C)C#Cc1c2c(=O)c3ccccc3c2c(C#C[Si](C)(C)C(C)(C)C)c2c(=O)c3ccccc3c12,1
CC(C)[Si](C#Cc1c2c(=O)c3ccccc3c2c(C#C[Si](C(C)C)(C(C)C)C(C)C)c2c(=O)c3ccccc3c12)(C(C)C)C(C)C,1
CC(C)C[Si](C#Cc1c2c(=O)c3ccccc3c2c(C#C[Si](CC(C)C)(CC(C)C)CC(C)C)c2c(=O)c3ccccc3c12)(CC(C)C)CC(C)C,1
O=c1c2ccccc2c2c(C#C[Si](c3ccccc3)(c3ccccc3)c3ccccc3)c3c(=O)c4ccccc4c3c(C#C[Si](c3ccccc3)(c3ccccc3)c3ccccc3)c12,1
N#Cc1nc2cnc(N)nc2n1Cc1ccccc1,1
CNc1ncc2nc(C#N)n(Cc3ccccc3)c2n1,1
CN(C)c1ncc2nc(C#N)n(Cc3ccccc3)c2n1,1
N#Cc1nc2c(OCc3ccccc3)nc(N)nc2n1Cc1ccccc1,1
CN(C)c1nc(N)nc2c1nc(C#N)n2Cc1ccccc1,1
CN(C)c1nc(N)c2nc(C#N)n(Cc3ccccc3)c2n1,1
CN(C)c1nc(N(C)C)c2nc(C#N)n(Cc3ccccc3)c2n1,1
COC(=O)c1nc2cnc(N)nc2n1Cc1ccccc1,1
CNc1ncc2nc(C(=O)OC)n(Cc3ccccc3)c2n1,1
COC(=O)c1nc2cnc(N(C)C)nc2n1Cc1ccccc1,1
COC(=O)c1nc2c(OCc3ccccc3)nc(N)nc2n1Cc1ccccc1,1
COC(=O)c1nc2c(N(C)C)nc(N)nc2n1Cc1ccccc1,1
COC(=O)c1nc2c(N)nc(N(C)C)nc2n1Cc1ccccc1,1
COC(=O)c1nc2c(N(C)C)nc(N(C)C)nc2n1Cc1ccccc1,1
CCCCNC(=O)c1nc2c(N(C)C)nc(N(C)C)nc2n1Cc1ccccc1,1
COC(=O)CNC(=O)c1nc2c(N(C)C)nc(N(C)C)nc2n1Cc1ccccc1,1
CC(C)c1cccc(C(C)C)c1N1C(=O)c2ccc3cc4c(cc5ccc6c7c(ccc4c57)C(=O)N(c4c(C(C)C)cccc4C(C)C)C6=O)c4ccc(c2c34)C1=O,1
CC(C)CCCC(C)CCN1C(=O)c2ccc3c(-c4ccccc4)c4c5ccc6c7c(ccc(c(-c8ccccc8)c4c4ccc(c2c34)C1=O)c75)C(=O)N(CCC(C)CCCC(C)C)C6=O,1
COCCOCCOCN1C(=O)c2ccc3c(-c4ccccc4)c4c5ccc6c7c(ccc(c(-c8ccccc8)c4c4ccc(c2c34)C1=O)c75)C(=O)N(COCCOCCOC)C6=O,1
CC(C)c1cccc(C(C)C)c1N1C(=O)c2ccc3c(-c4ccccc4)c4c5ccc6c7c(ccc(c(-c8ccccc8)c4c4ccc(c2c34)C1=O)c75)C(=O)N(c1c(C(C)C)cccc1C(C)C)C6=O,1
CC(C)c1cccc(C(C)C)c1N1C(=O)c2ccc3c(-c4ccc(C(=O)O)cc4)c4c5ccc6c7c(ccc(c(-c8ccc(C(=O)O)cc8)c4c4ccc(c2c34)C1=O)c75)C(=O)N(c1c(C(C)C)cccc1C(C)C)C6=O,1
CC(C)c1cccc(C(C)C)c1N1C(=O)c2ccc3c4c(-c5ccc(C(=O)O)cc5)c5ccc6c7c(cc8c9cc(C(=O)O)ccc9c(c9ccc(c2c39)C1=O)c4c8c57)C(=O)N(c1c(C(C)C)cccc1C(C)C)C6=O,1
CN(C)c1ccc(/C=C/c2ncc3ccccc3n2)cc1,1
C(=C/c1ncc2ccccc2n1)\c1ccc(N(c2ccccc2)c2ccccc2)cc1,1
C(=C/c1ncc2ccccc2n1)\c1ccc(N2CCCCC2)cc1,1
C(=C/c1ncc2ccccc2n1)\c1ccc(-c2ccc(N(c3ccccc3)c3ccccc3)cc2)cc1,1
CN(C)c1ccc(/C=C/c2ncnc3ccccc23)cc1,1
C(=C/c1ncnc2ccccc12)\c1ccc(N(c2ccccc2)c2ccccc2)cc1,1
C(=C/c1ncnc2ccccc12)\c1ccc(N2CCCCC2)cc1,1
C(=C/c1ncnc2ccccc12)\c1ccc(-c2ccc(N(c3ccccc3)c3ccccc3)cc2)cc1,1
CN(C)c1ccc(/C=C/c2nc(/C=C/c3ccc(N(C)C)cc3)c3ccccc3n2)cc1,1
CN(C)c1ccc(-c2ncnc3ccccc23)cc1,1
c1ccc(N(c2ccccc2)c2ccc(-c3ncnc4ccccc34)cc2)cc1,1
CN(C)c1ccc(-c2nc(-c3ccc(N(C)C)cc3)c3ccccc3n2)cc1,1
c1ccc(N(c2ccccc2)c2ccc(-c3nc(-c4ccc(N(c5ccccc5)c5ccccc5)cc4)c4ccccc4n3)cc2)cc1,1
CN(C)c1ccc(C#Cc2ncnc3ccccc23)cc1,1
C(#Cc1ncnc2ccccc12)c1ccc(N(c2ccccc2)c2ccccc2)cc1,1
CN(C)c1ccc(C#Cc2nc(-c3ccccc3)nc3ccccc23)cc1,1
CCCCCCN(CCCCCC)c1ccc(C#Cc2ccc(-c3ccc(C#Cc4ccc(N(CCCCCC)CCCCCC)cc4)cc3)cc2)cc1,1
CCCCCCN(CCCCCC)c1ccc(C#Cc2ccc(C#Cc3ccc(-c4ccc(C#Cc5ccc(C#Cc6ccc(N(CCCCCC)CCCCCC)cc6)cc5)cc4)cc3)cc2)cc1,1
CCCCCCCCN(CCCCCCCC)c1ccc(/C=C/c2ccc(C#Cc3ccc(-c4ccc(C#Cc5ccc(/C=C/c6ccc(N(CCCCCCCC)CCCCCCCC)cc6)cc5)cc4)cc3)cc2)cc1,1
CCCCCCN(CCCCCC)c1ccc(C#Cc2ccc(/C=C/c3ccc(-c4ccc(/C=C/c5ccc(C#Cc6ccc(N(CCCCCC)CCCCCC)cc6)cc5)cc4)cc3)cc2)cc1,1
CCCCCCCCCC1(CCCCCCCCC)c2cc(C#Cc3ccc(C#Cc4ccc(N(CCCCCC)CCCCCC)cc4)cc3)ccc2-c2ccc(C#Cc3ccc(C#Cc4ccc(N(CCCCCC)CCCCCC)cc4)cc3)cc21,1
CCCCCCCCCC1(CCCCCCCCC)c2cc(C#Cc3ccc(/C=C/c4ccc(N(CCCCCCCC)CCCCCCCC)cc4)cc3)ccc2-c2ccc(C#Cc3ccc(/C=C/c4ccc(N(CCCCCCCC)CCCCCCCC)cc4)cc3)cc21,1
CC(C)(C)OC(=O)/C=C/C1=CC2=C(c3ccccc3)c3cccn3[B-](F)(F)[N+]2=C1,1
COc1ccc(C2=C3C=C(/C=C/C(=O)OC(C)(C)C)C=[N+]3[B-](F)(F)n3cccc32)cc1,1
COc1cccc(C2=C3C=C(/C=C/C(=O)OC(C)(C)C)C=[N+]3[B-](F)(F)n3cccc32)c1,1
Cc1cc(C)c(C2=C3C=C(/C=C/C(=O)OC(C)(C)C)C=[N+]3[B-](F)(F)n3cccc32)c(C)c1,1
COC(=O)/C=C/C1=CC2=C(c3c(C)cc(C)cc3C)c3cccn3[B-](F)(F)[N+]2=C1,1
Cc1cc(C)c(C2=C3C=C(/C=C/C(=O)OCc4ccccc4)C=[N+]3[B-](F)(F)n3cccc32)c(C)c1,1
CCCCCCCCCCCCCCCCCCOC(=O)/C=C/C1=CC2=C(c3c(C)cc(C)cc3C)c3cccn3[B-](F)(F)[N+]2=C1,1
CCOCCOCCOC(=O)/C=C/C1=CC2=C(c3c(C)cc(C)cc3C)c3cccn3[B-](F)(F)[N+]2=C1,1
Cc1cc(C)c(C2=C3C=C(/C=C/C(=O)OC(C)(C)C)C=[N+]3[B-](F)(F)n3cc(/C=C/C(=O)OC(C)(C)C)cc32)c(C)c1,1
COC(=O)/C=C/C1=CC2=C(c3c(C)cc(C)cc3C)c3cc(/C=C/C(=O)OC)cn3[B-](F)(F)[N+]2=C1,1
Cc1cc(C)c(C2=C3C=C(/C=C/C(=O)OCc4ccccc4)C=[N+]3[B-](F)(F)n3cc(/C=C/C(=O)OCc4ccccc4)cc32)c(C)c1,1
CCCCCCCCCCCCCCCCCCOC(=O)/C=C/C1=CC2=C(c3c(C)cc(C)cc3C)c3cc(/C=C/C(=O)OCCCCCCCCCCCCCCCCCC)cn3[B-](F)(F)[N+]2=C1,1
CCOCCOCCOC(=O)/C=C/C1=CC2=C(c3c(C)cc(C)cc3C)c3cc(/C=C/C(=O)OCCOCCOCC)cn3[B-](F)(F)[N+]2=C1,1
CCCCNc1ccc2n1[B-](F)(F)[N+]1=CC(/C=C/C(=O)OC(C)(C)C)=CC1=C2c1c(C)cc(C)cc1C,1
CCN(CC)c1ccc2n1[B-](F)(F)[N+]1=CC(/C=C/C(=O)OC(C)(C)C)=CC1=C2c1c(C)cc(C)cc1C,1
Cc1cc(C)c(C2=C3C=C(/C=C/C(=O)OC(C)(C)C)C=[N+]3[B-](F)(F)n3c2ccc3N2CCCC2)c(C)c1,1
Cc1cc(C)c(C2=C3C=C(/C=C/C(=O)OC(C)(C)C)C=[N+]3[B-](F)(F)n3c2ccc3N2CCOCC2)c(C)c1,1
Nc1ccc2c(c1)C(=O)NC2=O,1
CN(C)c1ccc2c(c1)C(=O)NC2=O,1
CN(C)c1ccc(C2=Nc3scc[n+]3[B-](F)(F)O2)cc1,1
Cc1csc2[n+]1[B-](F)(F)OC(c1ccc(N(C)C)cc1)=N2,1
CCOC(=O)c1csc2[n+]1[B-](F)(F)OC(c1ccc(N(C)C)cc1)=N2,1
CN(C)c1ccc(C2=Nc3scc(-c4ccccc4)[n+]3[B-](F)(F)O2)cc1,1
CN(C)c1ccc(C2=Nc3scc(-c4ccc(N(C)C)cc4)[n+]3[B-](F)(F)O2)cc1,1
CN(C)c1ccc(C2=Nc3scc(-c4ccc(C#N)cc4)[n+]3[B-](F)(F)O2)cc1,1
CN(C)c1ccc(C2=Nc3scc(-c4ccc([N+](=O)[O-])cc4)[n+]3[B-](F)(F)O2)cc1,1
Cc1cc(C)c(C2=C3C=C(c4ccccc4)C(c4ccccc4)=[N+]3[B-](F)(F)n3c2cc(-c2ccccc2)c3-c2ccccc2)c(C)c1,1
Cc1cc(C)c(C2=C3C=C(c4ccc(C(C)(C)C)cc4)C(c4ccc(C(C)(C)C)cc4)=[N+]3[B-](F)(F)n3c2cc(-c2ccc(C(C)(C)C)cc2)c3-c2ccc(C(C)(C)C)cc2)c(C)c1,1
COc1cccc(C2=CC3=C(c4c(C)cc(C)cc4C)c4cc(-c5cccc(OC)c5)c(-c5cccc(OC)c5)n4[B-](F)(F)[N+]3=C2c2cccc(OC)c2)c1,1
COc1cc(C2=CC3=C(c4c(C)cc(C)cc4C)c4cc(-c5cc(OC)c(OC)c(OC)c5)c(-c5cc(OC)c(OC)c(OC)c5)n4[B-](F)(F)[N+]3=C2c2cc(OC)c(OC)c(OC)c2)cc(OC)c1OC,1
COc1ccc(C2=CC3=C(c4c(C)cc(C)cc4C)c4cc(-c5ccc(OC)cc5)c(-c5ccc(OC)cc5)n4[B-](F)(F)[N+]3=C2c2ccc(OC)cc2)cc1,1
Cc1cccc(C2=CC3=C(c4c(C)cc(C)cc4C)c4cc(-c5cccc(C)c5)c(-c5cccc(C)c5)n4[B-](F)(F)[N+]3=C2c2cccc(C)c2)c1,1
Cc1cc(C)c(C2=C3C=c4c(c5ccc(C(C)(C)C)cc5c5cc(C(C)(C)C)ccc45)=[N+]3[B-](F)(F)n3c2cc2c4ccc(C(C)(C)C)cc4c4cc(C(C)(C)C)ccc4c23)c(C)c1,1
COc1ccc2c(c1)c1c(c3cc(OC)ccc32)=[N+]2C(=C(c3c(C)cc(C)cc3C)c3cc4c5cc(OC)ccc5c5ccc(OC)cc5c4n3[B-]2(F)F)C=1,1
COc1cc2c3c(c4cc(OC)c(OC)c(OC)c4c2c(OC)c1OC)=[N+]1C(=C(c2c(C)cc(C)cc2C)c2cc4c5cc(OC)c(OC)c(OC)c5c5c(OC)c(OC)c(OC)cc5c4n2[B-]1(F)F)C=3,1
CC(C)(C)c1ccc(C2=CC3=C(c4ccccc4)c4cc(-c5ccc(C(C)(C)C)cc5)c(-c5ccc(C(C)(C)C)cc5)n4[B-](F)(F)[N+]3=C2c2ccc(C(C)(C)C)cc2)cc1,1
CC(C)(C)c1ccc(C2=C(Br)C3=C(c4ccccc4)c4c(Br)c(-c5ccc(C(C)(C)C)cc5)c(-c5ccc(C(C)(C)C)cc5)n4[B-](F)(F)[N+]3=C2c2ccc(C(C)(C)C)cc2)cc1,1
CC(C)(C)c1ccc(C2=C(c3ccc(C(C)(C)C)cc3)C(c3ccc(C(C)(C)C)cc3)=[N+]3C2=C(c2ccccc2)c2c(-c4ccc(C(C)(C)C)cc4)c(-c4ccc(C(C)(C)C)cc4)c(-c4ccc(C(C)(C)C)cc4)n2[B-]3(F)F)cc1,1
COc1cccc(C2=C(c3ccc(C(C)(C)C)cc3)C(c3ccc(C(C)(C)C)cc3)=[N+]3C2=C(c2ccccc2)c2c(-c4cccc(OC)c4)c(-c4ccc(C(C)(C)C)cc4)c(-c4ccc(C(C)(C)C)cc4)n2[B-]3(F)F)c1,1
CC(C)(C)c1ccc2c3c(c4ccc(C(C)(C)C)cc4c2c1)=[N+]1C(=C(c2ccccc2)c2cc4c5ccc(C(C)(C)C)cc5c5cc(C(C)(C)C)ccc5c4n2[B-]1(F)F)C=3,1
CC(C)(C)c1ccc2c3c(c4ccc(C(C)(C)C)cc4c2c1)=[N+]1C(=C(c2ccccc2)c2c(Br)c4c5ccc(C(C)(C)C)cc5c5cc(C(C)(C)C)ccc5c4n2[B-]1(F)F)C=3Br,1
CC(C)(C)c1ccc(C2=c3c(c4ccc(C(C)(C)C)cc4c4cc(C(C)(C)C)ccc34)=[N+]3C2=C(c2ccccc2)c2c(-c4ccc(C(C)(C)C)cc4)c4c5ccc(C(C)(C)C)cc5c5cc(C(C)(C)C)ccc5c4n2[B-]3(F)F)cc1,1
COc1cccc(C2=c3c(c4ccc(C(C)(C)C)cc4c4cc(C(C)(C)C)ccc34)=[N+]3C2=C(c2ccccc2)c2c(-c4cccc(OC)c4)c4c5ccc(C(C)(C)C)cc5c5cc(C(C)(C)C)ccc5c4n2[B-]3(F)F)c1,1
COc1ccc2c3c(c4ccc(OC)cc4c2c1)=[N+]1C(=C(c2c(C)cc(C)cc2C)c2cc4c5ccc(OC)cc5c5cc(OC)ccc5c4n2[B-]1(F)F)C=3,1
CCOC(=O)C1c2cc(Cl)ccc2C(=O)N1c1ccc(OC)c(OC)c1,1
CCOC(=O)C1c2ccccc2C(=O)N1c1ccc(OC)cc1,1
CCOC(=O)C1c2ccccc2C(=O)N1c1ccccc1,1
CCOC(=O)C1c2ccccc2C(=O)N1c1ccccn1,1
CCOC(=O)C1c2cc(OC)c(OC)cc2C(=O)N1c1ccc(OC)c(OC)c1,1
COc1ccc(N2C(=O)c3ccccc3C2C(=O)OC(C)(C)C)cc1OC,1
C(=C/c1ccccc1)\c1ccccc1,1
COc1ccc(/C=C/c2ccccc2)cc1,1
COc1cccc(/C=C/c2ccccc2)c1,1
COc1cc(/C=C/c2ccccc2)cc(OC)c1,1
COc1ccc(/C=C/c2ccccc2)cc1OC,1
C=Cc1ccc(OC)cc1,1
C=Cc1cccc(OC)c1,1
C=Cc1cc(OC)cc(OC)c1,1
C=Cc1ccc(OC)c(OC)c1,1
C/C=C/c1ccc(OC)cc1,1
C/C=C/c1cccc(OC)c1,1
C/C=C/c1cc(OC)cc(OC)c1,1
C/C=C/c1ccc(OC)c(OC)c1,1
C(#Cc1cnc(C#Cc2ccccc2)nc1)c1ccccc1,1
C[Si](C)(C)C#Cc1ccc(C#Cc2cnc(C#Cc3ccccc3)nc2)cc1,1
C#Cc1ccc(C#Cc2cnc(C#Cc3ccccc3)nc2)cc1,1
COc1ccc(N(c2ccc(OC)cc2)c2ccc3ccc4c(B(c5c(C)cc(C)cc5C)c5c(C)cc(C)cc5C)ccc5ccc2c3c54)cc1,1
COc1ccc(N(c2ccc(OC)cc2)c2cc3ccc4cc(B(c5c(C)cc(C)cc5C)c5c(C)cc(C)cc5C)cc5ccc(c2)c3c45)cc1,1
Cn1cc(-c2nc3ccccc3nc2C#Cc2ccccc2)c2ccccc21,1
COc1ccc(C#Cc2nc3ccccc3nc2-c2cn(C)c3ccccc23)cc1,1
Cn1cc(-c2nc3ccccc3nc2C#Cc2ccc(C#N)cc2)c2ccccc21,1
COc1ccc(C#Cc2nc3ccccc3nc2-c2ccn(-c3ccccc3)c2)cc1,1
COc1ccc(C#Cc2nc3ccccc3nc2-c2csc(OC)c2)cc1,1
c1csc(-n2c3ccccc3c3ccccc32)c1,1
CC(C)(C)c1ccc2c(c1)c1cc(C(C)(C)C)ccc1n2-c1cccs1,1
CCn1c2c(-c3cccs3)cc(C(C)(C)C)cc2c2cc(C(C)(C)C)cc(-c3cccs3)c21,1
CCn1c2ccc(-c3cccs3)cc2c2cc(-c3cccs3)ccc21,1
CCn1c2cc(-c3cccs3)ccc2c2ccc(-c3cccs3)cc21,1
c1csc(-c2ccc3c4ccc(-c5cccs5)cc4n(-c4cccs4)c3c2)c1,1
CC(C)(C)c1ccc2c(c1)c1cc(C(C)(C)C)ccc1n2-c1ccc(-c2cccs2)s1,1
CCn1c2c(-c3ccc(-c4cccs4)s3)cc(C(C)(C)C)cc2c2cc(C(C)(C)C)cc(-c3ccc(-c4cccs4)s3)c21,1
CC(C)(C)c1cc(-c2ccc(-c3cccs3)s2)c2c(c1)c1cc(C(C)(C)C)cc(-c3ccc(-c4cccs4)s3)c1n2-c1ccc(-c2cccs2)s1,1
CCn1c2ccc(-c3ccc(-c4cccs4)s3)cc2c2cc(-c3ccc(-c4cccs4)s3)ccc21,1
CCn1c2cc(-c3ccc(-c4cccs4)s3)ccc2c2ccc(-c3ccc(-c4cccs4)s3)cc21,1
N#CC(C#N)=Cc1ccc2c(c1)[nH]c1c3ccccc3sc21,1
N#CC(C#N)=Cc1ccc2c(c1)[nH]c1c3ccccc3ccc21,1
CC(C)(C)c1cc2ccc3cc(C(C)(C)C)cc4c(N(c5ccccc5)c5ccccc5)cc(c1)c2c34,1
CC(C)(C)c1cc2cc(N(c3ccccc3)c3ccccc3)c3cc(C(C)(C)C)cc4cc(N(c5ccccc5)c5ccccc5)c(c1)c2c43,1
Cc1cc(C)c(B(c2c(C)cc(C)cc2C)c2cc3cccc4c(B(c5c(C)cc(C)cc5C)c5c(C)cc(C)cc5C)cc5cccc2c5c34)c(C)c1,1
Cc1cc(C)c(B(c2cc3c4c(c(B(c5c(C)cc(C)cc5C)c5c(C)cc(C)cc5C)cc5c4c2CCC5)CCC3)c2c(C)cc(C)cc2C)c(C)c1,1
C(#Cc1ccc(-n2c3ccccc3c3ccccc32)cc1)c1ccccc1,1
CC(C)(C)c1ccc2c(c1)c1cc(C(C)(C)C)ccc1n2-c1ccc(C#Cc2ccccc2)cc1,1
C(#Cc1cccc(C#Cc2ccc(-n3c4ccccc4c4ccccc43)cc2)c1)c1ccc(-n2c3ccccc3c3ccccc32)cc1,1
CC(C)(C)c1ccc2c(c1)c1cc(C(C)(C)C)ccc1n2-c1ccc(C#Cc2cccc(C#Cc3ccc(-n4c5ccc(C(C)(C)C)cc5c5cc(C(C)(C)C)ccc54)cc3)c2)cc1,1
CC(C)(C)c1ccc2c(c1)c1cc(C(C)(C)C)ccc1n2-c1ccc(C#Cc2ccc(C#Cc3ccc(-n4c5ccc(C(C)(C)C)cc5c5cc(C(C)(C)C)ccc54)cc3)cc2)cc1,1
O=Cc1ccc2c(c1)c1ccccc1n2-c1cc2ccccc2c2ccccc12,1
C(#Cc1ccc2c(c1)c1cc(C#Cc3ccccc3)ccc1n2-c1cc2ccccc2c2ccccc12)c1ccccc1,1
O=Cc1ccc2c(c1)c1ccccc1n2-c1ccc(-c2ccc(-n3c4ccccc4c4cc(C=O)ccc43)cc2)cc1,1
N#CC(C#N)=Cc1ccc2c(c1)c1ccccc1n2-c1cc2ccccc2c2ccccc12,1
N#CC(C#N)=Cc1ccc2c(c1)c1ccccc1n2-c1cccc2ccccc12,1
N#CC(C#N)=Cc1ccc2c(c1)c1cc(C=C(C#N)C#N)ccc1n2-c1cccc2ccccc12,1
CC(C)(C)c1ccc2c(c1)c1cc(C(C)(C)C)ccc1n2-c1ccc(C#Cc2ccc(C=O)cc2)cc1,1
CC(C)(C)c1ccc2c(c1)c1cc(C(C)(C)C)ccc1n2-c1ccc(C#Cc2ccc(C=C(C#N)C#N)cc2)cc1,1
CC(C)(C)c1ccc2c(c1)c1cc(C(C)(C)C)ccc1n2-c1ccc(C#Cc2ccc(C#Cc3ccc(C=C(C#N)C#N)cc3)cc2)cc1,1
C[n+]1ccc(/C=C/c2ccc3cc(O)ccc3c2)cc1,1
C1=Cc2ccccc2C(=Cc2ccc(C=C3c4ccccc4C=Cc4ccccc43)cc2)c2ccccc21,1
C1=Cc2ccccc2C(=Cc2ccc(-c3ccc(C=C4c5ccccc5C=Cc5ccccc54)cc3)cc2)c2ccccc21,1
C1=Cc2ccccc2C(=Cc2ccc(-c3cc(-c4ccc(C=C5c6ccccc6C=Cc6ccccc65)cc4)cc(-c4ccc(C=C5c6ccccc6C=Cc6ccccc65)cc4)c3)cc2)c2ccccc21,1
C1=Cc2ccccc2C(=Cc2ccc(-c3cc(-c4ccc(C=C5c6ccccc6C=Cc6ccccc65)cc4)c(-c4ccc(C=C5c6ccccc6C=Cc6ccccc65)cc4)cc3-c3ccc(C=C4c5ccccc5C=Cc5ccccc54)cc3)cc2)c2ccccc21,1
CCCCC1(CCCC)c2cc(C#Cc3ccc(C=C4c5ccccc5C=Cc5ccccc54)cc3)ccc2-c2ccc(C#Cc3ccc(C=C4c5ccccc5C=Cc5ccccc54)cc3)cc21,1
C(=C1c2ccccc2CCc2ccccc21)c1ccc(C=C2c3ccccc3CCc3ccccc32)cc1,1
C(=C1c2ccccc2CCc2ccccc21)c1ccc(-c2ccc(C=C3c4ccccc4CCc4ccccc43)cc2)cc1,1
C(=C1c2ccccc2CCc2ccccc21)c1ccc(-c2cc(-c3ccc(C=C4c5ccccc5CCc5ccccc54)cc3)cc(-c3ccc(C=C4c5ccccc5CCc5ccccc54)cc3)c2)cc1,1
CCCCC1(CCCC)c2cc(C#Cc3ccc(C=C4c5ccccc5CCc5ccccc54)cc3)ccc2-c2ccc(C#Cc3ccc(C=C4c5ccccc5CCc5ccccc54)cc3)cc21,1
C(=C(c1ccccc1)c1ccccc1)c1ccc(C=C(c2ccccc2)c2ccccc2)cc1,1
C(=C(c1ccccc1)c1ccccc1)c1ccc(-c2ccc(C=C(c3ccccc3)c3ccccc3)cc2)cc1,1
C(=C(c1ccccc1)c1ccccc1)c1ccc(-c2cc(-c3ccc(C=C(c4ccccc4)c4ccccc4)cc3)cc(-c3ccc(C=C(c4ccccc4)c4ccccc4)cc3)c2)cc1,1
C(=C(c1ccccc1)c1ccccc1)c1ccc(-c2cc(-c3ccc(C=C(c4ccccc4)c4ccccc4)cc3)c(-c3ccc(C=C(c4ccccc4)c4ccccc4)cc3)cc2-c2ccc(C=C(c3ccccc3)c3ccccc3)cc2)cc1,1
CCCCC1(CCCC)c2cc(C#Cc3ccc(C=C(c4ccccc4)c4ccccc4)cc3)ccc2-c2ccc(C#Cc3ccc(C=C(c4ccccc4)c4ccccc4)cc3)cc21,1
C(=C1c2ccccc2-c2ccccc21)c1ccc(C=C2c3ccccc3-c3ccccc32)cc1,1
C(=C1c2ccccc2-c2ccccc21)c1ccc(-c2ccc(C=C3c4ccccc4-c4ccccc43)cc2)cc1,1
CCCCC1(CCCC)c2cc(C#Cc3ccc(C=C4c5ccccc5-c5ccccc54)cc3)ccc2-c2ccc(C#Cc3ccc(C=C4c5ccccc5-c5ccccc54)cc3)cc21,1
C1=Cc2ccccc2C(=Cc2ccc(C=C3c4ccccc4-c4ccccc43)cc2)c2ccccc21,1
C1=Cc2ccccc2C(=Cc2ccc(-c3ccc(C=C4c5ccccc5-c5ccccc54)cc3)cc2)c2ccccc21,1
CCOc1cc(C=C2c3ccccc3-c3ccccc32)c(OCC)cc1C=C1c2ccccc2C=Cc2ccccc21,1
CCCCOc1cc(C=C2c3ccccc3-c3ccccc32)c(OCCCC)cc1C=C1c2ccccc2C=Cc2ccccc21,1
CCCCCCOc1cc(C=C2c3ccccc3-c3ccccc32)c(OCCCCCC)cc1C=C1c2ccccc2C=Cc2ccccc21,1
CCCCC1(CCCC)c2cc(C#Cc3ccc(/C=C(\C)c4ccccc4)cc3)ccc2-c2ccc(C#Cc3ccc(/C=C(\C)c4ccccc4)cc3)cc21,1
c1ccc2c(c1)ccc1c3ccccc3ccc21,1
CC(C)(C)c1cc(-c2ccc3c(-c4cc(C(C)(C)C)cc(C(C)(C)C)c4)cc4c5cc(-c6cc(C(C)(C)C)cc(C(C)(C)C)c6)ccc5c(-c5cc(C(C)(C)C)cc(C(C)(C)C)c5)cc4c3c2)cc(C(C)(C)C)c1,1
CC(C)(C)c1ccc(-c2ccc3c(-c4ccc(C(C)(C)C)c5ccccc45)cc4c5cc(-c6ccc(C(C)(C)C)c7ccccc67)ccc5c(-c5ccc(C(C)(C)C)c6ccccc56)cc4c3c2)c2ccccc12,1
CC(C)(C)c1ccc2ccc3cc(-c4ccc5c(-c6ccc7c(ccc8ccc(C(C)(C)C)cc87)c6)cc6c7cc(-c8ccc9c(ccc%10ccc(C(C)(C)C)cc%109)c8)ccc7c(-c7ccc8c(ccc9ccc(C(C)(C)C)cc98)c7)cc6c5c4)ccc3c2c1,1
CC(C)(C)C1=CC2=C3C(=CC=C4C=CC(c5cc6c7cc(-c8ccc9ccc%10cc(C(C)(C)C)cc%11ccc8c9c%10%11)ccc7c(-c7ccc8ccc9cc(C(C)(C)C)cc%10ccc7c8c9%10)cc6c6cc(-c7ccc8ccc9cc(C(C)(C)C)cc%10ccc7c8c9%10)ccc56)=C(C=C2)C43)C1,1
CC(C)[Si](C#Cc1ccc2c(C#C[Si](C(C)C)(C(C)C)C(C)C)cc3c4cc(C#C[Si](C(C)C)(C(C)C)C(C)C)ccc4c(C#C[Si](C(C)C)(C(C)C)C(C)C)cc3c2c1)(C(C)C)C(C)C,1
CC(C)(C)c1cc(C#Cc2ccc3c(C#Cc4cc(C(C)(C)C)cc(C(C)(C)C)c4)cc4c5cc(C#Cc6cc(C(C)(C)C)cc(C(C)(C)C)c6)ccc5c(C#Cc5cc(C(C)(C)C)cc(C(C)(C)C)c5)cc4c3c2)cc(C(C)(C)C)c1,1
CC(C)(C)c1ccc(N(c2ccc(C(C)(C)C)cc2)c2ccc3c(N(c4ccc(C(C)(C)C)cc4)c4ccc(C(C)(C)C)cc4)cc4c5cc(N(c6ccc(C(C)(C)C)cc6)c6ccc(C(C)(C)C)cc6)ccc5c(N(c5ccc(C(C)(C)C)cc5)c5ccc(C(C)(C)C)cc5)cc4c3c2)cc1,1
O=c1oc2ccccc2cc1-c1cc2ccccc2o1,1
Cc1ccc2oc(-c3cc4cc(C)ccc4oc3=O)cc2c1,1
COc1ccc2oc(-c3cc4cc(OC)ccc4oc3=O)cc2c1,1
Cc1cccc2cc(-c3cc4cccc(C)c4oc3=O)oc12,1
COc1cccc2cc(-c3cc4cccc(OC)c4oc3=O)oc12,1
COc1cccc2oc(-c3cc4c(OC)cccc4oc3=O)cc12,1
COc1ccc2cc(-c3cc4ccc(OC)cc4oc3=O)oc2c1,1
O=c1oc2ccc(Br)cc2cc1-c1cc2cc(Br)ccc2o1,1
O=c1oc2ccc(Cl)cc2cc1-c1cc2cc(Cl)ccc2o1,1
COc1cc(Br)cc2cc(-c3cc4cc(Br)cc(OC)c4oc3=O)oc12,1
COc1cc2cc(-c3cc4cc(OC)c(OC)cc4oc3=O)oc2cc1OC,1
CN1CCN(c2ccc3c4c(cccc24)C(=O)c2ccccc2-3)CC1,1
O=C1c2ccccc2-c2ccc(N3CCN(c4ccccc4)CC3)c3cccc1c23,1
O=C(O)CCCc1cc2ccc3cccc4ccc(c1)c2c34,1
CC1(C)OB(c2cc3ccc4cccc5ccc(c2)c3c45)OC1(C)C,1
O=C(O)CCCOc1cc2ccc3cccc4ccc(c1)c2c34,1
BrCCCCCCCCCCCCOc1cc2ccc3cccc4ccc(c1)c2c34,1
C(#Cc1cc2ccc3cccc4ccc(c1)c2c34)c1ccccc1,1
COC(=O)c1ccc(-c2cc3ccc4cccc5ccc(c2)c3c45)cc1,1
Cc1cc(C)c(B(c2ccc(-c3cc4ccc5cccc6ccc(c3)c4c56)cc2)c2c(C)cc(C)cc2C)c(C)c1,1
Cc1cc(C)c(B(c2cc3ccc4cccc5ccc(c2)c3c45)c2c(C)cc(C)cc2C)c(C)c1,1
CC1(C)OB(c2cc3ccc4cc(B5OC(C)(C)C(C)(C)O5)cc5ccc(c2)c3c45)OC1(C)C,1
Oc1cc2ccc3cc(O)cc4ccc(c1)c2c34,1
C[Si](C)(C)C#Cc1cc2ccc3cc(C#C[Si](C)(C)C)cc4ccc(c1)c2c34,1
C(#Cc1cc2ccc3cc(C#Cc4ccccc4)cc4ccc(c1)c2c34)c1ccccc1,1
Cc1cc(C)c(B(c2ccc(C#Cc3cc4ccc5cc(C#Cc6ccc(B(c7c(C)cc(C)cc7C)c7c(C)cc(C)cc7C)cc6)cc6ccc(c3)c4c56)cc2)c2c(C)cc(C)cc2C)c(C)c1,1
CN(C)c1ccc(C#Cc2cc3ccc4cc(C#Cc5ccc(N(C)C)cc5)cc5ccc(c2)c3c45)cc1,1
CCCCCCCCOC(=O)c1ccc(-c2cc3ccc4cc(-c5ccc(C(=O)OCCCCCCCC)cc5)cc5ccc(c2)c3c45)cc1,1
COc1ccc(N(c2ccccc2)c2cc3ccc4cc(N(c5ccccc5)c5ccc(OC)cc5)cc5ccc(c2)c3c45)cc1,1
O=C(O)CCCc1ccc2ccc3cccc4ccc1c2c34,1
CC1(C)OB(c2ccc3ccc4cccc5ccc2c3c45)OC1(C)C,1
C(#Cc1ccc2ccc3cccc4ccc1c2c34)c1ccccc1,1
Cc1cc(C)c(B(c2ccc(-c3ccc4ccc5cccc6ccc3c4c56)cc2)c2c(C)cc(C)cc2C)c(C)c1,1
Cc1cc(C)c(B(c2c(C)cc(C)cc2C)c2ccc3ccc4cccc5ccc2c3c45)c(C)c1,1
COc1cc2c(cc1-c1ccncc1)Cc1c3c(c4c(c1-2)-c1cc(OC)c(-c2ccncc2)cc1C4)C(=O)N(CCC(C)C)C3=O,1
COc1cc2c(cc1-c1ccc(C(F)(F)F)cc1)Cc1c3c(c4c(c1-2)-c1cc(OC)c(-c2ccc(C(F)(F)F)cc2)cc1C4)C(=O)N(CCC(C)C)C3=O,1
COc1cc2c(cc1-c1ccc(C#N)cc1)Cc1c3c(c4c(c1-2)-c1cc(OC)c(-c2ccc(C#N)cc2)cc1C4)C(=O)N(CCC(C)C)C3=O,1
COc1cc2c(cc1-c1ccc([N+](=O)[O-])cc1)Cc1c3c(c4c(c1-2)-c1cc(OC)c(-c2ccc([N+](=O)[O-])cc2)cc1C4)C(=O)N(CCC(C)C)C3=O,1
COc1cc2c(cc1-c1ccc(C=O)cc1)Cc1c3c(c4c(c1-2)-c1cc(OC)c(-c2ccc(C=O)cc2)cc1C4)C(=O)N(CCC(C)C)C3=O,1
COc1cc2c(cc1-c1ccc(Cl)cc1)Cc1c3c(c4c(c1-2)-c1cc(OC)c(-c2ccc(Cl)cc2)cc1C4)C(=O)N(CCC(C)C)C3=O,1
COc1cc2c(cc1-c1ccc(F)cc1)Cc1c3c(c4c(c1-2)-c1cc(OC)c(-c2ccc(F)cc2)cc1C4)C(=O)N(CCC(C)C)C3=O,1
COc1cc2c(cc1-c1ccccc1)Cc1c3c(c4c(c1-2)-c1cc(OC)c(-c2ccccc2)cc1C4)C(=O)N(CCC(C)C)C3=O,1
COc1cc2c(cc1-c1ccc(C)cc1)Cc1c3c(c4c(c1-2)-c1cc(OC)c(-c2ccc(C)cc2)cc1C4)C(=O)N(CCC(C)C)C3=O,1
COc1cc2c(cc1-c1ccsc1)Cc1c3c(c4c(c1-2)-c1cc(OC)c(-c2ccsc2)cc1C4)C(=O)N(CCC(C)C)C3=O,1
COc1ccc(-c2cc3c(cc2OC)-c2c(c4c(c5c2-c2cc(OC)c(-c6ccc(OC)cc6)cc2C5)C(=O)N(CCC(C)C)C4=O)C3)cc1,1
COc1cc2c(cc1-c1cccs1)Cc1c3c(c4c(c1-2)-c1cc(OC)c(-c2cccs2)cc1C4)C(=O)N(CCC(C)C)C3=O,1
COc1cc2c(cc1-c1ccc(N(c3ccccc3)c3ccccc3)cc1)Cc1c3c(c4c(c1-2)-c1cc(OC)c(-c2ccc(N(c5ccccc5)c5ccccc5)cc2)cc1C4)C(=O)N(CCC(C)C)C3=O,1
COc1cc2c(cc1-c1ccc(N(C)C)cc1)Cc1c3c(c4c(c1-2)-c1cc(OC)c(-c2ccc(N(C)C)cc2)cc1C4)C(=O)N(CCC(C)C)C3=O,1
COc1ccsc1-c1ccc(-c2ccc(-c3sccc3OC)s2)s1,1
Cc1ccsc1-c1ccc(-c2ccc(-c3sccc3C)s2)s1,1
CCCCCCCCCCc1cc(-c2cc(CCCCCCCCCC)c(-c3cccs3)s2)sc1-c1cccs1,1
N#Cc1ccc(C#Cc2ccc3ccc4ccc(C#Cc5ccc(C#N)cc5)c5ccc2c3c45)cc1,1
CN(C)c1ccc(C#Cc2ccc3ccc4ccc(C#Cc5ccc(N(C)C)cc5)c5ccc2c3c45)cc1,1
Nc1ccc(C#Cc2ccc3ccc4ccc(C#Cc5ccc(N)cc5)c5ccc2c3c45)cc1,1
CN(C)c1ccc(C#Cc2ccc3ccc4c(C#Cc5ccc(N(C)C)cc5)ccc5ccc2c3c54)cc1,1
O=[N+]([O-])c1ccc(S(=O)(=O)Nc2ccc(C#Cc3ccc4ccc5ccc(C#Cc6ccc(NS(=O)(=O)c7ccc([N+](=O)[O-])cc7[N+](=O)[O-])cc6)c6ccc3c4c56)cc2)c([N+](=O)[O-])c1,1
Nc1ccc(C#Cc2ccc3ccc4ccc(C#Cc5ccc(NS(=O)(=O)c6ccc([N+](=O)[O-])cc6[N+](=O)[O-])cc5)c5ccc2c3c45)cc1,1
CN(C)CCCN1c2ccccc2Sc2ccccc21,1
CN(C)CCCN1c2ccccc2Sc2ccc(Cl)cc21,1
CN(C)CCCN1c2ccccc2Sc2ccc(C(F)(F)F)cc21,1
CSc1ccc2c(c1)N(CCCN(C)C)c1ccccc1S2,1
CN1CCN(CCCN2c3ccccc3Sc3ccc(Cl)cc32)CC1,1
CN1CCN(CCCN2c3ccccc3Sc3ccc(C(F)(F)F)cc32)CC1,1
CSc1ccc2c(c1)N(CCCN1CCN(C)CN1C)c1ccccc1S2,1
F[Si](c1c2ccccc2cc2ccccc12)(c1c2ccccc2cc2ccccc12)c1c2ccccc2cc2ccccc12,1
c1ccc2c([SiH](c3c4ccccc4cc4ccccc34)c3c4ccccc4cc4ccccc34)c3ccccc3cc2c1,1
O[Si](c1c2ccccc2cc2ccccc12)(c1c2ccccc2cc2ccccc12)c1c2ccccc2cc2ccccc12,1
CO[Si](c1c2ccccc2cc2ccccc12)(c1c2ccccc2cc2ccccc12)c1c2ccccc2cc2ccccc12,1
C=C[Si](c1c2ccccc2cc2ccccc12)(c1c2ccccc2cc2ccccc12)c1c2ccccc2cc2ccccc12,1
C[Si](C)(C)C#C[Si](c1c2ccccc2cc2ccccc12)(c1c2ccccc2cc2ccccc12)c1c2ccccc2cc2ccccc12,1
F[Si](c1ccccc1)(c1ccccc1)c1c2ccccc2cc2ccccc12,1
F[Si-](F)(c1c2ccccc2cc2ccccc12)(c1c2ccccc2cc2ccccc12)c1c2ccccc2cc2ccccc12,1
F[Si](c1ccccc1)(c1c2ccccc2cc2ccccc12)c1c2ccccc2cc2ccccc12,1
F[Si-](F)(c1ccccc1)(c1c2ccccc2cc2ccccc12)c1c2ccccc2cc2ccccc12,1
F[Si-](F)(c1ccccc1)(c1ccccc1)c1c2ccccc2cc2ccccc12,1
F[Si](c1ccccc1)(c1ccccc1)c1cccc2ccccc12,1
F[Si-](F)(c1ccccc1)(c1ccccc1)c1cccc2ccccc12,1
F[Si](c1ccccc1)(c1ccccc1)c1cc2ccccc2c2ccccc12,1
F[Si-](F)(c1ccccc1)(c1ccccc1)c1cc2ccccc2c2ccccc12,1
CN(C)c1ccc(/C=C/C=N/N=C/c2ccc3ccc4cccc5ccc2c3c45)cc1,1
N#Cc1ccc(C#Cc2ccccc2C#N)cc1,1
N#Cc1ccc(C#Cc2ccc(C#Cc3ccccc3C#N)cc2C#N)cc1,1
N#Cc1ccc(C#Cc2ccc(C#Cc3ccc(C#Cc4ccccc4C#N)cc3C#N)cc2C#N)cc1,1
CSc1ccc(C#Cc2ccc(C#Cc3ccc(C#Cc4ccccc4C#N)cc3C#N)cc2C#N)cc1,1
Cc1ccc(C#Cc2ccc(C#Cc3ccc(C#Cc4ccccc4C#N)cc3C#N)cc2C#N)cc1,1
COc1ccc(C#Cc2ccc(C#Cc3ccc(C#Cc4ccccc4C#N)cc3C#N)cc2C#N)cc1,1
CN(C)c1ccc(C#Cc2ccc(C#Cc3ccc(C#Cc4ccccc4C#N)cc3C#N)cc2C#N)cc1,1
C(#Cc1ccccc1)c1ccccc1,1
C(#Cc1ccc(C#Cc2ccccc2)cc1)c1ccccc1,1
C(#Cc1ccc(C#Cc2ccc(C#Cc3ccccc3)cc2)cc1)c1ccccc1,1
COc1ccc(/C=C/C2=CC(/C=C/c3ccc(OC)cc3)=[O+][B-](F)(F)O2)cc1,1
COc1ccc(/C=C/C2=[O+][B-](F)(F)OC(/C=C/c3ccc(OC)cc3)=C2c2ccccc2)cc1,1
COc1ccc(/C=C/C2=CC(/C=C/c3ccc(OC)c4ccccc34)=[O+][B-](F)(F)O2)c2ccccc12,1
COc1ccc(/C=C/C2=[O+][B-](F)(F)OC(/C=C/c3ccc(OC)c4ccccc34)=C2c2ccccc2)c2ccccc12,1
COc1ccc2cc(/C=C/C3=[O+][B-](F)(F)OC(/C=C/c4ccc5cc(OC)ccc5c4)=C3c3ccccc3)ccc2c1,1
Cn1c2ccccc2c2cc(/C=C/C3=[O+][B-](F)(F)OC(/C=C/c4ccc5c(c4)c4ccccc4n5C)=C3c3ccccc3)ccc21,1
COc1ccc(/C=C/C2=[O+][B-](F)(F)OC(/C=C/c3ccc(OC)cc3)=C2c2cccc(OC)c2)cc1,1
COc1ccc(/C=C/C2=[O+][B-](F)(F)OC(/C=C/c3ccc(OC)cc3)=C2c2ccc(OC)cc2)cc1,1
COC(=O)c1ccc(C2=C(/C=C/c3ccc(OC)cc3)O[B-](F)(F)[O+]=C2/C=C/c2ccc(OC)cc2)cc1,1
CCCCCCN(CCCCCC)c1ccc(C#Cc2ccc(C#N)cc2)cc1,1
CCCCCCN(CCCCCC)c1ccc(C#Cc2ccc([N+](=O)[O-])cc2)cc1,1
CCCCCCN(CCCCCC)c1ccc(C#Cc2ccc(C(F)(F)F)cc2)cc1,1
CCCCCCN(CCCCCC)c1ccc(C#Cc2c(F)c(F)c(F)c(F)c2F)cc1,1
CCCCCCN(CCCCCC)c1ccc(C#Cc2ccc(N(CCCCCC)CCCCCC)cc2)cc1,1
O=C1OC(=O)c2ccc(N(c3ccccc3)c3ccc4ccc5cccc6ccc3c4c56)c3cccc1c23,1
O=C1OC(=O)c2ccc(N(c3ccccc3)c3c4ccccc4cc4ccccc34)c3cccc1c23,1
O=C1OC(=O)c2ccc(N(c3ccccc3)c3ccc4ccccc4c3)c3cccc1c23,1
c1cc2ccc3sc4ccc5cccc6c(c1)c2c3c4c56,1
c1cc2ccc3[se]c4ccc5cccc6c(c1)c2c3c4c56,1
c1cc2ccc3[nH]c4ccc5cccc6c(c1)c2c3c4c56,1
O=c1c2ccccc2[nH]c2ccccc12,1
Cn1c2ccccc2c(=O)c2ccccc21,1
CCCCCn1c2ccccc2c(=O)c2ccccc21,1
CCCCCCCCn1c2ccccc2c(=O)c2ccccc21,1
O=c1c2cc(S(=O)(=O)Cl)ccc2[nH]c2ccc(S(=O)(=O)Cl)cc12,1
Cn1c2ccc(S(=O)(=O)Cl)cc2c(=O)c2cc(S(=O)(=O)Cl)ccc21,1
CCCCCn1c2ccc(S(=O)(=O)Cl)cc2c(=O)c2cc(S(=O)(=O)Cl)ccc21,1
O=c1c2cc(S(=O)(=O)O)ccc2[nH]c2ccc(S(=O)(=O)O)cc12,1
Cn1c2ccc(S(=O)(=O)O)cc2c(=O)c2cc(S(=O)(=O)O)ccc21,1
CCCCCn1c2ccc(S(=O)(=O)O)cc2c(=O)c2cc(S(=O)(=O)O)ccc21,1
c1ccc2c(-c3ccc(-c4nnc(-c5ccc(-c6nnc(-c7ccc(-c8cccc9ccccc89)s7)o6)cc5)o4)s3)cccc2c1,1
C=Cc1ccc(-c2ccc(-c3nnc(-c4ccc(-c5nnc(-c6ccc(-c7ccc(C=C)cc7)s6)o5)cc4)o3)s2)cc1,1
COC(=O)c1ccc(-c2ccc(-c3nnc(-c4ccc(-c5nnc(-c6ccc(-c7ccc(C(=O)OC)cc7)s6)o5)cc4)o3)s2)cc1,1
c1ccc2sc(-c3ccc(-c4nnc(-c5ccc(-c6nnc(-c7ccc(-c8cc9ccccc9s8)s7)o6)cc5)o4)s3)cc2c1,1
c1cc2ccc3ccc(-c4ccc(-c5nnc(-c6ccc(-c7nnc(-c8ccc(-c9ccc%10ccc%11cccc%12ccc9c%10c%11%12)s8)o7)cc6)o5)s4)c4ccc(c1)c2c34,1
CCc1ccc(-c2ccc(-c3nnc(-c4ccc(-c5nnc(-c6ccc(-c7ccc(CC)cc7)s6)o5)cc4)o3)s2)cc1,1
COc1ccc2c3c([nH]c2c1)C(C)=NCC3,1
Cc1ccc(Sc2ccc3ccc4cccc5ccc2c3c45)cc1,1
Cc1ccc(Sc2cc3cccc4ccc5cccc2c5c43)cc1,1
Cc1ccc(Sc2cc3ccc4cccc5ccc(c2)c3c45)cc1,1
Clc1ccc(/C=C/c2ccc(-c3nc4c5cccnc5c5ncccc5c4[nH]3)cc2)cc1,1
C(=C/c1ccc(-c2nc3c4cccnc4c4ncccc4c3[nH]2)cc1)\c1ccncc1,1
C(=C/c1nc2ccccc2[nH]1)\c1ccc(-c2nc3c4cccnc4c4ncccc4c3[nH]2)cc1,1
C(=C/c1nc2ccccc2s1)\c1ccc(-c2nc3c4cccnc4c4ncccc4c3[nH]2)cc1,1
COc1cc(-c2nc3c4cccnc4c4ncccc4c3[nH]2)c(OC)cc1/C=C/c1nc2ccccc2[nH]1,1
CN(C)c1ccc(/C=C2\CCCC2=O)cc1,1
CN(C)c1ccc(/C=C/C=C2\CCCC2=O)cc1,1
CN(C)c1ccc(/C=C2\CC/C(=C\c3ccc(N(C)C)cc3)C2=O)cc1,1
CN(C)c1ccc(/C=C/C=C2\CC/C(=C\C=C\c3ccc(N(C)C)cc3)C2=O)cc1,1
CN(C)c1ccc(/C=C/C=C2\CC/C(=C\c3ccc(N(C)C)cc3)C2=O)cc1,1
O=C1/C(=C/C=C/c2cc3c4c(c2)CCCN4CCC3)CC/C1=C\C=C\c1cc2c3c(c1)CCCN3CCC2,1
Nc1ccc2cc(-c3ccc(C(F)(F)F)cc3)oc(=O)c2c1,1
CS(=O)(=O)c1ccc(-c2cc3ccc(N)cc3c(=O)o2)cc1,1
CCN(CC)c1ccc2cc(-c3ccc(C(F)(F)F)cc3)oc(=O)c2c1,1
CCN(CC)c1ccc2cc(-c3ccc(S(C)(=O)=O)cc3)oc(=O)c2c1,1
CN(C)c1ccc(-c2cc3ccc([N+](=O)[O-])cc3c(=O)o2)cc1,1
COc1ccc2cc(-c3ccc(C(F)(F)F)cc3)oc(=O)c2c1,1
COc1ccc2cc(-c3ccc(S(C)(=O)=O)cc3)oc(=O)c2c1,1
CN(C)c1cccc2c1ccc1c(=O)oc(-c3ccc(C(F)(F)F)cc3)cc12,1
CCN(CC)c1cccc2c1ccc1c(=O)oc(-c3ccc(C(F)(F)F)cc3)cc12,1
CN(C)c1ccc(-c2cc3c(ccc4c([N+](=O)[O-])cccc43)c(=O)o2)cc1,1
CCN(CC)c1ccc2cc(-c3nc4cc(C(=O)Nc5ccccc5)ccc4o3)c(=O)oc2c1,1
CCN(CC)c1ccc2cc(-c3nc4cc(C(=O)Nc5ccccc5Cl)ccc4o3)c(=O)oc2c1,1
CCN(CC)c1ccc2cc(-c3nc4cc(C(=O)Nc5ccc(C)cc5[N+](=O)[O-])ccc4o3)c(=O)oc2c1,1
CCN(CC)c1ccc2cc(-c3nc4cc(C(=O)Nc5ccccc5[N+](=O)[O-])ccc4o3)c(=O)oc2c1,1
CCN(CC)c1ccc2cc(-c3nc4cc(C(=O)Nc5cccc(C)c5)ccc4o3)c(=O)oc2c1,1
CCN(CC)c1ccc2cc(-c3nc4cc(C(=O)Nc5cccc(OC)c5)ccc4o3)c(=O)oc2c1,1
O=C(Nc1ccccc1[N+](=O)[O-])c1ccc2oc(-c3cc4ccccc4oc3=O)nc2c1,1
Cc1ccc2occ(CC(=O)NN)c2c1,1
CN(C)c1ccc(/C=C/C(=O)c2ccccc2)cc1,1
COc1ccc(C(=O)/C=C/c2ccc(N(C)C)cc2)cc1OC,1
Cc1ccc(C(=O)/C=C/c2ccc(N(C)C)cc2)cc1,1
CN(C)c1ccc(/C=C/C(=O)c2ccc(Cl)cc2)cc1,1
COC(=O)[C@@H]1C(=O)Oc2ccccc2[C@H]1c1c[nH]c2ccccc12,1
COc1ccc(NC(=O)C(C(=O)Nc2ccc(OC)cc2)C(c2ccccc2O)c2c(C)[nH]c3ccccc23)cc1,1
COc1ccc(NC(=O)C(C(=O)Nc2ccc(OC)cc2)C(c2cc(F)ccc2O)c2c[nH]c3ccc(OC)cc23)cc1,1
O=P1(c2ccccc2)C(c2ccccc2)=Cc2cc3ccccc3cc21,1
CCOC(=O)c1ccc(C2=Cc3cc4ccccc4cc3P2(=O)c2ccccc2)cc1,1
N#Cc1ccc(C2=Cc3cc4ccccc4cc3P2(=O)c2ccccc2)cc1,1
COc1ccc(C2=Cc3cc4ccccc4cc3P2(=O)c2ccccc2)cc1,1
O=P1(c2ccccc2)C(c2ccc(N(c3ccccc3)c3ccccc3)cc2)=Cc2cc3ccccc3cc21,1
O=P1(c2ccccc2)C(c2ccc(C(F)(F)F)cc2)=Cc2cc3ccccc3cc21,1
O=P1(c2ccccc2)C(c2ccccc2)=Cc2ccccc21,1
CCOC(=O)c1ccc(C2=Cc3ccccc3P2(=O)c2ccccc2)cc1,1
N#Cc1ccc(C2=Cc3ccccc3P2(=O)c2ccccc2)cc1,1
COc1ccc(C2=Cc3ccccc3P2(=O)c2ccccc2)cc1,1
O=P1(c2ccccc2)C(c2ccc(N(c3ccccc3)c3ccccc3)cc2)=Cc2ccccc21,1
CN(C)c1ccc(C2=Cc3ccccc3P2(=O)c2ccccc2)cc1,1
O=Cc1ccc(C2=Cc3ccccc3P2(=O)c2ccccc2)cc1,1
S=P1(c2ccccc2)C(c2ccccc2)=Cc2cc3ccccc3cc21,1
Clc1ccc(/C=C/c2ccncn2)cc1,1
Brc1ccc(/C=C/c2ccncn2)cc1,1
CSc1ccc(/C=C/c2ccncn2)cc1,1
CN(C)c1ccc(/C=C/c2ccncn2)cc1,1
C(=C/c1ccncn1)\c1ccc(N2CCCCC2)cc1,1
C(=C/c1ccncn1)\c1ccc(N(c2ccccc2)c2ccccc2)cc1,1
C(=C/c1ccncn1)\c1ccc(-c2ccco2)cc1,1
Clc1ccc(/C=C/c2cnc3ccccc3n2)cc1,1
Brc1ccc(/C=C/c2cnc3ccccc3n2)cc1,1
CSc1ccc(/C=C/c2cnc3ccccc3n2)cc1,1
CN(C)c1ccc(/C=C/c2cnc3ccccc3n2)cc1,1
C(=C/c1cnc2ccccc2n1)\c1ccc(N2CCCCC2)cc1,1
C(=C/c1cnc2ccccc2n1)\c1ccc(N(c2ccccc2)c2ccccc2)cc1,1
CN(C)c1ccc(/C=C/c2cnccn2)cc1,1
C(=C/c1cnccn1)\c1ccc(N(c2ccccc2)c2ccccc2)cc1,1
CN(C)c1ccc(/C=C/c2cccnn2)cc1,1
CN(C)c1ccc(-c2ccc(/C=C/c3ccncn3)cc2)cc1,1
C(=C/c1ccncn1)\c1ccc(-c2ccc(N(c3ccccc3)c3ccccc3)cc2)cc1,1
COc1ccc(-c2ccc(/C=C/c3ccncn3)cc2)cc1,1
CN(C)c1ccc(-c2ccc(/C=C/c3cnc4ccccc4n3)cc2)cc1,1
C(=C/c1cnc2ccccc2n1)\c1ccc(-c2ccc(N(c3ccccc3)c3ccccc3)cc2)cc1,1
COc1ccc(-c2ccc(/C=C/c3cnc4ccccc4n3)cc2)cc1,1
C[P+]1(c2ccccc2)c2ccccc2-c2sc3ccccc3c21,1
Cc1ccc2ccc3c(c2n1)N/C(=C\C1=C([O-])/C(=C/C2=[NH+]c4c(ccc5ccc(C)nc45)C2(C)C)C1=O)C3(C)C,1
CCN1/C(=C\C2=C([O-])/C(=C/C3=[N+](CC)c4c(ccc5ccc(C)nc45)C3(C)C)C2=O)C(C)(C)c2ccc3ccc(C)nc3c21,1
CC1(C)C(/C=C2\C(=O)C(/C=C3\Nc4ccccc4C3(C)C)=C2[O-])=[NH+]c2ccccc21,1
CCN1/C(=C\C2=C([O-])/C(=C/C3=[N+](CC)c4ccccc4C3(C)C)C2=O)C(C)(C)c2ccccc21,1
COC(=O)c1ccc(C#Cc2ccccc2)cc1,1
CN(C)c1ccc(C#Cc2ccccc2)cc1,1
CN(C)c1ccc(C#Cc2ccc(C#N)cc2)cc1,1
COC(=O)c1ccc(C#Cc2ccc(N(C)C)cc2)cc1,1
CN(C)c1ccc(C#Cc2ccc(C=O)cc2)cc1,1
CCN(CC)c1ccc2cc(/C=C/C(=O)/C=C(O)/C=C/c3cc4ccc(N(CC)CC)cc4oc3=O)c(=O)oc2c1,1
CCN(CC)c1ccc2cc(/C=C/C(O)=C3\CC/C(=C\c4cc5ccc(N(CC)CC)cc5oc4=O)C3=O)c(=O)oc2c1,1
CCN(CC)c1ccc2cc(/C=C/C(O)=C/C(C)=O)c(=O)oc2c1,1
CCN(CC)c1ccc2cc(/C=C/C3=CC(/C=C/c4cc5ccc(N(CC)CC)cc5oc4=O)=[O+][B-](F)(F)O3)c(=O)oc2c1,1
CCN(CC)c1ccc2cc(/C=C/C3=C4CC/C(=C\c5cc6ccc(N(CC)CC)cc6oc5=O)C4=[O+][B-](F)(F)O3)c(=O)oc2c1,1
CC[n+]1ccc(/C=C/c2ccc3ccc4cccc5ccc2c3c45)cc1,1
CC[N+]1=C(/C=C/c2ccc3ccc4cccc5ccc2c3c45)C(C)(C)c2ccccc21,1
CC[N+]1=C(/C=C/c2cc3ccc4cccc5ccc(c2)c3c45)C(C)(C)c2ccccc21,1
CC[n+]1ccc(/C=C/c2cc3cccc4ccc5cccc2c5c43)cc1,1
CC[N+]1=C(/C=C/c2cc3cccc4ccc5cccc2c5c43)C(C)(C)c2ccccc21,1
CC[N+]1=C(/C=C/c2cc3cc(C(C)(C)C)cc4ccc5cc(C(C)(C)C)cc2c5c43)C(C)(C)c2ccccc21,1
CCCCn1c2ccccc2c2ccc3c4cc(-c5ccccc5)ccc4n(CCCC)c3c21,1
CCCCn1c2ccccc2c2ccc3c4cc(-c5ccc6ccccc6c5)ccc4n(CCCC)c3c21,1
CCCCn1c2ccccc2c2ccc3c4cc(-c5ccc(OC)cc5)ccc4n(CCCC)c3c21,1
CCCCn1c2ccccc2c2ccc3c4cc(-c5cccc(F)c5)ccc4n(CCCC)c3c21,1
CCCCn1c2ccccc2c2ccc3c4cc(-c5ccc(C(F)(F)F)cc5)ccc4n(CCCC)c3c21,1
CCCCn1c2ccc(-c3ccccc3)cc2c2ccc3c4cc(-c5ccccc5)ccc4n(CCCC)c3c21,1
CCCCn1c2ccc(-c3ccc4ccccc4c3)cc2c2ccc3c4cc(-c5ccc6ccccc6c5)ccc4n(CCCC)c3c21,1
CCCCn1c2ccc(-c3ccc(OC)cc3)cc2c2ccc3c4cc(-c5ccc(OC)cc5)ccc4n(CCCC)c3c21,1
CCCCn1c2ccc(-c3cccc(F)c3)cc2c2ccc3c4cc(-c5cccc(F)c5)ccc4n(CCCC)c3c21,1
CCCCn1c2ccc(-c3ccc(C(F)(F)F)cc3)cc2c2ccc3c4cc(-c5ccc(C(F)(F)F)cc5)ccc4n(CCCC)c3c21,1
CCC1=C(C)C2=C(C)c3c(C)c(-c4csc(N5CCOCC5)n4)c(C)n3[B-](F)(F)[N+]2=C1C,1
CC1=C(Cc2ccccc2)C(C)=[N+]2C1=C(C)c1c(C)c(-c3csc(N4CCOCC4)n3)c(C)n1[B-]2(F)F,1
CCN(CC)c1ccc2cc(/C=C/c3cccc[n+]3CCCS(=O)(=O)[O-])c(=O)oc2c1,1
COc1ccc(-c2ncccn2)cc1,1
COc1ccc(/C=C/c2ccncn2)cc1,1
CCCCCCOc1ccc(-c2ccc(/C=C/c3cc(/C=C/c4ccc(-c5ccc(OCCCCCC)cc5)cc4)ncn3)cc2)cc1,1
CN(C)c1ccc(/C=C/c2ncccn2)cc1,1
CN(C)c1ccc(-c2cc(-c3ccc(N(C)C)cc3)ncn2)cc1,1
C(=C/c1ncccn1)\c1ccc(-c2ccc(N(c3ccccc3)c3ccccc3)cc2)cc1,1
c1ccc(N(c2ccccc2)c2ccc(-c3ccncn3)cc2)cc1,1
CC(C)(C)C1Nc2ccccc2C(=O)N1Cc1ccccc1,1
O=C1c2ccccc2NC(c2ccccc2)N1Cc1ccccc1,1
CC(C)(C)C1Nc2ccccc2C(=O)N1c1ccccc1,1
COc1ccc(N2C(=O)c3ccccc3NC2C(C)(C)C)cc1,1
O=C1c2ccccc2NCN1Cc1ccccc1,1
CC(C)(C)C1Nc2c(Cl)cc(Cl)cc2C(=O)N1Cc1ccccc1,1
CC(C)(C)C1Nc2c(Br)cc(Br)cc2C(=O)N1Cc1ccccc1,1
CCN(CC)c1ccc2c(c1)oc(=O)c1c(-c3ccccc3C(=O)O)c3ccc(=[N+](CC)CC)cc-3oc12,1
CC[N+](CC)=c1ccc2c(-c3ccccc3C(=O)O)c3c(=O)oc4cc5c(cc4c3oc-2c1)CCCN5C,1
CC[N+](CC)=c1ccc2c(-c3ccccc3C(=O)O)c3c(=O)oc4c5c6c(cc4c3oc-2c1)CCCN6CCC5,1
CCOC(=O)c1ccccc1-c1c2ccc(=[N+](CC)CC)cc-2oc2c1c(=O)oc1cc(N(CC)CC)ccc12,1
CCOC(=O)c1ccccc1-c1c2ccc(=[N+](CC)CC)cc-2oc2c1c(=O)oc1cc3c(cc12)CCCN3C,1
CCOC(=O)c1ccccc1-c1c2ccc(=[N+](CC)CC)cc-2oc2c1c(=O)oc1c3c4c(cc12)CCCN4CCC3,1
Cn1cc(-c2nc3ccccc3nc2/C=C/N2CCCC2)c2ccccc21,1
Cn1ccc(-c2nc3ccccc3nc2/C=C/N2CCCC2)c1,1
COc1ccc(-c2nc3ccccc3nc2/C=C/N2CCCC2)s1,1
O=P1(c2ccccc2)C(c2ccc(C(F)(F)F)cc2)=Cc2ccccc21,1
O=P1(c2ccccc2)C(c2cccs2)=Cc2ccccc21,1
CC(C)(C)c1ccc(C2=Cc3cc4c(cc3P2(=O)c2ccccc2)C=C(c2ccc(C(C)(C)C)cc2)P4(=O)c2ccccc2)cc1,1
CC(C)(C)c1ccc(-c2cc3cc4c(cc(-c5ccc(C(C)(C)C)cc5)p4-c4ccccc4)cc3p2-c2ccccc2)cc1,1
O=P1(c2ccccc2)C(c2ccc(C3=Cc4ccccc4P3(=O)c3ccccc3)cc2)=Cc2ccccc21,1
O=Cc1ccc(-c2cccs2)s1,1
CCOC(=O)c1c(N)sc(N)c1C(=O)OCC,1
CCOC(=O)c1c(N)sc(/N=C/c2cccs2)c1C(=O)OCC,1
CCOC(=O)c1c(N)sc(/N=C/c2ccc(-c3cccs3)s2)c1C(=O)OCC,1
CCOC(=O)c1c(/N=C/c2cccs2)sc(/N=C/c2cccs2)c1C(=O)OCC,1
CCOC(=O)c1c(/N=C/c2ccc(-c3cccs3)s2)sc(/N=C/c2ccc(-c3cccs3)s2)c1C(=O)OCC,1
CCOC(=O)c1c(/N=C/c2cccs2)sc(/N=C/c2ccc(-c3cccs3)s2)c1C(=O)OCC,1
CCCCCCCCCCc1csc(/C=N/c2sc(/N=C/c3cc(CCCCCCCCCC)cs3)c(C(=O)OCC)c2C(=O)OCC)c1,1
c1csc(-c2ccc(-c3ccc(-c4ccc(-c5cccs5)s4)s3)s2)c1,1
C(=C/c1ccc(/C=C/c2cccs2)s1)\c1cccs1,1
COc1cc2c(cc1/C=C/C(=C(C#N)C#N)c1ccccc1)c1ccccc1n2C,1
CCOc1cc2c(cc1/C=C/C(=C(C#N)C#N)c1ccccc1)c1ccccc1n2CC,1
COc1cc2c(cc1/C=C/C1=CC(=C(C#N)C#N)CC(C)(C)C1)c1ccccc1n2C,1
CCOc1cc2c(cc1/C=C/C1=CC(=C(C#N)C#N)CC(C)(C)C1)c1ccccc1n2CC,1
O=C(N/N=C/c1ccccc1O)c1ccccc1,1
O=C(N/N=C/c1ccccc1O)c1ccccc1O,1
O=C(N/N=C/c1ccccc1O)c1cccc2ccccc12,1
O=C(N/N=C/c1ccccc1O)c1cc2ccccc2cc1O,1
O=C(N/N=C/c1ccccc1O)c1ccc([N+](=O)[O-])cc1,1
O=C1OCC2=C1C(c1ccccc1)c1cc3c(cc1N2CCO)CCC3,1
COc1ccc(-n2c3ccccc3c3cc(C=C(C#N)C#N)ccc32)cc1,1
CCOC(=O)/C(C#N)=C\c1ccc2c(c1)c1ccccc1n2-c1ccc(OC)cc1,1
Cc1ccc(-n2c3ccccc3c3cc(C=C(C#N)C#N)ccc32)cc1,1
COc1ccc(-n2c3ccccc3c3cc(/C=C/C(=C(C#N)C#N)c4ccccc4)ccc32)cc1,1
CCOC(=O)/C(C#N)=C\c1ccc2c(c1)c1ccccc1n2-c1ccc(C)cc1,1
Cc1ccc(-n2c3ccccc3c3cc(C(=C(C#N)C#N)c4ccccc4)ccc32)cc1,1
CN(CCO)c1ccc(/C=C/C2=CC(=C(C#N)C#N)CC(C)(C)C2)cc1,1
Cc1ccc(C#Cc2ccc3ccc4cccc5ccc2c3c45)cc1,1
c1cc2ccc3ccc(-n4c5ccccc5c5ccccc54)c4ccc(c1)c2c34,1
OCc1cc(/N=N/c2ccc(-c3cccs3)cc2F)ccc1O,1
OCc1cc(/N=N/c2ccc(-c3ccc4ccccc4c3)cc2F)ccc1O,1
OCc1cc(/N=N/c2ccc(-c3c4ccccc4cc4ccccc34)cc2F)ccc1O,1
OCc1cc(/N=N/c2ccc(C#Cc3ccc4ccc5cccc6ccc3c4c56)cc2F)ccc1O,1
OCc1cc(/N=N\c2ccc(-c3cccs3)cc2F)ccc1O,1
OCc1cc(/N=N\c2ccc(-c3ccc4ccccc4c3)cc2F)ccc1O,1
OCc1cc(/N=N\c2ccc(-c3c4ccccc4cc4ccccc34)cc2F)ccc1O,1
OCc1cc(/N=N\c2ccc(C#Cc3ccc4ccc5cccc6ccc3c4c56)cc2F)ccc1O,1
COc1cc2c(cc1C=C(C#N)C#N)c1ccccc1n2C,1
CCOC(=O)/C(C#N)=C/c1cc2c3ccccc3n(C)c2cc1OC,1
COc1cc2c(cc1/C=C(\C#N)c1nc3ccccc3s1)c1ccccc1n2C,1
CN(C)c1ccc2c3c(c(=O)oc2c1)C=c1cc2c(cc1O3)=[N+](CCC(=O)O)CCC2,1
CCOC(=O)CC[N+]1=c2cc3c(cc2CCC1)=Cc1c(c2ccc(N(C)C)cc2oc1=O)O3,1
O=C(O)CC[N+]1=c2cc3c(cc2CCC1)=Cc1c(c2cc4c5c(c2oc1=O)CCCN5CCC4)O3,1
CCOC(=O)CC[N+]1=c2cc3c(cc2CCC1)=Cc1c(c2cc4c5c(c2oc1=O)CCCN5CCC4)O3,1
CCC1(CC)c2cc(Br)ccc2-c2c1c1c(c3c2C(CC)(CC)c2cc(-c4cccs4)ccc2-3)C(CC)(CC)c2cc(Br)ccc2-1,1
CCC1(CC)c2cc(Br)ccc2-c2c1c1c(c3c2C(CC)(CC)c2cc(-c4cccs4)ccc2-3)C(CC)(CC)c2cc(-c3cccs3)ccc2-1,1
CCC1(CC)c2cc(-c3cccs3)ccc2-c2c1c1c(c3c2C(CC)(CC)c2cc(-c4cccs4)ccc2-3)C(CC)(CC)c2cc(-c3cccs3)ccc2-1,1
CCC1(CC)c2cc(C#Cc3cccs3)ccc2-c2c1c1c(c3c2C(CC)(CC)c2cc(C#Cc4cccs4)ccc2-3)C(CC)(CC)c2cc(C#Cc3cccs3)ccc2-1,1
CCC1(CC)c2cc(/C=C/c3cccs3)ccc2-c2c1c1c(c3c2C(CC)(CC)c2cc(/C=C/c4cccs4)ccc2-3)C(CC)(CC)c2cc(/C=C/c3cccs3)ccc2-1,1
CCC1(CC)c2ccccc2-c2c1c1c(c3c2C(CC)(CC)c2cc(-c4cccs4)ccc2-3)C(CC)(CC)c2cc(N(c3ccccc3)c3ccccc3)ccc2-1,1
CCCCn1c2ccccc2c2c1c1c3ccccc3n(CCCC)c1c1c3ccccc3n(CCCC)c21,1
CCCCn1c2ccc(-c3cccs3)cc2c2c1c1c3ccc(-c4cccs4)cc3n(CCCC)c1c1c3ccc(-c4cccs4)cc3n(CCCC)c21,1
CCCCn1c2ccc(C#Cc3cccs3)cc2c2c1c1c3ccc(C#Cc4cccs4)cc3n(CCCC)c1c1c3ccc(C#Cc4cccs4)cc3n(CCCC)c21,1
COc1cc(N(c2ccccc2)c2ccccc2)ccc1C=C(C#N)C#N,1
COc1cc(N(c2ccccc2)c2ccc(C=C(C#N)C#N)c(OC)c2)ccc1C=C(C#N)C#N,1
COc1cc(N(c2ccc(C=C(C#N)C#N)c(OC)c2)c2ccc(C=C(C#N)C#N)c(OC)c2)ccc1C=C(C#N)C#N,1
c1ccc2c(-c3cncnc3)c3ccccc3c(-c3cncnc3)c2c1,1
Clc1ncc(-c2c3ccccc3c(-c3cnc(Cl)nc3)c3ccccc23)cn1,1
COCc1ncc(-c2c3ccccc3c(-c3cnc(COC)nc3)c3ccccc23)cn1,1
N#Cc1ncc(-c2c3ccccc3c(-c3cnc(C#N)nc3)c3ccccc23)cn1,1
N#Cc1cnc(-c2c3ccccc3cc3ccccc23)nc1,1
O=Cc1cnc(-c2c3ccccc3cc3ccccc23)nc1,1
c1cnc(-c2c3ccccc3c(-c3ncccn3)c3ccccc23)nc1,1
N#Cc1cnc(-c2c3ccccc3c(-c3ncc(C#N)cn3)c3ccccc23)nc1,1
N#Cc1cnc(-c2c3ccccc3c(-c3ccccc3)c3ccccc23)nc1,1
c1ccc(-c2c3ccccc3c(-c3ncccn3)c3ccccc23)cc1,1
c1ccc(-c2c3ccccc3c(-c3cncnc3)c3ccccc23)cc1,1
c1cnc(-c2c3ccccc3c(-c3cncnc3)c3ccccc23)nc1,1
N#Cc1nnn(-c2ccnc3cc(Cl)ccc23)c1N,1
N=c1oc2ccccc2cc1-c1ccc([N+](=O)[O-])cc1,1
O=c1oc2ccccc2cc1-c1ccc([N+](=O)[O-])cc1,1
COc1cccc2cc(-c3ccc([N+](=O)[O-])cc3)c(=N)oc12,1
COc1cccc2cc(-c3ccc([N+](=O)[O-])cc3)c(=O)oc12,1
N#Cc1c(C#N)c2ccccc2c2ccccc12,1
N#Cc1c(C#N)c2cc(F)ccc2c2ccc(F)cc12,1
N#Cc1c(C#N)c2cc(Cl)ccc2c2ccc(Cl)cc12,1
N#Cc1c(C#N)c2cc(Cl)c(Cl)cc2c2cc(Cl)c(Cl)cc12,1
N#Cc1c(C#N)c2cc(Br)ccc2c2ccc(Br)cc12,1
Cc1ccc2c(c1)c(C#N)c(C#N)c1cc(C)ccc12,1
COc1ccc2c(c1)c(C#N)c(C#N)c1cc(OC)ccc12,1
CCCCCCc1ccc2c(/C=N/c3ccc(/N=C/c4c(O)ccc5cc(CCCCCC)ccc45)cc3)c(O)ccc2c1,1
CCCCCCc1ccc2c(/C=N/c3cc(/N=C/c4c(O)ccc5cc(CCCCCC)ccc45)cc(/N=C/c4c(O)ccc5cc(CCCCCC)ccc45)c3)c(O)ccc2c1,1
CCCCCCc1ccc2c3c(ccc2c1)O[B-](F)(F)[N+](c1ccc([N+]2=Cc4c(ccc5cc(CCCCCC)ccc45)O[B-]2(F)F)cc1)=C3,1
CCCCCCc1ccc2c3c(ccc2c1)O[B-](F)(F)[N+](c1cc([N+]2=Cc4c(ccc5cc(CCCCCC)ccc45)O[B-]2(F)F)cc([N+]2=Cc4c(ccc5cc(CCCCCC)ccc45)O[B-]2(F)F)c1)=C3,1
CCCCCCc1ccc2c3c(ccc2c1)O[B-](c1ccccc1)(c1ccccc1)[N+](c1ccc([N+]2=Cc4c(ccc5cc(CCCCCC)ccc45)O[B-]2(c2ccccc2)c2ccccc2)cc1)=C3,1
CCCCCCc1ccc2c3c(ccc2c1)O[B-](c1ccccc1)(c1ccccc1)[N+](c1cc([N+]2=Cc4c(ccc5cc(CCCCCC)ccc45)O[B-]2(c2ccccc2)c2ccccc2)cc([N+]2=Cc4c(ccc5cc(CCCCCC)ccc45)O[B-]2(c2ccccc2)c2ccccc2)c1)=C3,1
CN(C)c1ccc(/C=C/c2nc3cc(Br)ccc3nc2-c2ccccc2)cc1,1
CN(C)c1ccc(/C=C/c2nc3ccc(Br)cc3nc2-c2ccccc2)cc1,1
Cc1nc2cc(/C=C/c3ccc(N(C)C)cc3)ccc2nc1-c1ccccc1,1
Cc1nc2ccc(/C=C/c3ccc(N(C)C)cc3)cc2nc1-c1ccccc1,1
Cc1ccc2nc(/C=C/c3ccc(N(C)C)cc3)c(-c3ccccc3)nc2c1,1
CCCCN(CCCC)c1ccc(/C=C/c2ccc3nc(-c4ccccc4)c(/C=C/c4ccc(N(C)C)cc4)nc3c2)cc1,1
CCCn1c(=O)c(/C=C/c2nc3ccc(C)cc3n(CCC)c2=O)nc2ccc(C)cc21,1
CCCCN(CCCC)c1ccc(/C=C/c2ccc3nc(/C=C/c4ccc(N(C)C)cc4)c(-c4ccccc4)nc3c2)cc1,1
CCCCN(CCCC)c1ccc(/C=C/c2ccc3nc(/C=C/c4ccc(N(C)C)cc4)c(=O)n(CCC)c3c2)cc1,1
CCCCN(CCCC)c1ccc(/C=C/c2ccc3nc(/C=C/c4nc5ccc(/C=C/c6ccc(N(CCCC)CCCC)cc6)cc5n(CCC)c4=O)c(=O)n(CCC)c3c2)cc1,1
CCCCCCCCCCCCCCCCOC(=O)c1ccc(N(c2ccccc2)c2ccccc2)cc1,1
C(=N/c1ccc(-c2cn3nc(-c4cccs4)sc3n2)cc1)\c1ccc2ccc3cccc4ccc1c2c34,1
C(=N/c1ccc(-c2cn3nc(-c4cccs4)sc3n2)cc1)\c1c2ccccc2cc2ccccc12,1
C(=N/c1ccc(-c2cn3nc(-c4cccs4)sc3n2)cc1)\c1ccc(N(c2ccccc2)c2ccccc2)cc1,1
CSc1sc(C(N)=O)c2nnn(C)c(=O)c12,1
CCOC(=O)c1sc(SC)c2c(=O)n(C)nnc12,1
CCOC(=O)c1sc(SC)c2c(=O)[nH]nnc12,1
CSc1sc(C(C)=O)c2nn[nH]c(=O)c12,1
CSc1sc(C(=O)c2ccccc2)c2nn[nH]c(=O)c12,1
Cc1ccc2c(nc3c(=O)n(C)c(=O)nc-3n2C)c1C,1
Cc1cc(C)c2nc3c(=O)n(C)c(=O)nc-3n(C)c2c1,1
Cc1cc(C)c2c(c1)nc1c(=O)n(C)c(=O)nc-1n2C,1
c1ccc(-c2c3ccccc3cc3ccccc23)cc1,1
c1cc(-c2c3ccccc3cc3ccccc23)cc(-c2c3ccccc3cc3ccccc23)c1,1
c1ccc2c(-c3cc(-c4c5ccccc5cc5ccccc45)cc(-c4c5ccccc5cc5ccccc45)c3)c3ccccc3cc2c1,1
c1ccc2c(B(c3c4ccccc4cc4ccccc34)c3c4ccccc4cc4ccccc34)c3ccccc3cc2c1,1
CCCCCCCN1C(=CC2=C([O-])C(=CC3=[N+](CCCCCCC)c4ccccc4C3(C)C)C2=C(C#N)C#N)C(C)(C)c2ccccc21,1
CCCCCCCN1C(=CC2=C([O-])C(=CC3=[N+](CCCCCCC)c4ccccc4C3(C)C)C2=C(C#N)C#N)Sc2ccccc21,1
CCCCCCCN1C(=CC2=C([O-])C(=Cc3sc4ccccc4[n+]3CCCCCCC)C2=C(C#N)C#N)Sc2ccccc21,1
COc1ccc(-c2cc(-c3ccc(C)cc3)c(C#N)c(OC)n2)cc1,1
O=C1c2ccccc2C(=O)N1c1ccc(Cn2cncn2)cc1,1
Cc1n[nH]c2c1C(c1ccc([N+](=O)[O-])cc1)C(C#N)=C(N)O2,1
CC1(C)[C@@H]2CC[C@]1(C)c1nc3cc(-c4cccs4)ccc3nc12,1
COC1(OC)C2(Cl)c3nc4ccc(-c5cccs5)cc4nc3C1(Cl)C1C[C@@H]3[C@H](CC12)C1(Cl)c2nc4cc(-c5cccs5)ccc4nc2C3(Cl)C1(OC)OC,1
COC1(OC)C2(Cl)c3nc4ccc(-c5cccs5)cc4nc3C1(Cl)C1C[C@@H]3[C@H](CC12)C1(Cl)c2nc4ccc(-c5cccs5)cc4nc2C3(Cl)C1(OC)OC,1
C[Si](C)(C)c1sc([Si](C)(C)C)c2c1sc1ccsc12,1
C[Si](C)(C)c1sc([Si](C)(C)C)c2c1sc1c3sc4c(sc5c4sc4c([Si](C)(C)C)sc([Si](C)(C)C)c45)c3sc12,1
C[Si](C)(C)c1sc([Si](C)(C)C)c2c1sc1c2sc2sc3sc4c(sc5c([Si](C)(C)C)sc([Si](C)(C)C)c54)c3c21,1
Cc1cc(-c2ccc(C(C)(C)C)cc2)c2nsnc2c1-c1ccc(C(C)(C)C)cc1,1
CC(C)(C)c1ccc(-c2ccc(-c3ccc(C(C)(C)C)cc3)c3nsnc23)cc1,1
Cc1cc(-c2ccc(N(c3ccccc3)c3ccccc3)cc2)c2nsnc2c1-c1ccc(N(c2ccccc2)c2ccccc2)cc1,1
c1ccc(N(c2ccccc2)c2ccc(-c3ccc(-c4ccc(N(c5ccccc5)c5ccccc5)cc4)c4nsnc34)cc2)cc1,1
Cc1cc(-c2ccc(N(c3ccccc3)c3ccccc3)cc2)c2nsnc2c1-c1ccc(C(C)(C)C)cc1,1
CC(C)(C)c1ccc(-c2ccc(-c3ccc(N(c4ccccc4)c4ccccc4)cc3)c3nsnc23)cc1,1
Cc1cc(-c2ccc(C(C)(C)C)cc2)c2nsnc2c1-c1ccc(N(c2ccccc2)c2ccccc2)cc1,1
CC1=N/C(=C\c2ccccc2N)C(=O)N1C,1
CC1=N/C(=C\c2ccccc2N(C)C)C(=O)N1C,1
CC1=N/C(=C\c2ccc(N(C)C)cc2)C(=O)N1C,1
c1cc2ccc1CCCc1ccc(c3nsnc13)CCC2,1
c1cc2ccc1CCCc1cc3c(cc1CCCc1ccc(c4nsnc14)CCC3)CCC2,1
O=C1Cc2ccc(cc2)CC(=O)Cc2ccc(c3nsnc23)C1,1
O=C1Cc2cc3c(cc2CCCc2ccc(cc2)CCC3)CC(=O)Cc2ccc(c3nsnc23)C1,1
CC(C)(C)c1ccc2oc(-c3ccc(-c4nc5cc(C(C)(C)C)ccc5o4)s3)nc2c1,1
CN(C)c1cc(-c2ccccc2)cc2ccccc12,1
CN(C)c1cc(-c2ccc(C#Cc3ccccc3)cc2)cc2ccccc12,1
CN(C)c1ccc(C#Cc2ccc(-c3cc(N(C)C)c4ccccc4c3)cc2)cc1,1
CC(=O)c1ccc(C#Cc2ccc(-c3cc(N(C)C)c4ccccc4c3)cc2)cc1,1
CN(C)c1cc(-c2ccc(C#Cc3ccncc3)cc2)cc2ccccc12,1
CN(C)c1cc(-c2ccc(C#Cc3cc[n+](C)cc3)cc2)cc2ccccc12,1
CN(C)c1ccc(C#Cc2ccc3c(N(C)C)cc(-c4ccccc4)cc3c2)cc1,1
CC(=O)c1ccc(C#Cc2ccc3c(N(C)C)cc(-c4ccccc4)cc3c2)cc1,1
CN(C)c1cc(-c2ccccc2)cc2cc(C#Cc3ccncc3)ccc12,1
CN(C)c1[se]c(-c2ccccc2)nc1-c1ccccc1,1
COc1ccc(-c2nc(-c3ccccc3)c(N(C)C)[se]2)cc1,1
CN(C)c1[se]c(-c2ccc(Cl)cc2)nc1-c1ccccc1,1
c1ccc(-c2nc(-c3ccccc3)c(N(c3ccccc3)c3ccccc3)[se]2)cc1,1
c1ccc(-c2nc(-c3ccccn3)[se]c2N(c2ccccc2)c2ccccc2)cc1,1
c1ccc(-c2ccc(-c3nc(-c4ccccc4)c(N(c4ccccc4)c4ccccc4)[se]3)cc2)cc1,1
c1ccc(-c2nc(-c3ccccn3)sc2N(c2ccccc2)c2ccccc2)cc1,1
Cc1ccc(/N=C2\N=C(N)c3cccc4cccc2c34)cc1,1
NC1=N/C(=N\c2ccccn2)c2cccc3cccc1c23,1
CN(/N=C1\N=C(N)C2(CCCC2)c2ccccc21)c1ccccc1,1
Cc1cc2ccccc2c2[nH]c3ccccc3c12,1
Cc1cccc2cc(C)c3c4ccccc4[nH]c3c12,1
COc1ccc2c(c1)cc(C)c1c3ccccc3[nH]c21,1
COc1cccc2cc(C)c3c4ccccc4[nH]c3c12,1
Cc1cc2ccccc2c2c1c1ccccc1n2C,1
COc1cccc2cc(C)c3c4ccccc4n(C)c3c12,1
Cc1cc2ccccc2c2c1c1ccccc1n2-c1ccccc1,1
COc1ccc(-n2c3ccccc3c3c(C)cc4ccccc4c32)cc1,1
Cc1cc2ccccc2c2c1c1ccccc1n2-c1ccc(N(c2ccccc2)c2ccccc2)cc1,1
Cc1cc2ccccc2c2c1c1ccccc1n2-c1ccc(C#N)cc1,1
Cc1cc2ccccc2c2c1c1ccccc1n2C(=O)OC(C)(C)C,1
Cc1c(C)c2c3ccccc3[nH]c2c2ccccc12,1
CCCCCc1c(C)c2c3ccccc3[nH]c2c2ccccc12,1
Cc1cc2ccsc2c2[nH]c3ccccc3c12,1
Cc1cc2cc(C)c3c4ccccc4[nH]c3c2s1,1
Cc1cc2cc(C)c3c4ccccc4[nH]c3c2o1,1
Cc1cc2c3ccccc3sc2c2[nH]c3ccccc3c12,1
Cc1cc2c3ccccc3oc2c2[nH]c3ccccc3c12,1
Cc1cc2c3ccccc3[nH]c2c2[nH]c3ccccc3c12,1
Cc1cc2c3ccccc3n(C)c2c2c1c1ccccc1n2C,1
Cc1cc2c3ccccc3oc2c2c1c1ccccc1n2-c1ccc(C#N)cc1,1
Cc1cc2sccc2c2[nH]c3ccccc3c12,1
Cc1cc2oc3ccccc3c2c2[nH]c3ccccc3c12,1
Cc1cc2[nH]c3ccccc3c2c2[nH]c3ccccc3c12,1
C=CCOC(=O)C(C#N)=C1C=C(/C=C/c2ccc(N(C)C)cc2)OC(/C=C/c2ccc(N(C)C)cc2)=C1,1
C(S/C=C/c1ccc(/C=C/SC=C2CCCC2)cc1)=C1CCCC1,1
C(S/C=C/c1ccc(/C=C/SC=C2CCCCC2)cc1)=C1CCCCC1,1
C(S/C=C/c1ccc(/C=C/SC=C2CCCCCC2)cc1)=C1CCCCCC1,1
C(S/C=C/c1ccc(/C=C/SC=C2CCCCCCC2)cc1)=C1CCCCCCC1,1
CC1CCC(=CS/C=C/c2ccc(/C=C/SC=C3CCC(C)CC3)cc2)CC1,1
CC(C)(C)C1CCC(=CS/C=C/c2ccc(/C=C/SC=C3CCC(C(C)(C)C)CC3)cc2)CC1,1
C(S/C=C/c1ccc(/C=C/SC=C(c2ccccc2)c2ccccc2)cc1)=C(c1ccccc1)c1ccccc1,1
C(S/C=C/c1ccc(-c2ccc(/C=C/SC=C3CCCC3)cc2)cc1)=C1CCCC1,1
C(S/C=C/c1ccc(-c2ccc(/C=C/SC=C3CCCCC3)cc2)cc1)=C1CCCCC1,1
C(S/C=C/c1ccc(-c2ccc(/C=C/SC=C3CCCCCC3)cc2)cc1)=C1CCCCCC1,1
C(S/C=C/c1ccc(-c2ccc(/C=C/SC=C3CCCCCCC3)cc2)cc1)=C1CCCCCCC1,1
CC1CCC(=CS/C=C/c2ccc(-c3ccc(/C=C/SC=C4CCC(C)CC4)cc3)cc2)CC1,1
CC(C)(C)C1CCC(=CS/C=C/c2ccc(-c3ccc(/C=C/SC=C4CCC(C(C)(C)C)CC4)cc3)cc2)CC1,1
C(S/C=C/c1ccc(-c2ccc(/C=C/SC=C(c3ccccc3)c3ccccc3)cc2)cc1)=C(c1ccccc1)c1ccccc1,1
C[Si](C)(C)O[Si]1(O[Si](C)(C)C)n2c3c4ccccc4c2/N=C2\N=C(/N=c4/c5ccccc5/c(n41)=N/C1=N/C(=N\3)c3ccccc31)c1ccccc12,1
c1ccc(CO[Si]23n4c5c6ccccc6c4/N=C4\N=C(/N=c6/c7ccccc7c(n62)=c2c6ccccc6c(n23)=N5)c2ccccc24)cc1,1
O=P12n3c4c5ccccc5c3/N=C3\N=C(/N=c5/c6ccccc6c(n51)=c1c5ccccc5c(n12)=N4)c1ccccc13,1
CCN(CC)c1ccc2cc(/C=C(\C#N)c3nc4ccccc4o3)c(=O)oc2c1,1
CCN(CC)c1ccc2cc(/C=C(\C#N)c3nc4ccccc4s3)c(=O)oc2c1,1
CCN(CC)c1ccc2c(C#N)c(/C=C(\C#N)c3nc4ccccc4o3)c(=O)oc2c1,1
CCN(CC)c1ccc2c(C#N)c(/C=C(\C#N)c3nc4ccccc4s3)c(=O)oc2c1,1
COc1cc(/C=C/c2nc3ccccc3s2)c(OC)cc1/C=C/c1nc(C)nc(C)n1,1
COc1cc(/C=C/c2nc3ccccc3o2)c(OC)cc1/C=C/c1nc(C)nc(C)n1,1
COc1cc(/C=C/c2nc3ccccc3s2)c(OC)cc1/C=C/c1nc(C)nc(/C=C/c2cc(OC)c(/C=C/c3nc4ccccc4s3)cc2OC)n1,1
COc1cc(/C=C/c2nc3ccccc3o2)c(OC)cc1/C=C/c1nc(C)nc(/C=C/c2cc(OC)c(/C=C/c3nc4ccccc4o3)cc2OC)n1,1
C[n+]1ccc(-c2cc[n+](C)cc2)cc1,1
CCCCCCCC[n+]1ccc(-c2cc[n+](CCCCCCCC)cc2)cc1,1
c1ccc(COc2cc(C[n+]3ccc(-c4cc[n+](Cc5cc(OCc6ccccc6)cc(OCc6ccccc6)c5)cc4)cc3)cc(OCc3ccccc3)c2)cc1,1
C[n+]1ccc(/C=C/c2cc[n+](C)cc2)cc1,1
C(=C/c1cc[n+](Cc2ccccc2)cc1)\c1cc[n+](Cc2ccccc2)cc1,1
C[n+]1cc2ccc3c[n+](C)cc4ccc(c1)c2c34,1
CCCCCCCCCC[n+]1cc2ccc3c[n+](CCCCCCCCCC)cc4ccc(c1)c2c34,1
c1ccc(C[n+]2cc3ccc4c[n+](Cc5ccccc5)cc5ccc(c2)c3c45)cc1,1
NC(=O)Cc1cccc2ccccc12,1
O=C1c2cccn2[B-](F)(F)[n+]2ccccc21,1
Cc1ccc(C2=C3C=CC=[N+]3[B-](F)(F)n3cccc32)cc1,1
Cc1ccc(C2=C3C=C(I)C=[N+]3[B-](F)(F)n3cccc32)cc1,1
Cc1ccc(C2=C3C=C(I)C=[N+]3[B-](F)(F)n3cc(I)cc32)cc1,1
Cc1ccc(C2=C3C=C(I)C=[N+]3[B-](F)(F)n3c2cc(I)c3I)cc1,1
Cc1ccc(C2=C3C=C(I)C(I)=[N+]3[B-](F)(F)n3c2cc(I)c3I)cc1,1
CCC1=C(C)C2=C(C)c3cccn3[B-](F)(F)[N+]2=C1C,1
CCC1=C(C)C2=C(C)c3cc(I)cn3[B-](F)(F)[N+]2=C1C,1
CCC1=C(C)C2=C(C)c3c(I)c(I)cn3[B-](F)(F)[N+]2=C1C,1
CCC1=C(C)C2=C(C)c3cc(I)c(I)n3[B-](F)(F)[N+]2=C1C,1
CCC1=C(C)C2=C(C)c3c(I)c(I)c(I)n3[B-](F)(F)[N+]2=C1C,1
CCC1=C(C)C2=Cc3cccn3[B-](F)(F)[N+]2=C1C,1
CCC1=C(C)C2=Cc3cc(I)cn3[B-](F)(F)[N+]2=C1C,1
CCC1=C(C)C2=Cc3c(I)c(I)cn3[B-](F)(F)[N+]2=C1C,1
CCC1=C(C)C2=Cc3cc(I)c(I)n3[B-](F)(F)[N+]2=C1C,1
CCC1=C(C)C2=Cc3c(I)c(I)c(I)n3[B-](F)(F)[N+]2=C1C,1
CN(C)c1ccc(/C=C/C(=C(C#N)C#N)c2ccc3c4c(cccc24)CC3)cc1,1
N#CC(C#N)=C(/C=C/c1cc2c3c(c1)CCCN3CCC2)c1ccc2c3c(cccc13)CC2,1
N#CC(C#N)=C(/C=C/c1ccc(N(c2ccccc2)c2ccccc2)cc1)c1ccc2c3c(cccc13)CC2,1
N#CC1=C(N)n2c(=O)c3ccccc3c(=O)n2C1c1ccccc1,1
N#CC1=C(N)n2c(=O)c3ccccc3c(=O)n2C1c1ccc([N+](=O)[O-])cc1,1
Cc1ccc(C2C(C#N)=C(N)n3c(=O)c4ccccc4c(=O)n32)cc1,1
N#CC1=C(N)n2c(=O)c3ccccc3c(=O)n2C1c1cccs1,1
CCOC(=O)C1=C(N)n2c(=O)c3ccccc3c(=O)n2C1c1ccccc1,1
CCOC(=O)C1=C(N)n2c(=O)c3ccccc3c(=O)n2C1c1ccc([N+](=O)[O-])cc1,1
CCOC(=O)C1=C(N)n2c(=O)c3ccccc3c(=O)n2C1c1ccc(C)cc1,1
CCOC(=O)C1=C(N)n2c(=O)c3ccccc3c(=O)n2C1c1cccs1,1
COC(=O)c1noc(-c2ccccc2)c1Cl,1
COC(=O)c1noc(-c2ccccc2)c1Br,1
NC(=O)CC[C@H](/[NH+]=C\C=C1\C=C(C(=O)O)N[C@H](C(=O)O)C1)C(=O)O,1
CCC1(CC)c2cc(B(c3c(C)cc(C)cc3C)c3c(C)cc(C)cc3C)ccc2-c2ccc(N(c3ccccc3)c3ccc4c(c3)C(CC)(CC)c3cc(B(c5c(C)cc(C)cc5C)c5c(C)cc(C)cc5C)ccc3-4)cc21,1
c1ccc(N(c2ccccc2)c2ccc(-c3nc4c5ccccc5c5ccccc5c4[nH]3)cc2)cc1,1
N#Cc1ccc(C[C@H](N)C(=O)O)cc1,1
Nc1cccc2c1C(=O)c1ccccc1C2=O,1
CCNc1cccc2c1C(=O)c1ccccc1C2=O,1
NCCNc1cccc2c1C(=O)c1ccccc1C2=O,1
O=C1c2ccccc2C(=O)c2c(NCCNc3nc(Cl)nc(Cl)n3)cccc21,1
CCCCNc1ccc2c3c(cccc13)C(=O)N(c1ccc(O)cc1)C2=O,1
CN(C)CCNc1ccc2c3c(cccc13)C(=O)N(c1ccc(O)cc1)C2=O,1
CCCCN1C(=O)c2cccc3c(Oc4cc(CO)cc(Oc5ccc6c7c(cccc57)C(=O)N(CCCC)C6=O)c4)ccc(c23)C1=O,1
CCCCNc1ccc2c3c(cccc13)C(=O)N(c1ccc(OCc3cc(Oc4ccc5c6c(cccc46)C(=O)N(CCCC)C5=O)cc(Oc4ccc5c6c(cccc46)C(=O)N(CCCC)C5=O)c3)cc1)C2=O,1
CCCCN1C(=O)c2cccc3c(Oc4cc(COc5ccc(N6C(=O)c7cccc8c(NCCN(C)C)ccc(c78)C6=O)cc5)cc(Oc5ccc6c7c(cccc57)C(=O)N(CCCC)C6=O)c4)ccc(c23)C1=O,1
CCCN1/C(=C/C=C(/C=C/C2=[N+](CCC)c3ccccc3C2(C)C)c2ccncc2)C(C)(C)c2ccccc21,1
CCCN1/C(=C/C=C(/C=C/C2=[N+](CCC)c3ccccc3C2(C)C)c2ccc([N+](=O)[O-])cc2)C(C)(C)c2ccccc21,1
CCCN1/C(=C/C=C(/C=C/c2sc3ccccc3[n+]2CCC)c2ccc([N+](=O)[O-])cc2)C(C)(C)c2ccccc21,1
CCCN1/C(=C/C=C(/C=C/C2=[N+](CCC)c3ccccc3C2(C)C)c2ccc3ccccc3n2)C(C)(C)c2ccccc21,1
CCCN1/C(=C/C=C(/C=C/C2=[N+](CCC)c3ccccc3C2(C)C)c2cc[n+](C)cc2)C(C)(C)c2ccccc21,1
CCCN1/C(=C/C=C/C=C/C2=[N+](CCC)c3ccccc3C2(C)C)C(C)(C)c2ccccc21,1
CCCN1/C(=C/C=C(/C=C/c2sc3ccccc3[n+]2CCC)c2ccc([N+](=O)[O-])cc2)Sc2ccccc21,1
O=c1oc2ccccc2cc1-c1nc2ccccc2o1,1
O=c1[nH]c2ccccc2[nH]1,1
COc1cc(/C=C/C2=CC(/C=C/c3ccc(O)c(OC)c3)=[O+][B-](F)(F)O2)ccc1O,1
COc1ccc(/C=C/C2=CC(/C=C/c3ccc(OC)c(OC)c3)=[O+][B-](F)(F)O2)cc1OC,1
COc1cc(/C=C/C2=[O+][B-](F)(F)OC(/C=C/c3ccc(OS(=O)(=O)c4ccc(C)cc4)c(OC)c3)=C2)ccc1O,1
COc1cc(/C=C/C2=CC(/C=C/c3ccc(OS(=O)(=O)c4ccc(C)cc4)c(OC)c3)=[O+][B-](F)(F)O2)ccc1OS(=O)(=O)c1ccc(C)cc1,1
Cc1ccc2c(CC(=O)NN)coc2c1,1
COc1ccc2c(CC(=O)NN)coc2c1,1
CCCCN1c2ccccc2Sc2cc(/C=C\c3cc(=O)oc4cc(C)ccc34)ccc21,1
CCCCN1c2ccccc2Sc2cc(/C=C\c3cc(=O)oc4ccc(C)cc34)ccc21,1
CCCN1c2ccccc2Sc2cc(/C=C\c3cc(=O)oc4ccccc34)ccc21,1
CCCN1c2ccccc2Sc2cc(/C=C\c3cc(=O)oc4cc(C)ccc34)ccc21,1
CCCN1c2ccccc2Sc2cc(/C=C\c3cc(=O)oc4cc(O)ccc34)ccc21,1
CCCN1c2ccccc2Sc2cc(/C=C\c3cc(=O)oc4c(O)c(O)ccc34)ccc21,1
CCCN1c2ccccc2Sc2cc(/C=C\c3cc(=O)oc4cc(NC(=O)OCC)ccc34)ccc21,1
CCCN1c2ccccc2Sc2cc(/C=C\c3cc(=O)oc4ccc(C)cc34)ccc21,1
CCCN1c2ccccc2Sc2cc(/C=C\c3cc(=O)oc4cc(C)c(Cl)cc34)ccc21,1
CCCCN1c2ccc(/C=C/c3cc(=O)oc4cc(C)ccc34)cc2Sc2cc(/C=C/c3cc(=O)oc4cc(C)ccc34)ccc21,1
CCCCn1cc(/C=C/c2cc(=O)oc3cc(C)ccc23)c2ccccc21,1
CCCCCCn1c2ccccc2c2cc(/C=C/c3cc(=O)oc4cc(C)ccc34)ccc21,1
CCCCCCN(c1ccccc1)c1ccc(/C=C/c2cc(=O)oc3cc(C)ccc23)cc1,1
CC1=[N+]2C(=c3c4c5ccccc5cc5cccc(c6cc(C)n(c36)[B-]2(F)F)c54)C=C1,1
Cc1ccc(C2=C3C=CC(Cl)=[N+]3[B-](F)(F)n3c(Cl)ccc32)cc1,1
CCOC(=O)C(C(=O)OCC)C1=[N+]2C(=C(c3ccc(C)cc3)c3ccc(Cl)n3[B-]2(F)F)C=C1,1
CCOC(=O)C(C(=O)OCC)C1=[N+]2C(=C(c3ccc(C)cc3)c3ccc(C(C(=O)OCC)C(=O)OCC)n3[B-]2(F)F)C=C1,1
COC1=[N+]2C(=C(c3ccc(C)cc3)c3ccc(OC)n3[B-]2(F)F)C=C1,1
Cc1cc2c(o1)c(C)cc1ccc(=O)oc12,1
CCN(CC)c1ccc(-c2nc(Oc3ccc(-c4nc5ccccc5[nH]4)cc3)nc(Oc3ccc(-c4nc5ccccc5[nH]4)cc3)n2)cc1,1
CCN(CC)c1ccc(-c2nc(Oc3ccc(-c4nc5cc([N+](=O)[O-])ccc5[nH]4)cc3)nc(Oc3ccc(-c4nc5cc([N+](=O)[O-])ccc5[nH]4)cc3)n2)cc1,1
CCN(CC)c1ccc(-c2nc(Oc3ccc(-c4nc5ccc(Cl)cc5o4)cc3)nc(Oc3ccc(-c4nc5ccc(Cl)cc5o4)cc3)n2)cc1,1
CCN(CC)c1ccc(-c2nc(Oc3ccc(-c4nc5ccccc5s4)cc3)nc(Oc3ccc(-c4nc5ccccc5s4)cc3)n2)cc1,1
Cc1cc(=O)oc2cc(O)ccc12,1
C#Cc1ccc2c(C)cc(=O)oc2c1,1
Cc1cc(=O)oc2cc(-c3cn(Cc4ccccc4)nn3)ccc12,1
C#Cc1ccc2ccc3oc(=O)cc(C)c3c2c1,1
Cc1cc(=O)oc2ccc3ccc(-c4cn(Cc5ccccc5)nn4)cc3c12,1
C#Cc1ccc2cc3c(C)cc(=O)oc3cc2c1,1
Cc1cc(=O)oc2cc3cc(-c4cn(Cc5ccccc5)nn4)ccc3cc12,1
CCOC(=O)/C=C/c1cc2ccc(O)cc2oc1=O,1
C#Cc1ccc2cc(/C=C/C(=O)OCC)c(=O)oc2c1,1
CCOC(=O)/C=C/c1cc2ccc(-c3cn(Cc4ccccc4)nn3)cc2oc1=O,1
F[B-]1(F)n2cccc2C(c2ccccc2)=C2C=CC(N3CCOCC3)=[N+]21,1
COc1ccc2n1[B-](F)(F)[N+]1=CC=CC1=C2c1ccccc1,1
CCCSc1ccc2n1[B-](F)(F)[N+]1=CC=CC1=C2c1ccccc1,1
F[B-]1(F)n2c(ccc2N2CCOCC2)C(c2ccccc2)=C2C=CC(N3CCOCC3)=[N+]21,1
COC1=[N+]2C(=C(c3ccccc3)c3ccc(OC)n3[B-]2(F)F)C=C1,1
CCCSC1=[N+]2C(=C(c3ccccc3)c3ccc(SCCC)n3[B-]2(F)F)C=C1,1
N#CSc1ccc2n1[B-](F)(F)[N+]1=C(N3CCOCC3)C=CC1=C2c1ccccc1,1
N#CSC1=CC2=C(c3ccccc3)c3ccc(SC#N)n3[B-](F)(F)[N+]2=C1N1CCOCC1,1
COc1ccc2n1[B-](F)(F)[N+]1=C(SC#N)C=CC1=C2c1ccccc1,1
CCCSc1ccc2n1[B-](F)(F)[N+]1=C(SC#N)C=CC1=C2c1ccccc1,1
N#CSC1=CC2=C(c3ccccc3)c3ccc(N4CCOCC4)n3[B-](F)(F)[N+]2=C1N1CCOCC1,1
N#CSC1=CC2=C(c3ccccc3)c3cc(SC#N)c(N4CCOCC4)n3[B-](F)(F)[N+]2=C1N1CCOCC1,1
COC1=[N+]2C(=C(c3ccccc3)c3ccc(OC)n3[B-]2(F)F)C=C1SC#N,1
COC1=[N+]2C(=C(c3ccccc3)c3cc(SC#N)c(OC)n3[B-]2(F)F)C=C1SC#N,1
CCCSC1=[N+]2C(=C(c3ccccc3)c3ccc(SCCC)n3[B-]2(F)F)C=C1SC#N,1
F[B-]1(F)n2c(Cl)ccc2C(c2c(Cl)cccc2Cl)=C2C=CC(NCc3ccccc3)=[N+]21,1
F[B-]1(F)n2c(NCc3ccccc3)ccc2C(c2c(Cl)cccc2Cl)=C2C=CC(NCc3ccccc3)=[N+]21,1
N#CSC1=CC2=C(c3c(Cl)cccc3Cl)c3cc(SC#N)c(NCc4ccccc4)n3[B-](F)(F)[N+]2=C1NCc1ccccc1,1
CCc1c(C)c2n(c1C)[B-](F)(F)[N+]1=C(NCc3ccc(OC)cc3)C=CC1=C2C,1
CCc1c(C)c2n(c1C)[B-](F)(F)[N+]1=C(NCc3ccc(OC)cc3)C(SC#N)=CC1=C2C,1
CCCCCCN1C(=O)c2cccc3c(-c4ccc(-c5cc(-c6ccccc6)nn5-c5ccccc5)s4)ccc(c23)C1=O,1
CCCCCCN1C(=O)c2cccc3c(-c4ccc(-c5cc(-c6ccc(C)cc6)nn5-c5ccccc5)s4)ccc(c23)C1=O,1
CCCCCCN1C(=O)c2cccc3c(-c4ccc(-c5cc(-c6ccc(Cl)cc6)nn5-c5ccccc5)s4)ccc(c23)C1=O,1
CCCCCCN1C(=O)c2cccc3c(-c4ccc(-c5cc(-c6cccc7ccccc67)nn5-c5ccccc5)s4)ccc(c23)C1=O,1
CCCCCCN1C(=O)c2cccc3c(-c4ccc(-c5cc(-c6ccccc6)n(-c6ccccc6)n5)s4)ccc(c23)C1=O,1
CCCCCCN1C(=O)c2cccc3c(-c4ccc(-c5cc(-c6ccc(C)cc6)n(-c6ccccc6)n5)s4)ccc(c23)C1=O,1
CCCCCCN1C(=O)c2cccc3c(-c4ccc(-c5cc(-c6ccc(Cl)cc6)n(-c6ccccc6)n5)s4)ccc(c23)C1=O,1
CCCCCCN1C(=O)c2cccc3c(-c4ccc(-c5cc(-c6ccc(OC)cc6)n(-c6ccccc6)n5)s4)ccc(c23)C1=O,1
Oc1cccc(/N=C/c2ccccc2Oc2ccccc2)c1,1
Oc1ccc(/N=C/c2ccccc2Oc2ccccc2)cc1,1
Oc1ccccc1/N=C/c1ccccc1Oc1ccccc1,1
N#C[Se]CCCCCOc1ccc2ccc(=O)oc2c1,1
O=C1/C(=C\c2ccc3oc4ccccc4c3c2)S(=O)(=O)c2ccccc21,1
CCn1c2ccccc2c2cc(/C=C3\C(=O)c4ccccc4S3(=O)=O)ccc21,1
CN(c1ccccc1)c1ccc(/C=C2\C(=O)c3ccccc3S2(=O)=O)cc1,1
O=C1/C(=C\c2ccc(N(c3ccccc3)c3ccccc3)cc2)S(=O)(=O)c2ccccc21,1
CCCN(c1ccccc1)c1ccc2c(c1)C(CC)(CC)c1cc(/C=C/c3ccc(/C=C(\C#N)C(=O)O)s3)ccc1-2,1
CCCCN(c1ccccc1)c1ccc2c(c1)C(CC)(CC)c1cc(/C=C/c3ccc(/C=C(\C#N)C(=O)O)s3)ccc1-2,1
CCCCCN(c1ccccc1)c1ccc2c(c1)C(CC)(CC)c1cc(/C=C/c3ccc(/C=C(\C#N)C(=O)O)s3)ccc1-2,1
CCCCCCN(c1ccccc1)c1ccc2c(c1)C(CC)(CC)c1cc(/C=C/c3ccc(/C=C(\C#N)C(=O)O)s3)ccc1-2,1
CCN(CC)c1ccc(-c2ccc(-c3nc(N4CCOCC4)c4ccccc4n3)s2)cc1,1
CCN(CC)c1ccc(-c2ccc(-c3nc(C#N)c4ccccc4n3)s2)cc1,1
CCN(CC)c1ccc(-c2ccc(-c3nc4ccccc4c(=O)[nH]3)s2)cc1,1
Cc1cc(O)c(C(C)C)cc1/N=C/c1ccc(O)cc1,1
COc1ccc(/C=N/c2cc(C(C)C)c(O)cc2C)cc1,1
Cc1ccc(/C=N/c2cc(C(C)C)c(O)cc2C)cc1,1
CCc1ccc(/C=N/c2cc(C(C)C)c(O)cc2C)cc1,1
Cc1cc(O)c(C(C)C)cc1/N=C/c1ccc(C(F)(F)F)cc1,1
CN(C)c1ccc(/C=C/C=C/c2ccc(C#N)cc2)cc1,1
Cc1cc(N(C)C)cc(C)c1/C=C/C=C/c1ccc(C#N)cc1,1
Cc1cc(-c2ccccc2)cc(C)[o+]1,1
Cc1cc(-c2ccccc2C)cc(C)[o+]1,1
Cc1ccc(-c2cc(C)[o+]c(C)c2)cc1,1
CCCCCCCCCCCCc1ccc(-c2cc(C)[o+]c(C)c2)cc1,1
Cc1cc(-c2ccc(C(C)(C)C)cc2)cc(C)[o+]1,1
CCOC(=O)CSc1nc(-c2ccccc2)c(C)c(C#N)c1C#N,1
CCOC(=O)c1sc2nc(-c3ccccc3)c(C)c(C#N)c2c1N,1
CCOC(=O)CSc1nc(C)c(C)c(C#N)c1C#N,1
CCOC(=O)c1sc2nc(C)c(C)c(C#N)c2c1N,1
CCOC(=O)CSc1nc(C)c(CC)c(C#N)c1C#N,1
CCOC(=O)c1sc2nc(C)c(CC)c(C#N)c2c1N,1
CCOC(=O)CSc1nc2c(c(C#N)c1C#N)CCCC2,1
CCOC(=O)c1sc2nc3c(c(C#N)c2c1N)CCCC3,1
CCOC(=O)CSc1nc2c(c(C#N)c1C#N)CCCCCC2,1
CCOC(=O)c1sc2nc3c(c(C#N)c2c1N)CCCCCC3,1
CCOC(=O)CSc1nc(-c2ccc(OC)cc2)c(C)c(C#N)c1C#N,1
CCOC(=O)c1sc2nc(-c3ccc(OC)cc3)c(C)c(C#N)c2c1N,1
Cc1cc2nc3cc(C)c(N)cc3[n+](-c3ccccc3)c2cc1N,1
Cc1ccccc1/C(C#N)=C/c1ccc(N(C)C)cc1,1
CC(=O)Nc1ccc(O)cc1,1
FC(F)(F)c1ccc(C#Cc2cc(C#Cc3ccc(C(F)(F)F)cc3)c3ccc4c(C#Cc5ccc(C(F)(F)F)cc5)cc(C#Cc5ccc(C(F)(F)F)cc5)c5ccc2c3c54)cc1,1
CN(C)c1ccc(C#Cc2cc(C#Cc3ccc(C(F)(F)F)cc3)c3ccc4c(C#Cc5ccc(C(F)(F)F)cc5)cc(C#Cc5ccc(C(F)(F)F)cc5)c5ccc2c3c54)cc1,1
CN(C)c1ccc(C#Cc2cc(C#Cc3ccc(C(F)(F)F)cc3)c3ccc4c(C#Cc5ccc(C(F)(F)F)cc5)cc(C#Cc5ccc(N(C)C)cc5)c5ccc2c3c54)cc1,1
CN(C)c1ccc(C#Cc2cc(C#Cc3ccc(C(F)(F)F)cc3)c3ccc4c(C#Cc5ccc(N(C)C)cc5)cc(C#Cc5ccc(C(F)(F)F)cc5)c5ccc2c3c45)cc1,1
CN(C)c1ccc(C#Cc2cc(C#Cc3ccc(N(C)C)cc3)c3ccc4c(C#Cc5ccc(C(F)(F)F)cc5)cc(C#Cc5ccc(N(C)C)cc5)c5ccc2c3c54)cc1,1
CN(C)c1ccc(C#Cc2cc(C#Cc3ccc(N(C)C)cc3)c3ccc4c(C#Cc5ccc(N(C)C)cc5)cc(C#Cc5ccc(N(C)C)cc5)c5ccc2c3c54)cc1,1
Cc1ccc(C)n1-c1ccc(C#N)cc1,1
Cc1ccc(C)n1-c1cccc(C#N)c1,1
CN(C)c1ccc(/C=C/c2ccc(C#N)cc2)cc1,1
CN(C)c1ccc(C=C/C=C/C=C/c2ccc(C#N)cc2)cc1,1
COc1cc(OC)cc(-c2ccc(C3=CC(c4ccccc4)=C(c4ccccc4)C3)cc2)c1,1
COc1cc(OC)cc(C2=CC(c3ccccc3)=C(c3ccccc3)C2)c1,1
COc1cc(C2=CC(c3ccccc3)=C(c3ccccc3)C2)cc(OC)c1OC,1
COc1ccc2ccccc2c1C1=CC(c2ccccc2)=C(c2ccccc2)C1,1
COc1ccc(C2=CC(c3ccccc3)=C(c3ccccc3)C2)c2ccccc12,1
N#Cc1ccc2nc3[nH]c(=O)[nH]c(=O)c3nc2c1,1
N#Cc1ccc2nc3c(=O)[nH]c(=O)[nH]c3nc2c1,1
CCN(CC)c1ccc2cc(/C=C/C(=O)c3cc4ccc(N(CC)CC)cc4oc3=O)c(=O)oc2c1,1
CN1C(=O)c2cccc3c(-n4c5ccccc5c5ccccc54)ccc(c23)C1=O,1
O=C1c2cccc3c(-n4c5ccccc5c5ccccc54)ccc(c23)C(=O)N1C1CCCCC1,1
O=C1c2cccc3c(-n4c5ccccc5c5ccccc54)ccc(c23)C(=O)N1c1ccccc1,1
O=S(=O)([O-])c1ccc(O)c2ccccc12,1
N#Cc1cccc(N)c1,1
CN(C)c1cccc(C#N)c1,1
CCOC(=O)c1cccc(N)c1,1
CCOC(=O)c1cccc(N(C)C)c1,1
N#Cc1ccc(N)cc1,1
CN(C)c1ccc(C#N)cc1,1
CCOC(=O)c1ccc(N)cc1,1
CCOC(=O)c1ccc(N(C)C)cc1,1
Cc1cc(-c2ccc(-c3ccccc3)cc2)cc(C)[o+]1,1
Cc1cc(-c2cccc3ccccc23)cc(C)[o+]1,1
Cc1cc(-c2ccc3ccccc3c2)cc(C)[o+]1,1
CC(=O)c1ccc(-c2cc(C)[o+]c(C)c2)cc1,1
c1ccc2c(-n3c4ccccc4c4ccccc43)cccc2c1,1
c1ccc2cc(-n3c4ccccc4c4ccccc43)ccc2c1,1
c1ccc2c(-n3cnc4ccccc43)cccc2c1,1
c1ccc2cc(-n3cnc4ccccc43)ccc2c1,1
COc1ccc(-c2nc(C(C)=O)c(C)o2)cc1,1
CC(=O)c1nc(-c2ccc(N(C)C)cc2)oc1C,1
CC(=O)c1nc(-c2ccc(N(c3ccccc3)c3ccccc3)cc2)oc1C,1
O=C1Nc2ccccc2/C1=C/C(=O)c1ccccc1,1
O=C1Nc2ccccc2/C1=C/C(=O)c1ccc(O)cc1,1
Cc1ccc(C(=O)/C=C2\C(=O)Nc3ccccc32)cc1,1
Cc1ccc(C(=O)/C=C2\C(=O)Nc3ccccc32)cc1C,1
COc1ccc(C(=O)/C=C2\C(=O)Nc3ccccc32)cc1,1
COc1ccc(C(=O)/C=C2\C(=O)Nc3ccccc32)c(OC)c1,1
O=C1Nc2ccccc2/C1=C/C(=O)c1ccc(Cl)cc1,1
O=C1Nc2ccccc2/C1=C/C(=O)c1ccc(Cl)cc1Cl,1
O=C(/C=C/c1ccc(O)c(O)c1)O[C@H](Cc1ccc(O)c(O)c1)C(=O)O,1
CN(C)c1ccc2cc(C(/C=C/c3c[nH]c4ccccc34)=C(C#N)C#N)c(=O)oc2c1,1
CN(C)c1ccc2cc(C(/C=C/c3cn(C)c4ccccc34)=C(C#N)C#N)c(=O)oc2c1,1
O=C(O)CCNc1cccc2ccccc12,1
COC(=O)C(C)NC(=O)CCNc1cccc2ccccc12,1
COC(=O)C(NC(=O)CCNc1cccc2ccccc12)C(C)C,1
COC(=O)CNC(=O)CCNc1cccc2ccccc12,1
COC(=O)C(NC(=O)CCNc1cccc2ccccc12)c1ccccc1,1
COC(=O)CCC(NC(=O)CCNc1cccc2ccccc12)C(=O)OC,1
COC(=O)C(CCCCNC(=O)CCNc1cccc2ccccc12)NC(C)=O,1
CC[N+](CC)=c1ccc2nc3c(cc(NCCC(=O)NC(C)C(=O)OC)c4ccccc43)oc-2c1,1
CC/[NH+]=c1\cc2oc3cc(NCCC(=O)NC(C)C(=O)OC)c4ccccc4c3nc-2cc1C,1
CC/[NH+]=c1\cc2oc3cc(NCCC(=O)NC(C(=O)OC)C(C)C)c4ccccc4c3nc-2cc1C,1
CC/[NH+]=c1\cc2oc3cc(NCCC(=O)NCC(=O)OC)c4ccccc4c3nc-2cc1C,1
CC/[NH+]=c1\cc2oc3cc(NCCC(=O)NC(C(=O)OC)c4ccccc4)c4ccccc4c3nc-2cc1C,1
CC/[NH+]=c1\cc2oc3cc(NCCC(=O)NC(CCC(=O)OC)C(=O)OC)c4ccccc4c3nc-2cc1C,1
CC/[NH+]=c1\cc2oc3cc(NCCC(=O)NCCCCC(NC(C)=O)C(=O)OC)c4ccccc4c3nc-2cc1C,1
CC/[NH+]=c1\cc2oc3cc(NCCC(=O)O)c4ccccc4c3nc-2cc1C,1
CC/[NH+]=c1\cc2oc3cc(NCCO)c4ccccc4c3nc-2cc1C,1
CC/[NH+]=c1\cc2oc3cc(NCCN)c4ccccc4c3nc-2cc1C,1
CC/[NH+]=c1\cc2oc3cc(NCCOC(=O)C(NC(=O)OC(C)(C)C)C(C)C)c4ccccc4c3nc-2cc1C,1
CC/[NH+]=c1\cc2oc3cc(NCCNC(=O)C(NC(=O)OC(C)(C)C)C(C)C)c4ccccc4c3nc-2cc1C,1
CCN1C(=CC=Cc2n(CC)c3cc(Cl)c(Cl)cc3[n+]2CC)N(CC)c2cc(Cl)c(Cl)cc21,1
CC1(C)CC(=O)C2=C(C1)Oc1ccc3ccc(O)cc3c1C2c1ccccn1,1
CC1(C)CC(=O)C2=C(C1)Oc1ccc3cc(O)ccc3c1C2c1ccccn1,1
CN(C)c1ccc(/C=C/c2nc3ccccc3s2)cc1,1
c1ccc(-c2cc(-c3ccccc3)cc(-c3ccccc3)c2)cc1,1
c1ccc(-c2ccc(-c3cc(-c4ccc(-c5ccccc5)cc4)cc(-c4ccc(-c5ccccc5)cc4)c3)cc2)cc1,1
c1ccc(-c2ccc(-c3ccc(-c4cc(-c5ccc(-c6ccc(-c7ccccc7)cc6)cc5)cc(-c5ccc(-c6ccc(-c7ccccc7)cc6)cc5)c4)cc3)cc2)cc1,1
c1ccc(-c2ccc(-c3ccc(-c4ccccc4)cc3)cc2)cc1,1
c1ccc(-c2cc(-c3ccccc3)[o+]c(-c3ccccc3)c2)cc1,1
c1ccc(-c2cc3c(oc4ccccc43)c(-c3ccccc3)[o+]2)cc1,1
CCOC(=O)c1c(-c2c(Cl)c3ccccc3oc2=O)nn(-c2ccccc2)c1C(=O)OCC,1
CCOC(=O)c1c(-c2c(Cl)c3ccccc3oc2=O)nn(-c2cccc(C)c2)c1C(=O)OCC,1
CCOC(=O)c1c(-c2c(Cl)c3ccccc3oc2=O)nn(-c2ccc(OC)cc2)c1C(=O)OCC,1
CCOC(=O)c1c(-c2c(Cl)c3ccccc3oc2=O)nn(-c2cccc(Cl)c2)c1C(=O)OCC,1
CCOC(=O)c1c(-c2c(Cl)c3ccccc3oc2=O)nn(-c2ccc(Br)cc2)c1C(=O)OCC,1
CCOC(=O)c1c(-c2c(Cl)c3cc(C)ccc3oc2=O)nn(-c2ccccc2)c1C(=O)OCC,1
CCOC(=O)c1c(-c2c(Cl)c3cc(C)ccc3oc2=O)nn(-c2cccc(C)c2)c1C(=O)OCC,1
CCOC(=O)c1c(-c2c(Cl)c3cc(C)ccc3oc2=O)nn(-c2cccc(Cl)c2)c1C(=O)OCC,1
CCOC(=O)c1c(-c2cc3ccccc3oc2=O)nn(-c2ccccc2)c1C(=O)OCC,1
COC(=O)c1c(-c2cc3ccccc3oc2=O)nn(-c2ccccc2)c1C(=O)OC,1
CCOC(=O)c1c(-c2cc3ccccc3oc2=O)nn(-c2cccc(C)c2)c1C(=O)OCC,1
COC(=O)c1c(-c2cc3ccccc3oc2=O)nn(-c2cccc(C)c2)c1C(=O)OC,1
CCOC(=O)c1c(-c2cc3ccccc3oc2=O)nn(-c2ccc(C)c(C)c2)c1C(=O)OCC,1
CCOC(=O)c1c(-c2cc3ccccc3oc2=O)nn(-c2ccc(OC)cc2)c1C(=O)OCC,1
CCOC(=O)c1c(-c2cc3ccccc3oc2=O)nn(-c2cccc(Cl)c2)c1C(=O)OCC,1
COC(=O)c1c(-c2cc3ccccc3oc2=O)nn(-c2cccc(Cl)c2)c1C(=O)OC,1
CCOC(=O)c1c(-c2cc3ccccc3oc2=O)nn(-c2cccc(F)c2)c1C(=O)OCC,1
COC(=O)c1c(-c2cc3ccccc3oc2=O)nn(-c2cccc(F)c2)c1C(=O)OC,1
CCOC(=O)c1c(-c2cc3ccccc3oc2=O)nn(-c2ccc(Cl)cc2)c1C(=O)OCC,1
CCOC(=O)c1c(-c2cc3ccccc3oc2=O)nn(-c2ccc(Br)cc2)c1C(=O)OCC,1
COC(=O)c1c(-c2cc3ccccc3oc2=O)nn(-c2ccc(Br)cc2)c1C(=O)OC,1
CCOC(=O)c1c(C(=O)OC)c(-c2cc3cc(OC)ccc3oc2=O)nn1-c1ccccc1,1
CCOC(=O)c1c(-c2cc3cc(OC)ccc3oc2=O)nn(-c2cccc(C)c2)c1C(=O)OCC,1
CCOC(=O)c1c(-c2cc3cc(OC)ccc3oc2=O)nn(-c2cccc(Cl)c2)c1C(=O)OCC,1
CCOC(=O)c1c(-c2cc3ccc(OC)cc3oc2=O)nn(-c2ccccc2)c1C(=O)OCC,1
CCOC(=O)c1c(-c2cc3ccc(OC)cc3oc2=O)nn(-c2cccc(C)c2)c1C(=O)OCC,1
CCOC(=O)c1c(-c2cc3ccc(OC)cc3oc2=O)nn(-c2cccc(Cl)c2)c1C(=O)OCC,1
CCOC(=O)c1c(-c2cc3ccc(OCC=C(C)C)cc3oc2=O)nn(-c2ccccc2)c1C(=O)OCC,1
CCOC(=O)c1c(-c2cc3ccc(OCC=C(C)C)cc3oc2=O)nn(-c2cccc(C)c2)c1C(=O)OCC,1
CCOC(=O)c1c(-c2cc3ccc(OCC=C(C)C)cc3oc2=O)nn(-c2cccc(Cl)c2)c1C(=O)OCC,1
CCOC(=O)c1c(-c2cc3c(ccc4ccccc43)oc2=O)nn(-c2ccccc2)c1C(=O)OCC,1
CCOC(=O)c1c(-c2cc3c(ccc4ccccc43)oc2=O)nn(-c2cccc(C)c2)c1C(=O)OCC,1
CCOC(=O)c1c(-c2cc3c(ccc4ccccc43)oc2=O)nn(-c2cccc(Cl)c2)c1C(=O)OCC,1
CCOC(=O)c1c(-c2cc3cc4c(cc3oc2=O)OC(C)(C)CC4)nn(-c2ccccc2)c1C(=O)OCC,1
CCOC(=O)c1c(-c2cc3cc4c(cc3oc2=O)OC(C)(C)CC4)nn(-c2cccc(C)c2)c1C(=O)OCC,1
CCOC(=O)c1c(-c2cc3cc4c(cc3oc2=O)OC(C)(C)CC4)nn(-c2cccc(Cl)c2)c1C(=O)OCC,1
COc1ccc2c3c(cccc13)C(=O)N(C)C2=O,1
CCN(CC)c1ccc(C=Cc2nc3nc4ccccc4nc3s2)cc1,1
CCN(CC)c1ccc(C=Cc2nc3nc4ccccc4nc3s2)c(OC)c1,1
CN1C(=CC=Cc2nc3nc4ccccc4nc3s2)C(C)(C)c2ccccc21,1
Cc1cc(C)nc(N)n1,1
O=C1OC(=O)c2cc(Oc3ccccc3)c3c4ccc5c6c(cc(Oc7ccccc7)c(c7ccc1c2c73)c64)C(=O)OC5=O,1
O=C1c2ccc3c4c(Oc5ccccc5)cc5c6c(ccc(c7c(Oc8ccccc8)cc(c2c37)C(=O)N1c1ccc(O)cc1)c64)C(=O)N(c1ccc(O)cc1)C5=O,1
CCN(CC)c1ccc2cc(-c3csc(N)c3C#N)c(=O)oc2c1,1
CCN(CC)c1ccc2cc(-c3csc(NC(C)=O)c3C#N)c(=O)oc2c1,1
CC1=CC(C)=[N+]2C1=C(c1c(F)c(F)c(NCCNP(=O)(OC(C)C)OC(C)C)c(F)c1F)c1c(C)cc(C)n1[B-]2(F)F,1
CC1=CC(C)=[N+]2C1=C(c1c(F)c(F)c(NCCCCNP(=O)(OC(C)C)OC(C)C)c(F)c1F)c1c(C)cc(C)n1[B-]2(F)F,1
CC1=CC(C)=[N+]2C1=C(c1c(F)c(F)c(NCCCCCCNP(=O)(OC(C)C)OC(C)C)c(F)c1F)c1c(C)cc(C)n1[B-]2(F)F,1
C[n+]1ccc2c(ccc3c[n+](C)ccc32)c1,1
Cc1c2ccc3c(C)[n+](C)ccc3c2cc[n+]1C,1
Cc1cc2c(ccc3c[n+](C)c(C)cc32)c[n+]1C,1
Cc1cc2c(ccc3c(C)[n+](C)c(C)cc32)c(C)[n+]1C,1
C[P+](c1c2ccccc2cc2ccccc12)(c1c2ccccc2cc2ccccc12)c1c2ccccc2cc2ccccc12,1
O=P(c1c2ccccc2cc2ccccc12)(c1c2ccccc2cc2ccccc12)c1c2ccccc2cc2ccccc12,1
FP(F)(c1c2ccccc2cc2ccccc12)(c1c2ccccc2cc2ccccc12)c1c2ccccc2cc2ccccc12,1
N#CC(C#N)=Cc1ccc(-c2ccc(N(c3ccccc3)c3ccccc3)cc2)cc1,1
Cc1ccc(N(c2ccc(C)cc2)c2ccc(-c3ccc(C=C(C#N)C#N)cc3)cc2)cc1,1
COc1ccc(N(c2ccc(OC)cc2)c2ccc(-c3ccc(C=C(C#N)C#N)cc3)cc2)cc1,1
N#CC(C#N)=Cc1ccc(-c2ccc(N(c3ccccc3)c3ccccc3)cc2)s1,1
Cc1ccc(N(c2ccc(C)cc2)c2ccc(-c3ccc(C=C(C#N)C#N)s3)cc2)cc1,1
COc1ccc(N(c2ccc(OC)cc2)c2ccc(-c3ccc(C=C(C#N)C#N)s3)cc2)cc1,1
N#CC(C#N)=Cc1ccc(-c2ccc(N(c3ccccc3)c3ccccc3)cc2)o1,1
Cc1ccc(N(c2ccc(C)cc2)c2ccc(-c3ccc(C=C(C#N)C#N)o3)cc2)cc1,1
COc1ccc(N(c2ccc(OC)cc2)c2ccc(-c3ccc(C=C(C#N)C#N)o3)cc2)cc1,1
CCCCn1c2ccc(-c3ccc4c(c3)c3c5c(ccc6ccccc65)ccc3n4CCCC)cc2c2c3c(ccc4ccccc43)ccc21,1
CCCCn1c2ccc(-c3ccc4c(c3)c3c5c(ccc6ccc7ccccc7c65)ccc3n4CCCC)cc2c2c3c(ccc4ccc5ccccc5c43)ccc21,1
CCCCn1c2ccc3ccc4ccccc4c3c2c2c3c(ccc4ccccc43)ccc21,1
N#Cc1c(-c2ccccc2)cc(-c2ccccc2)[nH]c1=S,1
Cc1ccc(-c2cc(-c3ccccc3)c(C#N)c(=S)[nH]2)cc1,1
CC(=O)c1ccc(/C=C/C=C/C2=NC3C(=O)NC(N)=NC3N2[C@H]2C[C@H](O)[C@@H](CO)O2)cc1,1
N#Cc1ccc(/C=C/C=C/C2=NC3C(=O)NC(N)=NC3N2[C@H]2C[C@H](O)[C@@H](CO)O2)cc1,1
COc1ccc(/C=C/C=C/C2=NC3C(=O)NC(N)=NC3N2[C@H]2C[C@H](O)[C@@H](CO)O2)cc1,1
CN(C)c1ccc(/C=C/C=C/C2=NC3C(=O)NC(N)=NC3N2[C@H]2C[C@H](O)[C@@H](CO)O2)cc1,1
Cc1ccc(OCc2cc(=O)oc3c2ccc2ccccc23)cc1,1
O=c1cc(COc2ccc(I)cc2)c2c(ccc3ccccc32)o1,1
C[N+](C)=c1ccc2c(-c3ccccc3C(=O)O)c3ccc4cc(O)ccc4c3oc-2c1,1
C[N+](C)=c1ccc2c(-c3ccccc3C(=O)[O-])c3ccc4cc([O-])ccc4c3oc-2c1,1
C[N+](C)=c1ccc2c(-c3c(F)c(F)c(F)c(F)c3C(=O)O)c3ccc4cc(O)ccc4c3oc-2c1,1
C[N+](C)=c1ccc2c(-c3c(F)c(F)c(F)c(F)c3C(=O)[O-])c3ccc4cc([O-])ccc4c3oc-2c1,1
C[N+](C)=c1ccc2c(-c3c(Cl)c(Cl)c(Cl)c(Cl)c3C(=O)O)c3ccc4cc(O)ccc4c3oc-2c1,1
C[N+](C)=c1ccc2c(-c3c(Cl)c(Cl)c(Cl)c(Cl)c3C(=O)[O-])c3ccc4cc([O-])ccc4c3oc-2c1,1
CN(C)c1ccc2c(c1)Cc1ccccc1-2,1
CCN(CC)c1ccc2nc3ccc(=[N+](CC)CC)cc-3oc2c1,1
C(=C/c1ccc(N(c2ccc(/C=C/c3ccc(-c4cc(-c5ccccc5)nc(-c5ccccc5)c4)cc3)cc2)c2ccc(/C=C/c3ccc(-c4cc(-c5ccccc5)nc(-c5ccccc5)c4)cc3)cc2)cc1)\c1ccc(-c2cc(-c3ccccc3)nc(-c3ccccc3)c2)cc1,1
C(#Cc1ccc(N(c2ccc(C#Cc3ccc(-c4cc(-c5ccccc5)nc(-c5ccccc5)c4)cc3)cc2)c2ccc(C#Cc3ccc(-c4cc(-c5ccccc5)nc(-c5ccccc5)c4)cc3)cc2)cc1)c1ccc(-c2cc(-c3ccccc3)nc(-c3ccccc3)c2)cc1,1
COc1ccc(-c2cnc(-c3ccccc3)o2)cc1OC,1
COc1ccc(-c2cnc(-c3cccnc3)o2)cc1OC,1
COc1cc(-c2cnc(-c3ccncc3)o2)cc(OC)c1OC,1
COc1cc(-c2cnc(-c3cnc4ccccc4c3)o2)cc(OC)c1OC,1
COc1cc(-c2ncc(-c3ccncc3)o2)cc(OC)c1OC,1
COc1ccc(/C=C/c2ncc(-c3ccccc3)o2)cc1OC,1
N#Cc1ccc(/C=C/c2ncc(-c3ccccc3)o2)cc1,1
C(=C/c1cccc2ccccc12)\c1ncc(-c2ccccc2)o1,1
COc1ccc(-c2cnc(/C=C/c3ccc(OC)c(OC)c3)o2)cc1,1
COc1ccc(-c2cnc(/C=C/c3ccccc3)o2)cc1OC,1
COc1ccc(-c2cnc(/C=C/c3ccc(C#N)cc3)o2)cc1OC,1
COc1cc(/C=C/c2ncc(-c3ccncc3)o2)cc(OC)c1OC,1
CN(C)c1cccc(/C=C/c2ncc(-c3ccc(OCc4ccccc4)c(OCc4ccccc4)c3)o2)c1,1
C(=C/c1ncc(-c2ccc(OCc3ccccc3)c(OCc3ccccc3)c2)o1)\c1cccc(N2CCCC2)c1,1
CN1CCN(c2cccc(/C=C/c3ncc(-c4ccc(OCc5ccccc5)c(OCc5ccccc5)c4)o3)c2)CC1,1
C(=C/c1ncc(-c2ccc(OCc3ccccc3)c(OCc3ccccc3)c2)o1)\c1cccc(N2CCN(c3ccccc3)CC2)c1,1
COc1ccc(-c2cnc(C#Cc3ccccc3)o2)cc1OC,1
COc1ccc(C#Cc2ncc(-c3ccccc3)o2)cc1OC,1
N#Cc1ccc(C#Cc2ncc(-c3ccccc3)o2)cc1,1
C(#Cc1cccc2ccccc12)c1ncc(-c2ccccc2)o1,1
FC(F)(F)c1ccc(C#Cc2ncc(-c3ccccc3)o2)cc1,1
C(#Cc1ncc(-c2ccccc2)o1)c1cccnc1,1
CN(C)c1ccc(/C=C/c2cnc(-c3ccncc3)o2)cc1,1
CN(C)c1ccc(/C=C/c2cnc(/C=C/c3ccc(C#N)cc3)o2)cc1,1
CN(C)c1ccc(/C=C/c2cnc(C#Cc3ccc(C#N)cc3)o2)cc1,1
CCC1(CC)c2ccccc2-c2c1c1c(c3c2C(CC)(CC)c2cc(/C=C/c4cccs4)ccc2-3)C(CC)(CC)c2ccccc2-1,1
CCC1(CC)c2ccccc2-c2c1c1c(c3c2C(CC)(CC)c2cc(/C=C/c4cccs4)ccc2-3)C(CC)(CC)c2cc(/C=C/c3cccs3)ccc2-1,1
F[B-]1(F)N(c2ccccc2)C=Cc2cccc[n+]21,1
C[C@]12SC(=O)C=C1c1nc(-c3ccc(Cl)cc3Cl)[nH]c1C1=CC(=O)S[C@@]12C,1
C[C@]12SC(=O)C=C1c1nc(-c3ccccc3)[nH]c1C1=CC(=O)S[C@@]12C,1
Cc1ccc(-c2nc3c([nH]2)C2=CC(=O)S[C@]2(C)[C@@]2(C)SC(=O)C=C32)cc1,1
C[C@]12SC(=O)C=C1c1nc(-c3ccc(Cl)cc3)[nH]c1C1=CC(=O)S[C@@]12C,1
COc1ccc(-c2nc3c([nH]2)C2=CC(=O)S[C@]2(C)[C@@]2(C)SC(=O)C=C32)cc1,1
C[C@]12SC(=O)C=C1c1nc(-c3ccc(O)cc3)[nH]c1C1=CC(=O)S[C@@]12C,1
C[C@]12SC(=O)C=C1c1nc(-c3ccccc3O)[nH]c1C1=CC(=O)S[C@@]12C,1
COc1ccccc1-c1nc2c([nH]1)C1=CC(=O)S[C@]1(C)[C@@]1(C)SC(=O)C=C21,1
COc1cccc(-c2nc3c([nH]2)C2=CC(=O)S[C@]2(C)[C@@]2(C)SC(=O)C=C32)c1OC,1
CCn1c(=O)nc2n(C)c3cc(C)ccc3nc-2c1=O,1
CCn1c2ccc(/C=C/c3ccc4c(c3)c3cc(-c5nc6ccccc6s5)ccc3n4CC)cc2c2cc(-c3nc4ccccc4s3)ccc21,1
F[B-]1(F)n2c(nc(-c3ccccc3)c2-c2ccccc2)-c2cccc[n+]21,1
F[B-]1(F)n2c(nc3c4ccccc4c4ccccc4c32)-c2cccc[n+]21,1
CC1=CC(C)=[N+]2C1=C(c1ccc3cccnc3n1)c1c(C)cc(C)n1[B-]2(F)F,1
CCC1=C(C)C2=C(c3c(C)cc(C)nc3-c3cccs3)c3c(C)c(CC)c(C)n3[B-](F)(F)[N+]2=C1C,1
c1ccc(-c2nc(-c3ccccc3)c(-c3ccccc3)o2)cc1,1
c1ccc(-c2nc(-c3nc(-c4ccccc4)c(-c4ccccc4)o3)oc2-c2ccccc2)cc1,1
c1ccc(-c2nc(-c3ccc(-c4nc(-c5ccccc5)c(-c5ccccc5)o4)cc3)oc2-c2ccccc2)cc1,1
c1ccc(-c2nc(-c3ccc(-c4ccc(-c5nc(-c6ccccc6)c(-c6ccccc6)o5)cc4)cc3)oc2-c2ccccc2)cc1,1
c1ccc(-c2nc(-c3ccc(-c4ccc(-c5ccc(-c6nc(-c7ccccc7)c(-c7ccccc7)o6)cc5)cc4)cc3)oc2-c2ccccc2)cc1,1
Oc1ccccc1/C=N/N=C/c1ccccc1O,1
CCCCc1cc(-c2cccc(COC)c2)oc1-c1cccc(COC)c1,1
CCCCc1cc(-c2cccc(COC)c2)oc1-c1cccc(-c2oc(-c3cccc(COC)c3)cc2CCCC)c1,1
CCCCc1cc(-c2cccc(COC)c2)oc1-c1cccc(-c2cc(CCCC)c(-c3cccc(-c4oc(-c5cccc(-c6oc(-c7cccc(COC)c7)cc6CCCC)c5)cc4CCCC)c3)o2)c1,1
CCCCc1cc(-c2cccc(COC)c2)oc1-c1cccc(-c2cc(CCCC)c(-c3cccc(-c4cc(CCCC)c(-c5cccc(-c6oc(-c7cccc(-c8oc(-c9cccc(-c%10oc(-c%11cccc(COC)c%11)cc%10CCCC)c9)cc8CCCC)c7)cc6CCCC)c5)o4)c3)o2)c1,1
O=c1[nH]c2[n+](c3ccccc13)[B-](F)(F)Oc1ccccc1-2,1
CC(C)(C)c1cc2c(c(C(C)(C)C)c1)O[B-](F)(F)[n+]1c-2[nH]c(=O)c2ccccc21,1
F[B-]1(F)Oc2ccccc2-c2nc(-c3ccccc3)c3ccccc3[n+]21,1
F[B-]1(F)Oc2ccccc2-c2nc(-c3ccccc3)c3cc(Cl)ccc3[n+]21,1
CC(C)(C)c1cc2c(c(C(C)(C)C)c1)O[B-](F)(F)[n+]1c-2nc(-c2ccccc2)c2ccccc21,1
CC(C)(C)c1cc2c(c(C(C)(C)C)c1)O[B-](F)(F)[n+]1c-2nc(-c2ccccc2)c2cc(Cl)ccc21,1
F[B-]1(F)Oc2ccccc2-c2cnc3ccccc3[n+]21,1
N#Cc1ccc(-n2cccc2)cc1,1
Cn1cccc1-c1ccc(C#N)cc1,1
Cn1cccc1-c1cc(C#N)ccc1C#N,1
CCn1c2ccccc2c2cc(/C=C/c3cccc[n+]3CCCS(=O)(=O)[O-])ccc21,1
CCn1c2ccccc2c2cc(/C=C/c3cccc(/C=C/c4ccc5c(c4)c4ccccc4n5CC)[n+]3CCCS(=O)(=O)[O-])ccc21,1
CCn1c2ccccc2c2cc(/C=C/c3cc(/C=C/c4ccc5c(c4)c4ccccc4n5CC)[n+](CCCS(=O)(=O)[O-])c(/C=C/c4ccc5c(c4)c4ccccc4n5CC)c3)ccc21,1
O=C1c2ccccc2-c2cnccc21,1
O=C1c2cc(F)ccc2-c2cnccc21,1
Cc1ccc2c(c1)C(=O)c1ccncc1-2,1
Oc1ccc(C2=[N+]3C(=C(c4ccccc4)c4cccn4[B-]3(F)F)C=C2)cc1,1
Oc1cccc(C2=[N+]3C(=C(c4ccccc4)c4cccn4[B-]3(F)F)C=C2)c1,1
F[B-]1(F)n2c(cc(Br)c2Br)C(c2ccccc2)=C2C=C(Br)C(Br)=[N+]21,1
F[B-]1(F)n2c(cc(Br)c2Br)C(c2ccccc2)=C2C=C(Br)C(c3ccc[nH]3)=[N+]21,1
F[B-]1(F)n2cccc2C(c2ccccc2)=C2C=CC(c3ccc(OC4=[N+]5C(=C(c6ccccc6)c6cc(Br)c(Br)n6[B-]5(F)F)C=C4Br)cc3)=[N+]21,1
F[B-]1(F)n2cccc2C(c2ccccc2)=C2C=CC(c3cccc(OC4=[N+]5C(=C(c6ccccc6)c6cc(Br)c(Br)n6[B-]5(F)F)C=C4Br)c3)=[N+]21,1
F[B-]1(F)n2cccc2C(c2ccccc2)=C2C=CC(c3cccc(OC4=[N+]5C(=C(c6ccccc6)c6cc(Br)c(-c7ccc[nH]7)n6[B-]5(F)F)C=C4Br)c3)=[N+]21,1
c1ccc2[nH]c(-c3ccc(-c4ccc(-c5ccc(-c6nc7ccccc7[nH]6)cc5)cc4)cc3)nc2c1,1
Brc1ccc2[nH]c(-c3ccc(-c4ccc(-c5ccc(-c6nc7cc(Br)ccc7[nH]6)cc5)cc4)cc3)nc2c1,1
Cc1ccc2[nH]c(-c3ccc(-c4ccc(-c5ccc(-c6nc7cc(C)ccc7[nH]6)cc5)cc4)cc3)nc2c1,1
Cc1cc(-c2ccc(-c3nc4ccccc4[nH]3)cc2)ccc1-c1ccc(-c2nc3ccccc3[nH]2)cc1,1
Cc1cc(-c2ccc(-c3nc4ccccc4[nH]3)cc2)c(C)cc1-c1ccc(-c2nc3ccccc3[nH]2)cc1,1
Cc1ccc2[nH]c(-c3ccc(-c4ccc(-c5ccc(-c6nc7cc(C)ccc7[nH]6)cc5)c(C)c4)cc3)nc2c1,1
Fc1cc(-c2ccc(-c3nc4ccccc4[nH]3)cc2)ccc1-c1ccc(-c2nc3ccccc3[nH]2)cc1,1
Fc1cc(-c2ccc(-c3nc4cc(Br)ccc4[nH]3)cc2)ccc1-c1ccc(-c2nc3cc(Br)ccc3[nH]2)cc1,1
Cc1ccc2[nH]c(-c3ccc(-c4ccc(-c5ccc(-c6nc7cc(C)ccc7[nH]6)cc5)c(F)c4)cc3)nc2c1,1
CNc1ccc(/C=C/C(=O)OC)cc1,1
Cc1cc(=O)oc2c1cc(Cl)c1occ(C)c12,1
Cc1oc2c(Cl)cc3c(C)cc(=O)oc3c2c1C,1
Cc1cc(=O)oc2c1cc(Br)c1occ(C)c12,1
Cc1cc2c(o1)c(Br)cc1c(C)cc(=O)oc12,1
c1ccc2c[n+]3ccccc3cc2c1,1
Fc1ccc2cc3cccc[n+]3cc2c1,1
Fc1cc(F)c2cc3cccc[n+]3cc2c1,1
Clc1ccc2cc3cccc[n+]3cc2c1,1
COc1ccc2cc3cccc[n+]3cc2c1,1
CN(C)c1ccc(/C=C/C=C/c2nc3ccccc3o2)cc1,1
CN(C)c1ccc(/C=C/C=C/c2nc3ccccc3s2)cc1,1
C[Si](C)(c1cccc2cc3ccccc3cc12)[Si](C)(C)c1cccc2cc3ccccc3cc12,1
C[Si](C)(c1ccc2cc3ccccc3cc2c1)[Si](C)(C)c1ccc2cc3ccccc3cc2c1,1
C[Si](C)(C)[Si](C)(C)c1ccc2cc3ccccc3cc2c1,1
C[Si](C)(c1c2ccccc2cc2ccccc12)[Si](C)(C)c1c2ccccc2cc2ccccc12,1
O=Cc1c(O)c(-c2nc3ccccc3s2)cc2ccccc12,1
COc1c2ccccc2c(-c2ccccc2)c2ccccc12,1
O=CC1=Cc2c(-c3ccccc3)oc(-c3ccccc3)c2C=C(C=O)C1,1
COc1ccc(-c2oc(-c3ccc(OC)cc3)c3c2C=C(C=O)CC(C=O)=C3)cc1,1
O=CC1=Cc2c(-c3ccc(-c4ccccc4)cc3)oc(-c3ccc(-c4ccccc4)cc3)c2C=C(C=O)C1,1
CCOC(=O)/C=C/C1=Cc2c(-c3ccccc3)oc(-c3ccccc3)c2C=C(/C=C/C(=O)OCC)C1,1
Cc1ccc(S(=O)(=O)/N=C/C2=Cc3c(-c4ccccc4)oc(-c4ccccc4)c3C=C(/C=N/S(=O)(=O)c3ccc(C)cc3)C2)cc1,1
N#CC(C#N)=CC1=Cc2c(-c3ccccc3)oc(-c3ccccc3)c2C=C(C=C(C#N)C#N)C1,1
OB(O)c1ccc(-c2ccc(N(c3ccccc3)c3ccccc3)cc2)cc1,1
CCC1(CC)c2cc(-c3ccc(-c4ccc5c(c4)C(CC)(CC)c4cc(C(C)(C)C)ccc4-5)cc3)ccc2-c2ccc(C(C)(C)C)cc21,1
CCC1(CC)c2cc(-c3ccc4c(c3)C(CC)(CC)c3cc(C(C)(C)C)ccc3-4)ccc2-c2ccc(-c3ccc4c(c3)C(CC)(CC)c3cc(C(C)(C)C)ccc3-4)cc21,1
CCC1(CC)c2cc(-c3ccc(C(C)(C)C)cc3)ccc2-c2ccc(-c3ccc4c(c3)C(CC)(CC)c3cc(-c5ccc6c(c5)C(CC)(CC)c5cc(-c7ccc(C(C)(C)C)cc7)ccc5-6)ccc3-4)cc21,1
COc1ccc(C2=C3C=CC(C)=[N+]3[B-](F)(F)n3c(C)ccc32)cc1,1
CC1=[N+]2C(=C(c3ccccc3)c3ccc(C)n3[B-]2(F)F)C=C1,1
COC(=O)c1ccc(C2=C3C=CC(C)=[N+]3[B-](F)(F)n3c(C)ccc32)cc1,1
CC1=[N+]2C(=C(c3ccc(C#N)cc3)c3ccc(C)n3[B-]2(F)F)C=C1,1
CC1=[N+]2C(=C(c3ccc(N(C)C)cc3)c3ccc(C)n3[B-]2(F)F)C=C1,1
CC1=[N+]2C(=C(c3ccc(N4CCCCC4)cc3)c3ccc(C)n3[B-]2(F)F)C=C1,1
CC1=[N+]2C(=C(c3ccc(N4CCOCC4)cc3)c3ccc(C)n3[B-]2(F)F)C=C1,1
O=c1[nH]c(=O)n([C@@H]2O[C@H](CO)[C@@H](O)[C@H]2O)cc1-c1cc2ccccc2s1,1
Fc1c(F)c(F)c2c(c1F)C1=Nc3c4c(F)c(F)c(F)c(F)c4c4n3[B-]3(Cl)n5c(c6c(F)c(F)c(F)c(F)c6c5=N4)=NC2=[N+]13,1
COc1ccc(C2=Cc3c4ccccc4c4ccccc4[n+]3[B-](F)(F)O2)cc1,1
Cc1ccc(C2=Cc3c4ccccc4c4ccccc4[n+]3[B-](F)(F)O2)cc1,1
Cc1cccc(C2=Cc3c4ccccc4c4ccccc4[n+]3[B-](F)(F)O2)c1,1
F[B-]1(F)OC(c2ccccc2)=Cc2c3ccccc3c3ccccc3[n+]21,1
F[B-]1(F)OC(c2ccc(Br)cc2)=Cc2c3ccccc3c3ccccc3[n+]21,1
F[B-]1(F)OC(c2cccc(Br)c2)=Cc2c3ccccc3c3ccccc3[n+]21,1
F[B-]1(F)OC(c2ccc(C(F)(F)F)cc2)=Cc2c3ccccc3c3ccccc3[n+]21,1
Nc1cccc2c1C(=O)c1ccccc1-2,1
Nc1ccc2c(c1)C(=O)c1ccccc1-2,1
Nc1ccc2c(c1)-c1ccccc1C2=O,1
Nc1cccc2c1-c1ccccc1C2=O,1
CNc1cccc2c1C(=O)c1ccccc1-2,1
CNc1ccc2c(c1)C(=O)c1ccccc1-2,1
CNc1ccc2c(c1)-c1ccccc1C2=O,1
CNc1cccc2c1-c1ccccc1C2=O,1
CN(C)c1cccc2c1C(=O)c1ccccc1-2,1
CN(C)c1ccc2c(c1)C(=O)c1ccccc1-2,1
CN(C)c1ccc2c(c1)-c1ccccc1C2=O,1
CN(C)c1cccc2c1-c1ccccc1C2=O,1
CCNc1ccc2c(C(F)(F)F)cc(=O)oc2c1,1
C(#Cc1nc(C#Cc2ccccc2)c(C#Cc2ccccc2)c(C#Cc2ccccc2)c1C#Cc1ccccc1)c1ccccc1,1
COc1ccc(C#Cc2nc(C#Cc3ccc(OC)cc3)c(C#Cc3ccc(OC)cc3)c(C#Cc3ccc(OC)cc3)c2C#Cc2ccc(OC)cc2)cc1,1
CC(C)(C)c1ccc(C#Cc2nc(C#Cc3ccc(C(C)(C)C)cc3)c(C#Cc3ccc(C(C)(C)C)cc3)c(C#Cc3ccc(C(C)(C)C)cc3)c2C#Cc2ccc(C(C)(C)C)cc2)cc1,1
Fc1ccc(C#Cc2nc(C#Cc3ccc(F)cc3)c(C#Cc3ccc(F)cc3)c(C#Cc3ccc(F)cc3)c2C#Cc2ccc(F)cc2)cc1,1
C(#Cc1nc(C#Cc2cccs2)c(C#Cc2cccs2)c(C#Cc2cccs2)c1C#Cc1cccs1)c1cccs1,1
C(#Cc1c(C#Cc2ccccc2)c(C#Cc2ccccc2)c(C#Cc2ccccc2)c(C#Cc2ccccc2)c1C#Cc1ccccc1)c1ccccc1,1
COc1ccc(C#Cc2c(C#Cc3ccc(OC)cc3)c(C#Cc3ccc(OC)cc3)c(C#Cc3ccc(OC)cc3)c(C#Cc3ccc(OC)cc3)c2C#Cc2ccc(OC)cc2)cc1,1
CC(C)(C)c1ccc(C#Cc2c(C#Cc3ccc(C(C)(C)C)cc3)c(C#Cc3ccc(C(C)(C)C)cc3)c(C#Cc3ccc(C(C)(C)C)cc3)c(C#Cc3ccc(C(C)(C)C)cc3)c2C#Cc2ccc(C(C)(C)C)cc2)cc1,1
Fc1ccc(C#Cc2c(C#Cc3ccc(F)cc3)c(C#Cc3ccc(F)cc3)c(C#Cc3ccc(F)cc3)c(C#Cc3ccc(F)cc3)c2C#Cc2ccc(F)cc2)cc1,1
C(#Cc1c(C#Cc2cccs2)c(C#Cc2cccs2)c(C#Cc2cccs2)c(C#Cc2cccs2)c1C#Cc1cccs1)c1cccs1,1
C(#Cc1cc(C#Cc2ccccc2)c(C#Cc2ccccc2)c(C#Cc2ccccc2)c1C#Cc1ccccc1)c1ccccc1,1
COc1ccc(C#Cc2cc(C#Cc3ccc(OC)cc3)c(C#Cc3ccc(OC)cc3)c(C#Cc3ccc(OC)cc3)c2C#Cc2ccc(OC)cc2)cc1,1
CC(C)(C)c1ccc(C#Cc2cc(C#Cc3ccc(C(C)(C)C)cc3)c(C#Cc3ccc(C(C)(C)C)cc3)c(C#Cc3ccc(C(C)(C)C)cc3)c2C#Cc2ccc(C(C)(C)C)cc2)cc1,1
Fc1ccc(C#Cc2cc(C#Cc3ccc(F)cc3)c(C#Cc3ccc(F)cc3)c(C#Cc3ccc(F)cc3)c2C#Cc2ccc(F)cc2)cc1,1
C(#Cc1cc(C#Cc2cccs2)c(C#Cc2cccs2)c(C#Cc2cccs2)c1C#Cc1cccs1)c1cccs1,1
C1=C(c2ccccc2)C(c2ccccc2)C(c2ccccc2)=C1,1
C1=C(c2ccccc2)C(c2ccccc2)=CC1c1ccccc1,1
Cc1c2ccncc2c(C)c2c1[nH]c1ccccc12,1
O=P1(c2ccccc2)C2=C(c3ccccc31)C(c1ccccc1)(c1ccccc1)c1cc(N(c3ccccc3)c3ccccc3)ccc12,1
CC1(C)C2=C(c3ccc(N(c4ccccc4)c4ccccc4)cc31)P(=O)(c1ccccc1)c1ccccc12,1
O=P1(c2ccccc2)C2=C(c3ccccc31)[Si](c1ccccc1)(c1ccccc1)c1cc(N(c3ccccc3)c3ccccc3)ccc12,1
C[Si]1(C)C2=C(c3ccc(N(c4ccccc4)c4ccccc4)cc31)P(=O)(c1ccccc1)c1ccccc12,1
CCn1c2ccccc2c2cc(-c3cc(-c4ccc5c(c4)c4ccccc4n5CC)ncn3)ccc21,1
CCn1c2ccccc2c2cc(-c3cc(-c4ccc5c(c4)c4ccccc4n5CC)nc(SC)n3)ccc21,1
CCn1c2ccccc2c2cc(-c3cc(-c4ccc5c(c4)c4ccccc4n5CC)nc(OC)n3)ccc21,1
CCn1c2ccccc2c2cc(-c3cc(-c4ccc5c(c4)c4ccccc4n5CC)nc(N4CCCCC4)n3)ccc21,1
CCn1c2ccccc2c2cc(-c3cc(-c4ccc5c(c4)c4ccccc4n5CC)nc(S(C)(=O)=O)n3)ccc21,1
CCn1c2ccccc2c2cc(-c3cc(-c4ccc5c(c4)c4ccccc4n5CC)nc(C#N)n3)ccc21,1
CCn1c2ccccc2c2cc(-c3cc(-c4ccc5c(c4)c4ccccc4n5CC)nc(-c4ccccc4)n3)ccc21,1
CCn1c2ccccc2c2cc(-c3cc(-c4ccc5c(c4)c4ccccc4n5CC)nc(-c4ccc(OC)cc4)n3)ccc21,1
CCn1c2ccccc2c2cc(-c3cc(-c4ccc5c(c4)c4ccccc4n5CC)nc(-c4ccc(C#N)cc4)n3)ccc21,1
CCn1c2ccccc2c2cc(C#Cc3cc(C#Cc4ccc5c(c4)c4ccccc4n5CC)ncn3)ccc21,1
CCn1c2ccccc2c2cc(C#Cc3cc(C#Cc4ccc5c(c4)c4ccccc4n5CC)nc(SC)n3)ccc21,1
CCn1c2ccccc2c2cc(C#Cc3cc(C#Cc4ccc5c(c4)c4ccccc4n5CC)nc(OC)n3)ccc21,1
CCn1c2ccccc2c2cc(C#Cc3cc(C#Cc4ccc5c(c4)c4ccccc4n5CC)nc(N4CCCCC4)n3)ccc21,1
CCn1c2ccccc2c2cc(C#Cc3cc(C#Cc4ccc5c(c4)c4ccccc4n5CC)nc(S(C)(=O)=O)n3)ccc21,1
CCn1c2ccccc2c2cc(C#Cc3cc(C#Cc4ccc5c(c4)c4ccccc4n5CC)nc(C#N)n3)ccc21,1
CCn1c2ccccc2c2cc(/C=C/c3cc(/C=C/c4ccc5c(c4)c4ccccc4n5CC)ncn3)ccc21,1
CCn1c2ccccc2c2cc(/C=C/c3cc(/C=C/c4ccc5c(c4)c4ccccc4n5CC)nc(SC)n3)ccc21,1
CCn1c(-c2ccc(OC)cc2)c(-c2ccc3ccccc3c2)c(-c2ccc3ccccc3c2)c1-c1ccc(OC)cc1,1
CCn1c(-c2ccc(N(c3ccccc3)c3cccc4ccccc34)cc2)c(-c2ccc3ccccc3c2)c(-c2ccc3ccccc3c2)c1-c1ccc(N(c2ccccc2)c2cccc3ccccc23)cc1,1
CCn1c(-c2ccc(-c3cccc4ccccc34)cc2)c(-c2ccc3ccccc3c2)c(-c2ccc3ccccc3c2)c1-c1ccc(-c2cccc3ccccc23)cc1,1
CCn1c(-c2ccc(-c3ccc4ccc5cccc6ccc3c4c56)cc2)c(-c2ccc3ccccc3c2)c(-c2ccc3ccccc3c2)c1-c1ccc(-c2ccc3ccc4cccc5ccc2c3c45)cc1,1
CCn1c(-c2ccc(-c3ccc4c(c3)C(C)(C)c3ccccc3-4)cc2)c(-c2ccc3ccccc3c2)c(-c2ccc3ccccc3c2)c1-c1ccc(-c2ccc3c(c2)C(C)(C)c2ccccc2-3)cc1,1
CCn1c(-c2ccc(-c3ccc4c(c3)C(c3ccccc3)(c3ccccc3)c3ccccc3-4)cc2)c(-c2ccc3ccccc3c2)c(-c2ccc3ccccc3c2)c1-c1ccc(-c2ccc3c(c2)C(c2ccccc2)(c2ccccc2)c2ccccc2-3)cc1,1
CCn1c(-c2ccc(-c3ccc4c(c3)C3(c5ccccc5-c5ccccc53)c3ccccc3-4)cc2)c(-c2ccc3ccccc3c2)c(-c2ccc3ccccc3c2)c1-c1ccc(-c2ccc3c(c2)C2(c4ccccc4-c4ccccc42)c2ccccc2-3)cc1,1
C(#Cc1ccccc1)C(C#Cc1ccccc1)=Cc1cccc(C=C(C#Cc2ccccc2)C#Cc2ccccc2)c1,1
C(#Cc1ccccc1)C(C#Cc1ccccc1)=Cc1ccc(-c2ccc(C=C(C#Cc3ccccc3)C#Cc3ccccc3)cc2)cc1,1
O=[N+]([O-])c1cc(C=C(C#Cc2ccccc2)C#Cc2ccccc2)ccc1C=C(C#Cc1ccccc1)C#Cc1ccccc1,1
C(#Cc1ccccc1)C(C#Cc1ccccc1)=Cc1ccc2cc(C=C(C#Cc3ccccc3)C#Cc3ccccc3)ccc2c1,1
CCCC1(CCC)c2cc(C=C(C#Cc3ccccc3)C#Cc3ccccc3)ccc2-c2ccc(C=C(C#Cc3ccccc3)C#Cc3ccccc3)cc21,1
COc1cc(C=C(C#Cc2ccccc2)C#Cc2ccccc2)c(OC)cc1C=C(C#Cc1ccccc1)C#Cc1ccccc1,1
CC(=C(C#Cc1ccccc1)C#Cc1ccccc1)c1ccc(C(C)=C(C#Cc2ccccc2)C#Cc2ccccc2)cc1,1
C(#Cc1ccccc1)C(C#Cc1ccccc1)=Cc1ccccc1,1
CCCCCCCCC1(CCCCCCCC)c2cc(C=O)ccc2-c2ccc(/C=C/c3ccc(N(c4ccccc4)c4ccccc4)cc3)cc21,1
CCCCCCCCC1(CCCCCCCC)c2cc(C#Cc3ccc(N(c4ccccc4)c4ccccc4)cc3)ccc2-c2ccc(C=O)cc21,1
CCCCCCCCC1(CCCCCCCC)c2cc(C#CC#Cc3ccc(N(c4ccccc4)c4ccccc4)cc3)ccc2-c2ccc(C=O)cc21,1
CCCCCCCCCCCCC(CCCCCCCCCC)Cn1c2cc(/C=C/c3nc4ccccc4s3)c3cccc4c5cccc6c(/C=C/c7nc8ccccc8s7)cc1c(c65)c2c34,1
CCCCCCCCCCCCC(CCCCCCCCCC)Cn1c2cc(/C=C/C=C/c3nc4ccccc4s3)c3cccc4c5cccc6c(/C=C/C=C/c7nc8ccccc8s7)cc1c(c65)c2c34,1
CCCCCCCCCCCCC(CCCCCCCCCC)Cn1c2cc(C=C(C#N)C#N)c3cccc4c5cccc6c(C=C(C#N)C#N)cc1c(c65)c2c34,1
CCCCCCCCCCCCC(CCCCCCCCCC)Cn1c2cc(/C=C/C=C(C#N)C#N)c3cccc4c5cccc6c(/C=C/C=C(C#N)C#N)cc1c(c65)c2c34,1
Cc1cc(C(F)(F)F)nc2c1ccc1nc(-c3ccc(F)c(F)c3)cn12,1
Cc1cc(C(F)(F)F)nc2c1ccc1nc(-c3ccc(Cl)cc3)cn12,1
Cc1cc(-c2ccccc2)nc2c1ccc1nc(-c3ccccc3)cn12,1
Cc1c2c(nc3ccccc13)-c1cc3c(cc1CC2)-c1nc2ccccc2c(C)c1CC3,1
CCCCc1c2c(nc3ccccc13)-c1cc3c(cc1CC2)-c1nc2ccccc2c(CCCC)c1CC3,1
c1ccc(-c2c3c(nc4ccccc24)-c2cc4c(cc2CC3)-c2nc3ccccc3c(-c3ccccc3)c2CC4)cc1,1
c1ccc2c(-c3ccncc3)c3c(nc2c1)-c1cc2c(cc1CC3)-c1nc3ccccc3c(-c3ccncc3)c1CC2,1
CCCCC1(CCCC)c2ccccc2-c2ccc(-c3c4c(nc5ccccc35)-c3cc5c(cc3CC4)-c3nc4ccccc4c(-c4ccc6c(c4)C(CCCC)(CCCC)c4ccccc4-6)c3CC5)cc21,1
c1ccc2c(-c3ccc(-n4c5ccccc5c5ccccc54)cc3)c3c(nc2c1)-c1cc2c(cc1CC3)-c1nc3ccccc3c(-c3ccc(-n4c5ccccc5c5ccccc54)cc3)c1CC2,1
COc1ccc(-c2ccc(-c3c4c(nc5ccccc35)-c3cc5c(cc3CC4)-c3nc4ccccc4c(-c4ccc(-c6ccc(OC)cc6)cc4)c3CC5)cc2)cc1,1
CC(C)(C)c1ccc(-c2ccc(-c3c4c(nc5ccccc35)-c3cc5c(cc3CC4)-c3nc4ccccc4c(-c4ccc(-c6ccc(C(C)(C)C)cc6)cc4)c3CC5)cc2)cc1,1
COc1ccc(/C2=C3/N=C(C(c4ccccc4)=C3c3ccccc3)/C(c3ccc(OC)cc3)=c3\[nH]/c(c(-c4ccccc4)c3-c3ccccc3)=C(/c3ccc(OC)cc3)C3=N/C(=C(/c4ccc(OC)cc4)c4[nH]c2c(-c2ccccc2)c4-c2ccccc2)C(c2ccccc2)=C3c2ccccc2)cc1,1
Cc1ccc(/C2=C3/N=C(C(c4ccccc4)=C3c3ccccc3)/C(c3ccc(C)cc3)=c3\[nH]/c(c(-c4ccccc4)c3-c3ccccc3)=C(/c3ccc(C)cc3)C3=N/C(=C(/c4ccc(C)cc4)c4[nH]c2c(-c2ccccc2)c4-c2ccccc2)C(c2ccccc2)=C3c2ccccc2)cc1,1
FC(F)(F)c1ccc(/C2=C3/N=C(C(c4ccccc4)=C3c3ccccc3)/C(c3ccc(C(F)(F)F)cc3)=c3\[nH]/c(c(-c4ccccc4)c3-c3ccccc3)=C(/c3ccc(C(F)(F)F)cc3)C3=N/C(=C(/c4ccc(C(F)(F)F)cc4)c4[nH]c2c(-c2ccccc2)c4-c2ccccc2)C(c2ccccc2)=C3c2ccccc2)cc1,1
N#Cc1ccc(/C2=C3/N=C(C(c4ccccc4)=C3c3ccccc3)/C(c3ccc(C#N)cc3)=c3\[nH]/c(c(-c4ccccc4)c3-c3ccccc3)=C(/c3ccc(C#N)cc3)C3=N/C(=C(/c4ccc(C#N)cc4)c4[nH]c2c(-c2ccccc2)c4-c2ccccc2)C(c2ccccc2)=C3c2ccccc2)cc1,1
O=[N+]([O-])c1ccc(/C2=C3/N=C(C(c4ccccc4)=C3c3ccccc3)/C(c3ccc([N+](=O)[O-])cc3)=c3\[nH]/c(c(-c4ccccc4)c3-c3ccccc3)=C(/c3ccc([N+](=O)[O-])cc3)C3=N/C(=C(/c4ccc([N+](=O)[O-])cc4)c4[nH]c2c(-c2ccccc2)c4-c2ccccc2)C(c2ccccc2)=C3c2ccccc2)cc1,1
F[B-]1(F)OC(c2ccccc2)=C(c2ccccc2)c2oc3ccccc3[n+]21,1
CCOC(=O)c1ccc(C2=C(c3ccccc3)c3oc4ccccc4[n+]3[B-](F)(F)O2)cc1,1
CN(C)c1ccc(C2=C(c3ccccc3)c3oc4ccccc4[n+]3[B-](F)(F)O2)cc1,1
F[B-]1(F)OC(c2ccccc2)=C(c2ccccc2)c2sc3ccccc3[n+]21,1
CCOC(=O)c1ccc(C2=C(c3ccccc3)c3sc4ccccc4[n+]3[B-](F)(F)O2)cc1,1
CN(C)c1ccc(C2=C(c3ccccc3)c3sc4ccccc4[n+]3[B-](F)(F)O2)cc1,1
COC(=O)C[C@H](NC(=O)[C@H](Cc1c[nH]c2ccccc12)NC(=O)OC(C)(C)C)C(=O)OC,1
COC(=O)C[C@H](Cc1c[nH]c2ccccc12)NC(=O)[C@H](CC(=O)N[C@@H](CC1=CCc2ccccc21)C(=O)OC)NC(=O)OC(C)(C)C,1
COC(=O)C[C@H](Cc1c[nH]c2ccccc12)NC(=O)[C@H](CC(=O)N[C@@H](CC1=CCc2ccccc21)C(=O)OC)NC(=O)[C@H](Cc1c[nH]c2ccccc12)NC(=O)OC(C)(C)C,1
Oc1ccccc1-c1nc2c(c3c1-c1ccccc1CC3)-c1ccccc1CC2,1
F[B-]1(F)Oc2ccccc2-c2c3c(c4c([n+]21)CCc1ccccc1-4)CCc1ccccc1-3,1
Oc1ccc2ccccc2c1-c1nc2c(c3c1-c1ccccc1CC3)-c1ccccc1CC2,1
F[B-]1(F)Oc2ccc3ccccc3c2-c2c3c(c4c([n+]21)CCc1ccccc1-4)CCc1ccccc1-3,1
CCOc1cccc(-c2nc3c(c4c2-c2ccccc2CC4)-c2ccccc2CC3)c1O,1
CCOc1cccc2c1O[B-](F)(F)[n+]1c3c(c4c(c1-2)-c1ccccc1CC4)-c1ccccc1CC3,1
O=[N+]([O-])c1ccc(O)c(-c2nc3c(c4c2-c2ccccc2CC4)-c2ccccc2CC3)c1,1
O=[N+]([O-])c1ccc2c(c1)-c1c3c(c4c([n+]1[B-](F)(F)O2)CCc1ccccc1-4)CCc1ccccc1-3,1
Oc1ccc(Br)cc1-c1nc2c(c3c1-c1ccccc1CC3)-c1ccccc1CC2,1
F[B-]1(F)Oc2ccc(Br)cc2-c2c3c(c4c([n+]21)CCc1ccccc1-4)CCc1ccccc1-3,1
CCCCC(CC)Cn1c2cc(C#N)ccc2c2ccc(C#Cc3ccc4ccc5cccc6ccc3c4c56)cc21,1
CCCCC(CC)Cn1c2cc(C#N)ccc2c2ccc(C#Cc3ccc4ccc5c(C#Cc6ccc7c8ccc(C#N)cc8n(CC(CC)CCCC)c7c6)ccc6ccc3c4c65)cc21,1
CCCCC(CC)Cn1c2cc(C#N)ccc2c2ccc(C#Cc3ccc4ccc5ccc(C#Cc6ccc7c8ccc(C#N)cc8n(CC(CC)CCCC)c7c6)c6ccc3c4c56)cc21,1
CCCCC(CC)Cn1c2cc(C#N)ccc2c2ccc(C#Cc3ccc4ccc5c(C#Cc6ccc7c8ccc(C#N)cc8n(CC(CC)CCCC)c7c6)cc(C#Cc6ccc7c8ccc(C#N)cc8n(CC(CC)CCCC)c7c6)c6ccc3c4c56)cc21,1
CCCCC(CC)Cn1c2cc(C#N)ccc2c2ccc(C#Cc3cc(C#Cc4ccc5c6ccc(C#N)cc6n(CC(CC)CCCC)c5c4)c4ccc5c(C#Cc6ccc7c8ccc(C#N)cc8n(CC(CC)CCCC)c7c6)cc(C#Cc6ccc7c8ccc(C#N)cc8n(CC(CC)CCCC)c7c6)c6ccc3c4c65)cc21,1
CCCCn1c2ccccc2c2cc(C#Cc3ccc4ccc5cccc6ccc3c4c56)ccc21,1
CCCCn1c2ccccc2c2ccc(C#Cc3ccc4ccc5cccc6ccc3c4c56)cc21,1
Brc1cc(/C=C/c2ccc(N(c3ccccc3)c3ccccc3)cc2)c(Br)cc1/C=C/c1ccc(N(c2ccccc2)c2ccccc2)cc1,1
C(=C/c1cc(-c2ccccc2)c(/C=C/c2ccc(N(c3ccccc3)c3ccccc3)cc2)cc1-c1ccccc1)\c1ccc(N(c2ccccc2)c2ccccc2)cc1,1
Cc1ccc(-c2cc(/C=C/c3ccc(N(c4ccccc4)c4ccccc4)cc3)c(-c3ccc(C)cc3)cc2/C=C/c2ccc(N(c3ccccc3)c3ccccc3)cc2)cc1,1
C(=C/c1cc(-c2ccc3ccccc3c2)c(/C=C/c2ccc(N(c3ccccc3)c3ccccc3)cc2)cc1-c1ccc2ccccc2c1)\c1ccc(N(c2ccccc2)c2ccccc2)cc1,1
C(=C/c1ccc(/C=C/c2ccc(N(c3ccccc3)c3ccccc3)cc2)c2nsnc12)\c1ccc(N(c2ccccc2)c2ccccc2)cc1,1
C(=C/c1ccc(N(c2ccc(/C=C/c3ccc(N(c4ccccc4)c4ccccc4)cc3)cc2)c2ccc(/C=C/c3ccc(/C=C/c4ccc(N(c5ccc(/C=C/c6ccc(N(c7ccccc7)c7ccccc7)cc6)cc5)c5ccc(/C=C/c6ccc(N(c7ccccc7)c7ccccc7)cc6)cc5)cc4)c4nsnc34)cc2)cc1)\c1ccc(N(c2ccccc2)c2ccccc2)cc1,1
CCCCCCCCN1c2ccccc2Sc2cc(/C=C/c3ccc(N(c4ccc(/C=C/c5ccc6c(c5)Sc5ccccc5N6CCCCCCCC)cc4)c4ccc(/C=C/c5ccc(/C=C/c6ccc(N(c7ccc(/C=C/c8ccc(N(c9ccccc9)c9ccccc9)cc8)cc7)c7ccc(/C=C/c8ccc(N(c9ccccc9)c9ccccc9)cc8)cc7)cc6)c6nsnc56)cc4)cc3)ccc21,1
CCCCCCCCN1c2ccccc2Sc2cc(/C=C/c3ccc(N(c4ccc(/C=C/c5ccc6c(c5)Sc5ccccc5N6CCCCCCCC)cc4)c4ccc(/C=C/c5ccc(/C=C/c6ccc(N(c7ccc(/C=C/c8ccc9c(c8)Sc8ccccc8N9CCCCCCCC)cc7)c7ccc(/C=C/c8ccc9c(c8)Sc8ccccc8N9CCCCCCCC)cc7)cc6)c6nsnc56)cc4)cc3)ccc21,1
Oc1c(-c2nc3c4ccccc4c4ccccc4c3[nH]2)cc2c3c1CCCN3CCC2,1
Oc1cc(N(c2ccccc2)c2ccccc2)ccc1-c1nc2c3ccccc3c3ccccc3c2[nH]1,1
Oc1cc2c(cc1-c1nc3c4ccccc4c4ccccc4c3[nH]1)c1ccccc1n2-c1ccccc1,1
CCN(CC)c1ccc(-c2nc3c4ccc(-c5ccccc5)cc4c4cc(-c5ccccc5)ccc4c3[nH]2)c(O)c1,1
Oc1c(-c2nc3c4ccc(-c5ccccc5)cc4c4cc(-c5ccccc5)ccc4c3[nH]2)cc2c3c1CCCN3CCC2,1
Oc1cc(N(c2ccccc2)c2ccccc2)ccc1-c1nc2c3ccc(-c4ccccc4)cc3c3cc(-c4ccccc4)ccc3c2[nH]1,1
Oc1c(-c2nc3c4ccc(-c5ccccc5)cc4c4cc(-c5ccccc5)ccc4c3[nH]2)ccc2c1c1ccccc1n2-c1ccccc1,1
NS(=O)(=O)c1ccc(N2N=C(c3ccc(O)cc3)CC2c2ccccc2)cc1,1
Cc1ccc(C2CC(c3ccc(O)cc3)=NN2c2ccc(S(N)(=O)=O)cc2)cc1,1
COc1ccc(C2CC(c3ccc(O)cc3)=NN2c2ccc(S(N)(=O)=O)cc2)cc1,1
NS(=O)(=O)c1ccc(N2N=C(c3ccc(O)cc3)CC2c2ccc(Br)cc2)cc1,1
NS(=O)(=O)c1ccc(N2N=C(c3ccc(O)cc3)CC2c2ccc(Cl)cc2)cc1,1
NS(=O)(=O)c1ccc(N2N=C(c3ccc(O)cc3)CC2c2ccc(F)cc2)cc1,1
NS(=O)(=O)c1ccc(N2N=C(c3ccc(O)cc3)CC2c2ccc([N+](=O)[O-])cc2)cc1,1
C(=C/c1ccnc2ccccc12)\c1ccc(/C=C/c2ccnc3ccccc23)cc1,1
CCCCN1C(=O)c2cccc3cccc(c23)C1=O,1
CCCCN1C(=O)c2cccc3c(OC)ccc(c23)C1=O,1
CCCCN1C(=O)c2cccc3c(N(C)C)ccc(c23)C1=O,1
CCCCN1C(=S)c2cccc3cccc(c23)C1=S,1
CCCCCCCCCCCCOc1nc2cc(/N=C/c3ccc(OCCCCCCCC)cc3O)ccc2[nH]1,1
CCCCCCCCCCCCOc1ccc(/C=N/c2ccc3[nH]c(OCCCCCCCCCCCC)nc3c2)c(O)c1,1
CCCCCCCCOc1ccc(/C=N/c2ccc3[nH]c(OCCCCCC)nc3c2)c(O)c1,1
CCCCCCCCCCCCOc1ccc(/C=N/c2ccc3[nH]c(OCCCCCC)nc3c2)c(O)c1,1
C(=C/c1ccncn1)\c1ccc(N(c2ccccc2)c2ccc(/C=C/c3ccncn3)cc2)cc1,1
CSc1nccc(/C=C/c2ccc(N(c3ccccc3)c3ccc(/C=C/c4ccnc(SC)n4)cc3)cc2)n1,1
Brc1ccc(N(c2ccc(/C=C/c3ccncn3)cc2)c2ccc(/C=C/c3ccncn3)cc2)cc1,1
C(=C/c1cnccn1)\c1ccc(N(c2ccccc2)c2ccc(/C=C/c3cnccn3)cc2)cc1,1
C[n+]1ccc(/C=C/c2ccc(N(c3ccccc3)c3ccc(/C=C/c4cc[n+](C)cc4)cc3)cc2)cc1,1
C[n+]1ccc(/C=C/c2ccc(N(c3ccccc3)c3ccc(/C=C/c4cc[n+](C)cn4)cc3)cc2)nc1,1
C[n+]1ccnc(/C=C/c2ccc(N(c3ccccc3)c3ccc(/C=C/c4c[n+](C)ccn4)cc3)cc2)c1,1
O=c1oc2ccccc2nc1-c1ccccc1,1
O=c1oc2ccccc2nc1-c1ccc(Cl)cc1,1
COc1ccc(-c2nc3ccccc3oc2=O)cc1,1
COc1ccc2nc(-c3ccccc3)c(=O)oc2c1,1
Nc1ccc2nc(-c3ccccc3)c(=O)oc2c1,1
CN(C)c1ccc2nc(-c3ccccc3)c(=O)oc2c1,1
O=c1oc2ccc3ccccc3c2nc1-c1ccc(Cl)cc1,1
COc1ccc(-c2nc3c(ccc4ccccc43)oc2=O)cc1,1
COc1ccc2ccc3oc(=O)c(-c4ccccc4)nc3c2c1,1
O=c1oc2ccc3ccc(O)cc3c2nc1-c1ccccc1,1
CN(C)c1ccc2ccc3oc(=O)c(-c4ccccc4)nc3c2c1,1
Cc1nc2c(ccc3ccccc32)oc1=O,1
COc1ccc2ccc3oc(=O)c(C)nc3c2c1,1
Cc1nc2c(ccc3ccc(O)cc32)oc1=O,1
Cc1nc2c(ccc3ccc(N(C)C)cc32)oc1=O,1
O=c1oc2cc(S(=O)(=O)O)c3ccccc3c2nc1-c1ccccc1,1
O=c1oc2c(ccc3cc(O)ccc32)nc1-c1ccccc1,1
Cn1c(=O)c(-c2ccccc2)nc2ccccc21,1
CCCN1C(=O)C(=CC=CC=C2Oc3ccccc3N2CCCS(=O)(=O)[O-])C(=O)N(CCC)C1=S,1
CC1=CC(C)=[N+]2C1=C(c1ccc(OCCN3CCCCC3)cc1)c1c(C)cc(C)n1[B-]2(F)F,1
CC1=CC(/C=C/c2ccc(OCCN3CCCCC3)cc2)=[N+]2C1=C(c1ccc(OCCN3CCCCC3)cc1)c1c(C)cc(/C=C/c3ccc(OCCN4CCCCC4)cc3)n1[B-]2(F)F,1
CC1=CC(/C=C/c2ccc(OCCN3CCOCC3)cc2)=[N+]2C1=C(c1ccc(OCCN3CCCCC3)cc1)c1c(C)cc(/C=C/c3ccc(OCCN4CCOCC4)cc3)n1[B-]2(F)F,1
Cn1c(-c2ccc(-c3ccc(-c4ccc(-c5n(C)c6ccccc6[n+]5C)cc4)cc3)cc2)[n+](C)c2ccccc21,1
CCn1c(-c2ccc(-c3ccc(-c4ccc(-c5n(CC)c6ccccc6[n+]5CC)cc4)cc3)cc2)[n+](CC)c2ccccc21,1
CCCCn1c(-c2ccc(-c3ccc(-c4ccc(-c5n(CCCC)c6ccccc6[n+]5CCCC)cc4)cc3)cc2)[n+](CCCC)c2ccccc21,1
Cc1ccc2c(c1)n(C)c(-c1ccc(-c3ccc(-c4ccc(-c5n(C)c6cc(C)ccc6[n+]5C)cc4)cc3)cc1)[n+]2C,1
CCn1c(-c2ccc(-c3ccc(-c4ccc(-c5n(CC)c6cc(C)ccc6[n+]5CC)cc4)cc3)cc2)[n+](CC)c2ccc(C)cc21,1
CCCCn1c(-c2ccc(-c3ccc(-c4ccc(-c5n(CCCC)c6cc(C)ccc6[n+]5CCCC)cc4)cc3)cc2)[n+](CCCC)c2ccc(C)cc21,1
Cc1cc(-c2ccc(-c3n(C)c4ccccc4[n+]3C)cc2)ccc1-c1ccc(-c2n(C)c3ccccc3[n+]2C)cc1,1
CCn1c(-c2ccc(-c3ccc(-c4ccc(-c5n(CC)c6ccccc6[n+]5CC)cc4)c(C)c3)cc2)[n+](CC)c2ccccc21,1
COc1ccc(C2=[N+]3C(=Nc4c(-c5ccccc5)c(Br)c(-c5ccc(OC)cc5)n4[B-]3(F)F)C(c3ccccc3)=C2Br)cc1,1
COc1ccc2cc(C3=[N+]4C(=Nc5c(-c6ccccc6)cc(-c6ccc7cc(OC)ccc7c6)n5[B-]4(F)F)C(c4ccccc4)=C3)ccc2c1,1
COc1ccc2cc(C3=[N+]4C(=Nc5c(-c6ccccc6)cc(-c6ccc7cc(OC)ccc7c6)n5[B-]4(F)F)C(c4ccccc4)=C3Br)ccc2c1,1
COc1ccc(C2=[N+]3C(=Nc4c(-c5ccc6ccccc6c5)cc(-c5ccc(OC)cc5)n4[B-]3(F)F)C(c3ccc4ccccc4c3)=C2)cc1,1
COc1ccc(C2=[N+]3C(=Nc4c(-c5ccc6ccccc6c5)c(Br)c(-c5ccc(OC)cc5)n4[B-]3(F)F)C(c3ccc4ccccc4c3)=C2Br)cc1,1
COc1ccc2cc(C3=[N+]4C(=Nc5c(-c6ccc7ccccc7c6)cc(-c6ccc7cc(OC)ccc7c6)n5[B-]4(F)F)C(c4ccc5ccccc5c4)=C3)ccc2c1,1
O=C(c1ccc(C(=C(c2ccccc2)c2ccccc2)c2ccccc2)cc1)c1ccc(-n2c3ccccc3c3ccccc32)cc1,1
O=C(c1ccc(/C(=C(/c2ccccc2)c2ccc(C(=O)c3ccc(-n4c5ccccc5c5ccccc54)cc3)cc2)c2ccccc2)cc1)c1ccc(-n2c3ccccc3c3ccccc32)cc1,1
O=C(c1ccc(C(=C(c2ccc(C(=O)c3ccc(-n4c5ccccc5c5ccccc54)cc3)cc2)c2ccc(C(=O)c3ccc(-n4c5ccccc5c5ccccc54)cc3)cc2)c2ccccc2)cc1)c1ccc(-n2c3ccccc3c3ccccc32)cc1,1
Cc1nc2c(ccc3c2sc(/C=C/c2ccc(N(C)C)cc2)[n+]3C)s1,1
Cc1nc2c(ccc3c2sc(/C=C/c2ccc(N(c4ccccc4)c4ccccc4)cc2)[n+]3C)s1,1
Cc1nc2c(ccc3c2sc(/C=C/c2cc4c5c(c2)CCCN5CCC4)[n+]3C)s1,1
Cc1nc2c(ccc3c2sc(/C=C/c2ccc(-n4c5ccccc5c5ccccc54)cc2)[n+]3C)s1,1
Cc1nc2c(ccc3c2sc(/C=C/c2ccc(N4CCN(C)CC4)cc2)[n+]3C)s1,1
COCCN(CCOC)c1ccc(/C=C/c2sc3c4nc(C)sc4ccc3[n+]2C)cc1,1
Cc1nc2c(ccc3c2sc(/C=C/c2ccc(N(CCO)CCO)cc2)[n+]3C)s1,1
Cc1nc2c(ccc3c2sc(/C=C/C=C/c2ccc(N(C)C)cc2)[n+]3C)s1,1
CCCCCCC1(CCCCCC)c2cc(-c3nc(-c4ccc5c(c4)C(CCCCCC)(CCCCCC)c4cc(-n6c7ccc(C(C)(C)C)cc7c7cc(C(C)(C)C)ccc76)ccc4-5)nc(-c4ccc5c(c4)C(CCCCCC)(CCCCCC)c4cc(-n6c7ccc(C(C)(C)C)cc7c7cc(C(C)(C)C)ccc76)ccc4-5)n3)ccc2-c2ccc(-n3c4ccc(C(C)(C)C)cc4c4cc(C(C)(C)C)ccc43)cc21,1
CCCCCCC1(CCCCCC)c2cc(-c3nc(-c4ccc5c(c4)C(CCCCCC)(CCCCCC)c4cc(N6c7ccccc7Oc7ccccc76)ccc4-5)nc(-c4ccc5c(c4)C(CCCCCC)(CCCCCC)c4cc(N6c7ccccc7Oc7ccccc76)ccc4-5)n3)ccc2-c2ccc(N3c4ccccc4Oc4ccccc43)cc21,1
CCCCCCC1(CCCCCC)c2cc(-c3nc(-c4ccc5c(c4)C(CCCCCC)(CCCCCC)c4cc(N6c7ccccc7Sc7ccccc76)ccc4-5)nc(-c4ccc5c(c4)C(CCCCCC)(CCCCCC)c4cc(N6c7ccccc7Sc7ccccc76)ccc4-5)n3)ccc2-c2ccc(N3c4ccccc4Sc4ccccc43)cc21,1
COC(=O)/C=C/c1ccc2ccc3cccc4ccc1c2c34,1
N#C/C=C/c1ccc2ccc3cccc4ccc1c2c34,1
CC[N+]1(CC)CN2C(C)=CC(C)=C(C(=O)O)C2=N1,1
CC[N+]1(CC)CN2C(=N1)C(C(=O)O)=Cc1ccccc12,1
CC[N+]1(CC)CN2C(=N1)C(C(=O)O)=Cc1cc(C)ccc12,1
CC[N+]1(CC)CN2C(=N1)C(C(=O)O)=Cc1cc(OC)ccc12,1
CC[N+]1(CC)CN2C(=N1)C(C(=O)O)=Cc1cc(Oc3ccccc3)ccc12,1
CC[N+]1(CC)CN2C(=N1)C(C(=O)O)=Cc1cc(SC)ccc12,1
CC[N+]1(CC)CN2C(=N1)C(C(=O)O)=Cc1cc(F)ccc12,1
CC[N+]1(CC)CN2C(=N1)C(C(=O)O)=Cc1cc(Cl)ccc12,1
CC[N+]1(CC)CN2C(=N1)C(C(=O)O)=Cc1ccc(Cl)cc12,1
CC[N+]1(CC)CN2C(=N1)C(C(=O)O)=Cc1ccc(C)cc12,1
CC[N+]1(CC)CN2C(=N1)C(C(=O)O)=Cc1ccc(OC)cc12,1
CC[N+]1(CC)CN2C(=N1)C(C(=O)O)=Cc1cc(C)c(C)cc12,1
CC[N+]1(CC)CN2C(=N1)C(C(=O)O)=Cc1cc(OC)c(OC)cc12,1
CC[N+]1(CC)CN2C(=N1)C(C(=O)O)=Cc1c(OC)ccc(OC)c12,1
CC[N+]1(CC)CN2C(=N1)C(C(=O)O)=Cc1c2ccc2ccccc12,1
CC[N+]1(CC)CN2C(C)=CC(C)=C(C(=O)[O-])C2=N1,1
CC[N+]1(CC)CN2C(=N1)C(C(=O)[O-])=Cc1ccccc12,1
CN1/C(=C/C=C(/C=C/c2sc3ccccc3[n+]2C)c2ccccc2)Sc2ccccc21,1
CN1/C(=C/C=C(/C=C/C2=[N+](C)c3ccccc3C2(C)C)c2ccccc2)C(C)(C)c2ccccc21,1
CN1/C(=C/C=C(/C=C/c2sc3ccccc3[n+]2C)c2ccc(F)cc2)Sc2ccccc21,1
CN1/C(=C/C=C(/C=C/c2sc3ccccc3[n+]2C)c2cc(F)cc(F)c2)Sc2ccccc21,1
CN1/C(=C/C=C(/C=C/c2sc3ccccc3[n+]2C)c2ccc(C(F)(F)F)cc2)Sc2ccccc21,1
CN1/C(=C/C=C(/C=C/c2sc3ccccc3[n+]2C)c2cccc(C(F)(F)F)c2)Sc2ccccc21,1
CN1/C(=C/C=C(/C=C/C2=[N+](C)c3ccccc3C2(C)C)c2ccc(F)cc2)C(C)(C)c2ccccc21,1
CN1/C(=C/C=C(/C=C/C2=[N+](C)c3ccccc3C2(C)C)c2cc(F)cc(F)c2)C(C)(C)c2ccccc21,1
CN1/C(=C/C=C(/C=C/C2=[N+](C)c3ccccc3C2(C)C)c2ccc(C(F)(F)F)cc2)C(C)(C)c2ccccc21,1
CN1/C(=C/C=C(/C=C/C2=[N+](C)c3ccccc3C2(C)C)c2cccc(C(F)(F)F)c2)C(C)(C)c2ccccc21,1
O=C(O)C1=C/C(=C/C=[N+]2/c3cc(O)c(C[C@@H]4O[C@H](CO)[C@@H](O)C(O)[C@H]4O)cc3C[C@H]2C(=O)O)C[C@@H](C(=O)O)N1,1
O=C(O)C1=C/C(=C/C=[N+]2/c3cc(O)c(C[C@@H]4O[C@H](CO)[C@@H](O)C(O)[C@H]4O)cc3C[C@H]2C(=O)O)C[C@H](C(=O)O)N1,1
O=C(O)C1=CC(=C/C=[N+]2/c3cc(O)c(C[C@@H]4O[C@H](CO)[C@@H](O)C(O)[C@H]4O)cc3C[C@H]2C(=O)O)C=C(C(=O)O)N1,1
c1ccc2c(c1)Sc1ccccc1N2c1ccc2c(c1)C1(CC1)c1cc(N3c4ccccc4Sc4ccccc43)ccc1-2,1
c1ccc2c(c1)Sc1ccccc1N2c1ccc2c(c1)C1(CCCC1)c1cc(N3c4ccccc4Sc4ccccc43)ccc1-2,1
c1ccc2c(c1)CC1(C2)c2cc(N3c4ccccc4Sc4ccccc43)ccc2-c2ccc(N3c4ccccc4Sc4ccccc43)cc21,1
c1ccc2c(c1)Sc1ccccc1N2c1ccc2c(c1)C1(c3ccccc3-c3ccccc31)c1cc(N3c4ccccc4Sc4ccccc43)ccc1-2,1
C=CCN(CC=C)c1ccc(-c2cc(-c3ccc(N(CC=C)CC=C)cc3)cc(-c3ccc(N(CC=C)CC=C)cc3)c2)cc1,1
CN(C)c1ccc(C=C2Oc3cccc(O)c3C2=O)cc1,1
O=C1C(=Cc2ccc(Br)cc2)Oc2cccc(O)c21,1
N#Cc1ccc(C=C2Oc3cccc(O)c3C2=O)cc1,1
Cc1cc(C2(c3cc(C)c(O)c(Br)c3)OS(=O)(=O)c3ccccc32)cc(Br)c1O,1
COc1c(-c2ccc(N(C)C)cc2)oc2ccccc2c1=O,1
COc1ccc(/C=C(\C)c2nc3ccccc3s2)cc1,1
C/C(=C\c1ccc(C)cc1)c1nc2ccccc2s1,1
C/C(=C\c1ccc(Cl)cc1)c1nc2ccccc2s1,1
COc1ccc(/C=C(\c2ccccc2)c2nc3ccccc3s2)cc1,1
Cc1ccc(/C=C(\c2ccccc2)c2nc3ccccc3s2)cc1,1
Clc1ccc(/C=C(\c2ccccc2)c2nc3ccccc3s2)cc1,1
COc1ccc(/C=C/c2nc3ccccc3s2)cc1,1
Cc1ccc(/C=C/c2nc3ccccc3s2)cc1,1
C(=C/c1nc2ccccc2s1)\c1ccccc1,1
Clc1ccc(/C=C/c2nc3ccccc3s2)cc1,1
CN(C)c1ccc(/C=C(\C#N)c2nc3ccccc3s2)cc1,1
N#C/C(=C\c1ccccc1)c1nc2ccccc2s1,1
N#C/C(=C\c1ccc(Cl)cc1)c1nc2ccccc2s1,1
N#C/C(=C\c1ccc([N+](=O)[O-])cc1)c1nc2ccccc2s1,1
COc1ccc(/C=C(\C)c2nc3ccccc3o2)cc1,1
C/C(=C\c1ccc(C)cc1)c1nc2ccccc2o1,1
C/C(=C\c1ccccc1)c1nc2ccccc2o1,1
C/C(=C\c1ccc(Cl)cc1)c1nc2ccccc2o1,1
Cc1ccc(/C=C(\c2ccccc2)c2nc3ccccc3o2)cc1,1
CN(C)c1ccc(/C=C/c2nc3ccccc3o2)cc1,1
COc1ccc(/C=C/c2nc3ccccc3o2)cc1,1
C(=C/c1nc2ccccc2o1)\c1ccccc1,1
Clc1ccc(/C=C/c2nc3ccccc3o2)cc1,1
Clc1ccc(/C=C(\c2ccccc2)c2nc3ccccc3o2)cc1,1
COc1cc(-c2nc(-c3ccccc3)c(-c3ccccc3)[nH]2)c(OC)cc1/C=C/c1ccncc1,1
COc1cc(-c2nc3c4cccnc4c4ncccc4c3[nH]2)c(OC)cc1/C=C/c1ccncc1,1
COc1cc(/C=C/c2nc3ccccc3s2)c(OC)cc1/C=C/c1ccncc1,1
COc1cc(/C=C/c2cc(OC)c(-c3nc(-c4ccccc4)c(-c4ccccc4)[nH]3)cc2OC)c(OC)cc1/C=C/c1cc(OC)c(-c2nc(-c3ccccc3)c(-c3ccccc3)[nH]2)cc1OC,1
C(=C/c1ccc(-c2nnc(-c3ccc(/C=C/c4ccc(-c5nc(-c6ccccc6)c(-c6ccccc6)[nH]5)cc4)cc3)o2)cc1)\c1ccc(-c2nc(-c3ccccc3)c(-c3ccccc3)[nH]2)cc1,1
CC(C)c1ccc(-c2nc(-c3ccccc3)c3ccccn23)cc1,1
COc1cc(-c2nc(-c3ccccc3)c3ccccn23)ccc1O,1
CC[n+]1c(-c2ccccc2)c2cc(N)ccc2c2ccc(N)cc21,1
CC[n+]1c(-c2ccccc2)c2cc(N)ccc2c2ccc(NC(N)=[NH2+])cc21,1
CC[n+]1c(-c2ccccc2)c2cc(NC(N)=[NH2+])ccc2c2ccc(N)cc21,1
CC[n+]1c(-c2ccccc2)c2cc(NC(N)=[NH2+])ccc2c2ccc(NC(N)=[NH2+])cc21,1
CC[n+]1c(-c2ccccc2)c2cc(N)ccc2c2ccc(NC(N)=O)cc21,1
CC[n+]1c(-c2ccccc2)c2cc(NC(N)=O)ccc2c2ccc(N)cc21,1
CC[n+]1c(-c2ccccc2)c2cc(NC(N)=O)ccc2c2ccc(NC(N)=O)cc21,1
CC[n+]1c(-c2ccccc2)c2cc(NC(=O)NCC[NH3+])ccc2c2ccc(NC(=O)NCC[NH3+])cc21,1
CC[n+]1c(-c2ccccc2)c2cc(NC(=O)N[C@H]3C[C@@H]([NH3+])[C@H](O)[C@@H](O)[C@@H]3O)ccc2c2ccc(NC(=O)N[C@@H]3C[C@H]([NH3+])[C@@H](O)[C@@H](O)[C@H]3O)cc21,1
CC[n+]1c(-c2ccccc2)c2cc(N)ccc2c2ccc(-n3cccc3)cc21,1
CC[n+]1c(-c2ccccc2)c2cc(-n3cccc3)ccc2c2ccc(N)cc21,1
CC[n+]1c(-c2ccccc2)c2cc(-n3cccc3)ccc2c2ccc(-n3cccc3)cc21,1
Oc1ccccc1/C=N/c1ccc(Cn2cncn2)cc1,1
O=c1c(Nc2ccccc2)c([O-])c1=[NH+]c1ccccc1,1
c1cc(N2CCCC2)ccn1,1
CCOC(=O)c1c2c3c(ccc(OC)c3c3cc4c(cc13)[Si](C)(C)O[Si]4(C)C)N(C)C2=O,1
CCOC(=O)c1c2c3c(ccc(C)c3c3cc4c(cc13)[Si](C)(C)O[Si]4(C)C)N(C)C2=O,1
CCOC(=O)c1c2c3c(cccc3c3cc4c(cc13)[Si](C)(C)O[Si]4(C)C)N(C)C2=O,1
CCOC(=O)c1c2c3c(ccc(Br)c3c3cc4c(cc13)[Si](C)(C)O[Si]4(C)C)N(C)C2=O,1
CCOC(=O)c1c2c3c(ccc(Cl)c3c3cc4c(cc13)[Si](C)(C)O[Si]4(C)C)N(C)C2=O,1
CCOC(=O)c1c2c3c(ccc(F)c3c3cc4c(cc13)[Si](C)(C)O[Si]4(C)C)N(C)C2=O,1
CCOC(=O)c1c2c3c(ccc([N+](=O)[O-])c3c3cc4c(cc13)[Si](C)(C)O[Si]4(C)C)N(C)C2=O,1
CCOC(=O)c1c2c3c(ccc(OC)c3c3cc4ccccc4cc13)N(C)C2=O,1
CCOC(=O)c1c2c3c(ccc(C)c3c3cc4ccccc4cc13)N(C)C2=O,1
CCOC(=O)c1c2c3c(cccc3c3cc4ccccc4cc13)N(C)C2=O,1
CCOC(=O)c1c2c3c(ccc(Br)c3c3cc4ccccc4cc13)N(C)C2=O,1
CCOC(=O)c1c2c3c(ccc(Cl)c3c3cc4ccccc4cc13)N(C)C2=O,1
CCOC(=O)c1c2c3c(ccc(F)c3c3cc4ccccc4cc13)N(C)C2=O,1
CCOC(=O)c1c2c3c(ccc([N+](=O)[O-])c3c3cc4ccccc4cc13)N(C)C2=O,1
Cc1c(C)c(-c2cccnc2)c(C)c(C)c1B(c1c(C)c(C)c(-c2cccnc2)c(C)c1C)c1c(C)c(C)c(-c2cccnc2)c(C)c1C,1
Cc1c(C)c(-c2ccc(-c3cccnc3)cc2)c(C)c(C)c1B(c1c(C)c(C)c(-c2ccc(-c3cccnc3)cc2)c(C)c1C)c1c(C)c(C)c(-c2ccc(-c3cccnc3)cc2)c(C)c1C,1
COC(=O)C(N)Cc1ccc(O[Si]2(Oc3ccc(CC(N)C(=O)OC)cc3)n3c4c5ccccc5c3/N=C3\N=C(/N=c5/c6ccccc6/c(n52)=N/C2=N/C(=N\4)c4ccccc42)c2ccccc23)cc1,1
CCOC(=O)C(Cc1ccc(O[Si]2(Oc3ccc(CC(NC(C)=O)C(=O)OCC)cc3)n3c4c5ccccc5c3/N=C3\N=C(/N=c5/c6ccccc6/c(n52)=N/C2=N/C(=N\4)c4ccccc42)c2ccccc23)cc1)NC(C)=O,1
CC(=O)NC(Cc1ccc(O)cc1)C(=O)O[Si]1(OC(=O)C(Cc2ccc(O)cc2)NC(C)=O)n2c3c4ccccc4c2/N=C2\N=C(/N=c4/c5ccccc5/c(n41)=N/C1=N/C(=N\3)c3ccccc31)c1ccccc12,1
CN(CCO)c1ccc(/C=C/C2=C(C#N)C(C(C#N)C#N)OC2(C)C)cc1,1
COc1cc2cc(/C=C/c3ccc(/C=C(\C#N)C(=O)O)cc3)c(=O)oc2cc1OC,1
COc1cc2cc(/C=C/c3ccc(/C=C/c4ccc(/C=C(\C#N)C(=O)O)cc4)cc3)c(=O)oc2cc1OC,1
COc1cc2cc(C#Cc3ccc(/C=C(\C#N)C(=O)O)cc3)c(=O)oc2cc1OC,1
CCCCCCCCCCOc1cc2cc(C#Cc3ccc(/C=C(\C#N)C(=O)O)cc3)c(=O)oc2cc1OCCCCCCCCCC,1
N#Cc1ccc(-c2ccc3c(c2)c2cc(-c4ccc(C#N)cc4)ccc2c2c3nc(-c3ccc(-c4ccc(N(c5ccccc5)c5ccccc5)cc4)cc3)n2-c2ccccc2)cc1,1
COc1cc(OC)cc(-c2nnc(-c3ccc(-c4nnc(-c5cc(OC)cc(OC)c5)o4)cc3)o2)c1,1
COc1cc(OC)cc(-c2nnc(-c3cccc(-c4nnc(-c5cc(OC)cc(OC)c5)o4)c3)o2)c1,1
COc1cc(OC)cc(-c2nnc(-c3cc(-c4nnc(-c5cc(OC)cc(OC)c5)o4)cc(-c4nnc(-c5cc(OC)cc(OC)c5)o4)c3)o2)c1,1
O=c1oc2ccccc2cc1-c1ccc(-c2ccc(-c3cc4ccccc4oc3=O)cc2)cc1,1
CCN(CC)c1ccc2cc(-c3ccc(-c4ccc(-c5cc6ccccc6oc5=O)cc4)cc3)c(=O)oc2c1,1
CCN(CC)c1ccc2cc(-c3ccc(-c4ccc(-c5cc6ccc(N(CC)CC)cc6oc5=O)cc4)cc3)c(=O)oc2c1,1
COc1ccc(C2=CC(c3ccc4cc(N(C)C)ccc4c3)=[O+][B-](F)(F)O2)cc1,1
CN(C)c1ccc2cc(C3=[O+][B-](F)(F)OC(c4ccccc4)=C3)ccc2c1,1
CN(C)c1ccc2cc(C3=[O+][B-](F)(F)OC(c4ccc(C#N)cc4)=C3)ccc2c1,1
CC1=CC(c2ccc3cc(N(C)C)ccc3c2)=[O+][B-](F)(F)O1,1
COc1ccc(/C=C/c2cc[n+]3ccc(/C=C/c4ccc(OC)cc4)cc3c2)cc1,1
COc1ccc(/C=C/c2ccc(/C=C/c3cc[n+]4ccc(/C=C/c5ccc(/C=C/c6ccc(OC)cc6)cc5)cc4c3)cc2)cc1,1
C(=C/c1c[nH]c2ccccc12)\c1cc[n+]2ccc(/C=C/c3c[nH]c4ccccc34)cc2c1,1
C(=C/c1c[nH]cn1)\c1cc[n+]2ccc(/C=C/c3c[nH]cn3)cc2c1,1
C(=C/c1cc[n+]2ccc(/C=C/c3cc[nH]c3)cc2c1)\c1cc[nH]c1,1
C(=C/c1cc[n+]2ccc(/C=C/c3ccsc3)cc2c1)\c1ccsc1,1
CCN(CC)c1ccc2cc(/C=C/C(=C(C#N)C#N)c3ccc(N(c4ccccc4)c4ccccc4)cc3)c(=O)oc2c1,1
CCN(CC)c1ccc2cc(/C(Cl)=C/C=C/C(=C(C#N)C#N)c3ccc(N(c4ccccc4)c4ccccc4)cc3)c(=O)oc2c1,1
CCN(CC)c1ccc2cc(/C=C/C(=C(C#N)C#N)c3ccc4c(c3)c3ccccc3n4CC)c(=O)oc2c1,1
CCN(CC)c1ccc2cc(/C(Cl)=C/C=C/C(=C(C#N)C#N)c3ccc4c(c3)c3ccccc3n4CC)c(=O)oc2c1,1
C#CCOc1ccc(-c2cc(-c3ccccc3)c3n2[B-](F)(F)[N+]2=C(c4ccc(OCCCS(=O)(=O)[O-])cc4)C=C(c4ccccc4)C2=N3)cc1,1
O=S(=O)([O-])CCCOc1ccc(C2=[N+]3C(=Nc4c(-c5ccccc5)cc(-c5ccc(OCc6cn([C@H]7[C@H](O)[C@H](O)[C@@H](CO)O[C@H]7O)nn6)cc5)n4[B-]3(F)F)C(c3ccccc3)=C2)cc1,1
O=S(=O)([O-])CCCOc1ccc(C2=[N+]3C(=Nc4c(-c5ccccc5)cc(-c5ccc(OCc6cn([C@@H]7O[C@H](CO)[C@@H](O)[C@@H](O)[C@H]7O)nn6)cc5)n4[B-]3(F)F)C(c3ccccc3)=C2)cc1,1
CC(C)(C)OC(=O)NCCn1cc(COc2ccc(-c3cc(-c4ccccc4)c4n3[B-](F)(F)[N+]3=C(c5ccc(OCCCS(=O)(=O)[O-])cc5)C=C(c5ccccc5)C3=N4)cc2)nn1,1
CC(C)(C)OC(=O)N[C@@H](CCn1cc(COc2ccc(-c3cc(-c4ccccc4)c4n3[B-](F)(F)[N+]3=C(c5ccc(OCCCS(=O)(=O)[O-])cc5)C=C(c5ccccc5)C3=N4)cc2)nn1)C(=O)O,1
CCCCCCCCC1(CCCCCCCC)c2ccccc2-c2ccc(-c3nnc(-c4ccc(-n5c6ccc(C(C)(C)C)cc6c6cc(C(C)(C)C)ccc65)cc4)o3)cc21,1
CCCCCCCCC1(CCCCCCCC)c2ccccc2-c2ccc(-c3nnc(-c4cccc(-n5c6ccc(C(C)(C)C)cc6c6cc(C(C)(C)C)ccc65)c4)o3)cc21,1
O=c1c2ccccc2nc2ccccn12,1
O=c1c2cc(C#Cc3ccccc3)ccc2nc2ccc(C#Cc3ccccc3)cn12,1
COc1ccc(C#Cc2ccc3nc4ccc(C#Cc5ccc(OC)cc5)cn4c(=O)c3c2)cc1,1
O=c1c2cc(C#Cc3ccc(Cl)cc3)ccc2nc2ccc(C#Cc3ccc(Cl)cc3)cn12,1
Cc1ccc(C#Cc2ccc3nc4ccc(C#Cc5ccc(C)cc5)cn4c(=O)c3c2)cc1,1
CCCc1ccc(C#Cc2ccc3nc4ccc(C#Cc5ccc(CCC)cc5)cn4c(=O)c3c2)cc1,1
CCCCc1ccc(C#Cc2ccc3nc4ccc(C#Cc5ccc(CCCC)cc5)cn4c(=O)c3c2)cc1,1
CC[N+]1=C(/C=C/c2c(C)nn3c(-c4ccc(OC)cc4)ccnc23)C(C)(C)c2ccccc21,1
O=C1NC(=O)[C@H]([C@H]2C[C@H](O)[C@@H](CO)O2)C=C1C#Cc1ccc2c(c1)Cc1ccccc1-2,1
O=C1NC(=O)[C@H]([C@H]2C[C@H](O)[C@@H](CO)O2)C=C1C#Cc1ccc2c(c1)C(=O)c1ccccc1-2,1
COc1ccc(/C=C2\OC(=O)c3ccccc32)cc1,1
O=C1O/C(=C\c2cccs2)c2ccccc21,1
CN(C)c1ccc2c3c(ccc2c1)C(=O)CCC3,1
CC(C)CCCCN1CCc2c1ccc1c3c(ccc21)C(=O)CCC3,1
CN(C)c1ccc2c3c(ccc2c1)CCCC3=O,1
CC(C)CCCCN1CCc2c1ccc1c3c(ccc21)CCCC3=O,1
CCCCCCc1ccc(-n2c3[n+](c4c5ccccc5c5ccccc5c42)[B-](C)(C)c2ccccc2-3)cc1,1
CCCCCCc1ccc(-n2c3[n+](c4c5ccccc5c5ccccc5c42)[B-](C)(C)c2ccc4ccccc4c2-3)cc1,1
CCCCCCc1ccc(-n2c3[n+](c4c5ccccc5c5ccccc5c42)[B-](C)(C)c2cc(-n4c5ccccc5c5ccccc54)ccc2-3)cc1,1
CCCCCCc1ccc(-n2c3[n+](c4c5ccccc5c5ccccc5c42)[B-](C)(C)c2cc(N(c4ccccc4)c4ccccc4)ccc2-3)cc1,1
Cc1ccc(-c2cc(-c3ccc(C)cc3)c(C#N)c(=O)[nH]2)cc1,1
N#Cc1c(-c2ccc(Br)cc2)cc(-c2ccc(Br)cc2)[nH]c1=O,1
N#Cc1c(-c2ccc([N+](=O)[O-])cc2)cc(-c2ccc([N+](=O)[O-])cc2)[nH]c1=O,1
N#Cc1c(-c2cccs2)cc(-c2ccc3c(c2)Cc2ccccc2-3)[nH]c1=O,1
N#Cc1c(-c2cccs2)cc(-c2cccs2)[nH]c1=O,1
c1ccc(-c2ccnc(-c3ccccc3)n2)cc1,1
COc1ccc(-c2cc(-c3ccc(N(C)C)cc3)nc(-c3ccccc3)n2)cc1,1
CN(C)c1ccc(-c2cc(-c3cccs3)nc(-c3ccccc3)n2)cc1,1
CN(C)c1ccc(-c2cc(-c3ccc4ccccc4c3)nc(-c3ccccc3)n2)cc1,1
CN(C)c1ccc(-c2cc(-c3ccc(C#N)cc3)nc(-c3ccccc3)n2)cc1,1
c1ccc(-c2nc(-c3ccc(N4CCCC4)cc3)cc(-c3ccc4ccccc4c3)n2)cc1,1
N#Cc1ccc(-c2cc(-c3ccc(N4CCCC4)cc3)nc(-c3ccccc3)n2)cc1,1
N#Cc1ccc(C=C(c2ccccc2)c2ccccc2)cc1,1
COc1ccc(C(=Cc2ccc(C#N)cc2)c2ccc(OC)cc2)cc1,1
CN(C)c1ccc(C(=Cc2ccc(C#N)cc2)c2ccc(N(C)C)cc2)cc1,1
O=Cc1ccc(C=C(c2ccccc2)c2ccccc2)cc1,1
COc1ccc(C(=Cc2ccc(C=O)cc2)c2ccc(OC)cc2)cc1,1
CN(C)c1ccc(C(=Cc2ccc(C=O)cc2)c2ccc(N(C)C)cc2)cc1,1
N#Cc1ccc(/C=C/c2ccc(C=C(c3ccccc3)c3ccccc3)cc2)cc1,1
COc1ccc(C(=Cc2ccc(/C=C/c3ccc(C#N)cc3)cc2)c2ccc(OC)cc2)cc1,1
CN(C)c1ccc(C(=Cc2ccc(/C=C/c3ccc(C#N)cc3)cc2)c2ccc(N(C)C)cc2)cc1,1
N#C/C(=C\c1ccc(C=C(c2ccccc2)c2ccccc2)cc1)c1ccccc1,1
COc1ccc(C(=Cc2ccc(/C=C(\C#N)c3ccccc3)cc2)c2ccc(OC)cc2)cc1,1
CN(C)c1ccc(C(=Cc2ccc(/C=C(\C#N)c3ccccc3)cc2)c2ccc(N(C)C)cc2)cc1,1
N#C/C(=C\c1ccc(C=C(c2ccccc2)c2ccccc2)cc1)c1ccc([N+](=O)[O-])cc1,1
COc1ccc(C(=Cc2ccc(/C=C(\C#N)c3ccc([N+](=O)[O-])cc3)cc2)c2ccc(OC)cc2)cc1,1
Brc1ccc(-c2nc(-c3ccc(C#Cc4ccc(-n5c6ccccc6c6ccccc65)cc4)cc3)nc(-c3ccc(C#Cc4ccc(-n5c6ccccc6c6ccccc65)cc4)cc3)n2)cc1,1
C(#Cc1ccc(-n2c3ccccc3c3ccccc32)cc1)c1ccc(-c2nc(-c3ccc(C#Cc4ccc(-n5c6ccccc6c6ccccc65)cc4)cc3)nc(-c3ccc(C#Cc4ccc(-n5c6ccccc6c6ccccc65)cc4)cc3)n2)cc1,1
Cc1nc2cccc(-c3nc4ccccc4o3)c2c(=O)[nH]1,1
Cc1nc2cccc(-c3nc4ccc(Cl)cc4o3)c2c(=O)[nH]1,1
Cc1ccc2nc(-c3cccc4nc(C)[nH]c(=O)c34)oc2c1,1
Cc1nc2cccc(-c3nc4ccccc4s3)c2c(=O)[nH]1,1
Cc1nc2cccc(-c3nc4ccccc4[nH]3)c2c(=O)[nH]1,1
Cc1ccc2nc(-c3cccc4nc(C)[nH]c(=O)c34)[nH]c2c1,1
Cc1nc2cccc(-c3nc4ccc([N+](=O)[O-])cc4[nH]3)c2c(=O)[nH]1,1
Cc1ccc(-n2c3ccccc3c3cc(-c4ccc5[n+](c4)[B-](F)(F)n4c-5nc5c6ccccc6c6ccccc6c54)ccc32)cc1,1
CCC1=C(C)C2C(c3ccc(-c4ccc(-c5nc6c7ccccc7c7ccccc7c6n5-c5ccc(C(C)(C)C)cc5)cc4)cc3)c3c(C)c(CC)c(C)n3[B-](F)(F)[N+]2=C1C,1
CCC1(CC)c2cc(/C=C/c3ccc(/C=C/c4ccc5c(c4)C(CC)(CC)c4cc(N6c7ccccc7Sc7ccccc76)ccc4-5)cc3)ccc2-c2ccc(N3c4ccccc4Sc4ccccc43)cc21,1
CCC1(CC)c2cc(/C=C/c3cc(Br)c(/C=C/c4ccc5c(c4)C(CC)(CC)c4cc(N6c7ccccc7Sc7ccccc76)ccc4-5)cc3Br)ccc2-c2ccc(N3c4ccccc4Sc4ccccc43)cc21,1
CCC1(CC)c2cc(/C=C/c3cc(C#N)c(/C=C/c4ccc5c(c4)C(CC)(CC)c4cc(N6c7ccccc7Sc7ccccc76)ccc4-5)cc3C#N)ccc2-c2ccc(N3c4ccccc4Sc4ccccc43)cc21,1
CCCCCCCCCCCCOc1cc(/C=C/c2ccc3c(c2)C(CC)(CC)c2cc(N4c5ccccc5Sc5ccccc54)ccc2-3)c(OCCCCCCCCCCCC)cc1/C=C/c1ccc2c(c1)C(CC)(CC)c1cc(N3c4ccccc4Sc4ccccc43)ccc1-2,1
Cc1ccc(Nc2ccc(Nc3ccc(C)cc3)c3c2C(=O)c2ccccc2C3=O)cc1,1
CCCCNc1ccc(NCCCC)c2c1C(=O)c1ccccc1C2=O,1
CCNc1ccc(NCC)c2c1C(=O)c1ccccc1C2=O,1
N#Cc1ccccc1N,1
N#Cc1ccc(N)cc1C#N,1
N#Cc1cc(N)cc(C#N)c1,1
N#Cc1cccc(N)c1C#N,1
N#Cc1ccc(N)c(C#N)c1,1
N#Cc1ccc(C#N)c(N)c1,1
N#Cc1cccc(C#N)c1N,1
CN(C)/C=N\c1ccc2c3c(cccc13)C(=O)c1ccccc1-2,1
CCN(CC)/C(C)=N\c1ccc2c3c(cccc13)C(=O)c1ccccc1-2,1
O=C1c2ccccc2-c2ccc(N3CCOCC3)c3cccc1c23,1
CCN1c2ccc(/C=N/Nc3ccccn3)cc2Sc2cc(-c3ccccc3)ccc21,1
CCN1c2ccc(/C=N/Nc3ccccn3)cc2Sc2cc(-c3ccc(C#N)cc3)ccc21,1
CCN1c2ccc(/C=N/Nc3ccccn3)cc2Sc2cc(-c3cccc4ccccc34)ccc21,1
CCN1c2ccc(/C=N/Nc3ccccn3)cc2Sc2cc(-c3ccc(OC)cc3)ccc21,1
CCN1c2ccc(/C=N/Nc3ccccn3)cc2Sc2cc(/C=N/Nc3ccccn3)ccc21,1
OCC1O[C@@H](Cc2cc(O)cc(/C=C/c3ccc(O)c(O)c3)c2)[C@H](O)[C@@H](O)[C@@H]1O,1
COc1ccc2nc(/N=N/c3ccc(N(C)C)cc3)sc2c1,1
CCN(CC)c1ccc(/N=N/c2nc3ccc(OC)cc3s2)cc1,1
CCN(CC)c1ccc(/N=N/c2nc3ccc([N+](=O)[O-])cc3s2)cc1,1
CCN(CC)c1ccc(/N=N/c2nc3ccc(Br)cc3s2)cc1,1
CCOC(=O)c1ccc2nc(/N=N/c3ccc(N(CC)CC)cc3)sc2c1,1
CN(C)c1ccc(/C=C/c2cc(/C=C/c3ccc(N(C)C)cc3)nc(N)n2)cc1,1
CCN(CC)c1ccc(/C=C/c2cc(/C=C/c3ccc(N(CC)CC)cc3)nc(N)n2)cc1,1
Nc1nc(/C=C/c2ccc(N(c3ccccc3)c3ccccc3)cc2)cc(/C=C/c2ccc(N(c3ccccc3)c3ccccc3)cc2)n1,1
CCN(CC)c1ccc(/C=N/Nc2ccc(C#N)cc2)c(O)c1,1
N#Cc1ccc(N/N=C/c2ccc3ccccc3c2O)cc1,1
C/C(=N\Nc1ccc(C#N)cc1)c1ccccn1,1
C/C(=N\Nc1ccc(C#N)cc1)c1cccc(/C(C)=N/Nc2ccc(C#N)cc2)c1,1
COc1c(/C=N/Nc2ccc(C#N)cc2)ccc2ccccc12,1
COc1cnc(-c2cc[n+](C3=C(F)C(F)(F)C(F)(F)[C-]3F)cc2)s1,1
CCOC(=O)CN(CC(=O)OCC)c1ccc(-c2cc(-c3ccccn3)nc(-c3ccccn3)c2)cc1,1
CCOC(=O)CN(CC(=O)OCC)c1ccc(-c2cc(-c3cccnc3)nc(-c3cccnc3)c2)cc1,1
CCOC(=O)CN(CC(=O)OCC)c1ccc(-c2cc(-c3ccncc3)nc(-c3ccncc3)c2)cc1,1
CCCCCCCCCCCCOc1cc2c3cc(OCCCCCCCCCCCC)c(OCCCCCCCCCCCC)cc3c3c(cc(OCCCCCCCCCCCC)c4nc5cc(C#Cc6ccc(CCCCCCCCCC)cc6)c(C#Cc6ccc(CCCCCCCCCC)cc6)cc5nc43)c2cc1OCCCCCCCCCCCC,1
CCCCCCCCCCCCOc1cc2c3cc(OCCCCCCCCCCCC)c(OCCCCCCCCCCCC)cc3c3c(cc(OCCCCCCCCCCCC)c4nc5cc(C#Cc6ccc(OCCCC)cc6)c(C#Cc6ccc(OCCCC)cc6)cc5nc43)c2cc1OCCCCCCCCCCCC,1
CCCCCCCCCCCCOc1cc2c3cc(OCCCCCCCCCCCC)c(OCCCCCCCCCCCC)cc3c3c(cc(OCCCCCCCCCCCC)c4nc5cc(C#Cc6ccc(OCCCCCCCC)cc6)c(C#Cc6ccc(OCCCCCCCC)cc6)cc5nc43)c2cc1OCCCCCCCCCCCC,1
CCCCCCCCCCCCCCOc1ccc(C#Cc2cc3nc4c(OCCCCCCCCCCCC)cc5c6cc(OCCCCCCCCCCCC)c(OCCCCCCCCCCCC)cc6c6cc(OCCCCCCCCCCCC)c(OCCCCCCCCCCCC)cc6c5c4nc3cc2C#Cc2ccc(OCCCCCCCCCCCCCC)cc2)cc1,1
CCCCCCCCCCCCCCCCCCOc1ccc(C#Cc2cc3nc4c(OCCCCCCCCCCCC)cc5c6cc(OCCCCCCCCCCCC)c(OCCCCCCCCCCCC)cc6c6cc(OCCCCCCCCCCCC)c(OCCCCCCCCCCCC)cc6c5c4nc3cc2C#Cc2ccc(OCCCCCCCCCCCCCCCCCC)cc2)cc1,1
CCCCCCCCCCCCOc1cc2c3cc(OCCCCCCCCCCCC)c(OCCCCCCCCCCCC)cc3c3c(cc(OCCCCCCCCCCCC)c4nc5cc(C#Cc6ccc(OCCC(C)CCCC(C)C)cc6)c(C#Cc6ccc(OCCC(C)CCCC(C)C)cc6)cc5nc43)c2cc1OCCCCCCCCCCCC,1
F[B-]1(F)OC(c2ccccc2)=Cc2cccc[n+]21,1
Cc1cccc(C)c1N1C(c2ccccc2)=Cc2cccc[n+]2[B-]1(F)F,1
Cc1cccc(C)c1N1C(c2ccccc2)=Cc2ccc3ccccc3[n+]2[B-]1(F)F,1
CC(C)c1cccc(C(C)C)c1N1C(c2ccccc2)=Cc2ccc3ccccc3[n+]2[B-]1(F)F,1
c1ccc(-c2nc(-c3ccc(-c4ccc(N(c5ccccc5)c5ccccc5)cc4)cn3)oc2-c2ccccc2)cc1,1
c1ccc(-c2nc(-c3ccc(-c4ccc(-n5c6ccccc6c6ccccc65)cc4)cn3)oc2-c2ccccc2)cc1,1
O=C1c2cc(-n3c4ccccc4c4ccccc43)c(-n3c4ccccc4c4ccccc43)cc2C(=O)N1c1ccccc1,1
F[B-]1(F)n2c(c3cccc4cccc2c43)=Nc2cccc[n+]21,1
Cc1cccc2[n+]1[B-](F)(F)n1c(c3cccc4cccc1c43)=N2,1
F[B-]1(F)n2c(c3cccc4cccc2c43)=Nc2cccc(Cl)[n+]21,1
F[B-]1(F)n2c(c3cccc4cccc2c43)=Nc2ccc3ccccc3[n+]21,1
Cc1csc2[n+]1[B-](F)(F)n1c(c3cccc4cccc1c43)=N2,1
F[B-]1(F)n2c(c3cccc4cccc2c43)=Nc2sc3ccccc3[n+]21,1
CC(C)(C)c1ccc2c(c1)sc1[n+]2[B-](F)(F)n2c(c3cccc4cccc2c43)=N1,1
CC(C)(C)c1ccc2c(c1)sc1[n+]2[B-](F)(F)n2c(c3cccc4c(Br)ccc2c43)=N1,1
N#CC1=c2c3cccc4cccc(c43)n2[B-](F)(F)[n+]2ccccc21,1
N#CC1=c2c3cccc4c(Br)ccc(c43)n2[B-](F)(F)[n+]2ccccc21,1
CC(C)(C)c1ccc2c(c1)sc1[n+]2[B-](F)(F)n2c(c3cccc4cccc2c43)=C1C#N,1
CC(C)(C)c1ccc2c(c1)sc1[n+]2[B-](F)(F)n2c(c3cccc4c(Br)ccc2c43)=C1C#N,1
CCCCCCCCCCCCNc1cccc2[n+]1[B-](F)(F)n1c(c3cccc4cccc1c43)=N2,1
OCCSc1cccc2[n+]1[B-](F)(F)n1c(c3cccc4cccc1c43)=N2,1
C[Si]1(C)O[Si](C)(C)c2cc3cc4c(cc3cc21)C(=O)c1cc2cc3c(cc2cc1C4=O)[Si](C)(C)O[Si]3(C)C,1
C[Si]1(C)O[Si](C)(C)c2cc3cc4cc5c(cc4cc3cc21)C(=O)c1cc2cc3cc4c(cc3cc2cc1C5=O)[Si](C)(C)O[Si]4(C)C,1
C[Si](C)(C)c1ccc(-c2nc3ccccc3n2-c2ccccc2)cc1,1
C[Si](C)(c1ccc(-c2nc3ccccc3n2-c2ccccc2)cc1)c1ccc(-c2nc3ccccc3n2-c2ccccc2)cc1,1
C[Si](c1ccc(-c2nc3ccccc3n2-c2ccccc2)cc1)(c1ccc(-c2nc3ccccc3n2-c2ccccc2)cc1)c1ccc(-c2nc3ccccc3n2-c2ccccc2)cc1,1
c1ccc(-n2c(-c3ccc([Si](c4ccc(-c5nc6ccccc6n5-c5ccccc5)cc4)(c4ccc(-c5nc6ccccc6n5-c5ccccc5)cc4)c4ccc(-c5nc6ccccc6n5-c5ccccc5)cc4)cc3)nc3ccccc32)cc1,1
COC(=O)c1nc(-c2ccccc2)oc1C,1
COC(=O)c1nc(-c2ccc(OC)cc2)oc1C,1
COC(=O)c1nc(-c2cccc3ccccc23)oc1C,1
COC(=O)c1nc(-c2ccco2)oc1C,1
Cc1oc(-c2ccccc2)nc1C(=O)O,1
CCN(CC)c1ccc2cc(-c3cc(SC)c(C#N)c(=O)o3)c(=O)oc2c1,1
CSc1cc(-c2cc3cc4c5c(c3oc2=O)CCCN5CCC4)oc(=O)c1C#N,1
C=CCNc1ccc2ccc3oc4cc(=[N+](C)C)ccc-4nc3c2c1,1
C=CCNc1ccc2ccc3oc4cc(=[N+]5CCCC5)ccc-4nc3c2c1,1
C=CCNc1ccc2c(ccc3oc4cc(=[N+](C)C)ccc-4nc32)c1,1
C=CCNc1ccc2ccc3oc4cc(=O)ccc-4nc3c2c1,1
O=C1NC(c2ccccc2)=N/C1=C\c1ccccc1,1
N#Cc1ccc(/C=C2\N=C(c3ccccc3)NC2=O)cc1,1
COC(=O)c1ccc(/C=C2\N=C(c3ccccc3)NC2=O)cc1,1
COc1ccc(C2=N/C(=C\c3ccccc3)C(=O)N2)cc1OC,1
COc1ccc(C2=N/C(=C\c3ccc(C#N)cc3)C(=O)N2)cc1OC,1
COC(=O)c1ccc(/C=C2\N=C(c3ccc(OC)c(OC)c3)NC2=O)cc1,1
COC(=O)c1ccc(/C=C2\N=C(c3ccc([N+](=O)[O-])cc3)NC2=O)cc1,1
O=C1OC(c2ccccc2)=N/C1=C\c1ccccc1,1
N#Cc1ccc(/C=C2\N=C(c3ccccc3)OC2=O)cc1,1
COc1ccc(C2=N/C(=C\c3ccccc3)C(=O)O2)cc1OC,1
COc1ccc(C2=N/C(=C\c3ccc(C#N)cc3)C(=O)O2)cc1OC,1
COC(=O)c1ccc(/C=C2\N=C(c3ccc(OC)c(OC)c3)OC2=O)cc1,1
CC(=O)Nc1ccc(C2=N/C(=C\c3ccc(C#N)cc3)C(=O)O2)cc1,1
O=C1NC(c2ccccc2)=C/C1=C\c1ccccc1,1
N#Cc1ccc(/C=C2\C=C(c3ccccc3)NC2=O)cc1,1
CC(C)CN1C(=O)/C(=C/c2ccc(C#N)cc2)C=C1c1ccccc1,1
COC(=O)c1ccc(/C=C2\C=C(c3ccccc3)NC2=O)cc1,1
COc1ccc(C2=C/C(=C\c3ccccc3)C(=O)N2)cc1OC,1
COc1ccc(C2=C/C(=C\c3ccc(C#N)cc3)C(=O)N2)cc1OC,1
COC(=O)c1ccc(/C=C2\C=C(c3ccc(OC)c(OC)c3)NC2=O)cc1,1
COC(=O)c1ccc(/C=C2\C=C(c3ccc([N+](=O)[O-])cc3)N(CC(C)C)C2=O)cc1,1
COC(=O)c1ccc(/C=C2\C=C(c3ccc(C#N)cc3)N(CC(C)C)C2=O)cc1,1
CC(=O)Nc1ccc(C2=C/C(=C\c3ccc(C#N)cc3)C(=O)N2)cc1,1
CC(=O)Nc1ccc(C2=C/C(=C\c3ccc(C#N)cc3)C(=O)N2CC(C)C)cc1,1
CC(C)CN1C(=O)/C(=C/c2ccc([N+](=O)[O-])cc2)C=C1c1ccccc1,1
COc1ccc(C2=C/C(=C\c3ccc([N+](=O)[O-])cc3)C(=O)N2CC(C)C)cc1,1
O=C1OC(c2ccccc2)=C/C1=C\c1ccccc1,1
N#Cc1ccc(/C=C2\C=C(c3ccccc3)OC2=O)cc1,1
COC(=O)c1ccc(/C=C2\C=C(c3ccccc3)OC2=O)cc1,1
COc1ccc(C2=C/C(=C\c3ccccc3)C(=O)O2)cc1OC,1
COc1ccc(C2=C/C(=C\c3ccc(C#N)cc3)C(=O)O2)cc1OC,1
COC(=O)c1ccc(/C=C2\C=C(c3ccc(OC)c(OC)c3)OC2=O)cc1,1
COC(=O)c1ccc(/C=C2\C=C(c3ccc([N+](=O)[O-])cc3)OC2=O)cc1,1
COC(=O)c1ccc(/C=C2\C=C(c3ccc(C#N)cc3)OC2=O)cc1,1
CC(=O)Nc1ccc(C2=C/C(=C\c3ccc(C#N)cc3)C(=O)O2)cc1,1
O=C1OC(c2ccccc2)=C/C1=C\c1ccc([N+](=O)[O-])cc1,1
CC(=O)Nc1ccc(C2=C/C(=C\c3ccc([N+](=O)[O-])cc3)C(=O)O2)cc1,1
O=C1c2ccccc2-c2c(-c3ccccc3)c(-c3ccccc3)c(-c3ccccc3)c3cccc1c23,1
COc1ccc(-c2c(-c3ccc(OC)cc3)c3c4c(cccc4c2-c2ccccc2)C(=O)c2ccccc2-3)cc1,1
O=C1c2ccccc2-c2c(-c3ccc([N+](=O)[O-])cc3)c(-c3ccc([N+](=O)[O-])cc3)c(-c3ccccc3)c3cccc1c23,1
O=c1c2ccccc2c2c3c(cccc13)c(-c1ccccc1)c1c3cccc4cccc(c43)c12,1
C[Si]1(c2ccccc2)C(c2ccc3c4ccccc4n(-c4ccccc4)c3c2)=C(c2ccccc2)C(c2ccccc2)=C1c1ccc2c3ccccc3n(-c3ccccc3)c2c1,1
C[Si]1(c2ccccc2)C(c2ccc3c(c2)c2ccccc2n3-c2ccccc2)=C(c2ccccc2)C(c2ccccc2)=C1c1ccc2c(c1)c1ccccc1n2-c1ccccc1,1
C[Si]1(c2ccccc2)C(c2ccc(-n3c4ccccc4c4ccccc43)cc2)=C(c2ccccc2)C(c2ccccc2)=C1c1ccc(-n2c3ccccc3c3ccccc32)cc1,1
CCC1(CC)c2cc(B(c3c(C)cc(C)cc3C)c3c(C)cc(C)cc3C)ccc2-c2ccc(N(c3ccccc3)c3ccccc3)cc21,1
Cc1ccccc1Oc1ccc2c3c(cccc13)C(=O)N(CCO)C2=O,1
O=Cc1ccc(Oc2ccc3c4c(cccc24)C(=O)N(CCO)C3=O)cc1,1
N#Cc1ccc(Oc2ccc3c4c(cccc24)C(=O)N(CCO)C3=O)cc1,1
CC(=O)OCCN1C(=O)c2cccc3c(Oc4ccccc4C)ccc(c23)C1=O,1
CC(=O)OCCN1C(=O)c2cccc3c(Oc4ccc(C=O)cc4)ccc(c23)C1=O,1
CC(=O)OCCN1C(=O)c2cccc3c(Oc4ccc(C#N)cc4)ccc(c23)C1=O,1
O=C1NC(=O)/C(=C\c2ccccc2O)S1,1
COc1cc(/C=C2/SC(=O)NC2=O)ccc1O,1
COc1cc(/C=C2/SC(=O)NC2=O)cc(OC)c1O,1
Cc1ccc(-c2cc3ccccc3oc2=O)cc1,1
COc1ccc2cc(-c3ccc(C)cc3)c(=O)oc2c1,1
CCOc1ccc2cc(-c3ccc(C)cc3)c(=O)oc2c1,1
CCCCOc1ccc2cc(-c3ccc(C)cc3)c(=O)oc2c1,1
O=c1[nH]c(=O)n([C@@H]2O[C@H](CO)[C@@H](O)[C@H]2O)c2ccsc12,1
O=c1[nH]c(=O)c2scc([C@H]3C[C@H](O)[C@@H](CO)O3)c2[nH]1,1
CCC1(CC)c2cc(/C=C/c3ccc(N(c4ccccc4)c4ccccc4)cc3)ccc2-c2ccc(/C=C/c3ccc(N(c4ccccc4)c4ccccc4)cc3)cc21,1
CCCCCn1c2cc(/C=C/c3ccc(N(c4ccccc4)c4ccccc4)cc3)ccc2c2ccc(/C=C/c3ccc(N(c4ccccc4)c4ccccc4)cc3)cc21,1
CCCCC1(CCCC)c2cc(/C=C/c3ccc(N(c4ccccc4)c4ccccc4)cc3)ccc2-c2cc3c(cc21)-c1ccc(/C=C/c2ccc(N(c4ccccc4)c4ccccc4)cc2)cc1C3(CCCC)CCCC,1
CCCCCCCCn1c2cc(/C=C/c3ccc(N(c4ccccc4)c4ccccc4)cc3)ccc2c2cc3c(cc21)c1ccc(/C=C/c2ccc(N(c4ccccc4)c4ccccc4)cc2)cc1n3CCCCCCCC,1
CCCCCCCCn1c2ccc(/C=C/c3ccc(N(c4ccccc4)c4ccccc4)cc3)cc2c2cc3c(cc21)c1cc(/C=C/c2ccc(N(c4ccccc4)c4ccccc4)cc2)ccc1n3CCCCCCCC,1
Nc1cccc2ncccc12,1
CC1=CC(C)=[N+]2C1=C(c1ccc(N(C)C)cc1)c1c(C)cc(C)n1[B-]2(F)F,1
CC1=CC(C)=[N+]2C1=C(c1ccc(N3CCCCC3)cc1)c1c(C)cc(C)n1[B-]2(F)F,1
CC1=CC(C)=[N+]2C1=C(c1ccc(N3CCOCC3)cc1)c1c(C)cc(C)n1[B-]2(F)F,1
C=C(C)C(CN1C(=O)c2cccc3cccc(c23)C1=O)OO,1
C=C(C)C(CN1C(=O)c2cccc3c2c(cc2nc(C)oc23)C1=O)OO,1
C=C(C)C(CN1C(=O)c2cccc3c2c(cc2oc(C)nc23)C1=O)OO,1
CC(C)=CCN1C(=O)c2cccc3c2c(cc2nc(C)oc23)C1=O,1
CC(C)=CCN1C(=O)c2cccc3c2c(cc2oc(C)nc23)C1=O,1
Cc1nc2cc3c4c(cccc4c2o1)C(=O)OC3=O,1
Cc1nc2c(cc3c4c(cccc42)C(=O)OC3=O)o1,1
c1ccc(-n2nc(-c3ccc(-c4ccc5c(c4)C(c4ccccc4)(c4ccccc4)c4ccccc4-5)cc3)nc2-c2ccccn2)cc1,1
c1ccc(N(c2ccccc2)c2ccc(-c3ccc(-c4nc(-c5ccccn5)n(-c5ccccc5)n4)cc3)cc2)cc1,1
CCCc1ccc(C#Cc2cc(C#Cc3ccc(CCC)cc3)c3ccc4c(C#Cc5ccc(CCC)cc5)cc(C#Cc5ccc(CCC)cc5)c5ccc2c3c54)cc1,1
CCCc1ccc(C#Cc2cc(C#Cc3ccc(CCC)cc3)c3ccc4c(C#Cc5ccc(N(C)C)cc5)cc(C#Cc5ccc(CCC)cc5)c5ccc2c3c54)cc1,1
CCCc1ccc(C#Cc2cc(C#Cc3ccc(N(C)C)cc3)c3ccc4c(C#Cc5ccc(N(C)C)cc5)cc(C#Cc5ccc(CCC)cc5)c5ccc2c3c54)cc1,1
CCCc1ccc(C#Cc2cc(C#Cc3ccc(N(C)C)cc3)c3ccc4c(C#Cc5ccc(N(C)C)cc5)cc(C#Cc5ccc(N(C)C)cc5)c5ccc2c3c54)cc1,1
Cc1ccc(N(c2ccc(C)cc2)c2ccc(Oc3nnc(Cl)nn3)cc2)cc1,1
Clc1nnc(Oc2ccc(N(c3ccc(Br)cc3)c3ccc(Br)cc3)cc2)nn1,1
Clc1nnc(Oc2ccc(N(c3ccccc3)c3ccccc3)cc2)nn1,1
Clc1nnc(O/N=C/c2ccc(N(c3ccccc3)c3ccccc3)cc2)nn1,1
CC1(C)Cc2c(c3ccccc3c3nc4c5c(c6ccccc6c4nc23)OC(C)(C)C5)O1,1
CC1(C)Cc2c(c3ccccc3c3nc4c(nc23)c2c(c3ccccc34)OC(C)(C)C2)O1,1
CC1(C)CCc2c(c3ccccc3c3nc4c5c(c6ccccc6c4nc23)OC(C)(C)CC5)O1,1
CC1(C)CCc2c(c3ccccc3c3nc4c(nc23)c2c(c3ccccc34)OC(C)(C)CC2)O1,1
CC1(C)Cc2c(c3ccccc3c3nc4ccccc4nc23)O1,1
CC1(C)CCc2c(c3ccccc3c3nc4ccccc4nc23)O1,1
CC1(C)Oc2c(c3nc4ccccc4nc3c3ccccc23)CC1Br,1
CCCCCCCCCCCCOc1cc(C(=O)Nc2ccc(-c3ccc4c(c3)C(=O)c3ccccc3-4)cc2)cc(OCCCCCCCCCCCC)c1OCCCCCCCCCCCC,1
CCCCCCCCCCCCOc1cc(C(=O)Nc2ccc(-c3ccc4c(c3)C(=O)c3cc(-c5ccc(NC(=O)c6cc(OCCCCCCCCCCCC)c(OCCCCCCCCCCCC)c(OCCCCCCCCCCCC)c6)cc5)ccc3-4)cc2)cc(OCCCCCCCCCCCC)c1OCCCCCCCCCCCC,1
O=S(=O)(c1ccccc1)c1ccc(-c2ccc3c(c2)c2cc(-c4ccc(S(=O)(=O)c5ccccc5)cc4)ccc2n3-c2ccccc2)cc1,1
O=S(=O)(c1ccccc1)c1ccc(-c2ccc3c4ccc(-c5ccc(S(=O)(=O)c6ccccc6)cc5)cc4n(-c4ccccc4)c3c2)cc1,1
CCCCN(CCCC)c1ccc(/C=C/c2ccc3c(c2)CCc2cc(/C=C/c4ccc(N(CCCC)CCCC)cc4)ccc2-3)cc1,1
CCCCN(CCCC)c1ccc(/C=C/c2ccc(-c3ccc(/C=C/c4ccc(N(CCCC)CCCC)cc4)cc3)cc2)cc1,1
CCCCn1c2ccc(/C=C(\C#N)c3ccc([N+](=O)[O-])cc3)cc2c2cc(Cn3c(-c4ccc5c(c4)c4ccccc4n5CCCC)nc4ccccc43)ccc21,1
Cn1nc(-c2ccccc2)c2nc3cc(F)ccc3nc21,1
Cn1nc(-c2ccccc2)c2nc3cc(Cl)ccc3nc21,1
O=c1c2ccccc2nc2ccc(-c3ccc(N(c4ccccc4)c4ccccc4)cc3)cn12,1
O=c1c2ccccc2nc2ccc(-c3ccc(-c4ccc(N(c5ccccc5)c5ccccc5)cc4)cc3)cn12,1
COc1ccc(N(c2ccc(OC)cc2)c2ccc(-c3ccc4nc5ccccc5c(=O)n4c3)cc2)cc1,1
COc1ccc(N(c2ccc(OC)cc2)c2ccc(-c3ccc(-c4ccc5nc6ccccc6c(=O)n5c4)cc3)cc2)cc1,1
C[Si](C)(C)C#Cc1cc(C#C[Si](C)(C)C)c2ccc3c(C(=O)c4ccccc4)cc(C#C[Si](C)(C)C)c4ccc1c2c43,1
CCCCCC#Cc1cc(C#CCCCCC)c2ccc3c(C(=O)c4ccccc4)cc(C#CCCCCC)c4ccc1c2c43,1
CCCCCc1ccc(C#Cc2cc(C#Cc3ccc(CCCCC)cc3)c3ccc4c(C(=O)c5ccccc5)cc(C#Cc5ccc(CCCCC)cc5)c5ccc2c3c54)cc1,1
CCCCCc1ccc(-c2ccc(C#Cc3cc(C#Cc4ccc(-c5ccc(CCCCC)cc5)cc4)c4ccc5c(C(=O)c6ccccc6)cc(C#Cc6ccc(-c7ccc(CCCCC)cc7)cc6)c6ccc3c4c65)cc2)cc1,1
Nc1ncnc2c1c(C#Cc1c3ccccc3cc3ccccc13)cn2[C@H]1C[C@H](O)[C@@H](CO)O1,1
Nc1ncnc2c1c(C#Cc1ccc3ccccc3c1)cn2[C@H]1C[C@H](O)[C@@H](CO)O1,1
N#Cc1ccc2cc(C#Cc3cn([C@H]4C[C@H](O)[C@@H](CO)O4)c4ncnc(N)c34)ccc2c1,1
CC(=O)c1ccc2cc(C#Cc3cn([C@H]4C[C@H](O)[C@@H](CO)O4)c4ncnc(N)c34)ccc2c1,1
CN(C)c1ccc2cc(C#Cc3cn([C@H]4C[C@H](O)[C@@H](CO)O4)c4ncnc(N)c34)ccc2c1,1
CC(C)(C)c1ccc(-c2cc3c4c(c2)CCc2cc(-c5ccc(C(C)(C)C)cc5)cc(c2-4)CC3)cc1,1
COc1ccc(-c2cc3c4c(c2)CCc2cc(-c5ccc(OC)cc5)cc(c2-4)CC3)cc1,1
Fc1ccc(-c2cc3c4c(c2)CCc2cc(-c5ccc(F)cc5)cc(c2-4)CC3)cc1,1
CC[C@H](C)COc1ccc(C2=C3C(C)=CC(C)=[N+]3[B-](F)(F)n3c(C)cc(C)c32)cc1,1
CC[C@H](C)COc1ccc(C2=C3C(C)=C(I)C(C)=[N+]3[B-](F)(F)n3c(C)c(I)c(C)c32)cc1,1
CC[C@H](C)COc1ccc(C2=C3C(C)=C(c4ccc5ccc6cccc7ccc4c5c67)C(C)=[N+]3[B-](F)(F)n3c(C)c(-c4ccc5ccc6cccc7ccc4c5c67)c(C)c32)cc1,1
CCN(CC)c1ccc(/C=C2\CC/C(=C\c3ccc(N(c4ccccc4)c4ccccc4)cc3)C2=C(C#N)C#N)cc1,1
CCN(CC)c1ccc(/C=C2\CC/C(=C\c3ccc(N(c4ccccc4)c4ccc(/C=C5\CC/C(=C\c6ccc(N(CC)CC)cc6)C5=C(C#N)C#N)cc4)cc3)C2=C(C#N)C#N)cc1,1
CCN(CC)c1ccc(/C=C2\CC/C(=C\c3ccc(N(c4ccc(/C=C5\CC/C(=C\c6ccc(N(CC)CC)cc6)C5=C(C#N)C#N)cc4)c4ccc(/C=C5\CC/C(=C\c6ccc(N(CC)CC)cc6)C5=C(C#N)C#N)cc4)cc3)C2=C(C#N)C#N)cc1,1
F[B-]1(F)n2c(-c3ccccc3)cnc2-c2cccc[n+]21,1
CC(C)(C)C#Cc1ccc2c3cccc4cccc(c5cccc1c52)c43,1
C[Si](C)(C)C#Cc1ccc2c3cccc4cccc(c5cccc1c52)c43,1
C[Si](C)(C)C#CC#Cc1ccc2c3cccc4cccc(c5cccc1c52)c43,1
O=C1c2cc(-c3ccccc3)ccc2-c2ccc(-c3ccccc3)cc21,1
CC(=O)c1ccc(-c2ccc3c(c2)C(=O)c2cc(-c4ccc(C(C)=O)cc4)ccc2-3)cc1,1
O=Cc1ccc(-c2ccc3c(c2)C(=O)c2cc(-c4ccc(C=O)cc4)ccc2-3)cc1,1
COC(=O)c1ccc(-c2ccc3c(c2)C(=O)c2cc(-c4ccc(C(=O)OC)cc4)ccc2-3)cc1,1
C(/C=C/Nc1ccccc1)=[NH+]c1ccccc1,1
Cc1ccc(N/C=C/C=[NH+]c2ccc(C)cc2)cc1,1
Brc1ccc(N/C=C/C=[NH+]c2ccc(Br)cc2)cc1,1
O=[N+]([O-])c1ccc(N/C=C/C=[NH+]c2ccc([N+](=O)[O-])cc2)cc1,1
C(/C=C/Nc1cccc2ccccc12)=[NH+]c1cccc2ccccc12,1
CON(C)C(=O)c1ccc(/C=C/c2ccc(/C=C/c3ccc(C(=O)N(C)OC)cc3)cc2)cc1,1
C(=C/c1c2ccccc2cc2ccccc12)\c1c2ccccc2cc2ccccc12,1
C(=C/c1cc2ccccc2c2ccccc12)\c1c2ccccc2cc2ccccc12,1
C(=C/c1cc2ccccc2c2ccccc12)\c1cc2ccccc2c2ccccc12,1
CC(C)c1cccc(C(C)C)c1-n1c(=O)c2ccc3c4ccc5c(=O)n(-c6c(C(C)C)cccc6C(C)C)c(=O)c6cc7c(-c8ccccc8)nc8cc(c1=O)c2c3c8c7c4c56,1
CC(C)c1cccc(C(C)C)c1-n1c(=O)c2ccc3c4ccc5c(=O)n(-c6c(C(C)C)cccc6C(C)C)c(=O)c6cc7c(-c8ccccn8)nc8cc(c1=O)c2c3c8c7c4c56,1
CC(C)c1cccc(C(C)C)c1-n1c(=O)c2cc3nc(-c4ccccc4)c4cc5c(=O)n(-c6c(C(C)C)cccc6C(C)C)c(=O)c6cc7nc(-c8ccccc8)c8cc(c1=O)c2c1c3c4c(c65)c7c81,1
CC(C)c1cccc(C(C)C)c1-n1c(=O)c2cc3nc(-c4ccccc4)c4cc5c(=O)n(-c6c(C(C)C)cccc6C(C)C)c(=O)c6cc7c(-c8ccccc8)nc8cc(c1=O)c2c1c3c4c(c56)c7c81,1
c1ccc2c(c1)-c1ccccc1C21c2ccccc2-c2cccnc21,1
c1ccc2c(c1)-c1ccccc1C21c2ccccc2-c2ccncc21,1
c1ccc2c(c1)-c1ccccc1C21c2ccccc2-c2cnccc21,1
c1ccc2c(c1)-c1ccccc1C21c2ccccc2-c2ncccc21,1
Cc1ccc(C2=C3C=CC4=[N+]3[B-](F)(F)n3c2ccc3-c2ccc([nH]2)/C(c2ccc(C)cc2)=c2/cc/c(o2)=C(\c2ccc(C)cc2)c2ccc4[nH]2)cc1,1
Cc1ccc(/C2=c3\cc/c(o3)=C(\c3ccc(C)cc3)c3ccc([nH]3)-c3ccc4n3[B-](F)(F)[N+]3=C(C=CC3=C4c3ccc[nH]3)c3ccc2[nH]3)cc1,1
Cc1ccc(/C2=c3\cc/c(o3)=C(\c3ccc(C)cc3)c3ccc([nH]3)-c3ccc4n3[B-](F)(F)[N+]3=C(C=CC3=C4c3cccs3)c3ccc2[nH]3)cc1,1
Cc1ccc(/C2=c3\cc/c(o3)=C(\c3ccc(C)cc3)c3ccc([nH]3)-c3ccc4n3[B-](F)(F)[N+]3=C(C=CC3=C4c3ccco3)c3ccc2[nH]3)cc1,1
Cc1ccc(C2=C3C=CC4=[N+]3[P-](=O)(=O)n3c2ccc3-c2ccc([nH]2)/C(c2ccc(C)cc2)=c2/cc/c(o2)=C(\c2ccc(C)cc2)c2ccc4[nH]2)cc1,1
Cc1ccc(/C2=c3\cc/c(o3)=C(\c3ccc(C)cc3)c3ccc([nH]3)-c3ccc4n3[P-](=O)(=O)[N+]3=C(C=CC3=C4c3ccc[nH]3)c3ccc2[nH]3)cc1,1
Cc1ccc(/C2=c3\cc/c(o3)=C(\c3ccc(C)cc3)c3ccc([nH]3)-c3ccc4n3[P-](=O)(=O)[N+]3=C(C=CC3=C4c3cccs3)c3ccc2[nH]3)cc1,1
Cc1ccc(/C2=c3\cc/c(o3)=C(\c3ccc(C)cc3)c3ccc([nH]3)-c3ccc4n3[P-](=O)(=O)[N+]3=C(C=CC3=C4c3ccco3)c3ccc2[nH]3)cc1,1
CC(C)(C)c1ccc(C2=C(c3ccc(-n4c5ccccc5c5ccccc54)cc3)S(=O)(=O)c3c2sc(-c2ccc(-n4c5ccccc5c5ccccc54)cc2)c3-c2ccc(C(C)(C)C)cc2)cc1,1
CC(C)(C)c1ccc(C2=C(c3ccc(N(c4ccccc4)c4ccccc4)cc3)S(=O)(=O)c3c2sc(-c2ccc(N(c4ccccc4)c4ccccc4)cc2)c3-c2ccc(C(C)(C)C)cc2)cc1,1
CC(C)(C)c1ccc(C2=C(c3ccc(-n4c5ccc(C(C)(C)C)cc5c5cc(C(C)(C)C)ccc54)cc3)S(=O)(=O)c3c2sc(-c2ccc(-n4c5ccc(C(C)(C)C)cc5c5cc(C(C)(C)C)ccc54)cc2)c3-c2ccc(C(C)(C)C)cc2)cc1,1
CC(C)(C)c1ccc(C2=C(c3ccc(N4c5ccccc5C(C)(C)c5ccccc54)cc3)S(=O)(=O)c3c2sc(-c2ccc(N4c5ccccc5C(C)(C)c5ccccc54)cc2)c3-c2ccc(C(C)(C)C)cc2)cc1,1
CN1c2ccc(C(=O)c3ccccc3)cc2Sc2cc(C(=O)c3ccccc3)ccc21,1
Cc1ccc(C2=CC(c3ccc(C)cc3)=[N+]3C2=Nc2c(-c4ccc(C)cc4)cc(-c4ccc(C)cc4)n2[B-]3(F)F)cc1,1
CCOC(=O)/C=C/C1=C(c2ccc(C)cc2)C2=Nc3c(-c4ccc(C)cc4)cc(-c4ccc(C)cc4)n3[B-](F)(F)[N+]2=C1c1ccc(C)cc1,1
CCOC(=O)/C=C/C1=C(c2ccc(C)cc2)C2=Nc3c(-c4ccc(C)cc4)c(Br)c(-c4ccc(C)cc4)n3[B-](F)(F)[N+]2=C1c1ccc(C)cc1,1
CCOC(=O)/C(C)=C/C1=C(c2ccc(C)cc2)C2=Nc3c(-c4ccc(C)cc4)c(Br)c(-c4ccc(C)cc4)n3[B-](F)(F)[N+]2=C1c1ccc(C)cc1,1
Cc1ccc(C2=C(/C=C/C(=O)OC3CC[C@@]4(C)C(=CC[C@@H]5[C@@H]4CC[C@@]4(C)[C@H]5CC[C@@H]4[C@H](C)CCCC(C)C)C3)C(c3ccc(C)cc3)=[N+]3C2=Nc2c(-c4ccc(C)cc4)c(Br)c(-c4ccc(C)cc4)n2[B-]3(F)F)cc1,1
COc1ccc(-c2c(-c3ccc(C)cc3)c3n(c2-c2ccc(C)cc2)[B-](F)(F)[N+]2=C(c4ccc(C)cc4)C(/C=C/C(=O)OC4CC[C@@]5(C)C(=CC[C@@H]6[C@@H]5CC[C@@]5(C)[C@H]6CC[C@@H]5[C@H](C)CCCC(C)C)C4)=C(c4ccc(C)cc4)C2=N3)cc1,1
O=C1C=C(Nc2ccccc2)CCC1,1
O=C(Cc1ccccc1)OCc1ccc2c3cccc4cccc(c5cccc1c52)c43,1
Cc1ccc(C(=O)OCc2ccc3c4cccc5cccc(c6cccc2c63)c54)cc1,1
COc1ccc(C(=O)OCc2ccc3c4cccc5cccc(c6cccc2c63)c54)cc1,1
CC(C)(C)OC(=O)NCC(=O)OCc1ccc2c3cccc4cccc(c5cccc1c52)c43,1
CC(C)(C)OC(=O)NCCCC(=O)OCc1ccc2c3cccc4cccc(c5cccc1c52)c43,1
CC(NC(=O)OC(C)(C)C)C(=O)OCc1ccc2c3cccc4cccc(c5cccc1c52)c43,1
CC(C)(C)OC(=O)NC(Cc1ccccc1)C(=O)OCc1ccc2c3cccc4cccc(c5cccc1c52)c43,1
CC(C)(C)OC(=O)NC(C(=O)OCc1ccc2c3cccc4cccc(c5cccc1c52)c43)c1c[nH]c2ccccc12,1
OCc1ccc2c3cccc4cccc(c5cccc1c52)c43,1
c1ccc2c(c1)c1ccccc1c1ncncc21,1
CC(C)(C)c1ccc2c3ccccc3c3cncnc3c2c1,1
c1ccc2c(c1)sc1c3ccccc3c3ncncc3c21,1
CC(C)(C)c1ccc2c(c1)c1ncncc1c1c3ccccc3sc21,1
COc1cc2c3sc4ccccc4c3c3cncnc3c2c(OC)c1OC,1
c1ccc2c(c1)c1ccccc1c1ccccc21,1
CCN1c2ccccc2Sc2cc(/C=C(\C#N)c3ccccc3)ccc21,1
CCN1c2ccc(/C=C(\C#N)c3ccccc3)cc2Sc2cc(/C=C(\C#N)c3ccccc3)ccc21,1
CCn1c2ccccc2c2cc(/C=C(\C#N)c3ccccc3)ccc21,1
CCn1c2ccc(/C=C(\C#N)c3ccccc3)cc2c2cc(/C=C(\C#N)c3ccccc3)ccc21,1
COc1ccc(C2=C(c3ccc(OC)cc3)C(C)(C)c3ccccc32)cc1,1
CCCCCCCCOc1ccc(C2=C(c3ccc(OCCCCCCCC)cc3)C(C)(C)c3ccccc32)cc1,1
COc1ccc(C2=C(c3ccc(OC)cc3)C(C)(C)c3cc(OC)ccc32)cc1,1
COc1ccc(C2=C(c3ccc(OC)cc3)C(C)(C)c3cc(-c4ccccc4)ccc32)cc1,1
COc1ccc(C2=C(c3ccc(OC)cc3)C(C)(C)c3c2ccc2ccccc32)cc1,1
COc1ccc(C2=C(c3ccc(OC)cc3)C(C)(C)c3ccc4ccccc4c32)cc1,1
COc1ccc(C2=C(c3ccc(OC)cc3)C3(c4ccccc42)c2ccccc2-c2ccccc23)cc1,1
COc1ccc(C2=C(c3ccc(OC)cc3)C(C)(C)c3sccc32)cc1,1
COc1ccc2c3c(c4ccc(OC)cc4c2c1)C(C)(C)c1ccccc1-3,1
CCCCCCCCOc1ccc2c3c(c4ccc(OCCCCCCCC)cc4c2c1)C(C)(C)c1ccccc1-3,1
COc1ccc2c(c1)C(C)(C)c1c-2c2ccc(OC)cc2c2cc(OC)ccc12,1
COc1ccc2c3c(c4ccc(OC)cc4c2c1)C(C)(C)c1cc(-c2ccccc2)ccc1-3,1
COc1ccc2c3c(c4ccc(OC)cc4c2c1)C(C)(C)c1c-3ccc2ccccc12,1
COc1ccc2c3c(c4ccc(OC)cc4c2c1)C(C)(C)c1ccc2ccccc2c1-3,1
COc1ccc2c3c(c4ccc(OC)cc4c2c1)C1(c2ccccc2-c2ccccc21)c1ccccc1-3,1
COc1ccc2c3c(c4ccc(OC)cc4c2c1)C(C)(C)c1sccc1-3,1
Clc1ccc(-c2nc3ccccc3c3cc4ccccn4c23)s1,1
Cc1cccn2c1cc1c3ccccc3nc(-c3ccco3)c12,1
Brc1ccc2cc3c4ccccc4nc(-c4ccco4)c3n2c1,1
c1csc(-c2nc3ccccc3c3cc4ccccn4c23)c1,1
Cc1cccn2c1cc1c3ccccc3nc(-c3cccs3)c12,1
Cc1cccn2c1cc1c3ccccc3nc(-c3ccc(Cl)o3)c12,1
CC(=O)c1ccc2ccc3c(NCCC(=O)NCCCCCCc4nc5c(=O)[nH]c(N)nc5n4[C@H]4C[C@H](O)[C@@H](CO)O4)ccc4ccc1c2c43,1
O=P1(c2ccccc2)C(c2cccs2)=C(c2cccs2)c2ccccc21,1
O=P1(c2ccccc2)C(c2ccsc2)=C(c2ccsc2)c2ccccc21,1
Cc1cc(C2=C(c3cc(C)sc3C)P(=O)(c3ccccc3)c3ccccc32)c(C)s1,1
O=S1(=O)C(c2cccs2)=C(c2cccs2)c2ccccc21,1
O=S1(=O)C(c2ccsc2)=C(c2ccsc2)c2ccccc21,1
Cc1cc(C2=C(c3cc(C)sc3C)S(=O)(=O)c3ccccc32)c(C)s1,1
COc1ccc(C2=[N+]3C(=Nc4c(C)cc(-c5ccc(OC)cc5)n4[B-]3(F)F)C(C)=C2)cc1,1
CC1=CC(c2ccc(N(C)C)cc2)=[N+]2C1=Nc1c(C)cc(-c3ccc(N(C)C)cc3)n1[B-]2(F)F,1
CN(C)c1ccc(C2=[N+]3C(=Nc4c(-c5ccc(O)cc5)cc(-c5ccc(N(C)C)cc5)n4[B-]3(F)F)C(c3ccc(O)cc3)=C2)cc1,1
CN(C)c1ccc(C2=[N+]3C(=Nc4c(-c5ccc(OCCCCS(=O)(=O)[O-])cc5)cc(-c5ccc(N(C)C)cc5)n4[B-]3(F)F)C(c3ccc(OCCCCS(=O)(=O)[O-])cc3)=C2)cc1,1
c1ccc(-c2cc(-c3ccc(N(c4ccccc4)c4ccccc4)cc3)cc(-c3ccccc3)n2)cc1,1
Cn1ncc2c3c(C#N)c4c5ccccc5n(C)c4nc3ccc21,1
CCn1c2ccccc2c2c(C#N)c3c(ccc4c3cnn4C)nc21,1
CCn1ncc2c3c(C#N)c4c5ccccc5n(C)c4nc3ccc21,1
CCn1ncc2c3c(C#N)c4c5ccccc5n(CC)c4nc3ccc21,1
O=C1c2ccc3c4ccc5c6c(ccc(c7ccc(c2c37)C(=O)N1c1ccncc1)c64)C(=O)N(c1ccncc1)C5=O,1
CCC1(CC)c2cc(-c3ccc(N(c4ccc(-c5ccc6c(c5)C(CC)(CC)c5cc(N7c8ccccc8C(C)(C)c8ccccc87)ccc5-6)cc4)c4ccc(-c5ccc6c(c5)C(CC)(CC)c5cc(N7c8ccccc8C(C)(C)c8ccccc87)ccc5-6)cc4)cc3)ccc2-c2ccc(N3c4ccccc4C(C)(C)c4ccccc43)cc21,1
COc1ccc(-c2nc(N)nc(C#N)c2C#N)cc1OC,1
N#CC(C#N)=Cc1cn(-c2ccccc2)nc1-c1ccccc1,1
CCOC(=O)/C(C#N)=C\c1cn(-c2ccccc2)nc1-c1ccccc1,1
N#CC(C#N)=C(/C=C/c1cn(-c2ccccc2)nc1-c1ccccc1)c1ccccc1,1
N#C/C(=C\c1cn(-c2ccccc2)nc1-c1ccccc1)c1nc2ccccc2s1,1
CC1=NN(c2ccccc2)C(=O)/C1=C/c1cn(-c2ccccc2)nc1-c1ccccc1,1
O=C(/C=C/c1cn(-c2ccccc2)nc1-c1ccccc1)c1c(O)c2ccccc2oc1=O,1
CC1(C)CC(/C=C/c2cn(-c3ccccc3)nc2-c2ccccc2)=CC(=C(C#N)C#N)C1,1
CCN1c2ccc(-c3cc(C(F)(F)F)[nH]n3)cc2Sc2cc(-c3cc(C(F)(F)F)[nH]n3)ccc21,1
CCN1c2ccc(-c3cc(-c4ccccc4)[nH]n3)cc2Sc2cc(-c3cc(-c4ccccc4)[nH]n3)ccc21,1
CCN1c2ccc(C3=CC(c4ccccc4)=[O+][B-](F)(F)O3)cc2Sc2cc(C3=CC(c4ccccc4)=[O+][B-](F)(F)O3)ccc21,1
CCCCCCCCOc1ccc(C#Cc2ccc3oc4ccccc4c3c2)c(OCCCCCCCC)c1,1
CCCCCCCCOc1ccc(C#Cc2ccc3c(c2)c2ccccc2n3CCCCCCCC)c(OCCCCCCCC)c1,1
O=C1CC(c2ccc(Cl)cc2)c2c(c3ccccc3c3nc4ccccc4nc23)O1,1
O=C1CC(c2ccc([N+](=O)[O-])cc2)c2c(c3ccccc3c3nc4ccccc4nc23)O1,1
O=C1CC(c2cccc([N+](=O)[O-])c2)c2c(c3ccccc3c3nc4ccccc4nc23)O1,1
Cc1ccc(C2CC(=O)Oc3c2c2nc4ccccc4nc2c2ccccc32)cc1,1
COc1ccc(C2CC(=O)Oc3c2c2nc4ccccc4nc2c2ccccc32)cc1,1
O=C1CC(c2ccc(F)cc2)c2c(c3ccccc3c3nc4ccccc4nc23)O1,1
O=C1CC(c2ccc(C(F)(F)F)cc2)c2c(c3ccccc3c3nc4ccccc4nc23)O1,1
Cc1ccccc1C1CC(=O)Oc2c1c1nc3ccccc3nc1c1ccccc21,1
O=C1CC(c2ccccc2)c2c(c3ccccc3c3nc4ccccc4nc23)O1,1
Cc1ccc2nc3c4c(c5ccccc5c3nc2c1)OC(=O)CC4c1ccc(F)cc1,1
Cc1ccc2nc3c4c(c5ccccc5c3nc2c1)OC(=O)CC4c1ccc(C(F)(F)F)cc1,1
Cc1ccc(C2CC(=O)Oc3c2c2nc4ccc(C)cc4nc2c2ccccc32)cc1,1
COc1cc(C2CC(=O)Oc3c2c2nc4ccc(C)cc4nc2c2ccccc32)cc(OC)c1OC,1
O=C1CC(c2ccc([N+](=O)[O-])cc2)c2c(c3ccccc3c3nc4cc(Cl)c(Cl)cc4nc23)O1,1
F[B-]1(F)n2ccnc2-c2cccc[n+]21,1
F[B-]1(F)n2c(nc(Br)c2Br)-c2cccc[n+]21,1
N#Cc1cc2ccccc2oc1=N,1
N#Cc1cc2ccccc2oc1=O,1
N#Cc1cc2ccc(O)cc2oc1=N,1
CCCCC[n+]1ccc(/C=C/c2ccc(N(C)C)c3ccccc23)c2ccccc21,1
Cc1cc(C)c(B(c2ccc(-c3ccc(-c4nc5c6ccccc6c6ccccc6c5[nH]4)cc3)cc2)c2c(C)cc(C)cc2C)c(C)c1,1
Cc1cc(C)c(B(c2ccc(-c3nc4c5ccccc5c5ccccc5c4[nH]3)cc2)c2c(C)cc(C)cc2C)c(C)c1,1
Fc1ccc(-c2nc3n(c2-c2ccncc2)CCS3)cc1,1
c1ccc(-c2nc(-c3ccc(-c4cncc5ccccc45)cc3)[nH]c2-c2ccccc2)cc1,1
COc1ccc(-n2c(-c3ccc(-c4cncc5ccccc45)cc3)nc(-c3ccccc3)c2-c2ccccc2)cc1,1
c1ccc2c(-c3ccc(-c4nc5c6ccccc6c6ccccc6c5[nH]4)cc3)cncc2c1,1
COc1ccc(-n2c(-c3ccc(-c4cncc5ccccc45)cc3)nc3c4ccccc4c4ccccc4c32)cc1,1
c1ccc(N(c2ccccc2)c2ccc(-n3ccc4cc(-c5ccc(C6(c7ccccc7)c7ccccc7-c7ccccc76)cc5)ccc43)cc2)cc1,1
c1ccc(-n2c3ccccc3c3cc(-n4ccc5cc(-c6ccc(C7(c8ccccc8)c8ccccc8-c8ccccc87)cc6)ccc54)ccc32)cc1,1
c1ccc(N(c2ccccc2)c2ccc(-n3ccc4cc(-c5cccc6c5-c5ccccc5C6(c5ccccc5)c5ccccc5)ccc43)cc2)cc1,1
c1ccc(-n2c3ccccc3c3cc(-n4ccc5cc(-c6cccc7c6-c6ccccc6C7(c6ccccc6)c6ccccc6)ccc54)ccc32)cc1,1
c1ccc(N(c2ccccc2)c2ccc(-n3ccc4cc(-c5ccc6c(c5)C(c5ccccc5)(c5ccccc5)c5ccccc5-6)ccc43)cc2)cc1,1
c1ccc(-n2c3ccccc3c3cc(-n4ccc5cc(-c6ccc7c(c6)C(c6ccccc6)(c6ccccc6)c6ccccc6-7)ccc54)ccc32)cc1,1
O=P(c1ccccc1)(c1ccccc1)c1ccc(-c2cccc(-n3c4ccccc4c4ccccc43)c2)cc1,1
O=P(c1ccccc1)(c1ccccc1)c1ccc(-c2ccc3c4ccccc4n(-c4ccccc4)c3c2)cc1,1
O=P(c1ccccc1)(c1ccccc1)c1ccc(-c2ccc3c(c2)c2ccccc2n3-c2ccccc2)cc1,1
CCCCN1C(=O)c2cc(Oc3ccc(C(C)(C)C)cc3)c3c4c(Oc5ccc(C(C)(C)C)cc5)cc5c(=O)[nH]/c(=C\c6ccc7ccccc7n6)c6cc(Oc7ccc(C(C)(C)C)cc7)c(c7c(Oc8ccc(C(C)(C)C)cc8)cc(c2c37)C1=O)c4c56,1
CCCCN1C(=O)c2cc(Oc3ccc(C(C)(C)C)cc3)c3c4c(Oc5ccc(C(C)(C)C)cc5)cc5c(=O)[nH]/c(=C\c6ccccn6)c6cc(Oc7ccc(C(C)(C)C)cc7)c(c7c(Oc8ccc(C(C)(C)C)cc8)cc(c2c37)C1=O)c4c56,1
CCCCN1C(=O)c2cc(Oc3ccc(C(C)(C)C)cc3)c3c4c(Oc5ccc(C(C)(C)C)cc5)cc5c(=O)n6c(c7cc(Oc8ccc(C(C)(C)C)cc8)c(c8c(Oc9ccc(C(C)(C)C)cc9)cc(c2c38)C1=O)c4c57)=Cc1ccc2ccccc2[n+]1[B-]6(F)F,1
CCCCN1C(=O)c2cc(Oc3ccc(C(C)(C)C)cc3)c3c4c(Oc5ccc(C(C)(C)C)cc5)cc5c(=O)n6c(c7cc(Oc8ccc(C(C)(C)C)cc8)c(c8c(Oc9ccc(C(C)(C)C)cc9)cc(c2c38)C1=O)c4c57)=Cc1cccc[n+]1[B-]6(F)F,1
CN(C)c1ccc(-c2cc[n+](C)cc2)s1,1
CN(C)c1ccc(-c2ccc(C#N)s2)s1,1
c1cc(-c2ccc3sc4ccccc4c3c2)cc(-c2cc(-c3cccc(-c4ccc5sc6ccccc6c5c4)c3)ncn2)c1,1
CC1=CC(/C=C/c2ccc(N(C)C)cc2)=[N+]2C1=C(c1ccc(I)cc1)c1c(C)cc(/C=C/c3ccc(N(C)C)cc3)n1[B-]2(F)F,1
CC1=CC(/C=C/c2ccc([N+](C)(C)C)cc2)=[N+]2C1=C(c1ccc(I)cc1)c1c(C)cc(/C=C/c3ccc([N+](C)(C)C)cc3)n1[B-]2(F)F,1
CC(=O)OC[C@H]1O[C@@H](OCC#Cc2ccc(C3=C4C(C)=CC(/C=C/c5ccc(N(C)C)cc5)=[N+]4[B-](F)(F)n4c(/C=C/c5ccc(N(C)C)cc5)cc(C)c43)cc2)[C@H](OC(C)=O)C(OC(C)=O)[C@@H]1OC(C)=O,1
CC(=O)OC[C@H]1O[C@@H](OCC#Cc2ccc(C3=C4C(C)=CC(/C=C/c5ccc([N+](C)(C)C)cc5)=[N+]4[B-](F)(F)n4c(/C=C/c5ccc([N+](C)(C)C)cc5)cc(C)c43)cc2)[C@H](OC(C)=O)C(OC(C)=O)[C@@H]1OC(C)=O,1
CC1=CC(/C=C/c2ccc(N(C)C)cc2)=[N+]2C1=C(c1ccc(C#CCO[C@@H]3O[C@H](CO)[C@@H](O)C(O)[C@H]3O)cc1)c1c(C)cc(/C=C/c3ccc(N(C)C)cc3)n1[B-]2(F)F,1
CC1=CC(/C=C/c2ccc([N+](C)(C)C)cc2)=[N+]2C1=C(c1ccc(C#CCO[C@@H]3O[C@H](CO)[C@@H](O)C(O)[C@H]3O)cc1)c1c(C)cc(/C=C/c3ccc([N+](C)(C)C)cc3)n1[B-]2(F)F,1
CCCCCCc1ccsc1-c1ccc(-c2sc(C(=O)O)cc2CCCCCC)s1,1
CC1(C)C(/C=C/C2=C(Cl)/C(=C/C=C3/N(Cc4ccc(C(=O)O)cc4)c4ccccc4C3(C)C)CCC2)=[N+](Cc2ccc(C(=O)O)cc2)c2ccccc21,1
CC1(C)C(/C=C/C2=C(Cl)/C(=C/C=C3/N(CCCCCC(=O)O)c4ccccc4C3(C)C)CCC2)=[N+](CCCCCC(=O)O)c2ccccc21,1
Cc1ccc(CN2/C(=C/C=C3\CCCC(/C=C/C4=[N+](Cc5ccc(C)cc5)c5ccccc5C4(C)C)=C3Cl)C(C)(C)c3ccccc32)cc1,1
CC1(C)C(/C=C/C2=C(Cl)/C(=C/C=C3/N(Cc4ccc(F)cc4)c4ccccc4C3(C)C)CCC2)=[N+](Cc2ccc(F)cc2)c2ccccc21,1
CC1(C)C(/C=C/C2=C(Cl)/C(=C/C=C3/N(Cc4ccc([N+](=O)[O-])cc4)c4ccccc4C3(C)C)CCC2)=[N+](Cc2ccc([N+](=O)[O-])cc2)c2ccccc21,1
CC1(C)C(/C=C/C2=C(Cl)/C(=C/C=C3/N(Cc4ccccc4)c4ccccc4C3(C)C)CCC2)=[N+](Cc2ccccc2)c2ccccc21,1
COc1ccc(-c2cc3c(ccc4sccc43)s2)cc1,1
c1ccc2c(-c3cc4c(ccc5sccc54)s3)cccc2c1,1
N#Cc1ccc(-c2cc3c(ccc4sccc43)s2)cc1,1
c1ccc2c(-c3cc4c(ccc5sc(-c6cccc7ccccc67)cc54)s3)cccc2c1,1
CC(=O)c1ccc(-c2cc3c(ccc4sccc43)s2)cc1,1
COc1ccc(-c2cc3c(ccc4sc(/C=C/c5cccs5)cc43)s2)cc1,1
COc1ccc(-c2cc3c(ccc4sc5ccc6sccc6c5c43)s2)cc1,1
COc1ccc(-c2cc3c(ccc4sc5ccc6sc(-c7ccc(C#N)cc7)cc6c5c43)s2)cc1,1
COc1ccc(-c2cc3c(ccc4sc5ccc6sc(-c7ccc(C(C)=O)cc7)cc6c5c43)s2)cc1,1
C(=C/c1ccc(-c2cccc3ccccc23)s1)\c1cccs1,1
C(=C/c1ccc(-c2cccc3ccccc23)s1)\c1ccc(-c2cccc3ccccc23)s1,1
c1ccc(-c2nc3ccccc3nc2-c2cc(-c3nc4ccccc4nc3-c3ccccc3)cc(-n3c4ccccc4c4ccccc43)c2)cc1,1
CC(C)(C)c1ccc(-c2nc3ccccc3nc2-c2cc(-c3nc4ccccc4nc3-c3ccc(C(C)(C)C)cc3)cc(-n3c4ccccc4c4ccccc43)c2)cc1,1
c1ccc(-c2nc3ccccc3nc2-c2cc(-n3c4ccccc4c4ccccc43)cc(-n3c4ccccc4c4ccccc43)c2)cc1,1
c1ccc(-c2nc3ccccc3nc2-c2ccc(-n3c4ccccc4c4ccccc43)cc2)cc1,1
CC1(C)CC(=O)c2ccccc2N1,1
CC1(C)CC(=O)c2ccc(F)cc2N1,1
CC1(C)CC(=O)c2cc(F)c(F)cc2N1,1
CC1(C)CC(=O)c2cc(F)cc(F)c2N1,1
CC1(C)CC(=O)c2c(F)c(F)cc(F)c2N1,1
CC1(C)CC(=O)c2c(F)c(F)c(F)c(F)c2N1,1
CC1(C)CC(=O)c2c(F)c(C(F)(F)F)c(F)c(F)c2N1,1
CC(C)=CC(=O)c1cc2c(cc1F)NC(C)(C)CC2=O,1
CC(=O)c1cc2c(cc1F)NC(C)(C)CC2=O,1
CCOC(=O)c1sc(-c2ccc(-c3cc(-c4ccc(C(C)(C)C)cc4)c(C(=O)OCC)s3)s2)cc1-c1ccc(C(C)(C)C)cc1,1
CCOC(=O)c1sc(-c2ccc(-c3cc(-c4cccs4)c(C(=O)OCC)s3)s2)cc1-c1cccs1,1
CCOC(=O)c1sc(-c2ccc(-c3cc(C4CC4)c(C(=O)OCC)s3)s2)cc1C1CC1,1
CC(C)(C)c1ccc(-c2cc(-c3ccc(-c4cc(-c5ccc(C(C)(C)C)cc5)c(C#N)s4)s3)sc2C#N)cc1,1
CC(C)(C)c1ccc(-c2cc(-c3ccc(-c4cc(-c5ccc(C(C)(C)C)cc5)c(C(=O)N5CCOCC5)s4)s3)sc2C(=O)N2CCOCC2)cc1,1
O=C(c1sc(-c2ccc(-c3cc(-c4cccs4)c(C(=O)N4CCOCC4)s3)s2)cc1-c1cccs1)N1CCOCC1,1
CC(C)(C)c1ccc(-c2cc(-c3ccc(-c4cc(-c5ccc(C(C)(C)C)cc5)c(C(=O)N5CCCCC5)s4)s3)sc2C(=O)N2CCCCC2)cc1,1
CC(C)(C)c1ccc(-c2cc(-c3ccc(-c4cc(-c5ccc(C(C)(C)C)cc5)c(C(=O)N5CCCC5)s4)s3)sc2C(=O)N2CCCC2)cc1,1
CC(C)(C)c1ccc(-c2cc(-c3ccc(-c4cc(-c5ccc(C(C)(C)C)cc5)c(C(=O)NCc5ccccc5)s4)s3)sc2C(=O)NCc2ccccc2)cc1,1
O=C(NCc1ccccc1)c1sc(-c2ccc(-c3cc(C4CC4)c(C(=O)NCc4ccccc4)s3)s2)cc1C1CC1,1
CC(C)(C)c1ccc(-c2cc(-c3ccc(-c4cc(-c5ccc(C(C)(C)C)cc5)c(C(=O)NCc5cccs5)s4)s3)sc2C(=O)NCc2cccs2)cc1,1
COc1ccc(CCNC(=O)c2sc(-c3ccc(-c4cc(-c5ccc(C(C)(C)C)cc5)c(C(=O)NCCc5ccc(OC)c(OC)c5)s4)s3)cc2-c2ccc(C(C)(C)C)cc2)cc1OC,1
CC(C)(C)c1ccc(-c2cc(-c3ccc(-c4cc(-c5ccc(C(C)(C)C)cc5)c(C(=O)NC5CCCCC5)s4)s3)sc2C(=O)NC2CCCCC2)cc1,1
CCCCCCNC(=O)c1sc(-c2ccc(-c3cc(-c4ccc(C(C)(C)C)cc4)c(C(=O)NCCCCCC)s3)s2)cc1-c1ccc(C(C)(C)C)cc1,1
CCCCNC(=O)c1sc(-c2ccc(-c3cc(-c4ccc(C(C)(C)C)cc4)c(C(=O)NCCCC)s3)s2)cc1-c1ccc(C(C)(C)C)cc1,1
O=S(=O)([O-])c1ccc(/C=C/c2ccc(-c3nnc(-c4ccc(/C=C/c5ccc(S(=O)(=O)[O-])cc5S(=O)(=O)[O-])cc4)o3)cc2)c(S(=O)(=O)[O-])c1,1
O=S(=O)([O-])c1ccccc1/C=C/c1ccc(-c2nnc(-c3ccc(/C=C/c4ccccc4S(=O)(=O)[O-])cc3)o2)cc1,1
COc1ccc2cc([C@H](C)C(=O)O)ccc2c1,1
C(=C/c1c2ccccc2cc2ccccc12)\c1ccc(Oc2ccc3ccccc3c2-c2c(Oc3ccc(/C=C/c4c5ccccc5cc5ccccc45)cc3)ccc3ccccc23)cc1,1
C(=C/c1ccc(-c2ccccc2)cc1)\c1ccc(Oc2ccc3ccccc3c2-c2c(Oc3ccc(/C=C/c4ccc(-c5ccccc5)cc4)cc3)ccc3ccccc23)cc1,1
C(=C/c1cccc2ccccc12)\c1ccc(Oc2ccc3ccccc3c2-c2c(Oc3ccc(/C=C/c4cccc5ccccc45)cc3)ccc3ccccc23)cc1,1
CN(C)c1ccc(/C=C/c2ccc3ccccc3[n+]2C)cc1,1
CN(C)c1ccc(/C=C/c2cc[n+](C)c3ccccc23)cc1,1
CN(C)c1ccc(/C=C/c2cc3ccccc3c[n+]2C)cc1,1
CC1(C)C(/C=C/C=C/C=C/C=C2/N(CS(=O)(=O)[O-])c3ccc(S(=O)(=O)[O-])cc3C2(C)C)=[N+](CS(=O)(=O)[O-])c2ccc(S(=O)(=O)[O-])cc21,1
CC1(C)C(/C=C/C=C/C=C/C=C2/N(S(=O)(=O)[O-])c3ccc(S(=O)(=O)[O-])cc3C2(C)C)=[N+](S(=O)(=O)[O-])c2ccc(S(=O)(=O)[O-])cc21,1
CC1(C)C(/C=C/C=C/C=C/C=C2/N(CCCCCC(=O)O)c3ccc(S(=O)(=O)[O-])cc3C2(C)C)=[N+](CCCCCC(=O)O)c2ccc(S(=O)(=O)[O-])cc21,1
CC1(C)C(/C=C/C=C/C=C/C=C2/N(c3ccc(S(=O)(=O)[O-])cc3)c3ccc(S(=O)(=O)[O-])cc3C2(C)C)=[N+](c2ccc(S(=O)(=O)[O-])cc2)c2ccc(S(=O)(=O)[O-])cc21,1
CC[N+]1=C(/C=C/C=C/C=C/C=C2/N(CCCCCC(=O)O)c3ccccc3C2(C)C)C(C)(C)c2cc(S(=O)(=O)[O-])ccc21,1
CC[N+]1=C(/C=C/C=C/C=C/C=C2/N(CCCCCC(=O)O)c3ccc(S(=O)(=O)[O-])cc3C2(C)C)C(C)(C)c2cc(S(=O)(=O)[O-])ccc21,1
CC1(C)C(/C=C/C=C/C=C/C=C2/N(CCCCCC(=O)O)c3ccc(S(=O)(=O)[O-])cc3C2(C)C)=[N+](CCCCS(=O)(=O)[O-])c2ccc(S(=O)(=O)[O-])cc21,1
CC1(C)C2=[N+](CCCCCC(=O)NCNC(=O)CCCCCN3/C(=C/C=C/C=C/C=C/2)C(C)(C)c2cc(S(=O)(=O)[O-])ccc23)c2ccc(S(=O)(=O)[O-])cc21,1
CC1(C)C2=[N+](CCCCCC(=O)NCCNC(=O)CCCCCN3/C(=C/C=C/C=C/C=C/2)C(C)(C)c2cc(S(=O)(=O)[O-])ccc23)c2ccc(S(=O)(=O)[O-])cc21,1
CC1(C)C2=[N+](CCCCCC(=O)NCCCNC(=O)CCCCCN3/C(=C/C=C/C=C/C=C/2)C(C)(C)c2cc(S(=O)(=O)[O-])ccc23)c2ccc(S(=O)(=O)[O-])cc21,1
CC1(C)c2cc(/C=C/c3nc(/C=C/c4ccc5c(c4)C(C)(C)c4cc(N(c6ccccc6)c6ccccc6)ccc4-5)nc(/C=C/c4ccc5c(c4)C(C)(C)c4cc(N(c6ccccc6)c6ccccc6)ccc4-5)n3)ccc2-c2ccc(N(c3ccccc3)c3ccccc3)cc21,1
CC1(C)c2cc(/C=C/c3nc(/C=C/c4ccc5c(c4)C(C)(C)c4cc(N(c6ccccc6)c6ccc7ccccc7c6)ccc4-5)nc(/C=C/c4ccc5c(c4)C(C)(C)c4cc(N(c6ccccc6)c6ccc7ccccc7c6)ccc4-5)n3)ccc2-c2ccc(N(c3ccccc3)c3ccc4ccccc4c3)cc21,1
CN(C)c1ccc(-c2nc3cccnc3[nH]2)cc1,1
COc1ccc2[nH]cc(/C=C/C3=[NH+]c4cccc5cccc3c45)c2c1,1
C(=C/c1c[nH]c2ccc(Oc3ccccc3)cc12)\C1=[NH+]c2cccc3cccc1c23,1
C(C1=[NH+]c2cccc3cccc1c23)=c1[nH]c2cccc3cccc1c32,1
C(/C=C/C1=[NH+]c2cccc3cccc1c23)=c1/[nH]c2cccc3cccc1c32,1
N#CC(C#N)=C(/C=C/c1ccc(N(c2ccccc2)c2ccccc2)cc1)c1ccccc1,1
CCOC(=O)/C(C#N)=C(\C=C\c1ccc(N(c2ccccc2)c2ccccc2)cc1)c1ccccc1,1
N#CC(C#N)=C(/C=C/c1ccc(N(c2ccccc2)c2ccc(/C=C/C(=C(C#N)C#N)c3ccccc3)cc2)cc1)c1ccccc1,1
CCOC(=O)/C(C#N)=C(\C=C\c1ccc(N(c2ccccc2)c2ccc(/C=C/C(=C(/C#N)C(=O)OCC)c3ccccc3)cc2)cc1)c1ccccc1,1
O=C(O)c1ccccc1Nc1cccc(C(F)(F)F)c1,1
Cc1cccc(Nc2ccccc2C(=O)O)c1C,1
O=C(O)c1ccccc1Nc1ccccc1,1
CC1(C)c2ccccc2-c2ccc(N(c3ccc(-c4ccccc4)cc3)c3ccc(-c4cc5ccccc5c5c4oc4ccccc45)cc3)cc21,1
CC1(C)c2ccccc2-c2ccc(N(c3ccccc3)c3ccc4c(c3)C(C)(C)c3cc(-c5cc6ccccc6c6c5oc5ccccc56)ccc3-4)cc21,1
Cc1ccc2nc3cc4c(cc3c(-c3ccccc3)c2c1)[Si](C)(C)O[Si]4(C)C,1
C[Si]1(C)O[Si](C)(C)c2cc3c(-c4ccccc4)c4ccccc4nc3cc21,1
C[Si]1(C)O[Si](C)(C)c2cc3c(-c4ccccc4)c4cc(Cl)ccc4nc3cc21,1
C[Si]1(C)O[Si](C)(C)c2cc3c(-c4ccccc4)c4cc([N+](=O)[O-])ccc4nc3cc21,1
C[Si]1(C)O[Si](C)(C)c2cc3c(-c4ccc(F)cc4)c4ccccc4nc3cc21,1
C[Si]1(C)O[Si](C)(C)c2cc3c(-c4ccccc4F)c4cc(Cl)ccc4nc3cc21,1
Cc1ccc2nc3cc4c(cc3c(-c3ccccc3)c2c1)[Si](C)(C)O[Si](C)(C)O[Si]4(C)C,1
C[Si]1(C)O[Si](C)(C)c2cc3nc4ccccc4c(-c4ccccc4)c3cc2[Si](C)(C)O1,1
C[Si]1(C)O[Si](C)(C)c2cc3nc4ccc(Cl)cc4c(-c4ccccc4)c3cc2[Si](C)(C)O1,1
C[Si]1(C)O[Si](C)(C)c2cc3nc4ccc([N+](=O)[O-])cc4c(-c4ccccc4)c3cc2[Si](C)(C)O1,1
C[Si]1(C)O[Si](C)(C)c2cc3nc4ccccc4c(-c4ccc(F)cc4)c3cc2[Si](C)(C)O1,1
C[Si]1(C)O[Si](C)(C)c2cc3nc4ccc(Cl)cc4c(-c4ccccc4F)c3cc2[Si](C)(C)O1,1
Cc1ccc2nc3cc4ccccc4cc3c(-c3ccccc3)c2c1,1
c1ccc(-c2c3ccccc3nc3cc4ccccc4cc23)cc1,1
Clc1ccc2nc3cc4ccccc4cc3c(-c3ccccc3)c2c1,1
O=[N+]([O-])c1ccc2nc3cc4ccccc4cc3c(-c3ccccc3)c2c1,1
Fc1ccc(-c2c3ccccc3nc3cc4ccccc4cc23)cc1,1
Fc1ccccc1-c1c2cc(Cl)ccc2nc2cc3ccccc3cc12,1
c1ccc(-n2c(-c3ccc(-c4ccc5c(c4)C4(c6ccccc6-c6ccccc64)c4cc(-c6ccc(-c7nc8ccccc8n7-c7ccccc7)cc6)c6ccccc6c4-5)cc3)nc3ccccc32)cc1,1
c1ccc(-n2c(-c3ccc(-c4ccc5c(c4)C4(c6ccccc6-5)c5ccccc5-c5ccc(-c6ccc(-c7nc8ccccc8n7-c7ccccc7)cc6)c6cccc4c56)cc3)nc3ccccc32)cc1,1
CCCCCCOc1ccc(-c2cnc(-c3nnc(-c4ccc(OCCCCCC)cc4)o3)o2)cc1,1
F[B-]1(F)OC(c2ccccc2)=Nc2sc(-c3ccccc3)n[n+]21,1
COc1ccc(C2=Nc3sc(-c4ccccc4)n[n+]3[B-](F)(F)O2)cc1,1
O=[N+]([O-])c1ccc(C2=Nc3sc(-c4ccccc4)n[n+]3[B-](F)(F)O2)cc1,1
COc1ccc(-c2n[n+]3c(s2)N=C(c2ccccc2)O[B-]3(F)F)cc1,1
c1ccc(C(=C(c2ccccc2)c2ccc(-c3nc4c(-c5ccc(C(=C(c6ccccc6)c6ccccc6)c6ccccc6)cc5)sc(-c5ccc(C(=C(c6ccccc6)c6ccccc6)c6ccccc6)cc5)c4nc3-c3ccc(C(=C(c4ccccc4)c4ccccc4)c4ccccc4)cc3)cc2)c2ccccc2)cc1,1
c1ccc(C(=C(c2ccccc2)c2ccc(-c3ccc(-c4nc5c(-c6ccc(-c7ccc(C(=C(c8ccccc8)c8ccccc8)c8ccccc8)cc7)cc6)sc(-c6ccc(-c7ccc(C(=C(c8ccccc8)c8ccccc8)c8ccccc8)cc7)cc6)c5nc4-c4ccc(-c5ccc(C(=C(c6ccccc6)c6ccccc6)c6ccccc6)cc5)cc4)cc3)cc2)c2ccccc2)cc1,1
Oc1ccc(-c2ccco2)cc1-c1nc2ccccc2s1,1
O=Cc1ccc(-c2ccc(O)c(-c3nc4ccccc4s3)c2)o1,1
N#CC(C#N)=Cc1ccc(-c2ccc(O)c(-c3nc4ccccc4s3)c2)o1,1
Oc1ccc(-c2cccs2)cc1-c1nc2ccccc2s1,1
O=Cc1ccc(-c2ccc(O)c(-c3nc4ccccc4s3)c2)s1,1
N#CC(C#N)=Cc1ccc(-c2ccc(O)c(-c3nc4ccccc4s3)c2)s1,1
Oc1cc(-c2ccco2)ccc1-c1nc2ccccc2s1,1
O=Cc1ccc(-c2ccc(-c3nc4ccccc4s3)c(O)c2)o1,1
N#CC(C#N)=Cc1ccc(-c2ccc(-c3nc4ccccc4s3)c(O)c2)o1,1
Oc1cc(-c2cccs2)ccc1-c1nc2ccccc2s1,1
O=Cc1ccc(-c2ccc(-c3nc4ccccc4s3)c(O)c2)s1,1
N#CC(C#N)=Cc1ccc(-c2ccc(-c3nc4ccccc4s3)c(O)c2)s1,1
Oc1c(-c2ccco2)cccc1-c1nc2ccccc2s1,1
O=Cc1ccc(-c2cccc(-c3nc4ccccc4s3)c2O)o1,1
N#CC(C#N)=Cc1ccc(-c2cccc(-c3nc4ccccc4s3)c2O)o1,1
Oc1c(-c2cccs2)cccc1-c1nc2ccccc2s1,1
O=Cc1ccc(-c2cccc(-c3nc4ccccc4s3)c2O)s1,1
N#CC(C#N)=Cc1ccc(-c2cccc(-c3nc4ccccc4s3)c2O)s1,1
Oc1ccccc1-c1nc2ccccc2s1,1
COc1cccc(-n2c(-c3ccccc3)nc(C)c2C)c1,1
COc1cccc(-n2c(-c3ccc(F)cc3)nc(C)c2C)c1,1
COc1cccc(-n2c(-c3ccc(O)cc3)nc(C)c2C)c1,1
CN(C)c1ccc(/C=C/C=C/c2ccc(B(O)O)cc2)cc1,1
CN(C)c1ccc(/C=C/C=C/C=C/c2ccc(B(O)O)cc2)cc1,1
CCOC(=O)COc1ccccc1C(c1c(C)[nH]c2ccccc12)c1c(C)[nH]c2ccccc12,1
CCOC(=O)CCOc1ccccc1C(c1c(C)[nH]c2ccccc12)c1c(C)[nH]c2ccccc12,1
CCOC(=O)COc1ccc(C(c2c(C)[nH]c3ccccc23)c2c(C)[nH]c3ccccc23)cc1,1
CCOC(=O)CCOc1ccc(C(c2c(C)[nH]c3ccccc23)c2c(C)[nH]c3ccccc23)cc1,1
CCOC(=O)COc1ccc(C(c2c(C)[nH]c3ccccc23)c2c(C)[nH]c3ccccc23)cc1OC,1
CCOC(=O)CCOc1ccc(C(c2c(C)[nH]c3ccccc23)c2c(C)[nH]c3ccccc23)cc1OC,1
O=S1(=O)c2ccc(-c3ccc4c(c3)c3ccccc3n4-c3ccccc3)cc2C2(c3cc(-c4ccc5c(c4)c4ccccc4n5-c4ccccc4)ccc31)c1cc(-c3ccc4c(c3)c3ccccc3n4-c3ccccc3)ccc1S(=O)(=O)c1ccc(-c3ccc4c(c3)c3ccccc3n4-c3ccccc3)cc12,1
CN(C)c1ccc(/C=C/c2ccc([N+](=O)[O-])c(O)c2)cc1,1
CN(C)c1ccc(/C=C/C=C/c2ccc([N+](=O)[O-])c(O)c2)cc1,1
CC(C)CCC[C@@H](C)[C@H]1CC[C@H]2[C@@H]3CC=C4C[C@@H](OC(=O)Oc5cc(/C=C/c6ccc(N(C)C)cc6)ccc5[N+](=O)[O-])CC[C@]4(C)[C@H]3CC[C@@]21C,1
CC(C)CCC[C@@H](C)[C@H]1CC[C@H]2[C@@H]3CC=C4C[C@@H](OC(=O)Oc5cc(/C=C/C=C/c6ccc(N(C)C)cc6)ccc5[N+](=O)[O-])CC[C@]4(C)[C@H]3CC[C@@]21C,1
O=C1c2cc(-c3ccc(N(c4ccccc4)c4ccccc4)cc3)ccc2-c2ccc(-c3ccc(N(c4ccccc4)c4ccccc4)cc3)cc21,1
N#Cc1ccc(-c2ccc3c(c2)C(=O)c2cc(-c4ccc(N(c5ccccc5)c5ccccc5)cc4)ccc2-3)cc1,1
CCCCC(CC)Cn1c2ccc(C(=C(C#N)C#N)c3ccccc3)cc2c2c(-c3ccc(Br)cc3)c3c(c(-c4ccc(Br)cc4)c21)c1cc(C(=C(C#N)C#N)c2ccccc2)ccc1n3CC(CC)CCCC,1
c1ccc(N(c2ccccc2)c2ccc3c(c2)-c2ccccc2C32c3ccccc3-n3c4ccccc4c4cccc2c43)cc1,1
c1ccc2c(c1)-c1cc(-n3c4ccccc4c4ccccc43)ccc1C21c2ccccc2-n2c3ccccc3c3cccc1c32,1
N#Cc1c2nc3ccccn3c2nc2nc3ccccn3c12,1
N#Cc1c2nc3ccccn3c2nc2c1nc1ccccn12,1
O=CN1N=C(c2ccc(Br)cc2)C[C@@H]1c1ccccc1,1
CN(C)c1ccc(/C=C/c2ccc(-c3cc(-c4ccccn4)nc(-c4ccccn4)c3)cc2)cc1,1
C(=C/c1ccc(N(c2ccccc2)c2ccccc2)cc1)\c1ccc(-c2cc(-c3ccccn3)nc(-c3ccccn3)c2)cc1,1
CCCCCN1c2ccccc2Sc2cc(/C=C/c3ccc(/C=C(\C#N)C(=O)O)s3)ccc21,1
N#C/C(=C\c1ccc(/C=C/c2ccc(N(c3ccccc3)c3ccccc3)cc2)s1)C(=O)O,1
CC1CC(C)(C)N(C)c2ccc(/C=C/c3ccc(/C=C(\C#N)C(=O)O)s3)cc21,1
CCCCCCOc1cc(N(CC)CC)ccc1/C=C/C(=C(C#N)C#N)c1ccc(N(c2ccccc2)c2ccccc2)cc1,1
CCCCCCOc1cc(N(CC)CC)ccc1/C=C(\C#N)c1ccc(/C=C/C(=C(C#N)C#N)c2ccc(N(c3ccccc3)c3ccccc3)cc2)s1,1
CCCCCCOc1cc(N(CC)CC)ccc1/C=C/C(=C(C#N)C#N)c1ccc2c(c1)c1ccccc1n2CC,1
CCCCCCOc1cc(N(CC)CC)ccc1/C=C(\C#N)c1ccc(/C=C/C(=C(C#N)C#N)c2ccc3c(c2)c2ccccc2n3CC)s1,1
COc1ccccc1C1=[N+]2C(=C(c3ccccc3)c3c4c(c(-c5ccccc5OC)n3[B-]2(F)F)C2CCC4CC2)C2=C1C1CCC2CC1,1
COc1ccccc1C1=[N+]2C(=C(c3ccccc3)c3c4c(c(-c5ccccc5OC)n3[B-]2(F)F)C2C=CC4CC2)C2=C1C1C=CC2CC1,1
F[B-]1(F)n2c(c3c(c2-c2ccccc2)C2C=CC3CC2)C(c2ccccc2)=C2C3=C(C(c4ccccc4)=[N+]21)C1C=CC3CC1,1
c1ccc(C2=C3C4=C(C5=[N+]3[B-]3(Oc6ccccc65)Oc5ccccc5-c5c6c(c2n53)C2CCC6CC2)C2CCC4CC2)cc1,1
F[B-]1(F)n2c(c3ccccc3c2-c2ccccc2)C(c2ccccc2)=C2c3ccccc3C(c3ccccc3)=[N+]21,1
COc1ccc(-c2cc(C)nc(-c3ccc(-n4c5ccccc5c5ccccc54)cc3)n2)cc1,1
COc1ccc(-c2nc(C)cc(-c3ccc(-n4c5ccccc5c5ccccc54)cc3)n2)cc1,1
Cc1cc(-c2ccc(-c3ccccc3)cc2)nc(-c2ccc(-n3c4ccccc4c4ccccc43)cc2)n1,1
Cc1cc(-c2ccc(-n3c4ccccc4c4ccccc43)cc2)nc(-c2ccc(-c3ccccc3)cc2)n1,1
Cc1cc(-c2ccc(-n3c4ccccc4c4ccccc43)cc2)nc(-c2ccc(-n3c4ccccc4c4ccccc43)cc2)n1,1
Cc1nc(-c2ccc(-n3c4ccccc4c4ccccc43)cc2)cc(-c2ccc(-n3c4ccccc4c4ccccc43)cc2)n1,1
CCc1ccc(-c2nc(-c3ccc(-n4c5ccccc5c5ccccc54)cc3)cc(-c3ccc(-n4c5ccccc5c5ccccc54)cc3)n2)cc1,1
CSc1nc(-c2ccc(-n3c4ccccc4c4ccccc43)cc2)cc(-c2ccc(-n3c4ccccc4c4ccccc43)cc2)n1,1
CN(C)c1ccc(-c2nc(-c3ccc(-n4c5ccccc5c5ccccc54)cc3)cc(-c3ccc(-n4c5ccccc5c5ccccc54)cc3)n2)cc1,1
C1=[N+]2N=C(c3ccccc3)O[B-]2(c2ccc([B-]34OC(c5ccccc5)=N[N+]3=Cc3c(ccc5ccccc35)O4)cc2)Oc2ccc3ccccc3c21,1
Oc1ccc(C2=N[N+]3=Cc4c(ccc5ccccc45)O[B-]3(c3ccc([B-]45OC(c6ccc(O)cc6)=N[N+]4=Cc4c(ccc6ccccc46)O5)cc3)O2)cc1,1
CC(C)(C)c1cc2c(c(C(C)(C)C)c1)O[B-]1(c3ccc([B-]45OC(c6ccccc6)=N[N+]4=Cc4cc(C(C)(C)C)cc(C(C)(C)C)c4O5)cc3)OC(c3ccccc3)=N[N+]1=C2,1
CN1C(=CC2=C([O-])C(=CC3=[N+](C)c4ccccc4C3(C)C)C2=O)C(C)(C)c2ccccc21,1
CN1C(=CC2=C([O-])C(=Cc3oc4ccccc4[n+]3C)C2=O)C(C)(C)c2ccccc21,1
CN1C(=CC2=C([O-])C(=Cc3oc(-c4ccc(-c5ccccc5)cc4)c[n+]3C)C2=O)C(C)(C)c2ccccc21,1
CN1C(=CC2=C([O-])C(=Cc3oc4ccccc4[n+]3C)C2=C(C#N)C#N)C(C)(C)c2ccccc21,1
CN1C(=CC2=C([O-])C(=Cc3oc4ccccc4[n+]3C)C2=C(C#N)C#N)Sc2ccccc21,1
CN1C(=CC2=C([O-])C(=CC3=[N+](C)c4ccccc4C3(C)C)C2=C(C#N)C#N)C(C)(C)c2ccccc21,1
CN1C(=CC2=C([O-])C(=Cc3sc4ccccc4[n+]3C)C2=C(C#N)C#N)Sc2ccccc21,1
CN1C(=CC2=C([O-])C(=Cc3sc4ccccc4[n+]3C)C2=C(C#N)C#N)C(C)(C)c2ccccc21,1
CCCCOC(=O)/C(C#N)=C1\C(=CC2=[N+](C)c3ccccc3C2(C)C)C([O-])=C1C=C1N(C)c2ccccc2C1(C)C,1
CN1C(=CC2=C([O-])C(=CC3=[N+](C)c4ccccc4C3(C)C)C2=C2C(=O)NC(=O)NC2=O)C(C)(C)c2ccccc21,1
CN1C(=CC2=C([O-])C(=CC3=[N+](C)c4ccccc4C3(C)C)C2=C2C(=O)c3ccccc3C2=O)C(C)(C)c2ccccc21,1
CN1C(=CC2=C([O-])C(=CC3=[N+](C)c4ccccc4C3(C)C)C2=NC#N)C(C)(C)c2ccccc21,1
CN1C(=CC2=C([S-])C(=CC3=[N+](C)c4ccccc4C3(C)C)C2=O)C(C)(C)c2ccccc21,1
CN1C(=CC2=C([S-])C(=Cc3sc4ccccc4[n+]3C)C2=O)C(C)(C)c2ccccc21,1
CCN(CC)c1ccc2cc(-c3nc4ccccc4n3-c3ccccc3)c(=O)oc2c1,1
CCN(CC)c1ccc2cc(-c3nc4c5ccccc5c5ccccc5c4n3-c3ccc(C(C)(C)C)cc3)c(=O)oc2c1,1
CCN(CC)c1ccc2cc(-c3nc4c5cccc6ccc7cccc(c7c65)c4n3-c3ccc(C(C)(C)C)cc3)c(=O)oc2c1,1
F[B-]1(F)Oc2ccccc2-c2n(-c3ccc(C(F)(F)F)cc3)c(-c3ccccc3)c(-c3ccccc3)[n+]21,1
F[B-]1(F)Oc2c(-c3cccc4c3O[B-](F)(F)[n+]3c(-c5ccccc5)c(-c5ccccc5)n(-c5ccc(C(F)(F)F)cc5)c3-4)cccc2-c2n(-c3ccc(C(F)(F)F)cc3)c(-c3ccccc3)c(-c3ccccc3)[n+]21,1
c1ccc(N2N=C(c3cccc4ccccc34)CC2c2ccc3ccc4cccc5ccc2c3c45)cc1,1
c1ccc(N2N=C(c3c4ccccc4cc4ccccc34)CC2c2ccc3ccc4cccc5ccc2c3c45)cc1,1
c1ccc(N2N=C(c3ccc4ccc5cccc6ccc3c4c56)CC2c2ccc3ccc4cccc5ccc2c3c45)cc1,1
Cc1cc(C)n2c1C=[N+]1[N+](=C3C=NC=CN3[B-]1(F)F)[B-]2(F)F,1
F[B-]1(F)N2C=CN=CC2=[N+]2[N+]1=Cc1c(-c3ccccc3)cc(-c3cccs3)n1[B-]2(F)F,1
F[B-]1(F)N2C=CN=CC2=[N+]2[N+]1=Cc1c(-c3ccccc3)cc(-c3ccccc3)n1[B-]2(F)F,1
COc1ccc(-c2cc(-c3ccccc3)c3n2[B-](F)(F)[N+]2=C4C=NC=CN4[B-](F)(F)[N+]2=C3)cc1,1
COc1ccc2c(c1)CCc1c(-c3ccccc3)c3n(c1-2)[B-](F)(F)[N+]1=C2C=NC=CN2[B-](F)(F)[N+]1=C3,1
COc1ccc2cc(-c3cc(-c4ccccc4)c4n3[B-](F)(F)[N+]3=C5C=NC=CN5[B-](F)(F)[N+]3=C4)ccc2c1,1
Cc1ccc(/C(C#N)=C/c2cc(/C=C(\C#N)c3ccc(C)cc3)c(-c3ccc(N(c4ccccc4)c4ccccc4)cc3)cc2-c2ccc(N(c3ccccc3)c3ccccc3)cc2)cc1,1
N#C/C(=C\c1cc(/C=C(\C#N)c2ccc(C(F)(F)F)cc2)c(-c2ccc(N(c3ccccc3)c3ccccc3)cc2)cc1-c1ccc(N(c2ccccc2)c2ccccc2)cc1)c1ccc(C(F)(F)F)cc1,1
CC(=O)c1ccn2c3c(c(-c4cc[n+](C)cc4)c2c1)CN(C)C3=O,1
CC(=O)c1ccn2c3c(c(/C=C/c4cc[n+](C)cc4)c2c1)CN(C)C3=O,1
c1ccc(-n2nc(-c3ccc(N4c5ccccc5Sc5ccccc54)cc3)nc2-c2ccccn2)cc1,1
c1ccc(-n2nc(-c3ccc(N4c5ccccc5Oc5ccccc54)cc3)nc2-c2ccccn2)cc1,1
CC1(C)c2ccccc2N(c2ccc(-c3nc(-c4ccccn4)n(-c4ccccc4)n3)cc2)c2ccccc21,1
c1ccc(-c2nc(-c3ccc(N4c5ccccc5Sc5ccccc54)cc3)nn2-c2ccc(N3c4ccccc4Sc4ccccc43)cc2)nc1,1
c1ccc(-c2nc(-c3ccc(N4c5ccccc5Oc5ccccc54)cc3)nn2-c2ccc(N3c4ccccc4Oc4ccccc43)cc2)nc1,1
CC1(C)c2ccccc2N(c2ccc(-c3nc(-c4ccccn4)n(-c4ccc(N5c6ccccc6C(C)(C)c6ccccc65)cc4)n3)cc2)c2ccccc21,1
c1ccc(-c2cc(-c3ccc4c(c3)C3(c5ccccc5-c5ccccc53)c3cc(-c5cc(-c6ccccn6)nc(-c6ccccn6)c5)ccc3-4)cc(-c3ccccn3)n2)nc1,1
Cc1cccc2c3ccccc3n(-c3ccc(-c4c(-c5ccccc5)c(C#N)c(C#N)c(-c5ccccc5)c4-c4ccc(-n5c6ccccc6c6cccc(C)c65)cc4)cc3)c12,1
CC1(C)c2ccccc2N(c2ccc(-c3cc(C#N)c(C#N)cc3-c3ccc(N4c5ccccc5C(C)(C)c5ccccc54)cc3)cc2)c2ccccc21,1
N#Cc1cc(-c2ccc(N3c4ccccc4Oc4ccccc43)cc2)c(-c2ccc(N3c4ccccc4Oc4ccccc43)cc2)cc1C#N,1
CC1(C)c2ccccc2N(c2ccc(-c3nc(C#N)c(C#N)nc3-c3ccc(N4c5ccccc5C(C)(C)c5ccccc54)cc3)cc2)c2ccccc21,1
O=C(c1ccc(-n2c3ccc(-c4ccccc4)cc3c3cc(-c4ccccc4)ccc32)cc1)c1ccc(-n2c3ccc(-c4ccccc4)cc3c3cc(-c4ccccc4)ccc32)cc1,1
N#Cc1c(-n2c3ccccc3c3ccccc32)cccc1-n1c2ccccc2c2ccccc21,1
Cc1ccc2c(c1)c1cc(C)ccc1n2-c1cccc(-n2c3ccc(C)cc3c3cc(C)ccc32)c1C#N,1
CC(C)(C)c1ccc2c(c1)c1cc(C(C)(C)C)ccc1n2-c1cccc(-n2c3ccc(C(C)(C)C)cc3c3cc(C(C)(C)C)ccc32)c1C#N,1
COc1ccc2c(c1)c1cc(OC)ccc1n2-c1cccc(-n2c3ccc(OC)cc3c3cc(OC)ccc32)c1C#N,1
CC1(C)c2ccccc2N(c2ccc(-c3ccc(C#N)nc3)cc2)c2ccccc21,1
CC1(C)c2ccccc2N(c2ccc(-c3ccc(C#N)cn3)cc2)c2ccccc21,1
CC1(C)c2ccccc2N(c2ccc(-c3ccc(C#N)c(C#N)n3)cc2)c2ccccc21,1
CC1(C)c2ccccc2N(c2ccc(-c3cnc(C#N)nc3)cc2)c2ccccc21,1
CC1(C)c2ccccc2N(c2ccc(-c3ncc(C#N)cn3)cc2)c2ccccc21,1
CC1(C)c2ccccc2N(c2ccc(-c3ccc(C#N)cc3)cc2)c2ccccc21,1
CC1(C)c2ccccc2N(c2ccc(-c3cccc(C#N)c3)cc2)c2ccccc21,1
O=c1c2ccc(-c3ccc(N(c4ccccc4)c4ccccc4)cc3)cc2sc2cccc(-c3ccc(N(c4ccccc4)c4ccccc4)cc3)c12,1
O=c1c2ccc(-c3ccc(N(c4ccccc4)c4ccccc4)cc3)cc2sc2cc(-c3ccc(N(c4ccccc4)c4ccccc4)cc3)ccc12,1
O=C1c2ccc(-c3ccc(N(c4ccccc4)c4ccccc4)cc3)cc2S(=O)(=O)c2cccc(-c3ccc(N(c4ccccc4)c4ccccc4)cc3)c21,1
O=C1c2ccc(-c3ccc(N(c4ccccc4)c4ccccc4)cc3)cc2S(=O)(=O)c2cc(-c3ccc(N(c4ccccc4)c4ccccc4)cc3)ccc21,1
FC(F)(F)C(F)(F)C(F)(F)C1=NC2=C(Br)C=C3c4cc(Br)c5nc(C(F)(F)C(F)(F)C(F)(F)F)nc6c(Br)cc(c4c56)=C4C=C(Br)C(=N1)C2C34,1
FC(F)(F)C(F)(F)C(F)(F)C1=NC2=C(c3ccccc3)C=C3c4cc(-c5ccccc5)c5nc(C(F)(F)C(F)(F)C(F)(F)F)nc6c(-c7ccccc7)cc(c4c56)=C4C=C(c5ccccc5)C(=N1)C2C34,1
N#Cc1ccc(C2=CC3=c4cc(-c5ccc(C#N)cc5)c5nc(C(F)(F)C(F)(F)C(F)(F)F)nc6c(-c7ccc(C#N)cc7)cc(c4c65)C4=CC(c5ccc(C#N)cc5)=C5N=C(C(F)(F)C(F)(F)C(F)(F)F)N=C2C5C43)cc1,1
FC(F)(F)c1ccc(C2=CC3=c4cc(-c5ccc(C(F)(F)F)cc5)c5nc(C(F)(F)C(F)(F)C(F)(F)F)nc6c(-c7ccc(C(F)(F)F)cc7)cc(c4c65)C4=CC(c5ccc(C(F)(F)F)cc5)=C5N=C(C(F)(F)C(F)(F)C(F)(F)F)N=C2C5C43)cc1,1
CCOC(=O)c1ccc(C2=CC3=c4cc(-c5ccc(C(=O)OCC)cc5)c5nc(C(F)(F)C(F)(F)C(F)(F)F)nc6c(-c7ccc(C(=O)OCC)cc7)cc(c4c65)C4=CC(c5ccc(C(=O)OCC)cc5)=C5N=C(C(F)(F)C(F)(F)C(F)(F)F)N=C2C5C43)cc1,1
CC(C)(C)[Si](C)(C)C#CC1=CC2=c3cc(C#C[Si](C)(C)C(C)(C)C)c4nc(C(F)(F)C(F)(F)C(F)(F)F)nc5c(C#C[Si](C)(C)C(C)(C)C)cc(c3c54)C3=CC(C#C[Si](C)(C)C(C)(C)C)=C4N=C(C(F)(F)C(F)(F)C(F)(F)F)N=C1C4C32,1
C[Si](C)(C)C#CC1=CC2=c3cc(C#C[Si](C)(C)C)c4nc(C(F)(F)C(F)(F)C(F)(F)F)nc5c(C#C[Si](C)(C)C)cc(c3c54)C3=CC(C#C[Si](C)(C)C)=C4N=C(C(F)(F)C(F)(F)C(F)(F)F)N=C1C4C32,1
CC(C)[Si](C#CC1=CC2=c3cc(C#C[Si](C(C)C)(C(C)C)C(C)C)c4nc(C(F)(F)C(F)(F)C(F)(F)F)nc5c(C#C[Si](C(C)C)(C(C)C)C(C)C)cc(c3c54)C3=CC(C#C[Si](C(C)C)(C(C)C)C(C)C)=C4N=C(C(F)(F)C(F)(F)C(F)(F)F)N=C1C4C32)(C(C)C)C(C)C,1
FC(F)(F)C(F)(F)C(F)(F)C1=NC2=C(Oc3ccccc3)C=C3c4cc(Oc5ccccc5)c5nc(C(F)(F)C(F)(F)C(F)(F)F)nc6c(Oc7ccccc7)cc(c4c56)=C4C=C(Oc5ccccc5)C(=N1)C2C34,1
FC(F)(F)C(F)(F)C(F)(F)C1=NC2=C(Sc3ccccc3)C=C3c4cc(Sc5ccccc5)c5nc(C(F)(F)C(F)(F)C(F)(F)F)nc6c(Sc7ccccc7)cc(c4c56)=C4C=C(Sc5ccccc5)C(=N1)C2C34,1
CC(C)(C)NC1=CC2=c3cc(NC(C)(C)C)c4nc(C(F)(F)C(F)(F)C(F)(F)F)nc5c(NC(C)(C)C)cc(c3c54)C3=CC(NC(C)(C)C)=C4N=C(C(F)(F)C(F)(F)C(F)(F)F)N=C1C4C32,1
CC(C)[Si](C#Cc1ccc(C#C[Si](C(C)C)(C(C)C)C(C)C)c2nc3c(nc12)C1c2ccccc2C3c2ccccc21)(C(C)C)C(C)C,1
CC(C)[Si](C#Cc1c2ccccc2c(C#C[Si](C(C)C)(C(C)C)C(C)C)c2nc3c(nc12)C1c2ccccc2C3c2ccccc21)(C(C)C)C(C)C,1
CC(C)[Si](C#Cc1c2cc3ccccc3cc2c(C#C[Si](C(C)C)(C(C)C)C(C)C)c2nc3c(nc12)C1c2ccccc2C3c2ccccc21)(C(C)C)C(C)C,1
CC(C)[Si](C#Cc1c2nc3c(nc2c(C#C[Si](C(C)C)(C(C)C)C(C)C)c2nc4ccccc4nc12)C1c2ccccc2C3c2ccccc21)(C(C)C)C(C)C,1
CC(C)[Si](C#Cc1c2nsnc2c(C#C[Si](C(C)C)(C(C)C)C(C)C)c2nc3c(nc12)C1c2ccccc2C3c2ccccc21)(C(C)C)C(C)C,1
CC(C)[Si](C#Cc1c2nc3c(nc2c(C#C[Si](C(C)C)(C(C)C)C(C)C)c2nc4c(nc12)C1c2ccccc2C4c2ccccc21)C1c2ccccc2C3c2ccccc21)(C(C)C)C(C)C,1
CC1=C(c2cccs2)C(C)=[N+]2C1=C(c1ccc(OS(=O)(=O)c3ccc([N+](=O)[O-])cc3[N+](=O)[O-])cc1)c1c(C)c(-c3cccs3)c(C)n1[B-]2(F)F,1
CC1=C(c2cccs2)C(C)=[N+]2C1=C(c1ccc(O)cc1)c1c(C)c(-c3cccs3)c(C)n1[B-]2(F)F,1
CC1=C(c2cccs2)C(C)=[N+]2C1=C(c1ccccc1)c1c(C)c(-c3cccs3)c(C)n1[B-]2(F)F,1
CC1=CC(C)=[N+]2C1=C(c1ccccc1)c1c(C)c(-c3cccs3)c(C)n1[B-]2(F)F,1
CC1=CC(C)=[N+]2C1=C(c1ccc(-c3ccc(OS(=O)(=O)c4ccc([N+](=O)[O-])cc4[N+](=O)[O-])cc3)s1)c1c(C)cc(C)n1[B-]2(F)F,1
CC1=CC(C)=[N+]2C1=C(c1ccc(-c3ccc(O)cc3)s1)c1c(C)cc(C)n1[B-]2(F)F,1
CC1=C(c2ccccc2)C(C)=[N+]2C1=C(c1ccccc1)c1c(C)c(-c3ccccc3)c(C)n1[B-]2(F)F,1
c1ccc(N2c3ccccc3B3c4ccccc4N(c4ccccc4)c4cccc2c43)cc1,1
c1ccc(-c2cccc(N3c4cc(-c5ccccc5)ccc4B4c5ccc(N(c6ccccc6)c6ccccc6)cc5N(c5ccccc5)c5cccc3c54)c2)cc1,1
CCC1(CC)c2cc(-c3ccc(-c4ccccc4)cc3-c3ccccc3)ccc2-c2nc3c(nc21)-c1ccc(-c2ccc(-c4ccccc4)cc2-c2ccccc2)cc1C3(CC)CC,1
CCC1(CC)c2cc(-c3ccc(-c4ccccc4)cc3-c3ccccc3)ccc2-c2cc3c(cc21)-c1ccc(-c2ccc(-c4ccccc4)cc2-c2ccccc2)cc1C3(CC)CC,1
c1ccc(-c2c3ccccc3c(-c3ccc4ccccc4c3)c3ccccc23)nc1,1
c1ccc2cc(-c3c4ccccc4c(-c4nccc5ccccc45)c4ccccc34)ccc2c1,1
c1cc(-c2c3ccccc3c(-c3ccc4ccccc4c3)c3ccccc23)cc(-n2c3ccccc3c3ccccc32)c1,1
c1ccc2cc(-c3c4ccccc4c(-c4ccc(-n5c6ccccc6c6ccccc65)cc4)c4ccccc34)ccc2c1,1
c1ccc2c(-c3c4ccccc4c(-c4ccc(-n5c6ccccc6c6ccccc65)cc4)c4ccccc34)cccc2c1,1
c1ccc2cc(-c3c4ccccc4c(-c4ccc(-c5ccc(-n6c7ccccc7c7ccccc76)cc5)cc4)c4ccccc34)ccc2c1,1
c1ccc2c(-c3c4ccccc4c(-c4ccc(-c5ccc(-n6c7ccccc7c7ccccc76)cc5)cc4)c4ccccc34)cccc2c1,1
Cc1cc(-c2c3ccccc3c(-c3ccc4ccccc4c3)c3ccccc23)c(C)cc1-c1ccc(N(c2ccccc2)c2ccccc2)cc1,1
c1ccc2c(c1)Sc1ccccc1N2c1ccc2c(ccc3nc4ccc5cc(N6c7ccccc7Sc7ccccc76)ccc5c4nc32)c1,1
CC(C)(C)c1ccc2c(c1)Sc1cc(C(C)(C)C)ccc1N2c1ccc2c(ccc3nc4ccc5cc(N6c7ccc(C(C)(C)C)cc7Sc7cc(C(C)(C)C)ccc76)ccc5c4nc32)c1,1
CC1(C)c2ccccc2N(c2ccc3c(ccc4nc5ccc6cc(N7c8ccccc8C(C)(C)c8ccccc87)ccc6c5nc43)c2)c2ccccc21,1
c1ccc(N(c2ccccc2)c2ccc3c(ccc4nc5ccc6cc(N(c7ccccc7)c7ccccc7)ccc6c5nc43)c2)cc1,1
CCCCCCCCCCOC(=O)c1ccc2c3ccc(C(=O)OCCCCCCCCCC)c4c(C(=O)OCCCCCCCCCC)cc5[nH]c6cc(C(=O)OCCCCCCCCCC)c1c2c6c5c43,1
CCCCCCCCC1(CCCCCCCC)c2cc(-c3ccc(C(F)(F)F)cc3)ccc2-c2ccc(N(c3ccc(-n4c5ccccc5c5ccccc54)cc3)c3ccc4c(c3)C(CCCCCCCC)(CCCCCCCC)c3cc(-c5ccc(C(F)(F)F)cc5)ccc3-4)cc21,1
CCCCCCCCC1(CCCCCCCC)c2ccccc2-c2ccc(N(c3ccc(-n4c5ccccc5c5ccccc54)cc3)c3ccc4c(c3)C(CCCCCCCC)(CCCCCCCC)c3ccccc3-4)cc21,1
CCC1(CC)c2ccccc2-c2ccc(C#Cc3ccc4ccc5cccc6ccc3c4c56)cc21,1
CCCCC1(CCCC)c2cc(C#Cc3ccc4ccc5cccc6ccc3c4c56)ccc2-c2ccc(C#Cc3ccc4ccc5cccc6ccc3c4c56)cc21,1
CCCCC1(CCCC)c2cc(C#Cc3ccc4ccc5cccc6ccc3c4c56)ccc2-c2ccc(N(c3ccccc3)c3ccccc3)cc21,1
CCCCCC(CC)C1(C(CC)CCCCC)c2ccccc2-c2ccc(C#Cc3cc(C#Cc4ccc5c(c4)C(C(CC)CCCCC)(C(CC)CCCCC)c4ccccc4-5)c4ccc5c(C#Cc6ccc7c(c6)C(C(CC)CCCCC)(C(CC)CCCCC)c6ccccc6-7)cc(C#Cc6ccc7c(c6)C(C(CC)CCCCC)(C(CC)CCCCC)c6ccccc6-7)c6ccc3c4c65)cc21,1
CCC1(CC)c2cc(C#Cc3cc(C#Cc4ccc5c(c4)C(CC)(CC)c4cc(N(c6ccccc6)c6ccccc6)ccc4-5)c4ccc5c(C#Cc6ccc7c(c6)C(CC)(CC)c6cc(N(c8ccccc8)c8ccccc8)ccc6-7)cc(C#Cc6ccc7c(c6)C(CC)(CC)c6cc(N(c8ccccc8)c8ccccc8)ccc6-7)c6ccc3c4c65)ccc2-c2ccc(N(c3ccccc3)c3ccccc3)cc21,1
CCC1(CC)c2ccccc2-c2ccc(C#Cc3cc(C#Cc4ccc5c(c4)C(CC)(CC)c4ccccc4-5)c4ccc5c(C#Cc6ccc7c(c6)C(CC)(CC)c6ccccc6-7)cc(C#Cc6ccc7c(c6)C(CC)(CC)c6ccccc6-7)c6ccc3c4c65)cc21,1
Cc1cc(C)c(B(c2c(C)cc(C)cc2C)c2c(C)cc(N3c4ccccc4Oc4ccccc43)cc2C)c(C)c1,1
Cc1cc(C)c(B(c2c(C)cc(C)cc2C)c2c(C)cc(-n3c4ccc(N(c5ccccc5)c5ccccc5)cc4c4cc(N(c5ccccc5)c5ccccc5)ccc43)cc2C)c(C)c1,1
Cc1cc(C)c(B(c2c(C)cc(C)cc2C)c2c(C)cc(-n3c4ccccc4c4cc(N(c5ccccc5)c5ccccc5)ccc43)cc2C)c(C)c1,1
CC(C)c1cc(C(C)C)c(B2c3ccccc3Oc3cc(N4c5ccccc5C(C)(C)c5ccccc54)ccc32)c(C(C)C)c1,1
CC(C)c1cc(C(C)C)c(B2c3ccccc3Oc3cc(N4c5ccccc5C5(c6ccccc6-c6ccccc65)c5ccccc54)ccc32)c(C(C)C)c1,1
CC(C)c1cc(C(C)C)c(B2c3ccccc3Oc3cc(N4c5ccccc5C5(c6ccccc6Oc6ccccc65)c5ccccc54)ccc32)c(C(C)C)c1,1
Cc1cc(C)c2c(c1)c1cc(C)cc(C)c1n2-c1ccc2c(c1)Oc1ccccc1B2c1c(C(C)C)cc(C(C)C)cc1C(C)C,1
c1ccc(N(c2ccccc2)c2cc3c4c(c2)N(c2ccccc2)c2cc5c(cc2B4c2ccccc2N3c2ccccc2)B2c3ccccc3N(c3ccccc3)c3cc(N(c4ccccc4)c4ccccc4)cc(c32)N5c2ccccc2)cc1,1
COc1ccc2c(c1)c1cc(OC)ccc1n2-c1ccc(S(=O)(=O)c2ccc(-n3c4ccc(OC)cc4c4cc(OC)ccc43)cc2)cc1,1
c1ccc(-c2ccc(-c3nc(-n4c5ccccc5c5ccc6c7ccccc7n(-c7ccccc7)c6c54)nc(-n4c5ccccc5c5ccc6c7ccccc7n(-c7ccccc7)c6c54)n3)cc2)cc1,1
c1ccc(-c2ccc3c(c2)c2cc(-c4ccccc4)ccc2n3-c2ccc3c(c2)c2cc(-n4c5ccc(-c6ccccc6)cc5c5cc(-c6ccccc6)ccc54)ccc2n3-c2ccc(-c3nc(-c4ccccc4)nc(-c4ccccc4)n3)cc2)cc1,1
c1ccc(-c2nc(-c3ccccc3)nc(-c3ccc(-n4c5ccc(-n6c7ccccc7c7ccccc76)cc5c5cc(-n6c7ccccc7c7ccccc76)ccc54)cc3)n2)cc1,1
c1ccc(-c2nc(-c3ccccc3)nc(-c3ccc(-n4c5ccccc5c5cc(-n6c7ccccc7c7ccccc76)ccc54)cc3)n2)cc1,1
c1ccc(-c2nc(-c3ccccc3)nc(-c3ccc(-c4ccc(N5c6ccccc6[Si](c6ccccc6)(c6ccccc6)c6ccccc65)cc4)cc3)n2)cc1,1
O=C(c1ccc(N2c3ccccc3[Si](c3ccccc3)(c3ccccc3)c3ccccc32)cc1)c1ccc(N2c3ccccc3[Si](c3ccccc3)(c3ccccc3)c3ccccc32)cc1,1
O=S(=O)(c1ccc(N2c3ccccc3[Si](c3ccccc3)(c3ccccc3)c3ccccc32)cc1)c1ccc(N2c3ccccc3[Si](c3ccccc3)(c3ccccc3)c3ccccc32)cc1,1
CC(C)(C)c1ccc(N2c3ccc(C(C)(C)C)cc3B3c4cc(C(C)(C)C)ccc4N(c4ccc(C(C)(C)C)cc4)c4cc(-n5c6ccc(C(C)(C)C)cc6c6cc(C(C)(C)C)ccc65)cc2c43)cc1,1
N#Cc1cc(C#N)c(-n2c3ccccc3c3ccccc32)cc1-n1c2ccccc2c2ccccc21,1
Cc1nnc(-c2cc(-c3nnc(C)o3)c(-n3c4ccccc4c4ccccc43)cc2-n2c3ccccc3c3ccccc32)o1,1
c1ccc(-c2nnc(-c3cc(-c4nnc(-c5ccccc5)o4)c(-n4c5ccccc5c5ccccc54)cc3-n3c4ccccc4c4ccccc43)o2)cc1,1
FC(F)(F)c1ccc(-c2nnc(-c3cc(-c4nnc(-c5ccc(C(F)(F)F)cc5)o4)c(-n4c5ccccc5c5ccccc54)cc3-n3c4ccccc4c4ccccc43)o2)cc1,1
COc1ccc(-c2nnc(-c3cc(-c4nnc(-c5ccc(OC)cc5)o4)c(-n4c5ccccc5c5ccccc54)cc3-n3c4ccccc4c4ccccc43)o2)cc1,1
c1ccc(-c2nc(-c3ccccc3)nc(-c3cc(-n4c5ccccc5c5ccccc54)c(-n4c5ccccc5c5ncccc54)c(-n4c5ccccc5c5ccccc54)c3)n2)cc1,1
c1ccc(-c2nc(-c3ccccc3)nc(-c3cc(-n4c5ccccc5c5ncccc54)c(-n4c5ccccc5c5ncccc54)c(-n4c5ccccc5c5ncccc54)c3)n2)cc1,1
c1ccc(-c2nc(-c3ccccc3)nc(-c3cc(-n4c5ccccc5c5ncccc54)cc(-n4c5ccccc5c5ncccc54)c3)n2)cc1,1
CC1(C)c2ccccc2N(c2ccc(-c3nc([C@]45CC6CC(C[C@@H](C6)C4)C5)nc([C@]45C[C@H]6C[C@@H](C[C@H](C6)C4)C5)n3)cc2)c2ccccc21,1
c1ccc2c(c1)-c1ccccc1C21c2ccccc2N(c2ccc(-c3nc([C@]45CC6CC(C[C@@H](C6)C4)C5)nc([C@]45C[C@H]6C[C@@H](C[C@H](C6)C4)C5)n3)cc2)c2ccccc21,1
c1ccc(C2(c3ccccc3)c3ccccc3N(c3ccc(-c4nc([C@]56CC7CC(C[C@@H](C7)C5)C6)nc([C@]56C[C@H]7C[C@@H](C[C@H](C7)C5)C6)n4)cc3)c3ccccc32)cc1,1
Cc1cc(C)c(C)c(B(c2c(C)c(C)cc(C)c2C)c2c(C)c(C)c(N3c4ccccc4Oc4ccccc43)c(C)c2C)c1C,1
Cc1cc(C)c(C)c(B(c2c(C)c(C)c(N3c4ccccc4Oc4ccccc43)c(C)c2C)c2c(C)c(C)c(N3c4ccccc4Oc4ccccc43)c(C)c2C)c1C,1
Cc1c(C)c(N2c3ccccc3Oc3ccccc32)c(C)c(C)c1B(c1c(C)c(C)c(N2c3ccccc3Oc3ccccc32)c(C)c1C)c1c(C)c(C)c(N2c3ccccc3Oc3ccccc32)c(C)c1C,1
N#Cc1c(-n2c3ccccc3c3ccccc32)c(-n2c3ccccc3c3ccccc32)cc(-n2c3ccccc3c3ccccc32)c1-n1c2ccccc2c2ccccc21,1
CC(C)(C)c1ccc2c(c1)c1cc(C(C)(C)C)ccc1n2-c1cc(-n2c3ccc(C(C)(C)C)cc3c3cc(C(C)(C)C)ccc32)c(-n2c3ccc(C(C)(C)C)cc3c3cc(C(C)(C)C)ccc32)c(C#N)c1-n1c2ccc(C(C)(C)C)cc2c2cc(C(C)(C)C)ccc21,1
N#Cc1c(-n2c3ccccc3c3ccccc32)c(-n2c3ccccc3c3ccccc32)c(-n2c3ccccc3c3ccccc32)c(-n2c3ccccc3c3ccccc32)c1-n1c2ccccc2c2ccccc21,1
CC(C)(C)c1ccc2c(c1)c1cc(C(C)(C)C)ccc1n2-c1c(C#N)c(-n2c3ccc(C(C)(C)C)cc3c3cc(C(C)(C)C)ccc32)c(-n2c3ccc(C(C)(C)C)cc3c3cc(C(C)(C)C)ccc32)c(-n2c3ccc(C(C)(C)C)cc3c3cc(C(C)(C)C)ccc32)c1-n1c2ccc(C(C)(C)C)cc2c2cc(C(C)(C)C)ccc21,1
CC(C)(C)c1ccc2c(c1)c1cc(C(C)(C)C)ccc1n2-c1ccc(-c2nc(-c3ccc(P(=O)(c4ccccc4)c4ccccc4)cc3)nc(-c3ccc(P(=O)(c4ccccc4)c4ccccc4)cc3)n2)cc1,1
CC(C)(C)c1ccc2c(c1)c1cc(C(C)(C)C)ccc1n2-c1ccc(-c2nc(-c3ccc(-n4c5ccc(C(C)(C)C)cc5c5cc(C(C)(C)C)ccc54)cc3)nc(-c3ccc(P(=O)(c4ccccc4)c4ccccc4)cc3)n2)cc1,1
CC(C)(C)c1ccc2c(c1)c1cc(C(C)(C)C)ccc1n2-c1ccccc1-c1nc(-c2ccccc2P(=O)(c2ccccc2)c2ccccc2)nc(-c2ccccc2P(=O)(c2ccccc2)c2ccccc2)n1,1
CC(C)(C)c1ccc2c(c1)c1cc(C(C)(C)C)ccc1n2-c1cccc(-c2nc(-c3cccc(P(=O)(c4ccccc4)c4ccccc4)c3)nc(-c3cccc(P(=O)(c4ccccc4)c4ccccc4)c3)n2)c1,1
CC(C)(C)c1ccc2c(c1)c1cc(C(C)(C)C)ccc1n2-c1ccccc1-c1nc(-c2ccccc2-n2c3ccc(C(C)(C)C)cc3c3cc(C(C)(C)C)ccc32)nc(-c2ccccc2P(=O)(c2ccccc2)c2ccccc2)n1,1
CC(C)(C)c1ccc2c(c1)c1cc(C(C)(C)C)ccc1n2-c1cccc(-c2nc(-c3cccc(-n4c5ccc(C(C)(C)C)cc5c5cc(C(C)(C)C)ccc54)c3)nc(-c3cccc(P(=O)(c4ccccc4)c4ccccc4)c3)n2)c1,1
c1ccc(-c2nc(-c3ccccc3)nc(-n3c4ccccc4c4cccc(-n5c6ccccc6c6ccccc65)c43)n2)cc1,1
c1ccc(-c2nc(-c3ccccc3)nc(-n3c4ccccc4c4cc(-n5c6ccccc6c6ccccc65)ccc43)n2)cc1,1
c1ccc(-c2nc(-c3ccccc3)nc(-n3c4ccccc4c4cc(-n5c6ccccc6c6ccccc65)cc(-n5c6ccccc6c6ccccc65)c43)n2)cc1,1
c1ccc(-c2nc(-c3ccccc3)nc(-c3ccc(-n4c5ccccc5c5cc(-n6c7ccccc7c7ccccc76)ccc54)c4c5ccccc5n(-c5ccccc5)c34)n2)cc1,1
CC(C)(C)c1ccc2c(c1)c1cc(C(C)(C)C)ccc1n2-c1ccc(-c2nc(-c3ccccc3)nc(-c3ccccc3)n2)c2c1c1ccccc1n2-c1ccccc1,1
Cc1ccc2c(c1)C1(c3ccccc3-c3ccccc31)c1cc(C)ccc1N2c1ccc2c(c1)Sc1ccccc1P2(=S)c1ccccc1,1
Cc1ccc2c(c1)C1(c3ccccc3-c3ccccc31)c1cc(C)ccc1N2c1ccc2c(c1)Sc1ccccc1P2(=O)c1ccccc1,1
Cc1ccc2c(c1)C1(c3ccccc3-c3ccccc31)c1cc(C)ccc1N2c1ccc2c(c1)Oc1ccccc1P2(=S)c1ccccc1,1
Cc1ccc2c(c1)C1(c3ccccc3-c3ccccc31)c1cc(C)ccc1N2c1ccc2c(c1)Oc1ccccc1P2(=O)c1ccccc1,1
Cc1c(-c2ccc(N3c4ccccc4C(C)(C)c4ccccc43)cc2)ncnc1-c1ccc(N2c3ccccc3C(C)(C)c3ccccc32)cc1,1
Cc1cc(N2c3ccccc3C(C)(C)c3ccccc32)ccc1-c1cc(-c2ccc(N3c4ccccc4C(C)(C)c4ccccc43)cc2C)ncn1,1
O=C(c1ccc(-n2c3ccccc3c3ccccc32)cc1)c1ccc(-n2c3ccccc3c3ccccc32)cc1,1
O=C(c1ccc(-n2c3ccccc3c3cc(-n4c5ccccc5c5ccccc54)ccc32)cc1)c1ccc(-n2c3ccccc3c3cc(-n4c5ccccc5c5ccccc54)ccc32)cn1,1
O=C(c1ccc(N2c3ccccc3Oc3ccccc32)cc1)c1ccc(N2c3ccccc3Oc3ccccc32)cc1,1
O=C(c1ccc(N2c3ccccc3Oc3ccccc32)cc1)c1cccc(C(=O)c2ccc(N3c4ccccc4Oc4ccccc43)cc2)c1,1
O=C(c1ccc(C(=O)c2ccc(N3c4ccccc4Oc4ccccc43)cc2)cc1)c1ccc(N2c3ccccc3Oc3ccccc32)cc1,1
CC(C)(C)c1ccc2c(c1)c1cc(C(C)(C)C)ccc1n2-c1ccc(S(=O)(=O)c2ccc(S(=O)(=O)c3ccc(-n4c5ccc(C(C)(C)C)cc5c5cc(C(C)(C)C)ccc54)cc3)cc2)cc1,1
CC(C)(C)c1ccc2c(c1)c1cc(C(C)(C)C)ccc1n2-c1ccc(S(=O)(=O)c2cccc(S(=O)(=O)c3ccc(-n4c5ccc(C(C)(C)C)cc5c5cc(C(C)(C)C)ccc54)cc3)c2)cc1,1
c1ccc(-c2nc(-c3ccccc3)nc(-c3ccc(N4c5ccccc5[Si](c5ccccc5)(c5ccccc5)c5ccccc54)cc3)n2)cc1,1
c1ccc(-c2nc(-c3ccccc3)nc(-c3ccc(N4c5ccccc5C5(c6ccccc64)c4ccccc4N(c4ccc(-c6nc(-c7ccccc7)nc(-c7ccccc7)n6)cc4)c4ccccc45)cc3)n2)cc1,1
c1ccc(-c2cc(-c3ccc(N4c5ccccc5C5(c6ccccc64)c4ccccc4N(c4ccc(-c6cc(-c7ccccc7)nc(-c7ccccc7)n6)cc4)c4ccccc45)cc3)nc(-c3ccccc3)n2)cc1,1
N#Cc1cccc(C#N)c1-c1ccc(N2c3ccccc3C3(c4ccccc42)c2ccccc2N(c2ccc(-c4c(C#N)cccc4C#N)cc2)c2ccccc23)cc1,1
O=S1(=O)c2ccccc2Oc2cc(N3c4ccccc4C4(c5ccccc53)c3ccccc3N(c3ccc5c(c3)Oc3ccccc3S5(=O)=O)c3ccccc34)ccc21,1
Cc1ccc2c(c1)C1(c3ccccc3-c3ccccc31)c1cc(C)ccc1N2c1ccc(-c2nc(-c3ccccc3)cc(-c3ccccc3)n2)cc1,1
Cc1ccc2c(c1)C1(c3ccccc3Oc3ccccc31)c1cc(C)ccc1N2c1ccc(-c2nc(-c3ccccc3)cc(-c3ccccc3)n2)cc1,1
Cc1ccc2c(c1)C1(c3ccccc3-c3ccccc31)c1cc(C)ccc1N2c1ccc(-c2ncccn2)cc1,1
Cc1ccc2c(c1)C1(c3ccccc3Oc3ccccc31)c1cc(C)ccc1N2c1ccc(-c2ncccn2)cc1,1
CC1(C)c2ccccc2N(c2ccc(-c3ncccn3)cc2)c2ccccc21,1
c1ccc(-c2cc(-c3ccc(N4c5ccccc5C(c5ccccc5)(c5ccccc5)c5ccccc54)cn3)nc(-c3ccccc3)n2)cc1,1
c1ccc(-c2nc(-c3ccc(N4c5ccccc5C(c5ccccc5)(c5ccccc5)c5ccccc54)cc3)cc(-c3ccccn3)n2)cc1,1
c1ccc(-c2cc(-c3ccc(N4c5ccccc5C(c5ccccc5)(c5ccccc5)c5ccccc54)cc3)nc(-c3ccccc3)n2)cc1,1
CC1(C)c2ccccc2N(c2ccccc2)c2ccc(S(=O)(=O)c3ccc4c(c3)C(C)(C)c3ccccc3N4c3ccccc3)cc21,1
CC1(C)c2ccccc2N(c2ccccc2)c2ccc(C(=O)c3ccc4c(c3)C(C)(C)c3ccccc3N4c3ccccc3)cc21,1
CC1(C)c2ccccc2N(c2ccccc2)c2ccc(-c3ccc(S(=O)(=O)c4ccc(-c5ccc6c(c5)C(C)(C)c5ccccc5N6c5ccccc5)cc4)cc3)cc21,1
CC1(C)c2ccccc2N(c2ccccc2)c2ccc(-c3nc(-c4ccccc4)nc(-c4ccccc4)n3)cc21,1
CC1(C)c2ccccc2N(c2ccccc2)c2ccc(-c3ccc(C(=O)c4ccc(-c5ccc6c(c5)C(C)(C)c5ccccc5N6c5ccccc5)cc4)cc3)cc21,1
CC1(C)c2ccccc2N(c2ccccc2)c2ccc(-c3ccc(-c4ccc5c(c4)C(C)(C)c4ccccc4N5c4ccccc4)c4nsnc34)cc21,1
c1ccc(-c2nc(-c3ccccc3)nc(-c3ccc(-n4c5ccccc5c5c6c(ccc54)C4(c5ccccc5-c5ccccc54)c4ccccc4-6)cc3)n2)cc1,1
Fc1cc(-c2nc(-c3ccccc3)nc(-c3ccccc3)n2)ccc1-n1c2ccccc2c2c3c(ccc21)C1(c2ccccc2-c2ccccc21)c1ccccc1-3,1
c1ccc(-c2nc(-c3ccccc3)nc(-c3ccc(N4c5ccccc5C5(c6ccccc6-c6ccccc65)c5ccccc54)cc3)n2)cc1,1
Cc1cc(-c2nc(-c3ccccc3)nc(-c3ccccc3)n2)ccc1N1c2ccccc2C2(c3ccccc3-c3ccccc32)c2ccccc21,1
Cc1cc(N2c3ccccc3C3(c4ccccc4-c4ccccc43)c3ccccc32)c(C)cc1-c1nc(-c2ccccc2)nc(-c2ccccc2)n1,1
Cc1cc(-c2nc(-c3ccccc3)nc(-c3ccccc3)n2)ccc1N1c2ccccc2[Si](c2ccccc2)(c2ccccc2)c2ccccc21,1
Cc1cc(N2c3ccccc3[Si](c3ccccc3)(c3ccccc3)c3ccccc32)c(C)cc1-c1nc(-c2ccccc2)nc(-c2ccccc2)n1,1
CC1(C)c2ccccc2N(c2ccc3c(c2)C2(c4cc(N5c6ccccc6C(C)(C)c6ccccc65)ccc4-3)c3ccccc3S(=O)(=O)c3ccccc32)c2ccccc21,1
CC1(C)c2ccccc2N(c2ccc3c(c2)C(c2ccccc2)(c2ccccc2)c2cc(N4c5ccccc5C(C)(C)c5ccccc54)ccc2S3(=O)=O)c2ccccc21,1
CC1(C)c2ccccc2N(c2ccc3c(c2)c2ccccc2n2c4ccccc4nc32)c2ccccc21,1
c1ccc2c(c1)Oc1ccccc1N2c1ccc2c(c1)c1ccccc1n1c3ccccc3nc21,1
c1ccc2c(c1)Oc1ccccc1N2c1ccc2c(c1)c1ccccc1n1ccnc21,1
c1ccc(-c2nc(-c3ccccc3)nc(-c3ccc(-n4c5ccccc5c5cc(-c6ccc7sc8ccccc8c7c6)ccc54)cc3)n2)cc1,1
c1ccc(-c2nc(-c3ccccc3)nc(-c3ccc(-n4c5ccccc5c5cc(-c6ccc7oc8ccccc8c7c6)ccc54)cc3)n2)cc1,1
c1ccc(-c2nc(-c3ccccc3)nc(-c3ccc(-n4c5ccc(-c6ccc7sc8ccccc8c7c6)cc5c5cc(-c6ccc7sc8ccccc8c7c6)ccc54)cc3)n2)cc1,1
c1ccc(-c2nc(-c3ccccc3)nc(-c3ccc(-n4c5ccc(-c6ccc7oc8ccccc8c7c6)cc5c5cc(-c6ccc7oc8ccccc8c7c6)ccc54)cc3)n2)cc1,1
COc1ccc(-c2ccc3c(c2)c2cc(-c4ccc(OC)cc4)ccc2n3-c2ccc(C(=O)c3ccc4sc5ccccc5c4c3)cc2)cc1,1
COc1ccc(-c2ccc3c(c2)c2cc(-c4ccc(OC)cc4)ccc2n3-c2ccc(C(=O)c3ccc4sc5ccccc5c4c3)nc2)cc1,1
COc1ccc(-c2ccc3c(c2)c2cc(-c4ccc(OC)cc4)ccc2n3-c2ccc(C(=O)c3ccc4sc5ccccc5c4c3)cn2)cc1,1
CC(C)(C)c1ccc2c(c1)c1cc(C(C)(C)C)ccc1n2-c1ccc(S(=O)(=O)c2ccc(-n3c4ccc(C(C)(C)C)cc4c4cc(C(C)(C)C)ccc43)cn2)nc1,1
CC(C)(C)c1ccc2c(c1)c1cc(C(C)(C)C)ccc1n2-c1ccc(S(=O)(=O)c2ccc(-n3c4ccc(C(C)(C)C)cc4c4cc(C(C)(C)C)ccc43)nc2)cn1,1
CC(C)(C)c1ccc(-c2nc(-c3ccc(-n4c5ccccc5c5c6oc7ccccc7c6ccc54)cc3)nc(-c3ccc(C(C)(C)C)cc3)n2)cc1,1
CC(C)(C)c1ccc(-c2nc(-c3ccc(C(C)(C)C)cc3)nc(-c3ccc(-n4c5ccccc5c5c6oc7ccccc7c6ccc54)c(C#N)c3)n2)cc1,1
CC(C)(C)c1ccc(-c2nc(-c3ccc(C(C)(C)C)cc3)nc(-c3cc(C#N)c(-n4c5ccccc5c5c6oc7ccccc7c6ccc54)c(C#N)c3)n2)cc1,1
O=C(c1ccccc1)c1cc2ccc1CCc1ccc(cc1-c1ccc(N(c3ccccc3)c3ccccc3)cc1)CC2,1
O=C(c1ccccc1)c1cc2ccc1CCc1ccc(c(-c3ccc(N(c4ccccc4)c4ccccc4)cc3)c1)CC2,1
CC1(C)c2ccccc2N(c2ccc(-c3nnc(-c4ccc(N5c6ccccc6C(C)(C)c6ccccc65)cc4)o3)cc2)c2ccccc21,1
CC1(C)c2ccccc2N(c2ccc(-c3nnc(-c4ccc(-n5c6ccccc6c6ccccc65)cc4)o3)cc2)c2ccccc21,1
c1ccc2c(c1)c1ccccc1n2-c1ccc(-c2nnc(-c3ccc(-n4c5ccccc5c5ccccc54)cc3)o2)cc1,1
c1ccc(-c2nc(-c3ccccc3)nc(-c3ccc(N4c5ccccc5C5(c6ccccc64)c4ccccc4C4(c6ccccc6Sc6ccccc64)c4ccccc45)cc3)n2)cc1,1
c1ccc(-c2nc(-c3ccccc3)nc(-c3ccc(N4c5ccccc5C5(c6ccccc64)c4ccccc4C4(c6ccccc6-c6ccccc64)c4ccccc45)cc3)n2)cc1,1
CC(C)(C)c1ccc2c(c1)c1cc(C(C)(C)C)ccc1n2-c1cccc(C(=O)c2cccc(-n3c4ccc(C(C)(C)C)cc4c4cc(C(C)(C)C)ccc43)n2)n1,1
CC(C)(C)c1ccc2c(c1)c1cc(C(C)(C)C)ccc1n2-c1ccc(C(=O)c2ccc(-n3c4ccc(C(C)(C)C)cc4c4cc(C(C)(C)C)ccc43)nc2)cn1,1
c1ccc(-c2nc(-c3ccccc3)nc(-c3ccc(-n4c5ccccc5c5ccc6c7ccccc7n(-c7ccccc7)c6c54)cc3)n2)cc1,1
c1ccc(-c2nc(-c3ccccc3)nc(-c3ccc(-n4c5ccccc5c5ccc6c(c7ccccc7n6-c6ccccc6)c54)cc3)n2)cc1,1
c1ccc(-c2nc(-c3ccccc3)nc(-c3ccc(-n4c5ccccc5c5cc6c(cc54)c4ccccc4n6-c4ccccc4)cc3)n2)cc1,1
c1ccc(-c2nc(-c3ccccc3)nc(-c3ccc(-n4c5ccccc5c5cc6c7ccccc7n7c8ccccc8c(c54)c67)cc3)n2)cc1,1
c1ccc(-c2nc(-c3ccccc3)nc(-c3ccc(N4c5ccccc5CCc5ccccc54)cc3)n2)cc1,1
Cc1cc(-c2nc(-c3ccccc3)nc(-c3ccccc3)n2)ccc1N1c2ccccc2CCc2ccccc21,1
Cc1cc(-c2nc(-c3ccccc3)nc(-c3ccccc3)n2)cc(C)c1N1c2ccccc2CCc2ccccc21,1
N#CC(C#N)=C(c1ccc(N(c2ccccc2)c2ccccc2)cc1)c1ccc(N(c2ccccc2)c2ccccc2)cc1,1
N#CC(C#N)=C(c1cccc(N(c2ccccc2)c2ccccc2)c1)c1cccc(N(c2ccccc2)c2ccccc2)c1,1
CC(C)(C)c1ccc2c(c1)c1cc(C(C)(C)C)ccc1n2-c1cc(C(=O)c2ccncc2)cc(-n2c3ccc(C(C)(C)C)cc3c3cc(C(C)(C)C)ccc32)c1,1
CC(C)(C)c1ccc2c(c1)c1cc(C(C)(C)C)ccc1n2-c1cc(C(=O)c2ccccc2)cc(-n2c3ccc(C(C)(C)C)cc3c3cc(C(C)(C)C)ccc32)c1,1
O=C(c1ccncc1)c1ccc(-n2c3ccccc3c3ccccc32)cc1,1
CC(C)(C)c1ccc2c(c1)c1cc(C(C)(C)C)ccc1n2-c1ccc(C(=O)c2ccncc2)cc1,1
O=C(c1ccncc1)c1ccc(-n2c3ccccc3c3cc(-n4c5ccccc5c5ccccc54)ccc32)cc1,1
O=C(c1ccncc1)c1ccc(-n2c3ccc(-n4c5ccccc5c5ccccc54)cc3c3cc(-n4c5ccccc5c5ccccc54)ccc32)cc1,1
N#Cc1c(N2c3ccccc3C(c3ccccc3)(c3ccccc3)c3ccccc32)cccc1N1c2ccccc2C(c2ccccc2)(c2ccccc2)c2ccccc21,1
N#Cc1ccccc1N1c2ccccc2C(c2ccccc2)(c2ccccc2)c2ccccc21,1
N#Cc1cccc(N2c3ccccc3C(c3ccccc3)(c3ccccc3)c3ccccc32)c1,1
N#Cc1ccc(N2c3ccccc3C(c3ccccc3)(c3ccccc3)c3ccccc32)cc1,1
Cc1cc(C#N)ccc1N1c2ccccc2C(c2ccccc2)(c2ccccc2)c2ccccc21,1
N#Cc1cc(-n2c3ccccc3c3cccnc32)c(-n2c3ccccc3c3cccnc32)cc1C#N,1
N#Cc1cc(-n2c3ccccc3c3ncccc32)c(-n2c3ccccc3c3ncccc32)cc1C#N,1
c1ccc(-c2nc(-c3ccccc3)nc(-c3cc(-n4c5ccccc5c5ncccc54)c(-n4c5ccccc5c5ccccc54)c(-n4c5ccccc5c5ncccc54)c3)n2)cc1,1
CC1(C)c2ccccc2N(c2ccc3c(c2)Oc2ccccc2P3(=O)c2ccccc2)c2ccccc21,1
CC1(C)c2ccccc2N(c2ccc3c(c2)Oc2ccccc2S3(=O)=O)c2ccccc21,1
Cc1nc(-c2ccc(N3c4ccccc4C(c4ccccc4)(c4ccccc4)c4ccccc43)cc2)cc(-c2ccc(N3c4ccccc4C(c4ccccc4)(c4ccccc4)c4ccccc43)cc2)n1,1
c1ccc(-c2nc(-c3ccc(N4c5ccccc5C(c5ccccc5)(c5ccccc5)c5ccccc54)cc3)cc(-c3ccc(N4c5ccccc5C(c5ccccc5)(c5ccccc5)c5ccccc54)cc3)n2)cc1,1
CC1(C)c2ccccc2N(c2ccc(-c3nc(-c4ccccc4)cc(-c4ccccc4)n3)cc2)c2ccccc21,1
CC1(C)c2ccccc2N(c2ccc(-c3cc(-c4ccccc4)nc(-c4ccccc4)n3)cc2)c2ccccc21,1
CC1(C)c2cc(-n3c4ccccc4c4ccccc43)ccc2N(c2ccc(-c3cc(-c4ccccc4)nc(-c4ccccc4)n3)cc2)c2ccc(-n3c4ccccc4c4ccccc43)cc21,1
CCCCN1C(=O)C(=CC=C2N(CCCC)c3ccccc3N2CCCC)C(=O)N(CCCC)C1=S,1
CCCCN1C(=O)C(=C/C=C/C=C2N(CCCC)c3ccccc3N2CCCC)C(=O)N(CCCC)C1=S,1
CCCCN1C(=O)C(=C/C=C/C=C/C=C2N(CCCC)c3ccccc3N2CCCC)C(=O)N(CCCC)C1=S,1
C(=C/c1ccc(-n2c3ccccc3c3ccccc32)cc1)\c1ccc(-c2ccc(/C=C/c3ccc(-n4c5ccccc5c5ccccc54)cc3)cc2)cc1,1
c1ccc2c(c1)c1ccccc1n2-c1ccc2cc(-c3ccc(-c4ccc(-c5cc6ccc(-n7c8ccccc8c8ccccc87)cc6o5)cc4)cc3)oc2c1,1
c1ccc2c(c1)c1ccccc1n2-c1ccc(-c2cc3ccc(-c4ccc5cc(-c6ccc(-n7c8ccccc8c8ccccc87)cc6)oc5c4)cc3o2)cc1,1
CC1(C)c2ccccc2N2c3ccccc3C3(c4cc(C#N)ccc4-c4ccc(C#N)cc43)c3cccc1c32,1
N#Cc1ccc2c(c1)C1(c3cc(C#N)ccc3-2)c2ccccc2N(c2ccccc2)c2ccccc21,1
CC(C)(C)c1ccc2c(c1)c1cc(C(C)(C)C)cc3c1n2-c1cc(-c2ccccc2F)cc2c1B3c1cc(C(C)(C)C)cc3c4cc(C(C)(C)C)ccc4n-2c13,1
CC(C)(C)c1ccc2c(c1)c1cc(C(C)(C)C)cc3c1n2-c1cc(-c2cccc(F)c2)cc2c1B3c1cc(C(C)(C)C)cc3c4cc(C(C)(C)C)ccc4n-2c13,1
CC(C)(C)c1ccc2c(c1)c1cc(C(C)(C)C)cc3c1n2-c1cc(-c2ccc(F)cc2)cc2c1B3c1cc(C(C)(C)C)cc3c4cc(C(C)(C)C)ccc4n-2c13,1
O=c1c2ccccc2n2c3ccccc3c(=O)c3cccc1c32,1
CC1(C)c2ccccc2N(c2ccc3c(c2)c(=O)c2cccc4c(=O)c5cc(N6c7ccccc7C(C)(C)c7ccccc76)ccc5n3c24)c2ccccc21,1
CN(C)c1ccc(/C=C/c2nc3ccc(N(C)C)cc3oc2=O)cc1,1
CN(C)c1ccc2nc(/C=C/c3cc4c5c(c3)CCCN5CCC4)c(=O)oc2c1,1
CN(C)c1ccc2nc(/C=C/c3ccccc3)c(=O)oc2c1,1
C[n+]1ccc(/C=C/c2ccc([O-])cc2)cc1,1
F[B-]1(F)n2cccc2C(c2c3ccccc3cc3ccccc23)=C2C=CC=[N+]21,1
Cc1c2ccccc2c(C2=C3C=CC=[N+]3[B-](F)(F)n3cccc32)c2ccccc12,1
F[B-]1(F)n2cccc2C(c2c3ccccc3c(-c3ccccc3)c3ccccc23)=C2C=CC=[N+]21,1
F[B-]1(F)n2cccc2C(c2ccc(-c3c4ccccc4c(-c4ccccc4)c4ccccc34)cc2)=C2C=CC=[N+]21,1
CC1=[N+]2C(=C(c3c4ccccc4c(C)c4ccccc34)c3ccc(C)n3[B-]2(F)F)C=C1,1
CC1=[N+]2C(=C(c3c4ccccc4c(-c4ccccc4)c4ccccc34)c3ccc(C)n3[B-]2(F)F)C=C1,1
CC1=[N+]2C(=C(c3ccc(-c4c5ccccc5c(-c5ccccc5)c5ccccc45)cc3)c3ccc(C)n3[B-]2(F)F)C=C1,1
CC1=CC(C)=[N+]2C1=C(c1c3ccccc3cc3ccccc13)c1c(C)cc(C)n1[B-]2(F)F,1
CC1=CC(C)=[N+]2C1=C(c1c3ccccc3c(C)c3ccccc13)c1c(C)cc(C)n1[B-]2(F)F,1
CC1=CC(C)=[N+]2C1=C(c1c3ccccc3c(-c3ccccc3)c3ccccc13)c1c(C)cc(C)n1[B-]2(F)F,1
CC1=CC(C)=[N+]2C1=C(c1ccc(-c3c4ccccc4c(-c4ccccc4)c4ccccc34)cc1)c1c(C)cc(C)n1[B-]2(F)F,1
CCC1=C(C)C2=C(c3c4ccccc4cc4ccccc34)c3c(C)c(CC)c(C)n3[B-](F)(F)[N+]2=C1C,1
CCC1=C(C)C2=C(c3c4ccccc4c(C)c4ccccc34)c3c(C)c(CC)c(C)n3[B-](F)(F)[N+]2=C1C,1
CCC1=C(C)C2=C(c3c4ccccc4c(-c4ccccc4)c4ccccc34)c3c(C)c(CC)c(C)n3[B-](F)(F)[N+]2=C1C,1
CCC1=C(C)C2=C(c3ccc(-c4c5ccccc5c(-c5ccccc5)c5ccccc45)cc3)c3c(C)c(CC)c(C)n3[B-](F)(F)[N+]2=C1C,1
Cc1cc(C)c(B2c3cc(C)ccc3N3c4ccc(C)cc4B(c4c(C)cc(C)cc4C)c4cc(C)cc2c43)c(C)c1,1
Cc1ccc2c(c1)B(c1c(C(C)C)cc(C(C)C)cc1C(C)C)c1cc(C)cc3c1N2c1ccc(C)cc1B3c1c(C(C)C)cc(C(C)C)cc1C(C)C,1
c1ccc(-c2cccc3c2-c2ccccc2C32c3ccccc3-c3ccccc32)cc1,1
c1ccc(-c2cccc3c2-c2ccccc2C32c3ccccc3-c3ccccc32)nc1,1
c1cncc(-c2cccc3c2-c2ccccc2C32c3ccccc3-c3ccccc32)c1,1
c1ccc2c(c1)-c1ccccc1C21c2ccccc2-c2c(-c3ccncc3)cccc21,1
c1ccc2c(c1)-c1ccccc1C21c2ccccc2-c2ccc(-c3ccncc3)cc21,1
c1ccc(-c2ccc3c(c2)C2(c4ccccc4-c4ccccc42)c2ccccc2-3)cc1,1
N#Cc1c(N2CCCCC2)cc(-c2cccc3ccccc23)c2c1CCc1ccccc1-2,1
N#Cc1c(N2CCCCC2)cc(-c2cccs2)c2c1CCc1ccccc1-2,1
N#Cc1c(N2CCCCC2)cc(-c2ccc(-c3ccccc3)cc2)c2c1CCc1ccccc1-2,1
N#Cc1c(N2CCCCC2)cc(-c2ccc(Br)cc2)c2c1CCc1ccccc1-2,1
N#Cc1c(N2CCCCC2)cc(-c2ccc(Br)s2)c2c1CCc1ccccc1-2,1
CN(C)c1ccc(-c2ccc(-c3cc(N4CCCCC4)c(C#N)c4c3-c3ccccc3CC4)cc2)cc1,1
CN(C)c1ccc(-c2ccc(-c3cc(N4CCCCC4)c(C#N)c4c3-c3ccccc3CC4)s2)cc1,1
N#Cc1c(N2CCCCC2)cc(-c2ccc(-c3ccccc3)s2)c2c1CCc1ccccc1-2,1
C1=Cc2ccc(N(c3ccccc3)c3ccccc3)cc2C2(c3cc(N(c4ccccc4)c4ccccc4)ccc31)c1ccccc1-c1ccccc12,1
C1=Cc2ccc(N(c3ccccc3)c3cccc4ccccc34)cc2C2(c3cc(N(c4ccccc4)c4cccc5ccccc45)ccc31)c1ccccc1-c1ccccc12,1
COc1ccc(N(c2ccc(OC)cc2)c2ccc3c(c2)C2(c4cc(N(c5ccc(OC)cc5)c5ccc(OC)cc5)ccc4C=C3)c3ccccc3-c3ccccc32)cc1,1
C(=C\c1ccc(N(c2ccccc2)c2ccccc2)cc1)\c1ccc(N(c2ccccc2)c2ccccc2)cc1,1
C1=Cc2ccc(N(c3ccccc3)c3ccccc3)cc2Cc2cc(N(c3ccccc3)c3ccccc3)ccc21,1
CC(C)(C)NC(=O)c1cccc2ccc3c4ccccc4c4ccccc4c3c12,1
Cc1ccc(C(=O)NC(C)(C)C)c2c1ccc1c3ccccc3c3ccccc3c12,1
CC(C)(C)NC(=O)c1ccc(F)c2ccc3c4ccccc4c4ccccc4c3c12,1
CC(C)(C)NC(=O)c1ccc(Br)c2ccc3c4ccccc4c4ccccc4c3c12,1
COc1ccc(C(=O)NC(C)(C)C)c2c1ccc1c3ccccc3c3ccccc3c12,1
COC(=O)c1ccc(C(=O)NC(C)(C)C)c2c1ccc1c3ccccc3c3ccccc3c12,1
CC(C)(C)NC(=O)c1ccc(-c2ccccc2)c2ccc3c4ccccc4c4ccccc4c3c12,1
Cc1ccc(-c2ccc(C(=O)NC(C)(C)C)c3c2ccc2c4ccccc4c4ccccc4c23)cc1,1
COc1ccc(-c2ccc(C(=O)NC(C)(C)C)c3c2ccc2c4ccccc4c4ccccc4c23)cc1,1
CC(C)(C)NC(=O)c1ccc(-c2cc3ccccc3o2)c2ccc3c4ccccc4c4ccccc4c3c12,1
CC(C)(C)NC(=O)c1ccc(-c2cc3ccccc3s2)c2ccc3c4ccccc4c4ccccc4c3c12,1
CC(C)(C)NC(=O)c1cc2ccccc2c2ccc3c4ccccc4c4ccccc4c3c12,1
CC(C)(C)NC(=O)c1ccc2ccc3cccc4c3c2c1c1c2ccccc2c2ccccc2c41,1
CC(C)(C)NC(=O)c1cccc2ccc3c4cc(F)ccc4c4ccc(F)cc4c3c12,1
CC(C)(C)NC(=O)c1cccc2ccc3c4cc(Cl)ccc4c4ccc(Cl)cc4c3c12,1
CC(C)(C)NC(=O)c1cccc2ccc3c4ccc(F)cc4c4cc(F)ccc4c3c12,1
CC(C)(C)NC(=O)c1cccc2ccc3c4ccc(Cl)cc4c4cc(Cl)ccc4c3c12,1
COc1ccc2c(c1)c1cc(OC)ccc1c1c2ccc2cccc(C(=O)NC(C)(C)C)c21,1
CC(C)(C)NC(=O)c1ccc(Br)c2ccc3c4ccc(F)cc4c4cc(F)ccc4c3c12,1
CC(C)(C)NC(=O)c1ccc(C(=O)NC(C)(C)C)c2c1c1c3ccccc3c3ccccc3c1c1c3ccccc3c3ccccc3c21,1
CC(C)(C)NC(=O)c1ccc(C(=O)NC(C)(C)C)c2c1c1c3ccc(Cl)cc3c3cc(Cl)ccc3c1c1c3ccc(Cl)cc3c3cc(Cl)ccc3c21,1
COc1ccc2c(c1)c1cc(OC)ccc1c1c2c2c(C(=O)NC(C)(C)C)ccc(C(=O)NC(C)(C)C)c2c2c3ccc(OC)cc3c3cc(OC)ccc3c21,1
CC(C)(C)NC(=O)c1ccc(-c2ccc(N3c4ccccc4Oc4ccccc43)cc2)c2ccc3c4ccc(F)cc4c4cc(F)ccc4c3c12,1
CC(C)(C)c1ccc(-n2c(-c3ccc(-c4ccc(N(c5ccccc5)c5ccccc5)cc4)cc3)nc3c4ccccc4c4ccccc4c32)cc1,1
CC(C)(C)c1ccc(-n2c(-c3ccc(-c4ccc(N(c5ccccc5)c5ccccc5)cc4)s3)nc3c4ccccc4c4ccccc4c32)cc1,1
CC(C)(C)c1ccc(-c2nc3c4ccccc4c4ccccc4c3n2-c2ccc(-c3ccc(N(c4ccccc4)c4ccccc4)cc3)cc2)cc1,1
c1ccc(N(c2ccccc2)c2ccc(-c3nc4c5ccccc5c5ccccc5c4n3-c3ccccc3)cc2)cc1,1
c1ccc(-c2nc3c4ccccc4c4ccccc4c3n2-c2ccccc2)cc1,1
C(=C(c1ccccc1)c1ccccc1)c1ccc(-c2ccc(-c3nc4c5ccccc5c5ccccc5c4n3-c3cccc(-c4ccc(C=C(c5ccccc5)c5ccccc5)cc4)c3)cc2)cc1,1
Cc1ccc(-n2c3ccc(-c4ccc(-c5nc6ccccc6n5-c5ccccc5)cc4)cc3c3cc(-c4ccc(-c5nc6ccccc6n5-c5ccccc5)cc4)ccc32)cc1,1
c1ccc(C2=C(c3ccccc3)[Si](c3ccccc3)(c3ccccc3)c3ccccc32)cc1,1
Fc1ccc(C2=C(c3ccc(F)cc3)[Si](c3ccccc3)(c3ccccc3)c3ccccc32)cc1,1
CC(C)(C)c1ccc(C2=C(c3ccc(C(C)(C)C)cc3)[Si](c3ccccc3)(c3ccccc3)c3ccccc32)cc1,1
COc1ccc(C2=C(c3ccc(OC)cc3)[Si](c3ccccc3)(c3ccccc3)c3ccccc32)cc1,1
c1ccc(-c2cc(-c3ccc(-c4nc(-c5ccccn5)c(-c5ccccn5)[nH]4)cc3)cc(-c3ccccn3)n2)nc1,1
N#Cc1ccc(N(c2ccccc2)c2ccc3ccc4c(N(c5ccccc5)c5ccc(C#N)cc5)ccc5ccc2c3c54)cc1,1
Fc1ccc(N(c2ccccc2)c2ccc3ccc4c(N(c5ccccc5)c5ccc(F)cc5)ccc5ccc2c3c54)cc1,1
Cc1ccc(N(c2ccccc2)c2ccc3ccc4c(N(c5ccccc5)c5ccc(C)cc5)ccc5ccc2c3c54)cc1,1
CC(C)(C)c1ccc(N(c2ccccc2)c2ccc3ccc4c(N(c5ccccc5)c5ccc(C(C)(C)C)cc5)ccc5ccc2c3c54)cc1,1
COc1ccc(N(c2ccccc2)c2ccc3ccc4c(N(c5ccccc5)c5ccc(OC)cc5)ccc5ccc2c3c54)cc1,1
c1ccc(N(c2ccccc2)c2ccc(N(c3ccccc3)c3ccc4ccc5c(N(c6ccccc6)c6ccc(N(c7ccccc7)c7ccccc7)cc6)ccc6ccc3c4c65)cc2)cc1,1
CN(c1ccccc1)c1ccc(N(c2ccccc2)c2ccc3ccc4c(N(c5ccccc5)c5ccc(N(C)c6ccccc6)cc5)ccc5ccc2c3c54)cc1,1
c1ccc2c(c1)-c1ccccc1C21c2cc(-c3ccc4ccc5cccc6ccc3c4c56)ccc2-c2ccc(-c3ccc4ccc5cccc6ccc3c4c56)cc21,1
c1ccc2c(c1)-c1c(ccc3ccccc13)C21c2cc(-c3ccc4ccc5cccc6ccc3c4c56)ccc2-c2ccc(-c3ccc4ccc5cccc6ccc3c4c56)cc21,1
c1ccc2c(c1)-c1c(cc3ccc4cccc5ccc1c3c45)C21c2cc(-c3ccc4ccc5cccc6ccc3c4c56)ccc2-c2ccc(-c3ccc4ccc5cccc6ccc3c4c56)cc21,1
c1ccc2c(c1)Oc1ccccc1C21c2cc(-c3ccc4ccc5cccc6ccc3c4c56)ccc2-c2ccc(-c3ccc4ccc5cccc6ccc3c4c56)cc21,1
c1ccc2c3c(ccc2c1)C1(c2cc(-c4ccc5ccc6cccc7ccc4c5c67)ccc2-c2ccc(-c4ccc5ccc6cccc7ccc4c5c67)cc21)c1ccc2ccccc2c1O3,1
CCCCCCC1(CCCCCC)c2ccccc2-c2ccc(-c3ccc4c(c3)S(=O)(=O)c3cc(-c5ccc6c(c5)C(CCCCCC)(CCCCCC)c5ccccc5-6)ccc3-4)cc21,1
CCCCC(CC)Cn1c2ccccc2c2cc(-c3ccc4c(c3)S(=O)(=O)c3cc(-c5ccc6c(c5)c5ccccc5n6CC(CC)CCCC)ccc3-4)ccc21,1
CCCCC(CC)Cn1c2ccccc2c2cc(-c3cc4c(cc3F)-c3cc(F)c(-c5ccc6c(c5)c5ccccc5n6CC(CC)CCCC)cc3S4(=O)=O)ccc21,1
CCCCC(CC)Cn1c2ccccc2c2cc(-c3ccc4c(c3)-c3cc(-c5ccc6c(c5)c5ccccc5n6CC(CC)CCCC)ccc3S4(=O)=O)ccc21,1
CCCCC(CC)Cn1c2ccccc2c2ccc(-c3ccc4c(c3)S(=O)(=O)c3cc(-c5ccc6c7ccccc7n(CC(CC)CCCC)c6c5)ccc3-4)cc21,1
CCCCCCC1(CCCCCC)c2ccccc2-c2ccc(-c3cc4c(cc3F)-c3cc(F)c(-c5ccc6c(c5)C(CCCCCC)(CCCCCC)c5ccccc5-6)cc3S4(=O)=O)cc21,1
CCCCCCC1(CCCCCC)c2ccccc2-c2ccc(-c3ccc4c(c3)-c3cc(-c5ccc6c(c5)C(CCCCCC)(CCCCCC)c5ccccc5-6)ccc3S4(=O)=O)cc21,1
O=S1(=O)c2cc(-n3c4ccccc4c4ccccc43)ccc2-c2ccc(-n3c4ccccc4c4ccccc43)cc21,1
O=S1(=O)c2ccc(-n3c4ccccc4c4ccccc43)cc2-c2cc(-n3c4ccccc4c4ccccc43)ccc21,1
CCCCc1ccc(N(c2ccc(CCCC)cc2)c2ccc3c(c2)S(=O)(=O)c2cc(N(c4ccc(CCCC)cc4)c4ccc(CCCC)cc4)ccc2-3)cc1,1
CCCCc1ccc(N(c2ccc(CCCC)cc2)c2ccc(-c3ccc4c(c3)S(=O)(=O)c3cc(-c5ccc(N(c6ccc(CCCC)cc6)c6ccc(CCCC)cc6)cc5)ccc3-4)cc2)cc1,1
CC(C)(C)c1ccc(-c2nc3c4ccccc4c4ccccc4c3n2-c2ccc(C(C)(C)C)cc2)cc1,1
CC(C)(C)c1ccc(-c2nc3c4ccc(-c5ccccc5)cc4c4cc(-c5ccccc5)ccc4c3n2-c2ccc(C(C)(C)C)cc2)cc1,1
CC(C)(C)c1ccc(-c2nc3c4ccc(-c5ccc6ccccc6c5)cc4c4cc(-c5ccc6ccccc6c5)ccc4c3n2-c2ccc(C(C)(C)C)cc2)cc1,1
CC(C)(C)c1ccc(-c2nc3c4ccc(-c5cccc6ccccc56)cc4c4cc(-c5cccc6ccccc56)ccc4c3n2-c2ccc(C(C)(C)C)cc2)cc1,1
CC(C)(C)c1ccc(-c2nc3c4ccc(-c5cc6ccccc6c6ccccc56)cc4c4cc(-c5cc6ccccc6c6ccccc56)ccc4c3n2-c2ccc(C(C)(C)C)cc2)cc1,1
CC(C)(C)c1ccc(-c2nc3c4ccc(-c5c6ccccc6cc6ccccc56)cc4c4cc(-c5c6ccccc6cc6ccccc56)ccc4c3n2-c2ccc(C(C)(C)C)cc2)cc1,1
CC(C)(C)c1ccc(-c2nc3c4ccc(-c5ccc6ccc7cccc8ccc5c6c78)cc4c4cc(-c5ccc6ccc7cccc8ccc5c6c78)ccc4c3n2-c2ccc(C(C)(C)C)cc2)cc1,1
c1ccc(N(c2ccccc2)c2ccc(-c3ccc4c(c3)C3(c5cc(-c6ccc(N(c7ccccc7)c7ccccc7)cc6)ccc5-4)c4ccccc4N(c4ccccc4)c4ccccc43)cc2)cc1,1
c1ccc(N(c2ccccc2)c2ccc(-c3ccc4c(c3)C3(c5ccccc5Oc5ccccc53)c3cc(-c5ccc(N(c6ccccc6)c6ccccc6)cc5)ccc3-4)cc2)cc1,1
c1ccc(N(c2ccccc2)c2ccc(-c3ccc4c(c3)C3(c5cc(-c6ccc(N(c7ccccc7)c7ccccc7)cc6)ccc5O4)c4ccccc4-c4ccccc43)cc2)cc1,1
O=S1(=O)c2ccccc2C2(c3cc(-c4ccc(N(c5ccccc5)c5ccccc5)cc4)ccc3-c3ccc(-c4ccc(N(c5ccccc5)c5ccccc5)cc4)cc32)c2ccccc21,1
O=S1(=O)c2ccccc2C2(c3cc(-c4ccc(-n5c6ccccc6c6ccccc65)cc4)ccc3-c3ccc(-c4ccc(-n5c6ccccc6c6ccccc65)cc4)cc32)c2ccccc21,1
CC(C)(C)c1ccc2c(c1)c1cc(C(C)(C)C)ccc1n2-c1ccc(-c2ccc3c(c2)C2(c4cc(-c5ccc(-n6c7ccc(C(C)(C)C)cc7c7cc(C(C)(C)C)ccc76)cc5)ccc4-3)c3ccccc3S(=O)(=O)c3ccccc32)cc1,1
c1ccc(N(c2ccccc2)c2ccc(-c3ccc4c(c3)C3(c5ccccc5Sc5ccccc53)c3cc(-c5ccc(N(c6ccccc6)c6ccccc6)cc5)ccc3-4)cc2)cc1,1
CN(C)c1ccc(-c2ccc(-c3cc(-c4ccccc4)c(-c4ccccc4)c(-c4ccccc4)c3-c3ccccc3)nc2)cc1,1
CN(C)c1ccc(-c2ccc(-c3cc(-c4ccccc4)c(-c4ccccc4)c(-c4ccccc4)c3-c3ccccc3)cc2)cc1,1
CN(C)c1ccc(-c2ccc(-c3cc(-c4ccccc4)c(-c4ccccc4)c(-c4ccccc4)c3-c3ccccc3)s2)cc1,1
COc1cc(-c2cc(-c3ccccc3)c(-c3ccccc3)c(-c3ccccc3)c2-c2ccccc2)c(OC)cc1-c1ccc(N(C)C)cc1,1
O=c1c2ccccc2n(-c2ccc(-c3ccc(N(c4ccccc4)c4ccccc4)cc3)cc2)c2ccccc12,1
O=c1c2ccccc2n(-c2ccc(-c3ccc(-n4c5ccccc5c5ccccc54)cc3)cc2)c2ccccc12,1
O=c1c2ccccc2n(-c2ccc(-c3ccc(-n4c5ccccc5c(=O)c5ccccc54)cc3)cc2)c2ccccc12,1
c1ccc2c(c1)-c1ccccc1C21c2ccccc2-c2c1c1c3ccccc3ccc1c1ccccc21,1
c1ccc(-c2cc(-c3ccccc3)cc(-c3ccc4c(c3)C3(c5cc(-c6cc(-c7ccccc7)cc(-c7ccccc7)c6)ccc5-4)c4ccccc4-c4c3c3c5ccccc5ccc3c3ccccc43)c2)cc1,1
c1ccc(-c2cc(-c3ccccc3)cc(-c3ccc4c(c3)C3(c5ccccc5-4)c4ccccc4-c4c3c3c5ccccc5c(-c5cc(-c6ccccc6)cc(-c6ccccc6)c5)cc3c3ccccc43)c2)cc1,1
CCCCCCc1ccc(-c2ccc(-c3cc(-c4ccc(-c5ccc(CCCCCC)s5)s4)c4ccc5c(-c6ccc(-c7ccc(CCCCCC)s7)s6)cc(-c6ccc(-c7ccc(CCCCCC)s7)s6)c6ccc3c4c65)s2)s1,1
CCCCOc1ccc(-c2cc(-c3ccc(OCCCC)cc3)c3ccc4c(-c5ccc(OCCCC)cc5)cc(-c5ccc(OCCCC)cc5)c5ccc2c3c54)cc1,1
CCCCCCCCCc1csc2cc(-c3cc(-c4cc5scc(CCCCCCCCC)c5s4)c4ccc5c(-c6cc7scc(CCCCCCCCC)c7s6)cc(-c6cc7scc(CCCCCCCCC)c7s6)c6ccc3c4c65)sc12,1
CCCCCCCCc1ccc(-c2ccc(-c3cc(-c4ccc(-c5ccc(CCCCCCCC)s5)c5nsnc45)c4ccc5c(-c6ccc(-c7ccc(CCCCCCCC)s7)c7nsnc67)cc(-c6ccc(-c7ccc(CCCCCCCC)s7)c7nsnc67)c6ccc3c4c65)c3nsnc23)s1,1
CN1c2ccc3c(c2-c2ccccc2S1(=O)=O)-c1ccccc1S(=O)(=O)N3C,1
c1ccc2c(c1)OB1Oc3ccccc3-c3c1c-2c1c2c3-c3ccccc3OB2Oc2ccccc2-1,1
CC(C)(C)c1ccc2c(c1)-c1c3c(c4c5c1-c1cc(C(C)(C)C)ccc1OB5Oc1ccc(C(C)(C)C)cc1-4)-c1cc(C(C)(C)C)ccc1OB3O2,1
Cc1cc(C)c(B2c3cc(C(C)(C)C)ccc3-c3cccc4cc(C(C)(C)C)cc2c34)c(C)c1,1
Cc1cc(C)c(B2c3cc(C(C)(C)C)cc4ccc5ccc6cc(C(C)(C)C)cc2c6c5c34)c(C)c1,1
Cc1cc(C)c(B2c3cc(C(C)(C)C)ccc3-c3cc4ccccc4c4cc(C(C)(C)C)cc2c34)c(C)c1,1
Cc1cc(C)c(B2c3cc(C(C)(C)C)cc4ccc5c6ccccc6c6cc(C(C)(C)C)cc2c6c5c34)c(C)c1,1
Cc1cc(C)c(B2c3cc(C(C)(C)C)cc4c5ccccc5c5c6ccccc6c6cc(C(C)(C)C)cc2c6c5c34)c(C)c1,1
Cc1cc(C)c(B2c3cc(C(C)(C)C)ccc3-c3c(-c4ccccc4)ccc4cc(C(C)(C)C)cc2c34)c(C)c1,1
COC(=O)C1(C(=O)OC)Cc2c(C#Cc3ccccc3)c(-c3ccccc3)c3c(-c4ccccc4)c(-c4ccccc4)c(-c4ccccc4)c(-c4ccccc4)c3c2C1,1
COC(=O)C1(C(=O)OC)Cc2c(C#Cc3ccc(OC)cc3)c(-c3ccc(OC)cc3)c3c(-c4ccccc4)c(-c4ccccc4)c(-c4ccccc4)c(-c4ccccc4)c3c2C1,1
COC(=O)c1ccc(C#Cc2c3c(c4c(-c5ccccc5)c(-c5ccccc5)c(-c5ccccc5)c(-c5ccccc5)c4c2-c2ccc(C(=O)OC)cc2)CC(C(=O)OC)(C(=O)OC)C3)cc1,1
F[B-]1(F)n2c(cc3c4ccccc4c4ccccc4c32)-c2ccc3ccccc3[n+]21,1
c1cc2c3c(c1)ccc1[n+]3[B-]3(Oc4cccc5ccc6[n+](c45)[B-](O2)(O3)n2c-6cc3c4ccccc4c4ccccc4c32)n2c-1cc1c3ccccc3c3ccccc3c12,1
O=[N+]([O-])c1cccc2c1ccc1[n+]2[B-](F)(F)n2c-1cc1c3ccccc3c3ccccc3c12,1
Nc1cccc2c1ccc1[n+]2[B-](F)(F)n2c-1cc1c3ccccc3c3ccccc3c12,1
O=[N+]([O-])c1ccc2c(ccc3[n+]2[B-](F)(F)n2c-3cc3c4ccccc4c4ccccc4c32)c1,1
Nc1ccc2c(ccc3[n+]2[B-](F)(F)n2c-3cc3c4ccccc4c4ccccc4c32)c1,1
C(=C/c1ccc(N(c2ccccc2)c2ccccc2)cc1)\c1ccc(-c2ccc(/C=C/c3ccc(N(c4ccccc4)c4ccccc4)cc3)cc2)cc1,1
N#Cc1cc(/C=C/c2ccc(N(c3ccccc3)c3ccccc3)cc2)ccc1-c1ccc(/C=C/c2ccc(N(c3ccccc3)c3ccccc3)cc2)cc1C#N,1
N#Cc1cc(-c2ccc(/C=C/c3ccc(N(c4ccccc4)c4ccccc4)cc3)c(C#N)c2)ccc1/C=C/c1ccc(N(c2ccccc2)c2ccccc2)cc1,1
C(=C/c1ccc(/C=C/c2ccc(N(c3ccccc3)c3ccccc3)cc2)cc1)\c1ccc(/C=C/c2ccc(N(c3ccccc3)c3ccccc3)cc2)cc1,1
N#Cc1cc(/C=C/c2ccc(N(c3ccccc3)c3ccccc3)cc2)ccc1/C=C/c1ccc(/C=C/c2ccc(N(c3ccccc3)c3ccccc3)cc2)cc1,1
N#Cc1cc(/C=C/c2ccc(N(c3ccccc3)c3ccccc3)cc2)ccc1/C=C/c1ccc(/C=C/c2ccc(N(c3ccccc3)c3ccccc3)cc2)cc1C#N,1
N#Cc1cc(/C=C/c2ccc(/C=C/c3ccc(N(c4ccccc4)c4ccccc4)cc3)c(C#N)c2)ccc1/C=C/c1ccc(N(c2ccccc2)c2ccccc2)cc1,1
c1ccc(C2=C(c3ccccc3)c3cccc4c3c(cc3nc5ccccc5nc34)O2)cc1,1
Cc1ccc(C2=C(c3ccc(C)cc3)c3cccc4c3c(cc3nc5ccccc5nc34)O2)cc1,1
COc1ccc(C2=C(c3ccc(OC)cc3)c3cccc4c3c(cc3nc5ccccc5nc34)O2)cc1,1
Fc1ccc(C2=C(c3ccc(F)cc3)c3cccc4c3c(cc3nc5ccccc5nc34)O2)cc1,1
Clc1ccc(C2=C(c3ccc(Cl)cc3)c3cccc4c3c(cc3nc5ccccc5nc34)O2)cc1,1
Brc1ccc(C2=C(c3ccc(Br)cc3)c3cccc4c3c(cc3nc5ccccc5nc34)O2)cc1,1
c1ccc2c(C3=C(c4cccc5ccccc45)c4cccc5c4c(cc4nc6ccccc6nc45)O3)cccc2c1,1
CC1=C(c2ccccc2)Oc2cc3nc4ccccc4nc3c3cccc1c23,1
CC1=C(C)c2cccc3c2c(cc2nc4ccccc4nc23)O1,1
CCC1=C(CC)c2cccc3c2c(cc2nc4ccccc4nc23)O1,1
CCCC1=C(CCC)c2cccc3c2c(cc2nc4ccccc4nc23)O1,1
CCCCC1=C(CCCC)c2cccc3c2c(cc2nc4ccccc4nc23)O1,1
Cc1ccc2nc3cc4c5c(cccc5c3nc2c1)C(c1ccccc1)=C(c1ccccc1)O4,1
Brc1cc2nc3cc4c5c(cccc5c3nc2cc1Br)C(c1ccccc1)=C(c1ccccc1)O4,1
c1ccc(C2=C(c3ccccc3)c3cccc4c3c(cc3nc5cc(-c6ccccc6)c(-c6ccccc6)cc5nc34)O2)cc1,1
c1ccc(C2=C(c3ccccc3)c3cccc4c3c(cc3nc5c(-c6ccccc6)ccc(-c6ccccc6)c5nc34)O2)cc1,1
c1ccc(C2=C(c3ccccc3)c3cccc4c3c(cc3nc5cc(-c6ccc(N(c7ccccc7)c7ccccc7)cc6)c(-c6ccc(N(c7ccccc7)c7ccccc7)cc6)cc5nc34)O2)cc1,1
N#CC1N=c2cc3c4c(cccc4c2=NC1C#N)C(c1ccccc1)=C(c1ccccc1)O3,1
c1ccc(C2=C(c3ccccc3)c3cccc4c5c(cc(c34)O2)=NC2CCCCC2N=5)cc1,1
COc1ccc(C2=C(c3ccc(OC)cc3)c3cccc4c5c(cc(c34)O2)=NC2C=C(Br)C(Br)=CC2N=5)cc1,1
COc1ccc(C2=C(c3ccc(OC)cc3)c3cccc4c5c(cc(c34)O2)=NC(C#N)C(C#N)N=5)cc1,1
CCCCOc1ccc(-c2oc3cc4n(c3c2-c2ccc(OCCCC)cc2)[B-](F)(F)[N+]2=Cc3cc5oc(-c6ccc(OCCCC)cc6)c(-c6ccc(OCCCC)cc6)c5n3[B-](F)(F)[N+]2=C4)cc1,1
CCCCOc1ccc(-c2cc3c(o2)c(-c2ccc(OCCCC)cc2)c2n3[B-](F)(F)[N+]3=Cc4c(-c5ccc(OCCCC)cc5)c5oc(-c6ccc(OCCCC)cc6)cc5n4[B-](F)(F)[N+]3=C2)cc1,1
CCCCOc1ccc(-c2oc3c(-c4ccc(OCCCC)cc4)c4n(c3c2-c2ccc(OCCCC)cc2)[B-](F)(F)[N+]2=Cc3c(-c5ccc(OCCCC)cc5)c5oc(-c6ccc(OCCCC)cc6)c(-c6ccc(OCCCC)cc6)c5n3[B-](F)(F)[N+]2=C4)cc1,1
CCCCCCC1(CCCCCC)c2cc(-c3ccc(-c4ccc(-c5ccc(-c6ccc7c(c6)C(CCCCCC)(CCCCCC)c6cc(-n8c9ccccc9c9ccccc98)ccc6-7)s5)c5nsnc45)s3)ccc2-c2ccc(-n3c4ccccc4c4ccccc43)cc21,1
CCCCCCC1(CCCCCC)c2cc(-c3ccc(-c4ccc(-c5ccc(-c6ccc7c(c6)C(CCCCCC)(CCCCCC)c6cc(-n8c9ccc(-n%10c%11ccccc%11c%11ccccc%11%10)cc9c9cc(-n%10c%11ccccc%11c%11ccccc%11%10)ccc98)ccc6-7)s5)c5nsnc45)s3)ccc2-c2ccc(-n3c4ccc(-n5c6ccccc6c6ccccc65)cc4c4cc(-n5c6ccccc6c6ccccc65)ccc43)cc21,1
CCCCCCCCOc1ccc(C2=C3C(C)=CC(C)=[N+]3[B-](F)(F)n3c(C)cc(C)c32)cc1,1
CCCCCCCCOc1ccc(C2=C3C(C)=C(C#Cc4ccc(B(c5c(C)cc(C)cc5C)c5c(C)cc(C)cc5C)cc4)C(C)=[N+]3[B-](F)(F)n3c(C)c(C#Cc4ccc(B(c5c(C)cc(C)cc5C)c5c(C)cc(C)cc5C)cc4)c(C)c32)cc1,1
CCC12C(=C3C(=C4c5ccc(-c6ccccc6)cc5S(=O)(=O)C41CC)C(F)(F)C(F)(F)C3(F)F)c1ccc(-c3ccccc3)cc1S2(=O)=O,1
CCC12C(=C3C(=C4c5ccc(-c6ccc(C(C)=O)cc6)cc5S(=O)(=O)C41CC)C(F)(F)C(F)(F)C3(F)F)c1ccc(-c3ccc(C(C)=O)cc3)cc1S2(=O)=O,1
CCC12C(=C3C(=C4c5ccc(-c6ccc(CO)cc6)cc5S(=O)(=O)C41CC)C(F)(F)C(F)(F)C3(F)F)c1ccc(-c3ccc(CO)cc3)cc1S2(=O)=O,1
CCC12C(=C3C(=C4c5ccc(-c6ccc(C(C)=O)s6)cc5S(=O)(=O)C41CC)C(F)(F)C(F)(F)C3(F)F)c1ccc(-c3ccc(C(C)=O)s3)cc1S2(=O)=O,1
c1cc2c(C3SCCCS3)c3ccc(=[N+]4CCCCC4)cc-3oc2cc1N1CCCCC1,1
O=c1c2ccc(N3CCCCC3)cc2oc2cc(N3CCCCC3)ccc12,1
c1ccc(C2CSC(c3c4ccc(=[N+]5CCCCC5)cc-4oc4cc(N5CCCCC5)ccc34)SC2)cc1,1
CCC1=C(C)C2=Cc3c4ccccc4c4n3[B-](C)(Oc3ccccc3-4)[N+]2=C1C,1
CCC1=C(C)C2=Cc3c4ccccc4c4n3[B-](c3ccccc3)(Oc3ccccc3-4)[N+]2=C1C,1
CCC1=C(C)C2=Cc3c4ccccc4c4n3[B-](c3ccc(OC)cc3)(Oc3ccccc3-4)[N+]2=C1C,1
CCC1=C(C)C2=Cc3c4ccccc4c4n3[B-](c3ccncc3)(Oc3ccccc3-4)[N+]2=C1C,1
CCC1=C(C)C2=Cc3c4ccccc4c4n3[B-](c3ccc5cc6ccccc6cc5c3)(Oc3ccccc3-4)[N+]2=C1C,1
CCC1=C(C)C2=Cc3c4ccccc4c4n3[B-](c3ccc5ccc6cccc7ccc3c5c67)(Oc3ccccc3-4)[N+]2=C1C,1
CCC1=C(C)C2=Cc3c4ccccc4c4n3[B-](c3ccncc3)(Oc3ccccc3-4)[N+]2=C1C=Cc1ccc(OC)cc1,1
CCC1=C(C)C2=Cc3c4ccccc4c4n3[B-](c3cc[n+](C)cc3)(Oc3ccccc3-4)[N+]2=C1C,1
CCC1=C(C)C2=Cc3c4ccccc4c4n3[B-](c3cc[n+](C)cc3)(Oc3ccccc3-4)[N+]2=C1C=Cc1ccc(OC)cc1,1
CN(C)c1ccc2c(c1)C(C)(C)C1=CC(=[N+](C)C)C=CC1=C2C#Cc1ccccc1,1
CN(C)c1ccc2c(c1)[Si](C)(C)C1=CC(=[N+](C)C)C=CC1=C2C#Cc1ccccc1,1
CN(C)c1ccc2c(c1)C(C)(C)C1=CC(=[N+](C)C)C=CC1=C2,1
F[B-]1(F)OC(c2ccccc2)=Cc2cc(Cl)nc[n+]21,1
F[B-]1(F)OC(c2ccc(C(F)(F)F)cc2)=Cc2cc(Cl)nc[n+]21,1
CN(C)c1ccc(C2=Cc3cc(Cl)nc[n+]3[B-](F)(F)O2)cc1,1
F[B-]1(F)OC(c2ccccc2)=Cc2cc3[n+](c[n+]21)[B-](F)(F)OC(c1ccccc1)=C3,1
CC(C)[Si]1(C(C)C)c2ccccc2-c2ccc(N(C)C)cc21,1
CC(C)[Si]1(C(C)C)c2cc(N(C)C)ccc2-c2ccc(C(F)(F)F)cc21,1
CC(C)[Si]1(C(C)C)c2cc(C#N)ccc2-c2ccc(N(C)C)cc21,1
CC(C)[Si]1(C(C)C)c2cc(C=O)ccc2-c2ccc(N(C)C)cc21,1
CC(C)[Si]1(C(C)C)c2cc(C=C(C#N)C#N)ccc2-c2ccc(N(C)C)cc21,1
CC(C)[Si]1(C(C)C)c2cc(C#N)ccc2-c2ccc(N(c3ccccc3)c3ccccc3)cc21,1
CC(C)[Si]1(C(C)C)c2cc(C=O)ccc2-c2ccc(N(c3ccccc3)c3ccccc3)cc21,1
CC(C)[Si]1(C(C)C)c2cc(C=C(C#N)C#N)ccc2-c2ccc(N(c3ccccc3)c3ccccc3)cc21,1
CCC1(CC)c2cc(N(C)C)ccc2-c2ccc(C(F)(F)F)cc21,1
CCC1(CC)c2cc(C=O)ccc2-c2ccc(N(C)C)cc21,1
CCC1(CC)c2cc(C=C(C#N)C#N)ccc2-c2ccc(N(C)C)cc21,1
COc1ccc(/C=C/C=C/C=C/c2ccc([N+](=O)[O-])cc2)cc1,1
CCOc1ccc(/C=C/C=C/C=C/c2ccc([N+](=O)[O-])cc2)cc1,1
CCCOc1ccc(/C=C/C=C/C=C/c2ccc([N+](=O)[O-])cc2)cc1,1
CCCCOc1ccc(/C=C/C=C/C=C/c2ccc([N+](=O)[O-])cc2)cc1,1
CC1=[N+]2C(=C(c3ccccc3)c3ccc(/C=C/c4ccc(C(=C(c5ccccc5)c5ccccc5)c5ccccc5)cc4)n3[B-]2(F)F)C=C1,1
F[B-]1(F)n2c(/C=C/c3ccc(C(=C(c4ccccc4)c4ccccc4)c4ccccc4)cc3)ccc2C(c2ccccc2)=C2C=CC(/C=C/c3ccc(C(=C(c4ccccc4)c4ccccc4)c4ccccc4)cc3)=[N+]21,1
CC1=[N+]2C(=C(c3ccc(C(=C(c4ccccc4)c4ccccc4)c4ccccc4)cc3)c3ccc(C)n3[B-]2(F)F)C=C1,1
CC1=[N+]2C(=C(c3ccc(C(=C(c4ccccc4)c4ccccc4)c4ccccc4)cc3)c3ccc(/C=C/c4ccc(C(=C(c5ccccc5)c5ccccc5)c5ccccc5)cc4)n3[B-]2(F)F)C=C1,1
F[B-]1(F)n2c(/C=C/c3ccc(C(=C(c4ccccc4)c4ccccc4)c4ccccc4)cc3)ccc2C(c2ccc(C(=C(c3ccccc3)c3ccccc3)c3ccccc3)cc2)=C2C=CC(/C=C/c3ccc(C(=C(c4ccccc4)c4ccccc4)c4ccccc4)cc3)=[N+]21,1
Cc1cc(C)c(B(c2c(C)cc(C)cc2C)c2cc3ccc4ccccc4c3c3c2ccc2ccccc23)c(C)c1,1
Cc1cc(C)c(B(c2c(C)cc(C)cc2C)c2cc3cc(N(C)C)c4ccccc4c3c3c2ccc2ccccc23)c(C)c1,1
Cc1cc(C)c(B(c2c(C)cc(C)cc2C)c2cc3ccc4ccccc4c3c3c2cc(N(C)C)c2ccccc23)c(C)c1,1
CN1/C(=C/C=C/C2=[N+](C)c3c(F)c(F)c4c(F)c(F)c(F)c(F)c4c3C2(C)C)C(C)(C)c2c1c(F)c(F)c1c(F)c(F)c(F)c(F)c21,1
CN1/C(=C/C=C/C2=[N+](C)c3ccc4ccccc4c3C2(C)C)C(C)(C)c2c1ccc1ccccc21,1
N#Cc1ccc(/C=C/C=C/c2ccccc2)cc1,1
O=[N+]([O-])c1ccc(/C=C/C=C/c2ccccc2)cc1,1
N#C/C(=C\C=C\c1ccccc1)c1ccccc1,1
N#Cc1ccc(/C=C/C=C/c2ccc([N+](=O)[O-])cc2)cc1,1
N#C/C(=C\C=C\c1ccccc1)c1ccc([N+](=O)[O-])cc1,1
N#C/C(=C\C=C\c1ccc([N+](=O)[O-])cc1)c1ccccc1,1
CCNc1cc2c(cc1C)C(c1ccccc1C(=O)O)=C1CCCC(/C=C/C3=[N+](C)c4ccccc4C3(C)C)=C1O2,1
CCN(CC)c1ccc2c(c1)OC1=C(/C=C/C3=[N+](C)c4ccccc4C3(C)C)CCCC1=C2c1ccccc1C(=O)O,1
C[N+]1=C(/C=C/C2=C3Oc4c(cc5c6c4CCCN6CCC5)C(c4ccccc4C(=O)O)=C3CCC2)C(C)(C)c2ccccc21,1
CCNc1cc2c(cc1C)C(c1ccccc1C(=O)O)=C1CCCC(/C=C/C3=[N+](C)c4ccc5ccccc5c4C3(C)C)=C1O2,1
CCN(CC)c1ccc2c(c1)OC1=C(/C=C/C3=[N+](C)c4ccc5ccccc5c4C3(C)C)CCCC1=C2c1ccccc1C(=O)O,1
C[N+]1=C(/C=C/C2=C3Oc4c(cc5c6c4CCCN6CCC5)C(c4ccccc4C(=O)O)=C3CCC2)C(C)(C)c2c1ccc1ccccc21,1
CCN(C(C)=O)c1cc2c(cc1C)C(c1ccccc1C(=O)O)=C1CCCC(/C=C/C3=[N+](C)c4ccccc4C3(C)C)=C1O2,1
CCN(C(C)=O)c1cc2c(cc1C)C(c1ccccc1C(=O)O)=C1CCCC(/C=C/C3=[N+](C)c4ccc5ccccc5c4C3(C)C)=C1O2,1
C#CCOc1ccc(C2=[N+]3C(=Nc4c(-c5ccccc5)cc(-c5ccc(O)cc5)n4[B-]3(F)F)C(c3ccccc3)=C2)cc1,1
CCCn1c2cccc3oc4cccc5oc6cccc1c6[c+](c45)c32,1
CCCn1c2cccc3oc4cccc5c4[c+](c32)c2c1cccc2n5CCC,1
c1cc2oc3cccc4oc5cccc6oc(c1)c2[c+](c34)c65,1
CCCn1c2cccc3c2[c+]2c4c1cccc4n(CCC)c1cccc(c12)n3CCC,1
F[B-]1(F)n2cccc2C=C2c3ccccc3C(c3ccc[nH]3)=[N+]21,1
Cc1ccc(C2=[N+]3C(=Cc4ccc(C)n4[B-]3(F)F)c3ccccc32)[nH]1,1
Cc1cc(C)c(C2=[N+]3C(=Cc4c(C)cc(C)n4[B-]3(F)F)c3ccccc32)[nH]1,1
CCc1c(C)[nH]c(C2=[N+]3C(=Cc4c(C)c(CC)c(C)n4[B-]3(F)F)c3ccccc32)c1C,1
Cc1c(C2=[N+]3C(=Cc4c(C)c5ccccc5n4[B-]3(F)F)c3ccccc32)[nH]c2ccccc12,1
CC1=C2c3ccccc3C(c3ccc[nH]3)=[N+]2[B-](F)(F)n2cccc21,1
CC1=C2c3ccccc3C(c3[nH]c(C)cc3C)=[N+]2[B-](F)(F)n2c(C)cc(C)c21,1
CCc1c(C)[nH]c(C2=[N+]3C(=C(C)c4c(C)c(CC)c(C)n4[B-]3(F)F)c3ccccc32)c1C,1
Cc1cc(C)n2c1C=C1c3ccccc3C(c3ccc[nH]3)=[N+]1[B-]2(F)F,1
Cc1cc(C)n2c1C=C1c3ccccc3C(c3cccn3C)=[N+]1[B-]2(F)F,1
CCCCCCCCCCCn1cccc1C1=[N+]2C(=Cc3c(C)cc(C)n3[B-]2(F)F)c2ccccc21,1
Cc1ccc(C2=[N+]3C(=Cc4c(C)cc(C)n4[B-]3(F)F)c3ccccc32)[nH]1,1
CCc1c(C)[nH]c(C2=[N+]3C(=Cc4c(C)cc(C)n4[B-]3(F)F)c3ccccc32)c1C,1
Cc1cc(C)n2c1C=C1c3ccccc3C(c3c[nH]c4ccccc34)=[N+]1[B-]2(F)F,1
Cc1cc(C)n2c1C=C1c3ccccc3C(c3[nH]c4ccccc4c3C)=[N+]1[B-]2(F)F,1
CCc1c(C)c2n(c1C)[B-](F)(F)[N+]1=C(c3ccc[nH]3)c3ccccc3C1=C2,1
CCc1c(C)c2n(c1C)[B-](F)(F)[N+]1=C(c3ccc[nH]3)c3ccccc3C1=C2C,1
CCOC(=O)COc1ccc(/C=C/c2cc(C)c3n2[B-](F)(F)[N+]2=C(c4[nH]c(C)cc4C)c4ccccc4C2=C3)cc1,1
CCOC(=O)COc1ccc(/C=C/c2c(CC)c(C)c3n2[B-](F)(F)[N+]2=C(c4[nH]c(C)c(CC)c4C)c4ccccc4C2=C3C)cc1,1
CCOC(=O)COc1ccc(/C=C/C2=C3c4ccccc4C(c4[nH]c(C)cc4C)=[N+]3[B-](F)(F)n3c(C)cc(C)c32)cc1,1
CCOC(=O)COc1ccc(/C=C/C2=C3c4ccccc4C(c4[nH]c(C)cc4C)=[N+]3[B-](F)(F)n3c(/C=C/c4ccc(OCC(=O)OCC)cc4)cc(C)c32)cc1,1
CCOC(=O)COc1ccc(/C=C/C2=C3c4ccccc4C(c4ccc[nH]4)=[N+]3[B-](F)(F)n3ccc(C)c32)cc1,1
CCc1c(C)[nH]c(C2=[N+]3C(=Cc4c(C)c(CC)c(/C=C/c5ccc(N(C)C)cc5)n4[B-]3(F)F)c3ccccc32)c1C,1
CCN(C)c1ccc(C2=C3C(C)=CC(C)=[N+]3[B-](F)(F)n3c(C)cc(C)c32)cc1,1
CCN(CC)c1ccc(C2=C3C(C)=CC(C)=[N+]3[B-](F)(F)n3c(C)cc(C)c32)cc1,1
C#CCOc1ccc(/C=C/C2=[N+]3C(=C(c4ccccc4)c4c(C)cc(C)n4[B-]3(F)F)C(C)=C2)cc1,1
C#CCOc1ccc(/C=C/C2=[N+]3C(=C(c4ccc(N(C)C)cc4)c4c(C)cc(C)n4[B-]3(F)F)C(C)=C2)cc1,1
C#CCOc1ccc(/C=C/C2=[N+]3C(=C(c4ccc(N(C)CC)cc4)c4c(C)cc(C)n4[B-]3(F)F)C(C)=C2)cc1,1
C#CCOc1ccc(/C=C/C2=[N+]3C(=C(c4ccc(N5CCCCC5)cc4)c4c(C)cc(C)n4[B-]3(F)F)C(C)=C2)cc1,1
C#CCOc1ccc(/C=C/C2=[N+]3C(=C(c4ccc(N(CC)CC)cc4)c4c(C)cc(C)n4[B-]3(F)F)C(C)=C2)cc1,1
CC1=CC(/C=C/c2ccc(OCCCN=[N+]=[N-])cc2)=[N+]2C1=C(c1ccccc1)c1c(C)cc(C)n1[B-]2(F)F,1
CC1=CC(/C=C/c2ccc(OCCCN=[N+]=[N-])cc2)=[N+]2C1=C(c1ccc(N(C)C)cc1)c1c(C)cc(C)n1[B-]2(F)F,1
CCN(C)c1ccc(C2=C3C(C)=CC(/C=C/c4ccc(OCCCN=[N+]=[N-])cc4)=[N+]3[B-](F)(F)n3c(C)cc(C)c32)cc1,1
CC1=CC(/C=C/c2ccc(OCCCN=[N+]=[N-])cc2)=[N+]2C1=C(c1ccc(N3CCCCC3)cc1)c1c(C)cc(C)n1[B-]2(F)F,1
CCN(CC)c1ccc(C2=C3C(C)=CC(/C=C/c4ccc(OCCCN=[N+]=[N-])cc4)=[N+]3[B-](F)(F)n3c(C)cc(C)c32)cc1,1
COC(=O)COc1ccc(/C=C/C2=[N+]3C(=C(c4ccccc4)c4c(C)cc(C)n4[B-]3(F)F)C(C)=C2)cc1,1
COC(=O)COc1ccc(/C=C/C2=[N+]3C(=C(c4ccc(N(C)C)cc4)c4c(C)cc(C)n4[B-]3(F)F)C(C)=C2)cc1,1
CCN(C)c1ccc(C2=C3C(C)=CC(/C=C/c4ccc(OCC(=O)OC)cc4)=[N+]3[B-](F)(F)n3c(C)cc(C)c32)cc1,1
COC(=O)COc1ccc(/C=C/C2=[N+]3C(=C(c4ccc(N5CCCCC5)cc4)c4c(C)cc(C)n4[B-]3(F)F)C(C)=C2)cc1,1
CCN(CC)c1ccc(C2=C3C(C)=CC(/C=C/c4ccc(OCC(=O)OC)cc4)=[N+]3[B-](F)(F)n3c(C)cc(C)c32)cc1,1
C#CCOc1ccc(/C=C/C2=[N+]3C(=C(c4ccc(N(CC)CC)cc4)c4c(C)cc(/C=C/c5ccc(OCC(=O)OC)cc5)n4[B-]3(F)F)C(C)=C2)cc1,1
C#CCOc1ccc(/C=C/C2=[N+]3C(=C(c4ccc(N(CC)CC)cc4)c4c(C)cc(/C=C/c5ccc(S(=O)(=O)O)cc5S(=O)(=O)O)n4[B-]3(F)F)C(C)=C2)cc1,1
CCN(CC)c1ccc(OC)c(C=O)c1,1
CCN(CC)c1cccc(C=O)c1,1
C/C=C/C1=N/C(=C\c2ccc(O)cc2)C(=O)N1C,1
C/C=C/C1=N/C(=C\c2ccc([O-])cc2)C(=O)N1C,1
C/C=C/C=C/C1=N/C(=C\c2ccc(O)cc2)C(=O)N1C,1
C/C=C/C=C/C1=N/C(=C\c2ccc([O-])cc2)C(=O)N1C,1
Cc1cc2c(o1)=CC1=C(C(F)(F)F)c3cc4oc(C)cc4n3[B-](F)(F)[N+]=21,1
CCCCN1C(=O)C2=C(c3ccc(Br)cc3)NC(=O)C2=C1c1ccc(Br)cc1,1
CCCCN1C(=O)C2=C(c3ccc(Br)cc3)[N-]C(=O)C2=C1c1ccc(Br)cc1,1
CCCCN1C(=O)C2=C(c3ccc(-c4ccccc4)cc3)NC(=O)C2=C1c1ccc(-c2ccccc2)cc1,1
CCCCN1C(=O)C2=C(c3ccc(-c4ccccc4)cc3)[N-]C(=O)C2=C1c1ccc(-c2ccccc2)cc1,1
CCCCN1C(=O)C2=C(c3ccc(-c4ccc5c(c4)C(C)(C)c4ccccc4-5)cc3)NC(=O)C2=C1c1ccc(-c2ccc3c(c2)C(C)(C)c2ccccc2-3)cc1,1
CCCCN1C(=O)C2=C(c3ccc(-c4ccc5c(c4)C(C)(C)c4ccccc4-5)cc3)[N-]C(=O)C2=C1c1ccc(-c2ccc3c(c2)C(C)(C)c2ccccc2-3)cc1,1
CC1(C)C(/C=C/c2cc3ccc(O)cc3oc2=O)=[N+](CCCS(=O)(=O)[O-])c2ccccc21,1
CC1(C)C(/C=C/C=C/c2cc3ccc(O)cc3oc2=O)=[N+](CCCS(=O)(=O)[O-])c2ccccc21,1
CC1(C)C(/C=C/c2cc3ccc(O)cc3oc2=O)=[N+](CCCS(=O)(=O)[O-])c2ccc(S(=O)(=O)O)cc21,1
CC1(C)C(/C=C/C=C/c2cc3ccc(O)cc3oc2=O)=[N+](CCCS(=O)(=O)[O-])c2ccc(S(=O)(=O)O)cc21,1
CC1(C)C(/C=C/c2cc3ccc(O)cc3oc2=O)=[N+](CCCS(=O)(=O)[O-])c2ccc3c(S(=O)(=O)O)cc(S(=O)(=O)O)cc3c21,1
Cc1sc(Cl)cc1-c1nc(-c2ccccc2)[nH]c1-c1cc(Cl)sc1C,1
C[C@@]12SC(Cl)=CC1=c1nc(-c3ccccc3)[nH]c1=C1C=C(Cl)S[C@]12C,1
Cc1sc(Cl)cc1-c1nc(-c2ccc(Cl)cc2)[nH]c1-c1cc(Cl)sc1C,1
C[C@@]12SC(Cl)=CC1=c1nc(-c3ccc(Cl)cc3)[nH]c1=C1C=C(Cl)S[C@]12C,1
COc1ccc(-c2nc3c([nH]2)=C2C=C(Cl)S[C@@]2(C)[C@]2(C)SC(Cl)=CC=32)cc1,1
COc1ccc(-c2nc(-c3cc(Cl)sc3C)c(-c3cc(Cl)sc3C)[nH]2)cc1,1
CC(C)(C)c1ccc(-c2c3ccccc3c3n2[B-](F)(F)[N+]2=Cc4c5ccccc5c(-c5ccc(C(C)(C)C)cc5)n4[B-](F)(F)[N+]2=C3)cc1,1
COc1ccc(-c2c3ccccc3c3n2[B-](F)(F)[N+]2=Cc4c5ccccc5c(-c5ccc(OC)cc5)n4[B-](F)(F)[N+]2=C3)cc1,1
COc1cccc(-c2c3ccccc3c3n2[B-](F)(F)[N+]2=Cc4c5ccccc5c(-c5cccc(OC)c5)n4[B-](F)(F)[N+]2=C3)c1,1
CC(C)(C)c1ccc(-c2sc3c(-c4ccc(C(C)(C)C)cc4)c4n(c3c2-c2ccc(C(C)(C)C)cc2)[B-](F)(F)[N+]2=Cc3c(-c5ccc(C(C)(C)C)cc5)c5sc(-c6ccc(C(C)(C)C)cc6)c(-c6ccc(C(C)(C)C)cc6)c5n3[B-](F)(F)[N+]2=C4)cc1,1
COc1ccc(-c2sc3c(-c4ccc(OC)cc4)c4n(c3c2-c2ccc(OC)cc2)[B-](F)(F)[N+]2=Cc3c(-c5ccc(OC)cc5)c5sc(-c6ccc(OC)cc6)c(-c6ccc(OC)cc6)c5n3[B-](F)(F)[N+]2=C4)cc1,1
c1cc2ccc3ccc4cc3c2cc1c1ccc2ccc3ccc(cc3c2c1)c1ccc2ccc3ccc4cc3c2c1,1
c1cc2ccc3ccc4cc3c2cc1c1ccc2ccc3ccc(cc3c2c1)c1ccc2c(c1)c1cc4ccc1[C@]13OCCO[C@]21OCCO3,1
c1cc2cc(c1)c1ccc3ccc4ccc(cc4c3c1)c1ccc3ccc4ccc(cc4c3c1)c1cccc2c1,1
c1cc2ccc3ccc4cc3c2cc1c1ccc2c(c1)c1cc(ccc1[C@]13OCCO[C@]21OCCO3)c1ccc2c(c1)c1cc4ccc1[C@]13OCCO[C@]21OCCO3,1
c1cc2cc(c1)c1cccc(c1)c1ccc3ccc4ccc(cc4c3c1)c1cccc(c1)c1cccc2c1,1
c1cc2cc(c1)c1ccc3c(c1)c1cc(ccc1[C@]14OCCO[C@]31OCCO4)c1ccc3c(c1)c1cc(ccc1[C@]14OCCO[C@]31OCCO4)c1cccc2c1,1
c1cc2cc(c1)c1cccc(c1)c1ccc3c(c1)c1cc(ccc1[C@]14OCCO[C@]31OCCO4)c1cccc(c1)c1cccc2c1,1
c1cc2c3cc1c1ccc4c(c1)c1cc(ccc1[C@]15OCCO[C@]41OCCO5)c1ccc4c(c1)c1cc(ccc1[C@]15OCCO[C@]41OCCO5)c1ccc(c3c1)[C@]13OCCO[C@]21OCCO3,1
c1cc2cc(c1)c1cccc(c1)c1cccc(c1)c1cccc(c1)c1cccc(c1)c1cccc2c1,1
c1cc2ccc3ccc4cc3c2cc1CCCCCCc1ccc2ccc3ccc-4cc3c2c1,1
c1ccc2c(c1)ccc1ccccc12,1
c1ccc(-c2cc3cccc[n+]3[b-]3ccc(-c4cc[b-]5c(c4)c(-c4ccccc4)cc4cccc[n+]54)cc32)cc1,1
c1ccc(-c2cc3cccc[n+]3[b-]3c(-c4cccc5[b-]4[n+]4ccccc4cc5-c4ccccc4)cccc32)cc1,1
CCCCc1cc2cccc[n+]2[b-]2ccc(-c3cc[b-]4c(c3)c(CCCC)cc3cccc[n+]43)cc21,1
CCCCc1cc2cccc[n+]2[b-]2c(-c3cccc4[b-]3[n+]3ccccc3cc4CCCC)cccc21,1
CCCCC#Cc1cccc2cc(CCCC)c3cc(-c4cc[b-]5c(c4)c(CCCC)cc4cccc(C#CCCCC)[n+]54)cc[b-]3[n+]12,1
CCCCc1cc2cccc3cc(CCCC)c4cc(-c5cc6[b-]7c(c5)c(CCCC)cc5cccc(cc6CCCC)[n+]75)cc1[b-]4[n+]23,1
C(#Cc1cccc2cc(-c3ccccc3)c3cc(-c4cc[b-]5c(c4)c(-c4ccccc4)cc4cccc(C#Cc6ccccc6)[n+]54)cc[b-]3[n+]12)c1ccccc1,1
c1ccc(-c2cc3cccc4cc(-c5ccccc5)c5cc(-c6cc7[b-]8c(c6)c(-c6ccccc6)cc6cccc(cc7-c7ccccc7)[n+]86)cc2[b-]5[n+]34)cc1,1
CCN(CC)c1ccc2c(c1)oc(=O)c1cc3cnn(-c4ccccc4)c3nc12,1
CCN(CC)c1ccc2c(c1)oc(=O)c1cc3c(C)nn(-c4ccccc4)c3nc12,1
CCN(CC)c1ccc2c(c1)oc(=O)c1cc3c(-c4ccccc4)nn(-c4ccccc4)c3nc12,1
CCN(CC)c1ccc2c(c1)oc(=O)c1cc3c(-c4ccccc4)nn(C)c3nc12,1
CCN(CC)c1ccc2c(c1)oc(=O)c1cnc3c(cnn3-c3ccccc3)c12,1
CCN(CC)c1ccc2c(c1)oc(=O)c1cnc3c(c(C)nn3-c3ccccc3)c12,1
CCN(CC)c1ccc2c(c1)oc(=O)c1c(C)nc3c(cnn3-c3ccccc3)c12,1
CCN(CC)c1ccc2c(c1)oc(=O)c1c(C)nc3c(c(C)nn3-c3ccccc3)c12,1
CCN(CC)c1ccc2c(c1)oc(=O)c1c(C)nc3c(c(-c4ccccc4)nn3-c3ccccc3)c12,1
CCN(CC)c1ccc2c(c1)oc(=O)c1c(C)nc3c(c(-c4ccccc4)nn3C)c12,1
COc1ccc(OC)c(C=O)c1,1
COc1ccc(O)c(C=O)c1,1
COc1ccc(O)cc1C=O,1
COc1ccc(OC)c(C(C)=O)c1,1
COc1ccc(OC)c(C(=O)O)c1,1
COC(=O)c1cc(OC)ccc1OC,1
COCCOCCOCCOCCOc1ccc(OCCOCCOCCOCCOC)c(C=O)c1,1
COCCOCCOCCOCCOc1cc(C=O)c(OCCOCCOCCOCCOC)cc1C=O,1
O=Cc1cc(O)ccc1O,1
COCCOc1ccc(OCCOC)c(C=O)c1,1
COCCOCCOc1ccc(OCCOCCOC)c(C=O)c1,1
COCCOCCOCCOc1ccc(OCCOCCOCCOC)c(C=O)c1,1
COCCOc1cc(C=O)c(OCCOC)cc1C=O,1
COCCOCCOc1cc(C=O)c(OCCOCCOC)cc1C=O,1
COCCOCCOCCOc1cc(C=O)c(OCCOCCOCCOC)cc1C=O,1
O=Cc1cc(O)c(C=O)cc1O,1
CC1=N/C(=C\c2cc(N(C)C)ccc2C#N)C(=O)N1C,1
CC1=N/C(=C\c2cc(C#N)cc(N(C)C)c2)C(=O)N1C,1
CC1=N/C(=C\c2ccc(C#N)c(N(C)C)c2)C(=O)N1C,1
c1ccc(-c2nc3ccccc3nc2-c2ccccc2)cc1,1
COc1ccc(-c2nc3ccccc3nc2-c2ccc(OC)cc2)cc1,1
COc1ccc(-c2ccc(-c3ccc(OC)cc3)c3nc(-c4ccccc4)c(-c4ccccc4)nc23)cc1,1
c1ccc(-c2nc3c(-c4ccc(N(c5ccccc5)c5ccccc5)cc4)ccc(-c4ccc(N(c5ccccc5)c5ccccc5)cc4)c3nc2-c2ccccc2)cc1,1
CN(C)c1ccc(-c2ccc(-c3ccc(N(C)C)cc3)c3nc(-c4ccccc4)c(-c4ccccc4)nc23)cc1,1
CN(c1ccccc1)c1ccc(-c2ccc(-c3ccc(N(C)c4ccccc4)cc3)c3nc(-c4ccccc4)c(-c4ccccc4)nc23)cc1,1
CCCCC1(c2ccccc2)Nc2ccccc2N=C1c1ccccc1,1
CCCCC1(c2ccc(OC)cc2)Nc2ccccc2N=C1c1ccc(OC)cc1,1
CCCCC1(c2ccccc2)Nc2c(-c3ccc(OC)cc3)ccc(-c3ccc(OC)cc3)c2N=C1c1ccccc1,1
CCCCC1(c2ccccc2)Nc2c(-c3ccc(N(c4ccccc4)c4ccccc4)cc3)ccc(-c3ccc(N(c4ccccc4)c4ccccc4)cc3)c2N=C1c1ccccc1,1
CCCCC1(c2ccccc2)Nc2c(-c3ccc(N(C)C)cc3)ccc(-c3ccc(N(C)C)cc3)c2N=C1c1ccccc1,1
CCCCC1(c2ccccc2)Nc2c(-c3ccc(N(C)c4ccccc4)cc3)ccc(-c3ccc(N(C)c4ccccc4)cc3)c2N=C1c1ccccc1,1
O=C1OC(=O)[C@H]2[C@@H]1[C@@H]1C[C@H]2c2c1c(-c1ccccc1)c1ccccc1c2-c1ccccc1,1
O=C1[C@H]2[C@H]3C=C[C@H](C3)[C@H]2C(=O)N1c1cccc2cc3ccccc3cc12,1
O=C1[C@H]2[C@H]3C=C[C@H](C3)[C@H]2C(=O)N1c1ccc2cc3ccccc3cc2c1,1
O=C1[C@H]2[C@@H]3C[C@@H](c4c3c(-c3ccccc3)c3ccccc3c4-c3ccccc3)[C@H]2C(=O)N1c1cccc2cc3ccccc3cc12,1
O=C1[C@H]2[C@@H]3C[C@@H](c4c3c(-c3ccccc3)c3ccccc3c4-c3ccccc3)[C@H]2C(=O)N1c1ccc2cc3ccccc3cc2c1,1
Nc1ccccc1/C=C/C(F)(F)F,1
N#Cc1ccc(N)c(/C=C/C(F)(F)F)c1,1
Cc1ccc(/C=C/C(F)(F)F)c(N)c1,1
COc1ccc(/C=C/C(F)(F)F)c(N)c1,1
N#Cc1ccc(/C=C/C(F)(F)F)c(N)c1,1
COC(=O)c1ccc(/C=C/C(F)(F)F)c(N)c1,1
c1ccc2[nH]c(-c3cc(-c4nc5ccccc5[nH]4)cc(-c4nc5ccccc5[nH]4)c3)nc2c1,1
Cc1ccc2nc(-c3cc(-c4nc5ccc(C)cc5[nH]4)cc(-c4nc5ccc(C)cc5[nH]4)c3)[nH]c2c1,1
CCCn1c(-c2cc(-c3nc4ccccc4n3CCC)cc(-c3nc4ccccc4n3CCC)c2)nc2ccccc21,1
CCC1=C(C)C(=O)n2c1cc1[nH]c(C(=O)OC(C)(C)C)c(C)c1c2=O,1
CCCCCCCC1=C(C)C(=O)n2c1cc1[nH]c(C(=O)OC)c(C)c1c2=O,1
CCC1=C(C)C(=O)n2c1cc1c(c(C)c(C(=O)OC)n1C)c2=O,1
CCOC(=O)CCCn1c(C(=O)OC)c(C)c2c(=O)n3c(cc21)C(CC)=C(C)C3=O,1
CCC1=C(C)C(=O)n2c1cc1c(c(C)c(C(=O)OCC(C)C)n1CC(C)C)c2=O,1
COc1c(C(C)=O)c(=O)oc2cc(N(C)C)ccc12,1
CC(=O)c1c(N[C@H](C(=O)O)C(C)C)c2ccc(N(C)C)cc2oc1=O,1
CC(=O)c1c(N[C@@H](CC(C)C)C(=O)O)c2ccc(N(C)C)cc2oc1=O,1
CC[C@H](C)[C@H](Nc1c(C(C)=O)c(=O)oc2cc(N(C)C)ccc12)C(=O)O,1
CC(=O)c1c(N[C@@H](Cc2ccccc2)C(=O)O)c2ccc(N(C)C)cc2oc1=O,1
CC(=O)c1c(N[C@@H](Cc2ccc(O)cc2)C(=O)O)c2ccc(N(C)C)cc2oc1=O,1
CC(=O)c1c(N[C@@H](CS)C(=O)O)c2ccc(N(C)C)cc2oc1=O,1
COC(=O)[C@H](Cc1ccccc1)Nc1c(C(C)=O)c(=O)oc2cc(N(C)C)ccc12,1
O=C1c2ccccc2C2=Cc3ccc4ccccc4[n+]3[B-](F)(F)N12,1
O=C1C=Cc2cc3ccccc3c(=O)n21,1
O=C1c2ccccc2-c2cc3ccccc3c(=O)n21,1
CCC1=C(C)c2cc3c(OC)cc(OC)cc3c(=O)n2C1=O,1
O=C1C=CC2=Cc3ccccc3B(O)N12,1
CCC1=C(C)C2=Cc3ccccc3B(O)N2C1=O,1
O=C1c2ccccc2C2=Cc3ccccc3B(O)N12,1
CCC1=C(C)C2=Cc3cc4c(cc3B(O)N2C1=O)OCO4,1
O=C1c2ccccc2C2=Cc3cc4c(cc3B(O)N12)OCO4,1
CCC1=C(C)C2=Cc3cscc3B(O)N2C1=O,1
CCC1(CC)c2cc(B(c3c(C)cc(C)cc3C)c3c(C)cc(C)cc3C)ccc2-c2c1c1c(c3c2C(CC)(CC)c2cc(N(c4ccccc4)c4ccccc4)ccc2-3)C(CC)(CC)c2cc(N(c3ccccc3)c3ccccc3)ccc2-1,1
CCC1(CC)c2cc(B(c3c(C)cc(C)cc3C)c3c(C)cc(C)cc3C)ccc2-c2c1c1c(c3c2C(CC)(CC)c2cc(N(c4ccccc4)c4ccccc4)ccc2-3)C(CC)(CC)c2cc(B(c3c(C)cc(C)cc3C)c3c(C)cc(C)cc3C)ccc2-1,1
COC(=O)CN1C(=O)c2cc3ccc(N(C)C)cc3cc2C1=O,1
CCC1(CC)c2ccccc2-c2c1c1c(c3c2C(CC)(CC)c2cc(N(c4ccccc4)c4ccccc4)ccc2-3)C(CC)(CC)c2ccccc2-1,1
CCC1(CC)c2ccccc2-c2c1c1c(c3c2C(CC)(CC)c2cc(N(c4ccccc4)c4ccccc4)ccc2-3)C(CC)(CC)c2cc(N(c3ccccc3)c3ccccc3)ccc2-1,1
CCC1(CC)c2cc(N(c3ccccc3)c3ccccc3)ccc2-c2c1c1c(c3c2C(CC)(CC)c2cc(N(c4ccccc4)c4ccccc4)ccc2-3)C(CC)(CC)c2cc(N(c3ccccc3)c3ccccc3)ccc2-1,1
CCC1(CC)c2ccccc2-c2c1c1c(c3c2C(CC)(CC)c2cc(B(c4c(C)cc(C)cc4C)c4c(C)cc(C)cc4C)ccc2-3)C(CC)(CC)c2ccccc2-1,1
CCC1(CC)c2ccccc2-c2c1c1c(c3c2C(CC)(CC)c2cc(B(c4c(C)cc(C)cc4C)c4c(C)cc(C)cc4C)ccc2-3)C(CC)(CC)c2cc(B(c3c(C)cc(C)cc3C)c3c(C)cc(C)cc3C)ccc2-1,1
CCC1(CC)c2cc(B(c3c(C)cc(C)cc3C)c3c(C)cc(C)cc3C)ccc2-c2c1c1c(c3c2C(CC)(CC)c2cc(B(c4c(C)cc(C)cc4C)c4c(C)cc(C)cc4C)ccc2-3)C(CC)(CC)c2cc(B(c3c(C)cc(C)cc3C)c3c(C)cc(C)cc3C)ccc2-1,1
c1ccc(N(c2ccccc2)c2ccc(-c3cncs3)cc2)cc1,1
c1ccc(N(c2ccccc2)c2ccc(-c3cnc(-c4ccc(N(c5ccccc5)c5ccccc5)cc4)s3)cc2)cc1,1
Brc1cnc(-c2ccc(N(c3ccccc3)c3ccccc3)cc2)s1,1
c1ccc(N(c2ccccc2)c2ccc(-c3ncc(-c4ccncc4)s3)cc2)cc1,1
O=C(O)c1ccc(-c2cnc(-c3ccc(N(c4ccccc4)c4ccccc4)cc3)s2)cc1,1
c1ccc(N(c2ccccc2)c2ccc(-c3ncc(-c4cccs4)s3)cc2)cc1,1
c1ccc(N(c2ccccc2)c2ccc(-c3ncc(-c4cnc(-c5ccc(N(c6ccccc6)c6ccccc6)cc5)s4)s3)cc2)cc1,1
Brc1cnc(-c2ccncc2)s1,1
c1ccc(N(c2ccccc2)c2ccc(-c3cnc(-c4ccncc4)s3)cc2)cc1,1
c1ccc(N(c2ccccc2)c2ccc(-c3ncc(-c4ccc(-c5cnc(-c6ccc(N(c7ccccc7)c7ccccc7)cc6)s5)s4)s3)cc2)cc1,1
c1ccc(N(c2ccccc2)c2ccc(-c3ncc(-c4ccc(-c5ccc(-c6cnc(-c7ccc(N(c8ccccc8)c8ccccc8)cc7)s6)s5)s4)s3)cc2)cc1,1
COc1ccc(-c2cc(/C=C/c3ccc(N(c4ccccc4)c4ccccc4)cc3)c(C#N)c(N3CCCCC3)c2)cc1,1
Cc1ccc(-c2cc(/C=C/c3ccc(N(c4ccccc4)c4ccccc4)cc3)c(C#N)c(N3CCCCC3)c2)cc1,1
N#Cc1c(/C=C/c2ccc(N(c3ccccc3)c3ccccc3)cc2)cc(-c2ccccc2)cc1N1CCCCC1,1
N#Cc1c(/C=C/c2ccc(N(c3ccccc3)c3ccccc3)cc2)cc(-c2cccs2)cc1N1CCCCC1,1
CN(C)c1ccc(-c2ccc3ncnc(Nc4ccccc4)c3c2)cc1,1
COc1ccc(-c2ccc3ncnc(Nc4ccccc4)c3c2)cc1,1
c1ccc(Nc2ncnc3ccc(-c4ccccc4)cc23)cc1,1
N#Cc1ccc(-c2ccc3ncnc(Nc4ccccc4)c3c2)cc1,1
O=[N+]([O-])c1ccc(-c2ccc3ncnc(Nc4ccccc4)c3c2)cc1,1
CN(C)c1ccc(/C=C/c2ccc3ncnc(Nc4ccccc4)c3c2)cc1,1
COc1ccc(/C=C/c2ccc3ncnc(Nc4ccccc4)c3c2)cc1,1
C(=C/c1ccc2ncnc(Nc3ccccc3)c2c1)\c1ccccc1,1
N#Cc1ccc(/C=C/c2ccc3ncnc(Nc4ccccc4)c3c2)cc1,1
O=[N+]([O-])c1ccc(/C=C/c2ccc3ncnc(Nc4ccccc4)c3c2)cc1,1
CN(C)c1ccc(/C=C/C=C/c2ccc3ncnc(Nc4ccccc4)c3c2)cc1,1
COc1ccc(/C=C/C=C/c2ccc3ncnc(Nc4ccccc4)c3c2)cc1,1
C(/C=C/c1ccc2ncnc(Nc3ccccc3)c2c1)=C\c1ccccc1,1
N#Cc1ccc(/C=C/C=C/c2ccc3ncnc(Nc4ccccc4)c3c2)cc1,1
O=[N+]([O-])c1ccc(/C=C/C=C/c2ccc3ncnc(Nc4ccccc4)c3c2)cc1,1
CCOC(=O)c1cc(C(=O)OCC)c2ccccc2n1,1
CCOC(=O)c1cc(C(=O)OCC)c2cc(C)ccc2n1,1
CCOC(=O)c1cc(C(=O)OCC)c2ccc(C)cc2n1,1
CCOC(=O)c1cc(C(=O)OCC)c2cc(N)ccc2n1,1
CCOC(=O)c1cc(C(=O)OCC)c2cc(NC(=O)C(F)(F)F)ccc2n1,1
CCOC(=O)c1cc(C(=O)OCC)c2cc(NC)ccc2n1,1
CCOC(=O)c1cc(C(=O)OCC)c2cc(N(C)C)ccc2n1,1
CCOC(=O)c1cc(C(=O)OCC)c2ccc(N(C)C)cc2n1,1
CCOC(=O)c1cc(C(=O)OCC)c2cc(N(CC)CC)ccc2n1,1
CCOC(=O)c1cc(C(=O)OCC)c2cc(O)ccc2n1,1
CCOC(=O)c1cc(C(=O)OCC)c2ccc(O)cc2n1,1
CCOC(=O)c1cc(C(=O)OCC)c2cccc(O)c2n1,1
CCOC(=O)c1cc(C(=O)OCC)c2cc(OC)ccc2n1,1
CCOC(=O)c1cc(C(=O)OCC)c2ccc(OC)cc2n1,1
CCOC(=O)c1cc(C(=O)OCC)c2cccc(OC)c2n1,1
CCOC(=O)c1cc(C(=O)OCC)c2cccc(OCc3ccccc3)c2n1,1
CCOC(=O)c1cc(C(=O)OCC)c2c(C)ccc(O)c2n1,1
CCOC(=O)c1cc(C(=O)OCC)c2c(C)ccc(OC(=O)OC(C)(C)C)c2n1,1
CCOC(=O)c1cc(C(=O)NCc2ccccc2)c2ccc(N(C)C)cc2n1,1
CCOC(=O)c1cc(C(=O)O)nc2cc(OC)ccc12,1
CN(C)c1ccc2c(C(=O)NCc3ccccc3)cc(C(=O)[O-])nc2c1,1
CCC1=C(C)C(=O)n2c1cc1c(C)c(CCC(=O)OC)c(C)n1c2=O,1
CCC1=C(C)C(=O)n2c1cc1c(C)c(CCC(=O)O)c(C)n1c2=O,1
CCC1=C(C)C(=O)n2c1cc1c(C)c(CC(=O)OC)c(C)n1c2=O,1
CCC1=C(C)C(=O)n2c1cc1c(C)c(CC(=O)O)c(C)n1c2=O,1
CCC1=C(C)C(=O)n2c1cc1c(CCC(=O)OC)c(C)c(C)n1c2=O,1
CCC1=C(C)C(=O)n2c1cc1c(CCC(=O)O)c(C)c(C)n1c2=O,1
CCC1=C(C)C(=O)n2c1cc1c(C)c(CC)c(C)n1c2=O,1
CCC1=C(C)C(=O)n2c1cc1c(C)cc(C)n1c2=O,1
CC[n+]1nc2ccc(N(C)C)cc2c2cc(C)ccc21,1
CC[n+]1nc2cc3c(cc2c2cc(C)ccc21)N(C)CCC3,1
CC[n+]1nc2cc3c4c(c2c2cc(C)ccc21)CCCN4CCC3,1
CC[n+]1nc2cc3c4c(c2c2ccccc21)CCCN4CCC3,1
CC[n+]1nc2cc3c4c(c2c2cc(F)ccc21)CCCN4CCC3,1
Cc1cc(C)c(B(c2ccsc2-c2sccc2P(=O)(c2ccccc2)c2ccccc2)c2c(C)cc(C)cc2C)c(C)c1,1
Cc1cc(C)c(B(c2cc(-c3c(C)cc(C)cc3C)sc2-c2sc(-c3c(C)cc(C)cc3C)cc2P(=O)(c2ccccc2)c2ccccc2)c2c(C)cc(C)cc2C)c(C)c1,1
Cc1cc(C)c(B(c2cc(-c3ccccc3)sc2-c2sc(-c3ccccc3)cc2P(=O)(c2ccccc2)c2ccccc2)c2c(C)cc(C)cc2C)c(C)c1,1
Cc1cc(C)c(B(c2cc(C#Cc3ccccc3)sc2-c2sc(C#Cc3ccccc3)cc2P(=O)(c2ccccc2)c2ccccc2)c2c(C)cc(C)cc2C)c(C)c1,1
CCCCCCc1cc(B(c2c(C)cc(C)cc2C)c2c(C)cc(C)cc2C)c(-c2sc(CCCCCC)cc2P(=O)(c2ccccc2)c2ccccc2)s1,1
Cc1cc(C)c(B(c2cc(-c3ccc(C(F)(F)F)cc3)sc2-c2sc(-c3ccc(C(F)(F)F)cc3)cc2P(=O)(c2ccccc2)c2ccccc2)c2c(C)cc(C)cc2C)c(C)c1,1
Cc1cc(C)c(B(c2cc(-c3ccc(C(C)(C)C)cc3)sc2-c2sc(-c3ccc(C(C)(C)C)cc3)cc2P(=O)(c2ccccc2)c2ccccc2)c2c(C)cc(C)cc2C)c(C)c1,1
COc1ccc(-c2cc(B(c3c(C)cc(C)cc3C)c3c(C)cc(C)cc3C)c(-c3sc(-c4ccc(OC)cc4)cc3P(=O)(c3ccccc3)c3ccccc3)s2)cc1,1
Cc1cc(C)c(B(c2cc(-c3ccc(N(C)C)cc3)sc2-c2sc(-c3ccc(N(C)C)cc3)cc2P(=O)(c2ccccc2)c2ccccc2)c2c(C)cc(C)cc2C)c(C)c1,1
Cc1cc(C)c([B-]2(c3c(C)cc(C)cc3C)[O+]=P(c3ccccc3)(c3ccccc3)c3ccsc3-c3sccc32)c(C)c1,1
Cc1cc(C)c(-c2cc3c(s2)-c2sc(-c4c(C)cc(C)cc4C)cc2P(c2ccccc2)(c2ccccc2)=[O+][B-]3(c2c(C)cc(C)cc2C)c2c(C)cc(C)cc2C)c(C)c1,1
Cc1cc(C)c([B-]2(c3c(C)cc(C)cc3C)[O+]=P(c3ccccc3)(c3ccccc3)c3cc(-c4ccccc4)sc3-c3sc(-c4ccccc4)cc32)c(C)c1,1
Cc1cc(C)c([B-]2(c3c(C)cc(C)cc3C)[O+]=P(c3ccccc3)(c3ccccc3)c3cc(C#Cc4ccccc4)sc3-c3sc(C#Cc4ccccc4)cc32)c(C)c1,1
CCCCCCc1cc2c(s1)-c1sc(CCCCCC)cc1P(c1ccccc1)(c1ccccc1)=[O+][B-]2(c1c(C)cc(C)cc1C)c1c(C)cc(C)cc1C,1
Cc1cc(C)c([B-]2(c3c(C)cc(C)cc3C)[O+]=P(c3ccccc3)(c3ccccc3)c3cc(-c4ccc(C(F)(F)F)cc4)sc3-c3sc(-c4ccc(C(F)(F)F)cc4)cc32)c(C)c1,1
Cc1cc(C)c([B-]2(c3c(C)cc(C)cc3C)[O+]=P(c3ccccc3)(c3ccccc3)c3cc(-c4ccc(C(C)(C)C)cc4)sc3-c3sc(-c4ccc(C(C)(C)C)cc4)cc32)c(C)c1,1
COc1ccc(-c2cc3c(s2)-c2sc(-c4ccc(OC)cc4)cc2P(c2ccccc2)(c2ccccc2)=[O+][B-]3(c2c(C)cc(C)cc2C)c2c(C)cc(C)cc2C)cc1,1
Cc1cc(C)c([B-]2(c3c(C)cc(C)cc3C)[O+]=P(c3ccccc3)(c3ccccc3)c3cc(-c4ccc(N(C)C)cc4)sc3-c3sc(-c4ccc(N(C)C)cc4)cc32)c(C)c1,1
F[B-]12OC(c3ccccc3)=Nc3cccc([n+]31)N=C(c1ccccc1)O2,1
Cc1ccc(C2=Nc3cccc4[n+]3[B-](F)(O2)OC(c2ccc(C)cc2)=N4)cc1,1
COc1ccc(C2=Nc3cccc4[n+]3[B-](F)(O2)OC(c2ccc(OC)cc2)=N4)cc1,1
c1ccc(C2=Nc3cccc4[n+]3[B-](c3ccccc3)(N2)NC(c2ccccc2)=N4)cc1,1
Cc1ccc(C2=Nc3cccc4[n+]3[B-](c3ccccc3)(N2)NC(c2ccc(C)cc2)=N4)cc1,1
c1ccc([B-]23NC(C4CCCCC4)=Nc4cccc([n+]42)N=C(C2CCCCC2)N3)cc1,1
CCCCCCCCCCCCCCCCCCOc1ccc([B-]23NC(c4ccccc4)=Nc4cccc([n+]42)N=C(c2ccccc2)N3)cc1,1
CCCCCCCCCCCCOc1ccc(C#CC(C#Cc2ccc(OCCCCCCCCCCCC)cc2)=Cc2ccc(C=C(C#Cc3ccc(OCCCCCCCCCCCC)cc3)C#Cc3ccc(OCCCCCCCCCCCC)cc3)cc2)cc1,1
CCCCCCCCCCCCOc1ccc(C#CC(C#Cc2ccc(OCCCCCCCCCCCC)cc2)=Cc2cc(C=C(C#Cc3ccc(OCCCCCCCCCCCC)cc3)C#Cc3ccc(OCCCCCCCCCCCC)cc3)cc(C=C(C#Cc3ccc(OCCCCCCCCCCCC)cc3)C#Cc3ccc(OCCCCCCCCCCCC)cc3)c2)cc1,1
Nc1cc2nc3cc(F)c(F)cc3nc2cc1N,1
Nc1cc2nc3cc(Cl)c(Cl)cc3nc2cc1N,1
Nc1cc2nc3cc(Br)c(Br)cc3nc2cc1N,1
CC1(C)Nc2cc3nc4cc(F)c(F)cc4nc3cc2N1,1
CC1(C)Nc2cc3nc4cc(Cl)c(Cl)cc4nc3cc2N1,1
CC1(C)Nc2cc3nc4cc(Br)c(Br)cc4nc3cc2N1,1
CN1c2cc3nc4cc(F)c(F)cc4nc3cc2N(C)C1(C)C,1
CN1c2cc3nc4cc(Cl)c(Cl)cc4nc3cc2N(C)C1(C)C,1
CN1c2cc3nc4cc(Br)c(Br)cc4nc3cc2N(C)C1(C)C,1
CNc1cc2nc3cc(F)c(F)cc3nc2cc1NC,1
CNc1cc2nc3cc(Cl)c(Cl)cc3nc2cc1NC,1
CNc1cc2nc3cc(Br)c(Br)cc3nc2cc1NC,1
CNc1ccc2nc3cc(Cl)c(Cl)cc3nc2c1,1
Cc1cc(C2=Cc3cccc[n+]3[B-](F)(F)O2)ccc1N(C)C,1
F[B-]1(F)OC(c2ccc(N3CCCCC3)cc2)=Cc2cccc[n+]21,1
CN1CCc2cc(C3=Cc4cccc[n+]4[B-](F)(F)O3)ccc21,1
F[B-]1(F)OC(c2ccc(N3CCCC3)cc2)=Cc2cccc[n+]21,1
CN1CCCc2cc(C3=Cc4cccc[n+]4[B-](F)(F)O3)ccc21,1
F[B-]1(F)OC(c2cc3c4c(c2)CCCN4CCC3)=Cc2cccc[n+]21,1
c1cc2ccc3cc4[nH]ccc4c4ccc(c1)c2c34,1
COC(=O)c1cc2c(cc3ccc4cccc5ccc2c3c45)[nH]1,1
O=C(O)c1cc2c(cc3ccc4cccc5ccc2c3c45)[nH]1,1
OCc1cc2c(cc3ccc4cccc5ccc2c3c45)[nH]1,1
O=Cc1cc2c(cc3ccc4cccc5ccc2c3c45)[nH]1,1
C[Si](C)(C)c1cc2c(cc3ccc4cccc5ccc2c3c45)[nH]1,1
CC(C)(C)OC(=O)n1ccc2c3ccc4cccc5ccc(cc21)c3c54,1
c1cc2ccc3cc4[nH]c(-c5cc6c(cc7ccc8cccc9ccc6c7c89)[nH]5)cc4c4ccc(c1)c2c34,1
O=C1/C(=C2\Nc3cc4ccc5cccc6ccc(c3C2=O)c4c56)Nc2cc3ccc4cccc5ccc(c21)c3c45,1
Cc1cc(=O)oc2cc3c4ccccc4c4ccccc4c3cc12,1
Cc1ccc2c3ccc(C)cc3c3cc4c(C)cc(=O)oc4cc3c2c1,1
Cc1cc(=O)oc2cc3c4ccc(C(C)(C)C)cc4c4cc(C(C)(C)C)ccc4c3cc12,1
COc1ccc2c3ccc(OC)cc3c3cc4c(C)cc(=O)oc4cc3c2c1,1
COc1cc2c3cc(OC)c(OC)cc3c3cc4c(C)cc(=O)oc4cc3c2cc1OC,1
COc1cc(OC)c2c(c1)c1cc3oc(=O)cc(C)c3cc1c1cc(OC)cc(OC)c12,1
CCCCCCn1c2ccccc2c2cc3c4cc5c6ccccc6n(CCCCCC)c5cc4c4cc5c(C)cc(=O)oc5cc4c3cc21,1
Cc1cc(=O)oc2cc3c(cc12)c1c2ccccc2c2ccccc2c1c1c2ccccc2c2ccccc2c31,1
COc1ccc(-c2cc3oc(=O)cc(C)c3cc2-c2ccc(OC)c(OC)c2)cc1OC,1
Clc1cnc2nn3ccccc3c2c1,1
c1ccc(-c2cnc3nn4ccccc4c3c2)cc1,1
Cc1ccc(-c2cnc3nn4ccccc4c3c2)cc1,1
COc1ccc(-c2cnc3nn4ccccc4c3c2)cc1,1
CC(=O)c1ccc(-c2cnc3nn4ccccc4c3c2)cc1,1
Clc1cnc2nn3ccccc3c2n1,1
c1ccc(-c2cnc3nn4ccccc4c3n2)cc1,1
Cc1ccc(-c2cnc3nn4ccccc4c3n2)cc1,1
COc1ccc(-c2cnc3nn4ccccc4c3n2)cc1,1
CC(=O)c1ccc(-c2cnc3nn4ccccc4c3n2)cc1,1
F[B-]1(F)Oc2c(ccc3c4c(ccc23)C=[N+](c2ccccc2)[B-](F)(F)O4)C=[N+]1c1ccccc1,1
C1=[N+](c2ccccc2)[B-](c2ccccc2)(c2ccccc2)Oc2c1ccc1c3c(ccc21)C=[N+](c1ccccc1)[B-](c1ccccc1)(c1ccccc1)O3,1
Fc1cccc(F)c1[B-]1(c2c(F)cccc2F)Oc2c(ccc3c4c(ccc23)C=[N+](c2ccccc2)[B-](c2c(F)cccc2F)(c2c(F)cccc2F)O4)C=[N+]1c1ccccc1,1
Fc1c(F)c(F)c([B-]2(c3c(F)c(F)c(F)c(F)c3F)Oc3c(ccc4c5c(ccc34)C=[N+](c3ccccc3)[B-](c3c(F)c(F)c(F)c(F)c3F)(c3c(F)c(F)c(F)c(F)c3F)O5)C=[N+]2c2ccccc2)c(F)c1F,1
C1=[N+](c2ccccc2)[B-]2(Oc3c1ccc1c4c(ccc31)C=[N+](c1ccccc1)[B-]1(O4)c3ccccc3Oc3ccccc31)c1ccccc1Oc1ccccc12,1
O=[N+]([O-])c1ccc([N+]2=Cc3ccc4c5c(ccc4c3O[B-]2(c2ccccc2)c2ccccc2)C=[N+](c2ccc([N+](=O)[O-])cc2)[B-](c2ccccc2)(c2ccccc2)O5)cc1,1
O=[N+]([O-])c1ccc([N+]2=Cc3ccc4c5c(ccc4c3O[B-]2(c2c(F)c(F)c(F)c(F)c2F)c2c(F)c(F)c(F)c(F)c2F)C=[N+](c2ccc([N+](=O)[O-])cc2)[B-](c2c(F)c(F)c(F)c(F)c2F)(c2c(F)c(F)c(F)c(F)c2F)O5)cc1,1
CCN(CC)c1ccc([N+]2=Cc3ccc4c5c(ccc4c3O[B-]2(c2ccccc2)c2ccccc2)C=[N+](c2ccc(N(CC)CC)cc2)[B-](c2ccccc2)(c2ccccc2)O5)cc1,1
CCN(CC)c1ccc([N+]2=Cc3ccc4c5c(ccc4c3O[B-]2(c2c(F)c(F)c(F)c(F)c2F)c2c(F)c(F)c(F)c(F)c2F)C=[N+](c2ccc(N(CC)CC)cc2)[B-](c2c(F)c(F)c(F)c(F)c2F)(c2c(F)c(F)c(F)c(F)c2F)O5)cc1,1
CCN(CC)c1ccc([N+]2=Cc3ccc4c5c(ccc4c3O[B-]2(c2ccccc2)c2ccccc2)C=[N+](c2ccc([N+](=O)[O-])cc2)[B-](c2ccccc2)(c2ccccc2)O5)cc1,1
CCCCCCOc1ccc(N(c2ccc(OCCCCCC)cc2)c2ccc(-c3sc(-c4ccc(N(c5ccc(OCCCCCC)cc5)c5ccc(OCCCCCC)cc5)cc4)c4nc(CC)c(CC)nc34)cc2)cc1,1
CCCCCCOc1ccc(N(c2ccc(OCCCCCC)cc2)c2ccc(-c3sc(-c4ccc(N(c5ccc(OCCCCCC)cc5)c5ccc(OCCCCCC)cc5)cc4)c4nc(-c5ccccc5)c(-c5ccccc5)nc34)cc2)cc1,1
CCCCCCOc1ccc(N(c2ccc(OCCCCCC)cc2)c2ccc(-c3sc(-c4ccc(N(c5ccc(OCCCCCC)cc5)c5ccc(OCCCCCC)cc5)cc4)c4nc(-c5ccc(OC)cc5)c(-c5ccc(OC)cc5)nc34)cc2)cc1,1
CCCCCCOc1ccc(N(c2ccc(OCCCCCC)cc2)c2ccc(-c3sc(-c4ccc(N(c5ccc(OCCCCCC)cc5)c5ccc(OCCCCCC)cc5)cc4)c4nc(-c5ccc(C(=O)OC)cc5)c(-c5ccc(C(=O)OC)cc5)nc34)cc2)cc1,1
FC(F)(F)c1ccc(-c2nc(-c3ccc(C(F)(F)F)cc3)n3ccccc23)cc1,1
COc1ccc(-c2nc(-c3ccc(OC)cc3)n3ccccc23)cc1,1
COc1ccc(-c2nc(-c3ccc(C)cc3)c3ccccn23)cc1,1
CN(C)c1ccc(-c2nc(-c3ccccc3)n3ccccc23)cc1,1
CN(C)c1ccc(-c2ccc(-c3ncc4ccccn34)cc2)cc1,1
FC(F)(F)c1ccc(-c2ncc3ccccn23)cc1,1
c1ccc(-c2ncc3ccccn23)cc1,1
COc1ccc(-c2ncc3ccccn23)cc1,1
COc1ccc(-c2cc(-c3ccccc3)nn2C)cc1,1
Cn1nc(-c2ccccc2)cc1-c1ccccc1,1
Cn1nc(-c2ccc(C(F)(F)F)cc2)cc1-c1ccccc1,1
Cn1nc(-c2ccc(C#N)cc2)cc1-c1ccccc1,1
COc1ccc(-c2cc(-c3ccc(C(F)(F)F)cc3)nn2C)cc1,1
COc1ccc(-c2cc(-c3ccc(C#N)cc3)nn2C)cc1,1
CN(C)c1ccc(-c2cc(-c3ccccc3)nn2C)cc1,1
CN(C)c1ccc(-c2cc(-c3ccc(C(F)(F)F)cc3)nn2C)cc1,1
CN(C)c1ccc(-c2cc(-c3ccc(C#N)cc3)nn2C)cc1,1
c1ccc2c3c(ccc2c1)-c1cccc2cc4ccccc4c-3c12,1
c1ccc2cc3c(cc2c1)-c1cccc2cc4ccccc4c-3c12,1
c1ccc2c3c(ccc2c1)-c1c2ccccc2cc2cccc-3c12,1
c1ccc2cc3cc4c(cc3cc2c1)-c1cccc2cccc-4c12,1
c1ccc2cc3c4c(ccc3cc2c1)-c1cccc2cccc-4c12,1
c1ccc2c3c(ccc2c1)-c1cccc2c1c-3cc1ccccc12,1
c1ccc2cc3c(cc2c1)-c1cccc2c1c-3cc1ccccc12,1
c1ccc2c3c(ccc2c1)-c1cc2ccccc2c2cccc-3c12,1
c1cc2c3c(cccc3c1)-c1c-2c2ccccc2c2ccccc12,1
c1cc2c3c(cccc3c1)-c1c-2ccc2ccc3ccccc3c12,1
c1cc2c3c(cccc3c1)-c1c-2ccc2c1ccc1ccccc12,1
c1cc2c3c(cccc3c1)-c1cc3c(ccc4ccccc43)cc1-2,1
CC1(C)CC(/C=C/c2ccc(-n3ccnc3)cc2)=CC(=C(C#N)C#N)C1,1
CC1(C)CC(/C=C/c2ccc(-n3cccn3)cc2)=CC(=C(C#N)C#N)C1,1
CC1(C)CC(/C=C/c2ccc(-n3cncn3)cc2)=CC(=C(C#N)C#N)C1,1
CC1(C)CC(/C=C/c2ccc(-n3c4ccccc4c4ccccc43)cc2)=CC(=C(C#N)C#N)C1,1
CC1(C)CC(/C=C/c2ccc(N3CCOCCOCCOCCOCC3)cc2)=CC(=C(C#N)C#N)C1,1
C#CCn1c2ccccc2c2cc(/C=C/c3cc(C)c4n3[B-](F)(F)[N+]3=C(C)C=C(C)C3=C4c3ccc(I)cc3)ccc21,1
C#CCn1c2ccccc2c2cc(/C=C/c3c(Cl)c(C)c4n3[B-](F)(F)[N+]3=C(C)C(Cl)=C(C)C3=C4c3ccc(I)cc3)ccc21,1
C#CCn1c2ccccc2c2cc(/C=C/C3=[N+]4C(=C(c5ccc(I)cc5)c5c(C)cc(/C=C/c6ccc7c(c6)c6ccccc6n7CC#C)n5[B-]4(F)F)C(C)=C3)ccc21,1
C#CCn1c2ccccc2c2cc(/C=C/C3=[N+]4C(=C(c5ccc(I)cc5)c5c(C)c(Cl)c(/C=C/c6ccc7c(c6)c6ccccc6n7CC#C)n5[B-]4(F)F)C(C)=C3Cl)ccc21,1
CC1=C(Cl)C(/C=C/c2ccc3c(c2)c2ccccc2n3Cc2cn(CCC[P+](c3ccccc3)(c3ccccc3)c3ccccc3)nn2)=[N+]2C1=C(c1ccc(I)cc1)c1c(C)c(Cl)c(C)n1[B-]2(F)F,1
Nc1nc2ccccc2[n+]([O-])n1,1
Nc1nc2ccc(F)cc2[n+]([O-])n1,1
COc1ccc2nc(N)n[n+]([O-])c2c1,1
Nc1n[n+]([O-])c2ccccc2[n+]1[O-],1
Nc1n[n+]([O-])c2cc(F)ccc2[n+]1[O-],1
COc1ccc2c(c1)[n+]([O-])nc(N)[n+]2[O-],1
Cc1c2ccc(=[N+]3CCCCC3)cc-2oc2cc(N3CCCCC3)ccc12,1
c1ccc(Cc2c3ccc(=[N+]4CCCCC4)cc-3oc3cc(N4CCCCC4)ccc23)cc1,1
c1ccc(-c2c3ccc(=[N+]4CCCCC4)cc-3oc3cc(N4CCCCC4)ccc23)cc1,1
Ic1ccc(-c2c3ccc(=[N+]4CCCCC4)cc-3oc3cc(N4CCCCC4)ccc23)cc1,1
COc1ccc(-c2c3ccc(=[N+]4CCCCC4)cc-3oc3cc(N4CCCCC4)ccc23)cc1,1
COc1ccccc1-c1c2ccc(=[N+]3CCCCC3)cc-2oc2cc(N3CCCCC3)ccc12,1
c1csc(-c2c3ccc(=[N+]4CCCCC4)cc-3oc3cc(N4CCCCC4)ccc23)c1,1
COc1cccc(OC)c1-c1c2ccc(=[N+]3CCCCC3)cc-2oc2cc(N3CCCCC3)ccc12,1
Cc1ccccc1-c1c2ccc(=[N+]3CCCCC3)cc-2oc2cc(N3CCCCC3)ccc12,1
Cc1ccccc1-c1c2ccc(=[N+]3CCOCC3)cc-2oc2cc(N3CCOCC3)ccc12,1
Cc1ccccc1-c1c2ccc(=[N+]3CCCC3)cc-2oc2cc(N3CCCC3)ccc12,1
Cc1ccccc1-c1c2ccc(=[N+]3CCOCC3)cc-2oc2cc(N3CCCCC3)ccc12,1
Cc1ccccc1-c1c2ccc(=[N+]3CCN(C(=O)OC(C)(C)C)CC3)cc-2oc2cc(N3CCN(C(=O)OC(C)(C)C)CC3)ccc12,1
CC(C)(C)OC(=O)N1CCN(c2ccc3c(-c4ccc(I)cc4)c4ccc(=[N+]5CCN(C(=O)OC(C)(C)C)CC5)cc-4oc3c2)CC1,1
COc1cccc(OC)c1-c1c2ccc(=[N+]3CCN(C(=O)OC(C)(C)C)CC3)cc-2oc2cc(N3CCN(C(=O)OC(C)(C)C)CC3)ccc12,1
CC(C)(C)OC(=O)CN1CCN(c2ccc3c(-c4ccc(I)cc4)c4ccc(=[N+]5CCN(CC(=O)OC(C)(C)C)CC5)cc-4oc3c2)CC1,1
Oc1cccc(O)c1-c1c2ccc(=[N+]3CCCCC3)cc-2oc2cc(N3CCCCC3)ccc12,1
O=C(O)COc1cccc(OCC(=O)O)c1-c1c2ccc(=[N+]3CCCCC3)cc-2oc2cc(N3CCCCC3)ccc12,1
COc1cccc(OC)c1-c1c2ccc(=[N+]3CCNCC3)cc-2oc2cc(N3CCNCC3)ccc12,1
CCn1c2ccsc2c2c3nsnc3c3c4sccc4n(CC)c3c21,1
CCn1c2sccc2c2c3nsnc3c3c4ccsc4n(CC)c3c21,1
CCn1c2ccccc2c2c3nsnc3c3c4ccccc4n(CC)c3c21,1
CCn1c2cc(C(C)(C)C)ccc2c2c3nsnc3c3c4ccc(C(C)(C)C)cc4n(CC)c3c21,1
CCn1c2cc(OC)ccc2c2c3nsnc3c3c4ccc(OC)cc4n(CC)c3c21,1
c1cc2c([nH]c3c4[nH]c5sccc5c4c4nsnc4c23)s1,1
c1ccc(Cn2c3sccc3c3c4nsnc4c4c5ccsc5n(Cc5ccccc5)c4c32)cc1,1
c1ccc2c(c1)[nH]c1c3[nH]c4ccccc4c3c3nsnc3c21,1
CC(C)(C)c1ccc2c(c1)[nH]c1c3[nH]c4cc(C(C)(C)C)ccc4c3c3nsnc3c21,1
COc1ccc2c(c1)[nH]c1c3[nH]c4cc(OC)ccc4c3c3nsnc3c21,1
CC[N+](CC)=c1ccc2cc3c(oc-2c1)-c1ccc(N(C)C)cc1CC3,1
CC[N+](CC)=c1ccc2c(C(F)(F)F)c3c(oc-2c1)-c1ccc(N(C)C)cc1CC3,1
CC[N+](CC)=c1ccc2cc3c(=O)oc4cc5c(cc4c3oc-2c1)CCCN5C,1
C1=C/C2=C(\c3ccccc3)c3c[nH]c(c3)/C(c3ccccc3)=C3/C=CC(=N3)/C(c3ccccc3)=c3/cc/c([nH]3)=C(\c3ccccc3)C1=N2,1
CC(C)(C)c1cc(/C2=C3\C=CC(=N3)/C(c3ccc([N+](=O)[O-])cc3)=c3/cc/c([nH]3)=C(\c3ccc([N+](=O)[O-])cc3)C3=N/C(=C(/c4cc(C(C)(C)C)cc(C(C)(C)C)c4)c4cc2c[nH]4)C=C3)cc(C(C)(C)C)c1,1
C#Cc1ccc(/C2=c3\cc/c([nH]3)=C(\c3ccc(C#C)cc3)C3=N/C(=C(/c4cc(C(C)(C)C)cc(C(C)(C)C)c4)c4cc(c[nH]4)/C(c4cc(C(C)(C)C)cc(C(C)(C)C)c4)=C4/C=CC2=N4)C=C3)cc1,1
CC(C)(C)c1cc(/C2=C3\C=CC(=N3)/C(c3ccc(Br)cc3)=c3/cc/c([nH]3)=C(\c3ccc(Br)cc3)C3=N/C(=C(/c4cc(C(C)(C)C)cc(C(C)(C)C)c4)c4cc2c[nH]4)C=C3)cc(C(C)(C)C)c1,1
CCCCCCCCn1c(=O)c2cc3c(-c4ccc(N(c5ccccc5)c5ccccc5)cc4)c4cc5c(=O)n(CCCCCCCC)c(=O)c5cc4c(-c4ccc(N(c5ccccc5)c5ccccc5)cc4)c3cc2c1=O,1
CCCCCCCCn1c(=O)c2cc3cc4cc5c(=O)n(CCCCCCCC)c(=O)c5cc4c(-c4ccc(N(c5ccccc5)c5ccccc5)cc4)c3cc2c1=O,1
CCCCCCCCn1c(=O)c2cc3c(C#Cc4ccc(N(c5ccccc5)c5ccccc5)cc4)c4cc5c(=O)n(CCCCCCCC)c(=O)c5cc4c(C#Cc4ccc(N(c5ccccc5)c5ccccc5)cc4)c3cc2c1=O,1
CCCCCCCCn1c(=O)c2cc3cc4cc5c(=O)n(CCCCCCCC)c(=O)c5cc4c(C#Cc4ccc(N(c5ccccc5)c5ccccc5)cc4)c3cc2c1=O,1
CCCCCCCCn1c(=O)c2cc3cc4cc5c(=O)n(CCCCCCCC)c(=O)c5cc4cc3cc2c1=O,1
F[B-]1(F)n2c(cc(Cl)c2-c2ccccc2)C(c2ccccc2)=C2C=C(Cl)C(c3ccccc3)=[N+]21,1
COc1ccc(C2=[N+]3C(=C(c4ccc(C(=O)OCc5ccccc5)cc4)c4cc(Cl)c(-c5ccc(OC)cc5)n4[B-]3(F)F)C=C2Cl)cc1,1
COc1ccc(C2=[N+]3C(=C(c4ccc(C#N)cc4)c4cc(Cl)c(-c5ccc(OC)cc5)n4[B-]3(F)F)C=C2Cl)cc1,1
F[B-]1(F)n2c(cc(-c3cccs3)c2-c2ccccc2)C(c2ccccc2)=C2C=C(c3cccs3)C(c3ccccc3)=[N+]21,1
COc1ccc(C2=[N+]3C(=C(c4ccc(C#N)cc4)c4cc(-c5cccs5)c(-c5ccc(OC)cc5)n4[B-]3(F)F)C=C2c2cccs2)cc1,1
COc1ccc(C2=[N+]3C(=C(c4ccc(C#N)cc4)c4cc(-c5ccc(C#N)cc5)c(-c5ccc(OC)cc5)n4[B-]3(F)F)C=C2c2ccc(C#N)cc2)cc1,1
CCCCCCCCCCCCOc1cc2c3c(ccc4c5c(OCCCCCCCCCCCC)cc6c7c(ccc(c1c34)c75)C(=O)N(C1CCCCC1)C6=O)C(=O)N(C1CCCCC1)C2=O,1
CCCCCCCCCCCCSc1cc2c3c(ccc4c5c(SCCCCCCCCCCCC)cc6c7c(ccc(c1c34)c75)C(=O)N(C1CCCCC1)C6=O)C(=O)N(C1CCCCC1)C2=O,1
O=C1c2ccc3c4c(-c5ccccc5)cc5c6c(ccc(c7c(-c8ccccc8)cc(c2c37)C(=O)N1C1CCCCC1)c64)C(=O)N(C1CCCCC1)C5=O,1
O=C1c2ccc3c4c(NC5CCCCC5)cc5c6c(ccc(c7c(NC8CCCCC8)cc(c2c37)C(=O)N1C1CCCCC1)c64)C(=O)N(C1CCCCC1)C5=O,1
CCCCCCCCCCCCOc1cc2c3c(ccc4c5c(OC6CCC(C(C)(C)C)CC6)cc6c7c(ccc(c1c34)c75)C(=O)N(C1CCCCC1)C6=O)C(=O)N(C1CCCCC1)C2=O,1
CCCCCCCCCCCCOc1cc2c3c(ccc4c5c(SCCCCCCCCCCCC)cc6c7c(ccc(c1c34)c75)C(=O)N(C1CCCCC1)C6=O)C(=O)N(C1CCCCC1)C2=O,1
CCCCCCCCCCCCOc1cc2c3c(ccc4c5c(N6CCOCC6)cc6c7c(ccc(c1c34)c75)C(=O)N(C1CCCCC1)C6=O)C(=O)N(C1CCCCC1)C2=O,1
CCCCCCCCCCCCOc1cc2c3c(ccc4c5c(NC6CCCCC6)cc6c7c(ccc(c1c34)c75)C(=O)N(C1CCCCC1)C6=O)C(=O)N(C1CCCCC1)C2=O,1
O=c1cc2cc(O)c3cccc4ccc(o1)c2c43,1
O=c1cc2c(S(=O)(=O)O)c(O)c3cccc4ccc(o1)c2c43,1
CCCCCCOc1cc2cc(=O)oc3ccc4cccc1c4c23,1
O=c1cc2cc(O)c3c(O)ccc4ccc(o1)c2c43,1
CCCCCCOc1ccc2ccc3oc(=O)cc4cc(OCCCCCC)c1c2c43,1
O=c1cc2cc(O)c3cc(O)cc4ccc(o1)c2c43,1
O=c1oc2ccc3cccc4c(O)c(Cl)c(c1Cl)c2c34,1
O=c1cc2c(Br)c(O)c3cccc4ccc(o1)c2c43,1
COc1c(Br)c2cc(=O)oc3ccc4cccc1c4c32,1
COc1c(-c2c(OC)c3cccc4ccc5oc(=O)cc2c5c43)c2cc(=O)oc3ccc4cccc1c4c32,1
O=c1cc2c(-c3c(O)c4cccc5ccc6oc(=O)cc3c6c54)c(O)c3cccc4ccc(o1)c2c43,1
CCCCCOc1ccc2c(c1)c1ccc3cccc4c5cccc6oc(=O)c2c(c65)c1c34,1
O=c1oc2cccc3c4cccc5ccc6c7ccccc7c1c(c23)c6c54,1
COc1ccc2c(c1)c1ccc3cccc4c5cccc6oc(=O)c2c(c65)c1c34,1
COc1cc2c(c(OC)c1OC)c1ccc3cccc4c5cccc6oc(=O)c2c(c65)c1c34,1
CCCCCOc1ccc2c(c1)c1ccc3cccc4c5cc(OC)cc6oc(=O)c2c(c65)c1c34,1
CCCCCOc1cc2oc(=O)c3c4ccc(O)cc4c4ccc5cccc6c(c1)c2c3c4c56,1
CC(C)(C)c1ccc2c(c1)c1ccc3cccc4c5cccc6oc(=O)c2c(c65)c1c34,1
O=c1oc2cccc3c4cccc5ccc6c7cc(F)ccc7c1c(c23)c6c54,1
COc1cc2oc(=O)c3c4ccc(C=O)cc4c4ccc5cccc6c(c1)c2c3c4c56,1
COc1cc2oc(=O)c3c4ccc(C(=O)c5ccccc5)cc4c4ccc5cccc6c(c1)c2c3c4c56,1
CCCCCOc1cc2oc(=O)c3c4ccc(C#N)cc4c4ccc5cccc6c(c1)c2c3c4c56,1
CCCCCOc1cc2oc(=O)c3c4ccc(N)cc4c4ccc5cccc6c(c1)c2c3c4c56,1
COc1cc2oc(=O)c3c4ccc(N(C)C)cc4c4ccc5cccc6c(c1)c2c3c4c56,1
CCCCCOc1cc2oc(=O)c3c4ccc(N(c5ccccc5)c5ccccc5)cc4c4ccc5cccc6c(c1)c2c3c4c56,1
CCCCCOc1cc2oc(=O)c3c4ccc(N(c5ccc(C)cc5)c5ccc(C)cc5)cc4c4ccc5cccc6c(c1)c2c3c4c56,1
CCCCCOc1cc2oc(=O)c3c4occc4c4ccc5cccc6c(c1)c2c3c4c56,1
CCCCCCCCc1ccc(-n2c3c(c4c2c2c(n4-c4ccc(CCCCCCCC)cc4)-c4ccccc4NB2c2ccccc2)B(c2ccccc2)Nc2ccccc2-3)cc1,1
CCCCCCc1ccc(-n2c3c(c4c2c2c(n4-c4ccc(CCCCCC)cc4)-c4cccc(OC)c4NB2c2ccccc2)B(c2ccccc2)Nc2c(OC)cccc2-3)cc1,1
CCCCc1ccc(-n2c3c(c4c2c2c(n4-c4ccc(CCCC)cc4)-c4ccc(C(F)(F)F)cc4NB2c2ccccc2)B(c2ccccc2)Nc2cc(C(F)(F)F)ccc2-3)cc1,1
CCCCc1ccc(-n2c3c(c4c2c2c(n4-c4ccc(CCCC)cc4)-c4cc(F)ccc4NB2c2ccccc2)B(c2ccccc2)Nc2ccc(F)cc2-3)cc1,1
C(#Cc1ccc2ncsc2c1)c1ccc(N(c2ccccc2)c2ccccc2)cc1,1
O=Cc1nc2ccc(C#Cc3ccc(N(c4ccccc4)c4ccccc4)cc3)cc2s1,1
N#CC(C#N)=Cc1nc2ccc(C#Cc3ccc(N(c4ccccc4)c4ccccc4)cc3)cc2s1,1
C(#Cc1nc2ccccc2s1)c1ccc(N(c2ccccc2)c2ccccc2)cc1,1
O=Cc1ccc2nc(C#Cc3ccc(N(c4ccccc4)c4ccccc4)cc3)sc2c1,1
N#CC(C#N)=Cc1ccc2nc(C#Cc3ccc(N(c4ccccc4)c4ccccc4)cc3)sc2c1,1
C(#Cc1ccc2ncsc2c1)c1ccc(N(c2ccc(C#Cc3ccc4ncsc4c3)cc2)c2ccc(C#Cc3ccc4ncsc4c3)cc2)cc1,1
O=Cc1nc2ccc(C#Cc3ccc(N(c4ccc(C#Cc5ccc6nc(C=O)sc6c5)cc4)c4ccc(C#Cc5ccc6nc(C=O)sc6c5)cc4)cc3)cc2s1,1
N#CC(C#N)=Cc1nc2ccc(C#Cc3ccc(N(c4ccc(C#Cc5ccc6nc(C=C(C#N)C#N)sc6c5)cc4)c4ccc(C#Cc5ccc6nc(C=C(C#N)C#N)sc6c5)cc4)cc3)cc2s1,1
C(#Cc1nc2ccccc2s1)c1ccc(N(c2ccc(C#Cc3nc4ccccc4s3)cc2)c2ccc(C#Cc3nc4ccccc4s3)cc2)cc1,1
O=Cc1ccc2nc(C#Cc3ccc(N(c4ccc(C#Cc5nc6ccc(C=O)cc6s5)cc4)c4ccc(C#Cc5nc6ccc(C=O)cc6s5)cc4)cc3)sc2c1,1
N#CC(C#N)=Cc1ccc2nc(C#Cc3ccc(N(c4ccc(C#Cc5nc6ccc(C=C(C#N)C#N)cc6s5)cc4)c4ccc(C#Cc5nc6ccc(C=C(C#N)C#N)cc6s5)cc4)cc3)sc2c1,1
Cc1ccccc1C1=C2C=c3c(oc4ccccc34)=[N+]2[B-](F)(F)n2c1cc1c3ccccc3oc12,1
O=Cc1ccc(C2=C3C=c4c(oc5ccccc45)=[N+]3[B-](F)(F)n3c2cc2c4ccccc4oc23)cc1,1
COc1ccc(C2=C3C=c4c(oc5ccccc45)=[N+]3[B-](F)(F)n3c2cc2c4ccccc4oc23)cc1,1
F[B-]1(F)n2c(cc3c4ccccc4oc32)C(c2ccccc2)=C2C=c3c(oc4ccccc34)=[N+]21,1
Cc1ccccc1C1=C2C=c3c(oc4ccc(F)cc34)=[N+]2[B-](F)(F)n2c1cc1c3cc(F)ccc3oc12,1
CCCCCCOc1ccc2oc3c(c2c1)=CC1=C(c2ccccc2C)c2cc4c5cc(OCCCCCC)ccc5oc4n2[B-](F)(F)[N+]=31,1
Cc1ccccc1C1=C2C=c3c(oc4ccc(C(C)(C)C)cc34)=[N+]2[B-](F)(F)n2c1cc1c3cc(C(C)(C)C)ccc3oc12,1
Cc1ccccc1C1=C2C=c3c(oc4c3ccc3ccccc34)=[N+]2[B-](F)(F)n2c1cc1c3ccc4ccccc4c3oc12,1
COC(=O)[C@H](Cc1ccc2oc3c(c2c1)=CC1=C(c2ccc(OC)cc2)c2cc4c5cc(C[C@H](NC(=O)OC(C)(C)C)C(=O)OC)ccc5oc4n2[B-](F)(F)[N+]=31)NC(=O)OC(C)(C)C,1
COc1ccc(C2=C3C=c4c(oc5cc6c(cc45)[C@H]4CC[C@]5(C)C(=O)CC[C@H]5[C@@H]4CC6)=[N+]3[B-](F)(F)n3c2cc2c4cc5c(cc4oc23)CC[C@@H]2[C@@H]5CC[C@]3(C)C(=O)CC[C@@H]23)cc1,1
O=c1oc2ccccc2c2c1c(=O)oc1cc(O)ccc12,1
O=c1oc2ccccc2c2c1c(=O)oc1cc(O)cc(O)c12,1
O=c1oc2ccccc2c2c1c(=O)oc1cc(O)c3ccccc3c12,1
O=c1oc2ccccc2c2c1c(=O)oc1c3ccccc3cc(O)c12,1
O=c1oc2ccccc2c2c1c(=O)oc1ccc3ccc(O)cc3c12,1
Nc1ccc2c(c1)oc(=O)c1c(=O)oc3ccccc3c12,1
CCNc1cc2oc(=O)c3c(=O)oc4ccccc4c3c2cc1C,1
CCCCCCCCCCCCN(CCCCCCCCCCCC)c1ccc2c(c1)oc(=O)c1c(=O)oc3ccccc3c12,1
COc1cccc2c1oc(=O)c1c(=O)oc3cc(O)ccc3c12,1
CCN(CC)c1ccc2c(c1)oc(=O)c1c(=O)oc3c(OC)cccc3c12,1
CCN(CC)c1ccc2c(c1)oc(=O)c1c(=O)oc3cc(Br)ccc3c12,1
CC(C)(C)OC(=O)COc1ccc2c(c1)oc(=O)c1c(=O)oc3ccccc3c12,1
CCN(CC)c1ccc2c(c1)oc(=O)c1c(=O)oc3cc(C#Cc4ccc(N(C)C)cc4)ccc3c12,1
CCN(CC)c1ccc2c(c1)oc(=O)c1c(=O)oc3cc(C#Cc4ccc(C#N)cc4)ccc3c12,1
CCN(CC)c1ccc2c(c1)oc(=O)c1c(=O)oc3c(C)c4oc(=O)c5c(=O)oc6cc(N(CC)CC)ccc6c5c4cc3c12,1
CC[N+](CC)=c1ccc2c(-c3ccccc3C(=O)O)c3oc4cc(N)ccc4c3oc-2c1,1
CCOC(=O)c1ccccc1-c1c2ccc(=[N+](CC)CC)cc-2oc2c1oc1cc(N)ccc12,1
CC[N+](CC)=c1ccc2cc3oc4cc(N)ccc4c3oc-2c1,1
CC[N+](CC)=c1ccc2c(C(F)(F)F)c3oc4cc(N)ccc4c3oc-2c1,1
F[B-]1(F)n2c(Cl)c(Cl)c(Br)c2C(Cl)=C2C(Br)=C(Cl)C(Cl)=[N+]21,1
F[B-]1(F)n2c(Cl)c(Cl)c(Br)c2C(Oc2ccccc2)=C2C(Br)=C(Cl)C(Cl)=[N+]21,1
F[B-]1(F)n2c(Oc3ccccc3)c(Cl)c(Br)c2C(Oc2ccccc2)=C2C(Br)=C(Cl)C(Oc3ccccc3)=[N+]21,1
F[B-]1(F)n2c(Oc3ccccc3)c(Cl)c3c2C(=C2C(Br)=C(Cl)C(Oc4ccccc4)=[N+]21)Oc1ccccc1-3,1
CC1(C)C(/C=C/C2=C(c3ccc(C(=O)O)cc3)/C(=C/C=C3/N(CCCS(=O)(=O)[O-])c4ccc5ccccc5c4C3(C)C)CCC2)=[N+](CCCS(=O)(=O)[O-])c2ccc3ccccc3c21,1
CCOC(=O)c1cc2ccc3ccccc3c2c(C#N)c1N,1
CCCCCCCCOC(=O)c1cc2ccc3ccccc3c2c(C#N)c1N,1
CCOC(=O)c1cc2ccc3ccccc3c2c(C(=O)OCC)c1N,1
CC(C)[Si](C#Cc1ccc(C#C[Si](C(C)C)(C(C)C)C(C)C)c2nc3cc4c(cc3nc12)[C@H]1c2ccccc2[C@@H]4c2ccccc21)(C(C)C)C(C)C,1
CC(C)[Si](C#Cc1ccc(C#C[Si](C(C)C)(C(C)C)C(C)C)c2nc3ccccc3nc12)(C(C)C)C(C)C,1
CC(C)[Si](C#Cc1c2ccccc2c(C#C[Si](C(C)C)(C(C)C)C(C)C)c2nc3cc4c(cc3nc12)C1c2ccccc2C4c2ccccc21)(C(C)C)C(C)C,1
CC(C)[Si](C#Cc1c2ccccc2c(C#C[Si](C(C)C)(C(C)C)C(C)C)c2nc3ccccc3nc12)(C(C)C)C(C)C,1
CC(C)[Si](C#Cc1c2cc3ccccc3cc2c(C#C[Si](C(C)C)(C(C)C)C(C)C)c2nc3cc4c(cc3nc12)C1c2ccccc2C4c2ccccc21)(C(C)C)C(C)C,1
CC(C)[Si](C#Cc1c2cc3ccccc3cc2c(C#C[Si](C(C)C)(C(C)C)C(C)C)c2nc3ccccc3nc12)(C(C)C)C(C)C,1
Cc1c(C(=O)c2ccccc2)c2ccc3cccc4c5cccc6ccc1c(c65)c2c34,1
Cc1c(C(=O)c2ccc(C(F)(F)F)cc2)c2ccc3cccc4c5cccc6ccc1c(c65)c2c34,1
Cc1c(C(=O)c2ccccc2Cl)c2ccc3cccc4c5cccc6ccc1c(c65)c2c34,1
Cc1ccc(C(=O)c2c(C)c3ccc4cccc5c6cccc7ccc2c(c76)c3c45)cc1,1
COc1ccc(C(=O)c2c(C)c3ccc4cccc5c6cccc7ccc2c(c76)c3c45)cc1,1
COc1cc(C(=O)c2c(C)c3ccc4cccc5c6cccc7ccc2c(c76)c3c45)cc(OC)c1OC,1
Cc1c(C(=O)c2c(F)cc(F)cc2F)c2ccc3cccc4c5cccc6ccc1c(c65)c2c34,1
Cc1c(C(=O)c2ccc3c4cccc5cccc(c6cccc2c63)c54)c2ccc3cccc4c5cccc6ccc1c(c65)c2c34,1
Cc1c(C(=O)c2ccc3ccc4cccc5ccc2c3c45)c2ccc3cccc4c5cccc6ccc1c(c65)c2c34,1
CCCc1c(C(=O)c2ccc3c4c(cccc24)-c2cccc4c2C3CC=C4)c2ccc3cccc4c5cccc6ccc1c(c65)c2c34,1
CCCCCc1c(C(=O)c2ccc3c4c(cccc24)-c2cccc4c2C3CC=C4)c2ccc3cccc4c5cccc6ccc1c(c65)c2c34,1
O=C(c1ccc2c3c(cccc13)-c1cccc3c1C2CC=C3)c1c(Cc2ccccc2)c2ccc3cccc4c5cccc6ccc1c(c65)c2c34,1
O=C(c1ccc2c3c(cccc13)-c1cccc3c1C2CC=C3)c1c(CCc2ccccc2)c2ccc3cccc4c5cccc6ccc1c(c65)c2c34,1
COc1ccc(C2=[N+]3C(=Nc4c(-c5cc(OC)c(OC)c(OC)c5)cc(-c5ccc(OC)cc5)n4[B-]3(F)F)C(c3cc(OC)c(OC)c(OC)c3)=C2)cc1,1
COc1ccc(C2=[N+]3C(=Nc4c(-c5cc(OC)c(OC)c(OC)c5)c(Br)c(-c5ccc(OC)cc5)n4[B-]3(F)F)C(c3cc(OC)c(OC)c(OC)c3)=C2Br)cc1,1
COc1ccc(C2=[N+]3C(=Nc4c(-c5cc(OC)c(OC)c(OC)c5)c(-c5ccc(C(C)(C)C)cc5)c(-c5ccc(OC)cc5)n4[B-]3(F)F)C(c3cc(OC)c(OC)c(OC)c3)=C2c2ccc(C(C)(C)C)cc2)cc1,1
COc1ccc(C2=[N+]3C(=Nc4c(-c5cc(OC)c(OC)c(OC)c5Br)c(-c5ccc(C(C)(C)C)cc5)c(-c5ccc(OC)cc5)n4[B-]3(F)F)C(c3cc(OC)c(OC)c(OC)c3Br)=C2c2ccc(C(C)(C)C)cc2)cc1,1
COc1ccc2c3c(c4ccc(C(C)(C)C)cc4c2c1)=C(c1cc(OC)c(OC)c(OC)c1)C1=Nc2c(-c4cc(OC)c(OC)c(OC)c4)c4c5ccc(C(C)(C)C)cc5c5cc(OC)ccc5c4n2[B-](F)(F)[N+]=31,1
COc1ccc(C2=[N+]3C(=Nc4c5c6cc(OC)c(OC)c(OC)c6c6cc(C(C)(C)C)ccc6c5c(-c5ccc(OC)cc5)n4[B-]3(F)F)c3c2c2ccc(C(C)(C)C)cc2c2c(OC)c(OC)c(OC)cc32)cc1,1
COc1ccc(C2=[N+]3C(=Nc4c5c6ccccc6c6ccc(C(C)(C)C)cc6c5c(-c5ccc(OC)cc5)n4[B-]3(F)F)c3c2c2cc(C(C)(C)C)ccc2c2ccccc32)cc1,1
COc1ccc(C2=[N+]3C(=Nc4c(-c5ccccc5-c5ccc(C(C)(C)C)cc5)cc(-c5ccc(OC)cc5)n4[B-]3(F)F)c3c2c2cc(C(C)(C)C)ccc2c2ccccc32)cc1,1
O=c1c2cc(F)c(O)cc2oc2cc(O)c(F)cc12,1
Nc1cc2oc3cc(O)c(F)cc3c(=O)c2cc1F,1
CN(C)c1cc2oc3cc(N(C)C)c(F)cc3c(=O)c2cc1F,1
CCN(CC)c1cc2oc3cc(N(CC)CC)c(F)cc3c(=O)c2cc1F,1
CCN(CC)c1cc2oc3cc(O)c(F)cc3c(=O)c2cc1F,1
CC(C)Nc1cc2oc3cc(NC(C)C)c(F)cc3c(=O)c2cc1F,1
CC(C)(C)Nc1cc2oc3cc(NC(C)(C)C)c(F)cc3c(=O)c2cc1F,1
O=c1c2cc(F)c(N3CCCCC3)cc2oc2cc(N3CCCCC3)c(F)cc12,1
O=c1c2cc(F)c(O)cc2oc2cc(N3CCCCC3)c(F)cc12,1
O=c1c2cc(F)c(N3CCOCC3)cc2oc2cc(N3CCOCC3)c(F)cc12,1
CC(C)Nc1cc2c(cc1F)c(=O)c1cc(F)c(NC(C)C)cc1n2C(C)C,1
CN(C)c1cc2c(cc1F)c(=O)c1cc(F)c(N(C)C)cc1n2C,1
CC(C)Nc1cc2c(cc1F)c(=O)c1cc(F)c(NC(C)C)cc1n2C,1
CN(C)c1cc2c(cc1F)c(=O)c1cc(F)c(N)cc1n2C,1
Cn1c2cc(N3CCCCC3)c(F)cc2c(=O)c2cc(F)c(N3CCCCC3)cc21,1
CN(C)c1cc2c(cc1F)c(=O)c1cc(F)c(N3CCCCC3)cc1n2C,1
COc1cc2c(cc1F)c(=O)c1cc(F)c(OC)cc1n2C(C)C,1
COc1cc2c(cc1F)c(=O)c1cc(F)c(OC)cc1n2Cc1ccccc1,1
COc1cc2c(cc1F)c(=O)c1cc(F)c(OC)cc1n2-c1ccccc1,1
CC(C)n1c2cc(O)c(F)cc2c(=O)c2cc(F)c(O)cc21,1
O=c1c2cc(F)c(O)cc2n(Cc2ccccc2)c2cc(O)c(F)cc12,1
O=c1c2cc(F)c(O)cc2n(-c2ccccc2)c2cc(O)c(F)cc12,1
COc1cc2sc3cc(OC)c(F)cc3c(=O)c2cc1F,1
O=c1c2cc(F)c(O)cc2sc2cc(O)c(F)cc12,1
CN(C)c1cc2sc3cc(N(C)C)c(F)cc3c(=O)c2cc1F,1
CCN(CC)c1cc2sc3cc(N(CC)CC)c(F)cc3c(=O)c2cc1F,1
CC(C)Nc1cc2sc3cc(NC(C)C)c(F)cc3c(=O)c2cc1F,1
CC(C)(C)Nc1cc2sc3cc(NC(C)(C)C)c(F)cc3c(=O)c2cc1F,1
O=c1c2cc(F)c(N3CCCCC3)cc2sc2cc(N3CCCCC3)c(F)cc12,1
O=c1c2cc(F)c(N3CCOCC3)cc2sc2cc(N3CCOCC3)c(F)cc12,1
CN(C)c1ccc(C2=CC3=C(c4ccc([N+](=O)[O-])cc4)[C@H]4c5ccccc5[C@]3(S2)c2ccccc24)cc1,1
CN(C)c1ccc(C2=CC3=C(c4ccc(C#N)cc4)[C@H]4c5ccccc5[C@]3(S2)c2ccccc24)cc1,1
CN(C)c1ccc(C2=C3C=C(c4ccc(C#N)cc4)S[C@]34c3ccccc3[C@H]2c2ccccc24)cc1,1
CN(C)c1ccc(C2=CC3=C(c4ccc(C=O)cc4)[C@H]4c5ccccc5[C@]3(S2)c2ccccc24)cc1,1
CN(C)c1ccc(C2=C3C=C(c4ccc(C=O)cc4)S[C@]34c3ccccc3[C@H]2c2ccccc24)cc1,1
CN(C)c1ccc(C2=CC3=C(c4ccc(C=C(C#N)C#N)cc4)[C@H]4c5ccccc5[C@]3(S2)c2ccccc24)cc1,1
CN(C)c1ccc(C2=C3C=C(c4ccc(C=C(C#N)C#N)cc4)S[C@]34c3ccccc3[C@H]2c2ccccc24)cc1,1
C1=C(c2ccccc2)S[C@]23C1=C(c1ccccc1)[C@H](c1ccccc12)c1ccccc13,1
c1ccc(-c2nnc(-c3ccc(-n4c5ccccc5c5ccccc54)cc3)o2)cc1,1
Cc1cc(C)c(-c2nnc(-c3ccc(-n4c5ccccc5c5ccccc54)cc3)o2)c(C)c1,1
CC(C)c1cc(C(C)C)c(-c2nnc(-c3ccc(-n4c5ccccc5c5ccccc54)cc3)o2)c(C(C)C)c1,1
CC(C)(C)c1cc(C(C)(C)C)c(-c2nnc(-c3ccc(-n4c5ccccc5c5ccccc54)cc3)o2)c(C(C)(C)C)c1,1
Cc1cc(-c2nnc(-c3ccccc3)o2)ccc1-n1c2ccccc2c2ccccc21,1
Cc1cc(C)c(-c2nnc(-c3ccc(-n4c5ccccc5c5ccccc54)c(C)c3)o2)c(C)c1,1
Cc1cc(-c2nnc(-c3c(C(C)C)cc(C(C)C)cc3C(C)C)o2)ccc1-n1c2ccccc2c2ccccc21,1
COc1ccc2c3ccc(OC)cc3n(-c3ccc(-c4nnc(-c5c(C)cc(C)cc5C)o4)cc3C)c2c1,1
COc1ccc2c3ccc(OC)cc3n(-c3ccc(-c4nnc(-c5c(C(C)C)cc(C(C)C)cc5C(C)C)o4)cc3)c2c1,1
Cc1nnc(-c2ccc(-n3c4ccccc4c4ccccc43)cc2)o1,1
COc1ccc2c3ccc(OC)cc3n(-c3ccc(-c4nnc(C)o4)cc3)c2c1,1
CCCCOc1cc2ccccc2c2c1oc1cc3ccccc3cc12,1
c1ccc2cc3c(cc2c1)oc1c2oc4cc5ccccc5cc4c2c2ccccc2c31,1
CCCCOc1c(-c2c(OCCCC)c3oc4cc5ccccc5cc4c3c3ccccc23)c2ccccc2c2c1oc1cc3ccccc3cc12,1
CCCCCCCCCc1c2ccccc2cc2c1oc1c3c(c4ccccc4c12)-c1c(c2oc4cc5ccccc5cc4c2c2ccccc12)OCO3,1
CCCCCCCCCc1c2ccccc2cc2c1oc1c3oc4c5oc6cc7ccccc7cc6c5c5ccccc5c4c3c3ccccc3c21,1
COCCOCCOCCOCC(COCCOCCOCCOC)Oc1cc(/C=C/c2ccc(C=C(C#N)C#N)cc2)c(OC(COCCOCCOCCOC)COCCOCCOCCOC)cc1/C=C/c1ccc(C=C(C#N)C#N)cc1,1
COCCOCCOCCOCC(COCCOCCOCCOC)Oc1cc(/C=C/c2ccc(/C=C(\C#N)c3ccccc3)cc2)c(OC(COCCOCCOCCOC)COCCOCCOCCOC)cc1/C=C/c1ccc(/C=C(\C#N)c2ccccc2)cc1,1
COCCOCCOCCOCC(COCCOCCOCCOC)Oc1cc(/C=C/c2ccc(/C=C(\C#N)c3ccc(C(F)(F)F)cc3)cc2)c(OC(COCCOCCOCCOC)COCCOCCOCCOC)cc1/C=C/c1ccc(/C=C(\C#N)c2ccc(C(F)(F)F)cc2)cc1,1
COCCOCCOCCOCC(COCCOCCOCCOC)Oc1cc(/C=C/c2ccc(/C=C(\C#N)c3ccncc3)cc2)c(OC(COCCOCCOCCOC)COCCOCCOCCOC)cc1/C=C/c1ccc(/C=C(\C#N)c2ccncc2)cc1,1
COCCOCCOCCOCC(COCCOCCOCCOC)Oc1cc(/C=C/c2ccc(/C=C(\C#N)c3ccccn3)cc2)c(OC(COCCOCCOCCOC)COCCOCCOCCOC)cc1/C=C/c1ccc(/C=C(\C#N)c2ccccn2)cc1,1
COCCOCCOCCOCC(COCCOCCOCCOC)Oc1cc(/C=C/c2ccc(/C=C(\C#N)C(=O)c3ccccc3)cc2)c(OC(COCCOCCOCCOC)COCCOCCOCCOC)cc1/C=C/c1ccc(/C=C(\C#N)C(=O)c2ccccc2)cc1,1
COCCOCCOCCOCC(COCCOCCOCCOC)Oc1cc(/C=C/c2ccc(C=C3C(=O)c4ccccc4C3=O)cc2)c(OC(COCCOCCOCCOC)COCCOCCOCCOC)cc1/C=C/c1ccc(C=C2C(=O)c3ccccc3C2=O)cc1,1
C#CCNC1=C2C(C)=CC(C)=[N+]2[B-](F)(F)n2c(C)cc(C)c21,1
CNC1=C2C=CC=[N+]2[B-](F)(F)n2cccc21,1
CC(C)(C)NC1=C2C=CC=[N+]2[B-](F)(F)n2cccc21,1
CCCCN(CCCC)c1ccc(C#Cc2cc(C#Cc3ccc(C(F)(F)F)cc3)c(C#Cc3ccc(C(F)(F)F)cc3)cc2C#Cc2ccc(N(CCCC)CCCC)cc2)cc1,1
CCCCN(CCCC)c1ccc(C#Cc2cc(C#Cc3ccc(N(CCCC)CCCC)cc3)c(C#Cc3ccc(C(F)(F)F)cc3)cc2C#Cc2ccc(C(F)(F)F)cc2)cc1,1
CCCCN(CCCC)c1ccc(C#Cc2cc(C#Cc3ccc(C(F)(F)F)cc3)c(C#Cc3ccc(N(CCCC)CCCC)cc3)cc2C#Cc2ccc(C(F)(F)F)cc2)cc1,1
CCCCN(CCCC)c1ccc(C#Cc2cc(C#Cc3cc(C(F)(F)F)cc(C(F)(F)F)c3)c(C#Cc3cc(C(F)(F)F)cc(C(F)(F)F)c3)cc2C#Cc2ccc(N(CCCC)CCCC)cc2)cc1,1
CCCCN(CCCC)c1ccc(C#Cc2cc(C#Cc3ccc(N(CCCC)CCCC)cc3)c(C#Cc3cc(C(F)(F)F)cc(C(F)(F)F)c3)cc2C#Cc2cc(C(F)(F)F)cc(C(F)(F)F)c2)cc1,1
CCCCN(CCCC)c1ccc(C#Cc2cc(C#Cc3cc(C(F)(F)F)cc(C(F)(F)F)c3)c(C#Cc3ccc(N(CCCC)CCCC)cc3)cc2C#Cc2cc(C(F)(F)F)cc(C(F)(F)F)c2)cc1,1
CCCCN(CCCC)c1ccc(C#Cc2cc(C#Cc3c(F)c(F)c(F)c(F)c3F)c(C#Cc3c(F)c(F)c(F)c(F)c3F)cc2C#Cc2ccc(N(CCCC)CCCC)cc2)cc1,1
CCCCN(CCCC)c1ccc(C#Cc2cc(C#Cc3ccc(N(CCCC)CCCC)cc3)c(C#Cc3c(F)c(F)c(F)c(F)c3F)cc2C#Cc2c(F)c(F)c(F)c(F)c2F)cc1,1
CCCCN(CCCC)c1ccc(C#Cc2cc(C#Cc3c(F)c(F)c(F)c(F)c3F)c(C#Cc3ccc(N(CCCC)CCCC)cc3)cc2C#Cc2c(F)c(F)c(F)c(F)c2F)cc1,1
CCCCN(CCCC)c1ccc(C#Cc2cc(C#Cc3ccc(C#N)cc3)c(C#Cc3ccc(C#N)cc3)cc2C#Cc2ccc(N(CCCC)CCCC)cc2)cc1,1
CCCCN(CCCC)c1ccc(C#Cc2cc(C#Cc3ccc(N(CCCC)CCCC)cc3)c(C#Cc3ccc(C#N)cc3)cc2C#Cc2ccc(C#N)cc2)cc1,1
CCCCN(CCCC)c1ccc(C#Cc2cc(C#Cc3ccc(C#N)cc3)c(C#Cc3ccc(N(CCCC)CCCC)cc3)cc2C#Cc2ccc(C#N)cc2)cc1,1
CCCCN(CCCC)c1ccc(C#Cc2cc(C#Cc3ccc([N+](=O)[O-])cc3)c(C#Cc3ccc([N+](=O)[O-])cc3)cc2C#Cc2ccc(N(CCCC)CCCC)cc2)cc1,1
CCCCN(CCCC)c1ccc(C#Cc2cc(C#Cc3ccc(N(CCCC)CCCC)cc3)c(C#Cc3ccc([N+](=O)[O-])cc3)cc2C#Cc2ccc([N+](=O)[O-])cc2)cc1,1
CCCCN(CCCC)c1ccc(C#Cc2cc(C#Cc3ccc([N+](=O)[O-])cc3)c(C#Cc3ccc(N(CCCC)CCCC)cc3)cc2C#Cc2ccc([N+](=O)[O-])cc2)cc1,1
CCCCN(CCCC)c1ccc2c#cc3cc4c#cc5ccc(C(F)(F)F)cc5c#cc#cc5cc(C(F)(F)F)ccc5c#cc4cc3c#cc3ccc(N(CCCC)CCCC)cc3c#cc#cc2c1,1
CCCCN(CCCC)c1ccc2c#cc3cc4c#cc5ccc(N(CCCC)CCCC)cc5c#cc#cc5cc(C(F)(F)F)ccc5c#cc4cc3c#cc3ccc(C(F)(F)F)cc3c#cc#cc2c1,1
CCCCN(CCCC)c1ccc2c#cc3cc4c#cc5ccc(C(F)(F)F)cc5c#cc#cc5cc(N(CCCC)CCCC)ccc5c#cc4cc3c#cc3ccc(C(F)(F)F)cc3c#cc#cc2c1,1
CCCCN(CCCC)c1ccc2c(c1)C#CC#Cc1cc(C(F)(F)F)ccc1C#Cc1cc(c3cc1C#Cc1ccc(C(F)(F)F)cc1C#CC#Cc1cc(N(CCCC)CCCC)ccc1C#C3)C#C2,1
CCCCN(CCCC)c1ccc2c(c1)C#CC#Cc1cc(N(CCCC)CCCC)ccc1C#Cc1cc(c3cc1C#Cc1ccc(C(F)(F)F)cc1C#CC#Cc1cc(C(F)(F)F)ccc1C#C3)C#C2,1
CCCCN(CCCC)c1ccc2c(c1)C#CC#Cc1cc(C(F)(F)F)ccc1C#Cc1cc(c3cc1C#Cc1ccc(N(CCCC)CCCC)cc1C#CC#Cc1cc(C(F)(F)F)ccc1C#C3)C#C2,1
CCC(CC)COC1=CC2=C3c4cc(OCC(CC)CC)c(-c5ccccc5)n4[B-](F)(F)[n+]4c3n(c3cc(C(C)(C)C)ccc34)[B-](F)(F)[N+]2=C1c1ccccc1,1
CCC(CC)COC1=CC2=C3c4cc(OCC(CC)CC)c(-c5ccccc5)n4[B-](F)(F)[n+]4nnn(c43)[B-](F)(F)[N+]2=C1c1ccccc1,1
CCC(CC)COC1=CC2=C3c4cc(OCC(CC)CC)c(-c5cccs5)n4[B-](F)(F)[n+]4c3n(c3cc(C(C)(C)C)ccc34)[B-](F)(F)[N+]2=C1c1cccs1,1
CCC(CC)COC1=CC2=C3c4cc(OCC(CC)CC)c(-c5cccs5)n4[B-](F)(F)[n+]4nnn(c43)[B-](F)(F)[N+]2=C1c1cccs1,1
CCCCCCCc1ccc(C2=[N+]3C(=C4c5cc(OCC(CC)CC)c(-c6ccc(CCCCCCC)o6)n5[B-](F)(F)[n+]5c4n(c4cc(C(C)(C)C)ccc45)[B-]3(F)F)C=C2OCC(CC)CC)o1,1
CCCCCCCc1ccc(C2=[N+]3C(=C4c5cc(OCC(CC)CC)c(-c6ccc(CCCCCCC)o6)n5[B-](F)(F)[n+]5nnn(c54)[B-]3(F)F)C=C2OCC(CC)CC)o1,1
CCCCCCCc1cc2c(o1)=CC1=C3c4cc5oc(CCCCCCC)cc5n4[B-](F)(F)[n+]4nnn(c43)[B-](F)(F)[N+]=21,1
CCCCOC(=O)c1cc(Cl)c2c3c(Cl)cc4c5c(cc(Cl)c(c6c(Cl)cc(C(=O)OCCCC)c1c26)c53)C(=O)N(c1c(C(C)C)cccc1C(C)C)C4=O,1
CCCCOC(=O)c1cc(Cl)c2c3c(Cl)cc4c5c(cc(Cl)c(c6c(Oc7ccc(OC)cc7)cc(C(=O)OCCCC)c1c26)c53)C(=O)N(c1c(C(C)C)cccc1C(C)C)C4=O,1
CCCCOC(=O)c1cc(Oc2ccc(OC)cc2)c2c3c(Cl)cc4c5c(cc(Cl)c(c6c(Oc7ccc(OC)cc7)cc(C(=O)OCCCC)c1c26)c53)C(=O)N(c1c(C(C)C)cccc1C(C)C)C4=O,1
CCCCC(CC)CN1C(=O)c2cc(Oc3ccc(OC)cc3)c3c4c(Cl)cc5c6c(cc(Cl)c(c7c(Oc8ccc(OC)cc8)cc(c2c37)C1=O)c64)C(=O)N(c1c(C(C)C)cccc1C(C)C)C5=O,1
CCCCC(CC)CN1C(=O)c2cc(Oc3ccc(OC)cc3)c3c4c(Oc5ccc(C(C)(C)C)cc5)cc5c6c(cc(Oc7ccc(C(C)(C)C)cc7)c(c7c(Oc8ccc(OC)cc8)cc(c2c37)C1=O)c64)C(=O)N(c1c(C(C)C)cccc1C(C)C)C5=O,1
CCCCC(CC)CN1C(=O)c2cc(Oc3ccc(C(C)(C)C)cc3)c3c4c(Oc5ccc(OC)cc5)cc5c6c(cc(Oc7ccc(OC)cc7)c(c7c(Oc8ccc(C(C)(C)C)cc8)cc(c2c37)C1=O)c64)C(=O)N(c1c(C(C)C)cccc1C(C)C)C5=O,1
CCCCOC(=O)c1cc(Cl)c2c3c(Cl)cc4c5c(cc(Cl)c(c6c(Oc7ccc(C(=O)OC)cc7)cc(C(=O)OCCCC)c1c26)c53)C(=O)N(c1c(C(C)C)cccc1C(C)C)C4=O,1
CCCCOC(=O)c1cc(Oc2ccc(C(C)(C)C)cc2)c2c3c(Cl)cc4c5c(cc(Cl)c(c6c(Oc7ccc(C(C)(C)C)cc7)cc(C(=O)OCCCC)c1c26)c53)C(=O)N(c1c(C(C)C)cccc1C(C)C)C4=O,1
CC(C)c1cccc(C(C)C)c1N1C(=O)c2cc(Cl)c3c4c(Cl)cc5c6c(cc(Cl)c(c7c(Cl)cc(c2c37)C1=O)c64)C(=O)N(c1c(C(C)C)cccc1C(C)C)C5=O,1
CCCCC(CC)CN1C(=O)c2cc(Oc3ccc(C(C)(C)C)cc3)c3c4c(Cl)cc5c6c(cc(Cl)c(c7c(Oc8ccc(C(C)(C)C)cc8)cc(c2c37)C1=O)c64)C(=O)N(c1c(C(C)C)cccc1C(C)C)C5=O,1
CC(C)c1cccc(C(C)C)c1N1C(=O)c2cc(Oc3ccc(C(C)(C)C)cc3)c3c4c(Oc5ccc(C(C)(C)C)cc5)cc5c6c(cc(Oc7ccc(C(C)(C)C)cc7)c(c7c(Oc8ccc(C(C)(C)C)cc8)cc(c2c37)C1=O)c64)C(=O)N(c1c(C(C)C)cccc1C(C)C)C5=O,1
COc1ccc(-c2c3ccccc3c(-c3ccc(OC)cc3)c3ccccc23)cc1,1
COc1ccc(-c2c3ccccc3c(C#Cc3ccccc3)c3ccccc23)cc1,1
COc1ccc(C#Cc2c3ccccc3c(C#Cc3ccc(OC)cc3)c3ccccc23)cc1,1
COc1ccc(-c2c3ccccc3c(-c3ccc(OC)cc3)c3cc4sc(C)cc4cc23)cc1,1
COc1ccc(-c2c3ccccc3c(C#Cc3ccccc3)c3cc4cc(C)sc4cc23)cc1,1
COc1ccc(C#Cc2c3ccccc3c(C#Cc3ccc(OC)cc3)c3cc4sc(C)cc4cc23)cc1,1
COc1ccc(-c2c3cc4cc(C)sc4cc3c(-c3ccc(OC)cc3)c3cc4cc(C)sc4cc23)cc1,1
COc1ccc(-c2c3cc4cc(C)sc4cc3c(C#Cc3ccccc3)c3cc4cc(C)sc4cc23)cc1,1
COc1ccc(C#Cc2c3cc4cc(C)sc4cc3c(C#Cc3ccc(OC)cc3)c3cc4cc(C)sc4cc23)cc1,1
COc1ccc(-c2c3ccccc3c(-c3ccc(OC)cc3)c3cc4ccccc4cc23)cc1,1
COc1ccc(-c2c3ccccc3c(C#Cc3ccccc3)c3cc4ccccc4cc23)cc1,1
COc1ccc(C#Cc2c3ccccc3c(C#Cc3ccc(OC)cc3)c3cc4ccccc4cc23)cc1,1
COc1ccc(-c2c3cc4ccccc4cc3c(-c3ccc(OC)cc3)c3cc4sc(C)cc4cc23)cc1,1
COc1ccc(-c2c3cc4ccccc4cc3c(C#Cc3ccccc3)c3cc4cc(C)sc4cc23)cc1,1
COc1ccc(C#Cc2c3cc4ccccc4cc3c(C#Cc3ccc(OC)cc3)c3cc4sc(C)cc4cc23)cc1,1
COc1ccc(-c2c3cc4ccccc4cc3c(-c3ccc(OC)cc3)c3cc4ccccc4cc23)cc1,1
COc1ccc(-c2c3cc4ccccc4cc3c(C#Cc3ccccc3)c3cc4ccccc4cc23)cc1,1
COc1ccc(C#Cc2c3cc4ccccc4cc3c(C#Cc3ccc(OC)cc3)c3cc4ccccc4cc23)cc1,1
c1ccc(-c2cccc3ncc(-c4ccccc4)n23)cc1,1
COc1ccc(-c2cccc3ncc(-c4ccccc4)n23)cc1,1
Cc1ccc(-c2cccc3ncc(-c4ccccc4)n23)cc1,1
Fc1ccc(-c2cccc3ncc(-c4ccccc4)n23)cc1,1
Clc1ccc(-c2cccc3ncc(-c4ccccc4)n23)cc1,1
CC(=O)c1ccc(-c2cccc3ncc(-c4ccccc4)n23)cc1,1
COc1ccc(-c2cnc3cccc(-c4ccccc4)n23)cc1,1
CC(C)(C)c1ccc(-c2cnc3cccc(-c4ccccc4)n23)cc1,1
N#Cc1ccc(-c2cnc3cccc(-c4ccccc4)n23)cc1,1
COc1ccc(-c2cccc3ncc(-c4ccc(C#N)cc4)n23)cc1,1
COc1ccc(-c2cnc3cccc(-c4ccc(C(C)=O)cc4)n23)cc1,1
Cc1ccc(-c2cnc3ccc4ccccc4n23)cc1,1
Cc1cccc(-c2cnc3ccc4ccccc4n23)c1,1
C[n+]1cc2ccc3c[n+](C)c4ccccc4c3c2c2ccccc21,1
C[n+]1ccc2c(ccc3c[n+](C)c4ccc5ccccc5c4c32)c1,1
c1ccc2c(c1)ncc1ccc3cnc4ccccc4c3c12,1
c1ccc2c(c1)ccc1ncc3ccc4cnccc4c3c12,1
CC(C)(C)c1cc(-c2c3cccc4c5cccc6c(-c7cc(C(C)(C)C)cc(C(C)(C)C)c7)c7cccc8c9cccc2c9c(c34)c(c65)c78)cc(C(C)(C)C)c1,1
FC(F)(F)c1ccc(-c2c3cccc4c5cccc6c(-c7ccc(C(F)(F)F)cc7)c7cccc8c9cccc2c9c(c34)c(c65)c78)cc1,1
CC(C)[Si](C#Cc1ccc(-c2c3cccc4c5cccc6c(-c7ccc(C#C[Si](C(C)C)(C(C)C)C(C)C)cc7)c7cccc8c9cccc2c9c(c34)c(c65)c78)cc1)(C(C)C)C(C)C,1
CCCCCCn1c(=O)c2c3oc4ccccc4oc3c3c(=O)n(CCCCCC)c(=O)c3c2c1=O,1
CCCCCCn1c(=O)c2c3oc4ccccc4sc3c3c(=O)n(CCCCCC)c(=O)c3c2c1=O,1
CCCCCCn1c(=O)c2c3sc4ccccc4sc3c3c(=O)n(CCCCCC)c(=O)c3c2c1=O,1
CCCCCCn1c(=O)c2c3[nH]c4ccccc4sc3c3c(=O)n(CCCCCC)c(=O)c3c2c1=O,1
CCCCCCn1c(=O)c2c3[nH]c4ccccc4oc3c3c(=O)n(CCCCCC)c(=O)c3c2c1=O,1
CCCCCCn1c(=O)c2c3[nH]c4ccccc4[nH]c3c3c(=O)n(CCCCCC)c(=O)c3c2c1=O,1
O=S1(=O)C2=C(c3ccc(N(c4ccccc4)c4ccccc4)cc31)C1(C3=C(c4ccccc41)S(=O)(=O)c1cc(N(c4ccccc4)c4ccccc4)ccc13)c1ccccc12,1
O=S1(=O)C2=C(c3ccc(-c4ccc(N(c5ccccc5)c5ccccc5)cc4)cc31)C1(C3=C(c4ccccc41)S(=O)(=O)c1cc(-c4ccc(N(c5ccccc5)c5ccccc5)cc4)ccc13)c1ccccc12,1
Cc1ccsc1-c1cc2c3cc(-c4sccc4C)c4nc(C(F)(F)C(F)(F)C(F)(F)F)nc5c(-c6sccc6C)cc(c6cc(-c7sccc7C)c7nc(C(F)(F)C(F)(F)C(F)(F)F)nc1c7c26)c3c45,1
CCCCCCc1ccsc1-c1cc2c3cc(-c4sccc4CCCCCC)c4nc(C(F)(F)C(F)(F)C(F)(F)F)nc5c(-c6sccc6CCCCCC)cc(c6cc(-c7sccc7CCCCCC)c7nc(C(F)(F)C(F)(F)C(F)(F)F)nc1c7c26)c3c45,1
FC(F)(F)C(F)(F)C(F)(F)c1nc2c(-c3ccsc3)cc3c4cc(-c5ccsc5)c5nc(C(F)(F)C(F)(F)C(F)(F)F)nc6c(-c7ccsc7)cc(c7cc(-c8ccsc8)c(n1)c2c37)c4c56,1
Cc1cscc1-c1cc2c3cc(-c4cscc4C)c4nc(C(F)(F)C(F)(F)C(F)(F)F)nc5c(-c6cscc6C)cc(c6cc(-c7cscc7C)c7nc(C(F)(F)C(F)(F)C(F)(F)F)nc1c7c26)c3c45,1
CC(C)(C)/C=C1\C=C(c2ccccc2)C=C1c1ccccc1,1
C1=C(c2ccccc2)C=C(c2ccccc2)/C1=C/C1CCCCC1,1
C1=C(c2ccccc2)C=C(c2ccccc2)/C1=C/c1ccccc1,1
FC(F)(F)c1ccc(/C=C2\C=C(c3ccccc3)C=C2c2ccccc2)cc1,1
COc1cc(/C=C2\C=C(c3ccccc3)C=C2c2ccccc2)cc(OC)c1,1
C1=C(c2ccccc2)C=C(c2ccccc2)/C1=C/c1cccc(Oc2ccccc2)c1,1
C1=C(c2ccccc2)C=C(c2ccccc2)/C1=C/c1ccc(-c2cccs2)s1,1
C1=C(c2ccccc2)C=C(c2ccccc2)/C1=C/c1ccc2ccc3cccc4ccc1c2c34,1
C1=C(c2ccccc2)C=C(c2ccccc2)/C1=C/c1ccc2c(c1)Cc1ccccc1-2,1
Cc1ccc(S(=O)(=O)Nc2c(/C=C/c3ccccc3)sc(-c3ccc(N(C)C)cc3)c2-c2ccsc2)cc1,1
Cc1ccc(S(=O)(=O)Nc2c(/C=C/c3ccccc3)sc(-c3ccc(N(C)C)s3)c2-c2cccnc2)cc1,1
Cc1ccc(S(=O)(=O)Nc2cc(-c3ccc(N(C)C)cc3)sc2/C=C/c2ccccc2)cc1,1
COC(=O)/C=C/c1sc(-c2ccc(N(C)C)s2)c(-c2ccsc2)c1N,1
COC(=O)/C=C/c1sc(-c2ccc(N(C)C)cc2)c(-c2cccnc2)c1N,1
COC(=O)/C=C/c1sc(-c2ccc(N(C)C)cc2)cc1N,1
COC(=O)/C=C/c1sc(-c2ccc(N(C)C)cc2)c(-c2ccc(OC)cc2)c1O,1
COC(=O)/C=C/c1sc(-c2ccc(N(C)C)s2)c(-c2cn(C)c3ccccc23)c1O,1
c1ccc2c(c1)-c1ccccc1C21c2ccccc2-c2oc3c(c21)C1(c2ccccc2-c2ccccc21)c1ccccc1-3,1
c1ccc2c(c1)-c1ccccc1C21c2ccccc2-c2sc3c(c21)C1(c2ccccc2-c2ccccc21)c1ccccc1-3,1
c1ccc(-n2c3c(c4c2-c2ccccc2C42c4ccccc4-c4ccccc42)C2(c4ccccc4-c4ccccc42)c2ccccc2-3)cc1,1
c1ccc(-c2ccc(-c3ccccc3)s2)cc1,1
c1ccc2c(c1)Cc1c-2sc2c1Cc1ccccc1-2,1
CC(C)[Si](C#Cc1c2ccc(C(C)(C)C)cc2c(C#C[Si](C(C)C)(C(C)C)C(C)C)c2ccc(C(C)(C)C)cc12)(C(C)C)C(C)C,1
CC(C)[Si](C#Cc1c2ccc(C(C)(C)C)cc2c(C#Cc2c3ccc(C(C)(C)C)cc3c(C#C[Si](C(C)C)(C(C)C)C(C)C)c3ccc(C(C)(C)C)cc23)c2ccc(C(C)(C)C)cc12)(C(C)C)C(C)C,1
CC(C)[Si](C#Cc1c2ccc(C(C)(C)C)cc2c(C#Cc2c3ccc(C(C)(C)C)cc3c(C#Cc3c4ccc(C(C)(C)C)cc4c(C#C[Si](C(C)C)(C(C)C)C(C)C)c4ccc(C(C)(C)C)cc34)c3ccc(C(C)(C)C)cc23)c2ccc(C(C)(C)C)cc12)(C(C)C)C(C)C,1
CC(C)[Si](C#Cc1c2ccccc2c(C#Cc2c3ccccc3c(C#Cc3c4ccccc4c(C#Cc4c5ccccc5c(C#C[Si](C(C)C)(C(C)C)C(C)C)c5ccccc45)c4ccccc34)c3ccccc23)c2ccccc12)(C(C)C)C(C)C,1
CC(C)[Si](C#Cc1c2ccccc2c(C#Cc2c3ccccc3c(C#Cc3c4ccccc4c(C#Cc4c5ccccc5c(C#Cc5c6ccccc6c(C#C[Si](C(C)C)(C(C)C)C(C)C)c6ccccc56)c5ccccc45)c4ccccc34)c3ccccc23)c2ccccc12)(C(C)C)C(C)C,1
CC(C)[Si](C#Cc1c2ccccc2c(C#Cc2c3ccccc3c(C#Cc3c4ccccc4c(C#Cc4c5ccccc5c(C#Cc5c6ccccc6c(C#Cc6c7ccccc7c(C#C[Si](C(C)C)(C(C)C)C(C)C)c7ccccc67)c6ccccc56)c5ccccc45)c4ccccc34)c3ccccc23)c2ccccc12)(C(C)C)C(C)C,1
F[B-]1(F)n2c(c3cc4ccccc4cc3c2-c2ccccc2)C=C2c3cc4ccccc4cc3C(c3ccccc3)=[N+]21,1
COc1ccccc1C1=[N+]2C(=Cc3c4cc5ccccc5cc4c(-c4ccccc4OC)n3[B-]2(F)F)c2cc3ccccc3cc21,1
C1=C2c3cc4ccccc4cc3C3=[N+]2[B-]2(Oc4ccccc43)Oc3ccccc3-c3c4cc5ccccc5cc4c1n32,1
COC(=O)c1[nH]c(-c2ccccc2)c2nnc3ccc(OC)cc3c12,1
COC(=O)c1[nH]c(-c2ccc(Br)cc2)c2nnc3ccc(OC)cc3c12,1
COC(=O)c1[nH]c(-c2ccc(OC)cc2)c2nnc3ccc(OC)cc3c12,1
COC(=O)c1[nH]c(-c2ccc([N+](=O)[O-])cc2)c2nnc3ccc(OC)cc3c12,1
COC(=O)c1[nH]c(-c2ccccc2)c2nnc3ccsc3c12,1
COC(=O)c1[nH]c(-c2ccccc2)c2nnc3c4ccccc4oc3c12,1
CC(C)(C)c1ccc2c(c1)c1cc(C(C)(C)C)ccc1n2-c1ccc(N(c2ccc(-c3ccc(N(c4ccc(-n5c6ccc(C(C)(C)C)cc6c6cc(C(C)(C)C)ccc65)cc4)c4ccc(-n5c6ccc(C(C)(C)C)cc6c6cc(C(C)(C)C)ccc65)cc4)cc3)cc2)c2ccc(-n3c4ccc(C(C)(C)C)cc4c4cc(C(C)(C)C)ccc43)cc2)cc1,1
CC(C)(C)c1ccc2c(c1)c1cc(C(C)(C)C)ccc1n2-c1ccc(N(c2ccc(-c3ccc4c(c3)C(C)(C)c3cc(-c5ccc(N(c6ccc(-n7c8ccc(C(C)(C)C)cc8c8cc(C(C)(C)C)ccc87)cc6)c6ccc(-n7c8ccc(C(C)(C)C)cc8c8cc(C(C)(C)C)ccc87)cc6)cc5)ccc3-4)cc2)c2ccc(-n3c4ccc(C(C)(C)C)cc4c4cc(C(C)(C)C)ccc43)cc2)cc1,1
CC(C)(C)c1ccc2c(c1)c1cc(C(C)(C)C)ccc1n2-c1ccc(N(c2ccc(-c3ccc(-c4ccc(N(c5ccc(-n6c7ccc(C(C)(C)C)cc7c7cc(C(C)(C)C)ccc76)cc5)c5ccc(-n6c7ccc(C(C)(C)C)cc7c7cc(C(C)(C)C)ccc76)cc5)cc4)s3)cc2)c2ccc(-n3c4ccc(C(C)(C)C)cc4c4cc(C(C)(C)C)ccc43)cc2)cc1,1
CC(C)(C)c1ccc2c(c1)c1cc(C(C)(C)C)ccc1n2-c1ccc(N(c2ccc(-c3ccc(-c4ccc(-c5ccc(N(c6ccc(-n7c8ccc(C(C)(C)C)cc8c8cc(C(C)(C)C)ccc87)cc6)c6ccc(-n7c8ccc(C(C)(C)C)cc8c8cc(C(C)(C)C)ccc87)cc6)cc5)s4)s3)cc2)c2ccc(-n3c4ccc(C(C)(C)C)cc4c4cc(C(C)(C)C)ccc43)cc2)cc1,1
CC(C)(C)c1ccc2c(c1)c1cc(C(C)(C)C)ccc1n2-c1ccc(N(c2ccc(-c3ccc(-c4ccc(-c5ccc(-c6ccc(-c7ccc(N(c8ccc(-n9c%10ccc(C(C)(C)C)cc%10c%10cc(C(C)(C)C)ccc%109)cc8)c8ccc(-n9c%10ccc(C(C)(C)C)cc%10c%10cc(C(C)(C)C)ccc%109)cc8)cc7)s6)s5)s4)s3)cc2)c2ccc(-n3c4ccc(C(C)(C)C)cc4c4cc(C(C)(C)C)ccc43)cc2)cc1,1
CC(C)(C)c1ccc2c(c1)c1cc(C(C)(C)C)ccc1n2-c1ccc(N(c2ccc(-c3ccc(-c4ccc(N(c5ccc(-n6c7ccc(C(C)(C)C)cc7c7cc(C(C)(C)C)ccc76)cc5)c5ccc(-n6c7ccc(C(C)(C)C)cc7c7cc(C(C)(C)C)ccc76)cc5)cc4)c4nsnc34)cc2)c2ccc(-n3c4ccc(C(C)(C)C)cc4c4cc(C(C)(C)C)ccc43)cc2)cc1,1
CC(C)(C)c1ccc2c(c1)c1cc(C(C)(C)C)ccc1n2-c1ccc(N(c2ccc(-c3ccc(-c4ccc(-c5ccc(-c6ccc(N(c7ccc(-n8c9ccc(C(C)(C)C)cc9c9cc(C(C)(C)C)ccc98)cc7)c7ccc(-n8c9ccc(C(C)(C)C)cc9c9cc(C(C)(C)C)ccc98)cc7)cc6)cc5)c5nsnc45)cc3)cc2)c2ccc(-n3c4ccc(C(C)(C)C)cc4c4cc(C(C)(C)C)ccc43)cc2)cc1,1
CC(C)(C)c1ccc2c(c1)c1cc(C(C)(C)C)ccc1n2-c1ccc(N(c2ccc(-c3ccc(-c4ccc(-c5ccc(-c6ccc(N(c7ccc(-n8c9ccc(C(C)(C)C)cc9c9cc(C(C)(C)C)ccc98)cc7)c7ccc(-n8c9ccc(C(C)(C)C)cc9c9cc(C(C)(C)C)ccc98)cc7)cc6)s5)c5nsnc45)s3)cc2)c2ccc(-n3c4ccc(C(C)(C)C)cc4c4cc(C(C)(C)C)ccc43)cc2)cc1,1
Cc1ccccc1N1c2c(sc3ccccc23)Sc2sc3ccccc3c21,1
Clc1ccccc1N1c2c(sc3ccccc23)Sc2sc3ccccc3c21,1
CN(C)c1ccc(N2c3sc4ccccc4c3Sc3sc4ccccc4c32)cc1,1
COc1ccc(N2c3sc4ccccc4c3Sc3sc4ccccc4c32)cc1,1
Cc1ccccc1N1c2sc3ccccc3c2Sc2sc3ccccc3c21,1
Clc1ccc(N2c3sc4ccccc4c3Sc3sc4ccccc4c32)cc1,1
Clc1ccccc1N1c2sc3ccccc3c2Sc2sc3ccccc3c21,1
CN(C)c1ccc(N2c3sc4ccccc4c3Sc3c2sc2ccccc32)cc1,1
COc1ccc(N2c3sc4ccccc4c3Sc3c2sc2ccccc32)cc1,1
Clc1ccc(N2c3sc4ccccc4c3Sc3c2sc2ccccc32)cc1,1
Clc1ccccc1N1c2sc3ccccc3c2Sc2c1sc1ccccc21,1
c1ccc(-c2c3ccccc3c(-c3ccccc3)c3cc4ccccc4cc23)cc1,1
CCc1cccc(CC)c1-c1c2ccccc2c(-c2c(CC)cccc2CC)c2cc3ccccc3cc12,1
C(#Cc1c2ccccc2c(-c2ccccc2)c2cc3ccccc3cc12)c1ccccc1,1
CCc1ccccc1-c1c2ccccc2c(C#Cc2ccccc2)c2cc3ccccc3cc12,1
CCc1cccc(CC)c1-c1c2ccccc2c(C#Cc2ccccc2)c2cc3ccccc3cc12,1
O=c1oc2ccccc2cc1C#Cc1ccccc1,1
Cc1ccc(C#Cc2cc3ccccc3oc2=O)cc1,1
COc1ccc(C#Cc2cc3ccccc3oc2=O)cc1,1
CC(C)Oc1ccc(C#Cc2cc3ccccc3oc2=O)cc1,1
CN(C)c1ccc(C#Cc2cc3ccccc3oc2=O)cc1,1
O=c1ccc2ccc(C#Cc3ccccc3)cc2o1,1
Cc1ccc(C#Cc2ccc3ccc(=O)oc3c2)cc1,1
COc1ccc(C#Cc2ccc3ccc(=O)oc3c2)cc1,1
CC(C)Oc1ccc(C#Cc2ccc3ccc(=O)oc3c2)cc1,1
CN(C)c1ccc(C#Cc2ccc3ccc(=O)oc3c2)cc1,1
c1cc2c3c(cccc3c1)-c1c-2c2c3ccccc3c3ccc4c5c6c(c7c8ccccc8c8ccc9c%10c%11c(c%12c%13ccccc%13c%13ccc%14c1c1c2c3c4c2c1c1c%14c%13c%12c%10c1c1c9c8c7c5c21)-c1cccc2cccc-%11c12)-c1cccc2cccc-6c12,1
COc1c2ccccc2c(OC)c2c(C#CC(C)(C)C)c3cc4sccc4cc3c(C#CC(C)(C)C)c12,1
COc1c2ccccc2c(OC)c2c(C#C[Si](C(C)C)(C(C)C)C(C)C)c3cc4sccc4cc3c(C#C[Si](C(C)C)(C(C)C)C(C)C)c12,1
COc1c2ccccc2c(OC)c2c(C#Cc3ccccc3)c3cc4sccc4cc3c(C#Cc3ccccc3)c12,1
COc1c2ccccc2c(OC)c2c(C#CC(C)(C)C)c3cc4ccccc4cc3c(C#CC(C)(C)C)c12,1
COc1c2ccccc2c(OC)c2c(C#C[Si](C(C)C)(C(C)C)C(C)C)c3cc4ccccc4cc3c(C#C[Si](C(C)C)(C(C)C)C(C)C)c12,1
COc1c2ccccc2c(OC)c2c(C#Cc3ccccc3)c3cc4ccccc4cc3c(C#Cc3ccccc3)c12,1
CN1C2=Nc3n(C)c4ccccc4[n+]3CN2c2ccccc21,1
COc1ccc2c(c1)SC1=Nc3sc4cc(OC)ccc4[n+]3CN12,1
C1=CC2=Nc3cccc[n+]3CN2C=C1,1
ClC1=CN2C[n+]3cc(Cl)ccc3N=C2C=C1,1
BrC1=CN2C[n+]3cc(Br)ccc3N=C2C=C1,1
CC1=CC(Br)=CN2C[n+]3cc(Br)cc(C)c3N=C12,1
BrC1=CN2C[n+]3cc(Br)cc(Br)c3N=C2C(Br)=C1,1
C1=CN2C[n+]3cccc(OCc4ccccc4)c3N=C2C(OCc2ccccc2)=C1,1
C1=CN2C[n+]3ccc4ccccc4c3N=C2c2ccccc21,1
BrC1=CN2C[n+]3cc(Br)c4ccccc4c3N=C2c2ccccc21,1
CCN(CC)c1ccc(-c2nc3c(nc2-c2ccc(B(c4c(C)cc(C)cc4C)c4c(C)cc(C)cc4C)cc2)c2ccccc2n3C)cc1,1
CCN(CC)c1ccc(-c2nc3c4ccccc4n(C)c3nc2-c2ccc(B(c3c(C)cc(C)cc3C)c3c(C)cc(C)cc3C)cc2)cc1,1
CCN(CC)c1ccc(-c2nc3c(nc2-c2ccc([B-](F)(c4c(C)cc(C)cc4C)c4c(C)cc(C)cc4C)cc2)c2ccccc2n3C)cc1,1
CCN(CC)c1ccc(-c2nc3c4ccccc4n(C)c3nc2-c2ccc([B-](F)(c3c(C)cc(C)cc3C)c3c(C)cc(C)cc3C)cc2)cc1,1
CC[NH+](CC)c1ccc(-c2nc3c(nc2-c2ccc(B(c4c(C)cc(C)cc4C)c4c(C)cc(C)cc4C)cc2)c2ccccc2n3C)cc1,1
CC[NH+](CC)c1ccc(-c2nc3c4ccccc4n(C)c3nc2-c2ccc(B(c3c(C)cc(C)cc3C)c3c(C)cc(C)cc3C)cc2)cc1,1
CC(C)[Si](C#Cc1ccc(C#C[Si](C(C)C)(C(C)C)C(C)C)c2nc3c4ccccc4c(=O)c4ccccc4c3nc12)(C(C)C)C(C)C,1
CC(C)[Si](C#Cc1c2ccccc2c(C#C[Si](C(C)C)(C(C)C)C(C)C)c2nc3c4ccccc4c(=O)c4ccccc4c3nc12)(C(C)C)C(C)C,1
CC(C)[Si](C#Cc1c2cc3ccccc3cc2c(C#C[Si](C(C)C)(C(C)C)C(C)C)c2nc3c4ccccc4c(=O)c4ccccc4c3nc12)(C(C)C)C(C)C,1
CC(C)[Si](C#Cc1c2nc3ccccc3nc2c(C#C[Si](C(C)C)(C(C)C)C(C)C)c2nc3c4ccccc4c(=O)c4ccccc4c3nc12)(C(C)C)C(C)C,1
CC(C)[Si](C#Cc1c2nsnc2c(C#C[Si](C(C)C)(C(C)C)C(C)C)c2nc3c4ccccc4c(=O)c4ccccc4c3nc12)(C(C)C)C(C)C,1
CCC(C)[Si](C#Cc1c2nc3c4ccccc4c(=O)c4ccccc4c3nc2c(C#C[Si](C(C)CC)(C(C)CC)C(C)CC)c2nc3c4ccccc4c(=O)c4ccccc4c3nc12)(C(C)CC)C(C)CC,1
COC(=O)C1=C(C(=O)OC)C2(c3ccccc3-c3ccccc32)[C@@H](c2ccccc2)C=C2c3cc(OC)c(OC)cc3CCN21,1
CCOC(=O)C1=C(C(=O)OCC)C2(c3ccccc3-c3ccccc32)[C@@H](c2ccccc2)C=C2c3cc(OC)c(OC)cc3CCN21,1
CCOC(=O)C1=C(C(=O)OC)N2CCc3cc(OC)c(OC)cc3C2=C[C@H](c2ccc(Cl)cc2)C12c1ccccc1-c1ccccc12,1
CCOC(=O)C1=C(C(=O)OCC)C2(c3ccccc3-c3ccccc32)[C@@H](c2ccc(Cl)cc2)C=C2c3cc(OC)c(OC)cc3CCN21,1
COC(=O)C1=C(C(=O)OC)C2(c3ccccc3-c3ccccc32)[C@@H](c2ccc([N+](=O)[O-])cc2)C=C2c3cc(OC)c(OC)cc3CCN21,1
CCOC(=O)C1=C(C(=O)OCC)C2(c3ccccc3-c3ccccc32)[C@@H](c2ccc([N+](=O)[O-])cc2)C=C2c3cc(OC)c(OC)cc3CCN21,1
COC(=O)C1=C(C(=O)OC)C2(c3ccccc3-c3ccccc32)[C@@H](c2ccc(C)cc2)C=C2c3cc(OC)c(OC)cc3CCN21,1
COC(=O)C1=C(C(=O)OC)C2(c3ccccc3-c3c(C(=O)OC)cccc32)[C@@H](c2ccc(Cl)cc2)C=C2c3cc(OC)c(OC)cc3CCN21,1
COc1cc2c(cc1OC)C1=C[C@H](c3ccccc3)C3(C(C(=O)O[C@@H]4C[C@H]5CC[C@@H]4C5)=C(C(=O)O[C@H]4C[C@@H]5CC[C@H]4C5)N1CC2)c1ccccc1-c1ccccc13,1
CCOC(=O)C1=C(C(=O)OCC)C2(c3cc(Cl)ccc3-c3ccc(Cl)cc32)C2(/C=C/c3ccccc3)c3cc(OC)c(OC)cc3CCN12,1
COC(=O)C1=C(C(=O)OC)C2(c3cc(Cl)ccc3-c3c(Cl)cc(Cl)cc32)C2(/C=C/c3ccccc3)c3cc(OC)c(OC)cc3CCN12,1
COC(=O)C1=C(C(=O)OC)C2(c3ccccc3-c3c(Br)cc(Br)cc32)C2(/C=C/c3ccccc3)c3cc(OC)c(OC)cc3CCN12,1
COC(=O)C1=C(C(=O)OC)C2(c3ccccc3-c3c(Br)cc(Br)cc32)C2(/C=C/c3ccc(Cl)cc3)c3cc(OC)c(OC)cc3CCN12,1
CCOC(=O)C1=C(C(=O)OCC)C2(c3ccccc3-c3c(Br)cc(Br)cc32)C2(/C=C/c3ccc(Cl)cc3)c3cc(OC)c(OC)cc3CCN12,1
COC(=O)C1=C(C(=O)OC)C2(c3ccccc3-c3ccc([N+](=O)[O-])cc32)C2(/C=C/c3ccccc3)c3cc(OC)c(OC)cc3CCN12,1
COC(=O)C1=C(C(=O)OC)C2(c3cc([N+](=O)[O-])ccc3-c3ccc([N+](=O)[O-])cc32)C2(/C=C/c3ccccc3)c3cc(OC)c(OC)cc3CCN12,1
COc1cc2c(cc1OC)C1=C[C@H](c3ccccc3)C3(C(C#N)=C(C#N)N1CC2)c1ccccc1-c1ccccc13,1
COc1cc2c(cc1OC)C1=C[C@H](c3ccc(Cl)cc3)C3(C(C#N)=C(C#N)N1CC2)c1ccccc1-c1ccccc13,1
COc1cc2c(cc1OC)C1=C[C@H](c3ccc(C)cc3)C3(C(C#N)=C(C#N)N1CC2)c1ccccc1-c1ccccc13,1
COc1cc2c(cc1OC)C1=C[C@H](c3ccccc3)C3(C(C#N)=C(C#N)N1CC2)c1cc(Cl)ccc1-c1ccc(Cl)cc13,1
COc1cc2c(cc1OC)C1=C[C@H](c3ccc(Cl)cc3)C3(C(C#N)=C(C#N)N1CC2)c1cc(Cl)ccc1-c1ccc(Cl)cc13,1
COc1cc2c(cc1OC)C1=C[C@H](c3ccc(C)cc3)C3(C(C#N)=C(C#N)N1CC2)c1cc(Cl)ccc1-c1ccc(Cl)cc13,1
COc1cc2c(cc1OC)C1=C[C@H](c3ccccc3)C3(C(C#N)=C(C#N)N1CC2)c1cc(Br)ccc1-c1ccc(Br)cc13,1
COc1cc2c(cc1OC)C1=C[C@H](c3ccc(Cl)cc3)C3(C(C#N)=C(C#N)N1CC2)c1cc(Br)ccc1-c1ccc(Br)cc13,1
COc1cc2c(cc1OC)C1=C[C@H](c3ccc(C)cc3)C3(C(C#N)=C(C#N)N1CC2)c1cc(Br)ccc1-c1ccc(Br)cc13,1
N#Cc1ccc(N(c2ccc(C#N)cc2)c2ccc3c4cccc5c(N(c6ccc(C#N)cc6)c6ccc(C#N)cc6)ccc(c6cccc2c63)c54)cc1,1
Fc1ccc(N(c2ccc(F)cc2)c2ccc3c4cccc5c(N(c6ccc(F)cc6)c6ccc(F)cc6)ccc(c6cccc2c63)c54)cc1,1
c1ccc(N(c2ccccc2)c2ccc3c4cccc5c(N(c6ccccc6)c6ccccc6)ccc(c6cccc2c63)c54)cc1,1
Cc1ccc(N(c2ccc(C)cc2)c2ccc3c4cccc5c(N(c6ccc(C)cc6)c6ccc(C)cc6)ccc(c6cccc2c63)c54)cc1,1
COc1ccc(N(c2ccc(OC)cc2)c2ccc3c4cccc5c(N(c6ccc(OC)cc6)c6ccc(OC)cc6)ccc(c6cccc2c63)c54)cc1,1
CCCCCCc1cc2c3c(c1)c(=C1c4ccccc4Sc4ccccc41)c1cc(CCCCCC)cc4c1-n-3-c1c(cc(CCCCCC)cc1c4=C1c3ccccc3Sc3ccccc31)c2=C1c2ccccc2Sc2ccccc21,1
CC(C)[Si](C#Cc1cc2c3c(c1)c(=C1c4ccccc4Sc4ccccc41)c1cc(C#C[Si](C(C)C)(C(C)C)C(C)C)cc4c1-n-3-c1c(cc(C#C[Si](C(C)C)(C(C)C)C(C)C)cc1c4=C1c3ccccc3Sc3ccccc31)c2=C1c2ccccc2Sc2ccccc21)(C(C)C)C(C)C,1
CCCCCCc1cc2c3c(c1)c(=C1c4ccccc4S(=O)(=O)c4ccccc41)c1cc(CCCCCC)cc4c1-n-3-c1c(cc(CCCCCC)cc1c4=C1c3ccccc3S(=O)(=O)c3ccccc31)c2=C1c2ccccc2S(=O)(=O)c2ccccc21,1
CC(C)[Si](C#Cc1c2nc3ccccc3nc2c(C#C[Si](C(C)C)(C(C)C)C(C)C)c2nc3ccccc3nc12)(C(C)C)C(C)C,1
CC(C)[Si](C#Cc1ccc(C#C[Si](C(C)C)(C(C)C)C(C)C)c2nc3c(ccc4ccccc43)nc12)(C(C)C)C(C)C,1
CC(C)[Si](C#Cc1c2ccccc2c(C#C[Si](C(C)C)(C(C)C)C(C)C)c2nc3c(ccc4ccccc43)nc12)(C(C)C)C(C)C,1
CC(C)[Si](C#Cc1c2cc3ccccc3cc2c(C#C[Si](C(C)C)(C(C)C)C(C)C)c2nc3c(ccc4ccccc43)nc12)(C(C)C)C(C)C,1
CC(C)[Si](C#Cc1c2nsnc2c(C#C[Si](C(C)C)(C(C)C)C(C)C)c2nc3c(ccc4ccccc43)nc12)(C(C)C)C(C)C,1
CC(C)[Si](C#Cc1c2nc3ccccc3nc2c(C#C[Si](C(C)C)(C(C)C)C(C)C)c2nc3c(ccc4ccccc43)nc12)(C(C)C)C(C)C,1
CC(C)[Si](C#Cc1ccc(C#C[Si](C(C)C)(C(C)C)C(C)C)c2nc3c(ccc4cc5ccccc5cc43)nc12)(C(C)C)C(C)C,1
CC(C)[Si](C#Cc1c2ccccc2c(C#C[Si](C(C)C)(C(C)C)C(C)C)c2nc3c(ccc4cc5ccccc5cc43)nc12)(C(C)C)C(C)C,1
CC(C)[Si](C#Cc1c2cc3ccccc3cc2c(C#C[Si](C(C)C)(C(C)C)C(C)C)c2nc3c(ccc4cc5ccccc5cc43)nc12)(C(C)C)C(C)C,1
CC(C)[Si](C#Cc1c2nsnc2c(C#C[Si](C(C)C)(C(C)C)C(C)C)c2nc3c(ccc4cc5ccccc5cc43)nc12)(C(C)C)C(C)C,1
CC(C)[Si](C#Cc1c2nc3ccccc3nc2c(C#C[Si](C(C)C)(C(C)C)C(C)C)c2nc3c(ccc4cc5ccccc5cc43)nc12)(C(C)C)C(C)C,1
CC(C)[Si](C#Cc1ccc(C#C[Si](C(C)C)(C(C)C)C(C)C)c2nc3c(nc12)Cc1ccccc1-3)(C(C)C)C(C)C,1
CC(C)[Si](C#Cc1c2ccccc2c(C#C[Si](C(C)C)(C(C)C)C(C)C)c2nc3c(nc12)Cc1ccccc1-3)(C(C)C)C(C)C,1
CC(C)[Si](C#Cc1c2cc3ccccc3cc2c(C#C[Si](C(C)C)(C(C)C)C(C)C)c2nc3c(nc12)Cc1ccccc1-3)(C(C)C)C(C)C,1
CC(C)[Si](C#Cc1c2nsnc2c(C#C[Si](C(C)C)(C(C)C)C(C)C)c2nc3c(nc12)Cc1ccccc1-3)(C(C)C)C(C)C,1
Clc1cc(Cl)c([C](c2c(Cl)cc(Cl)cc2Cl)c2c(Cl)cc(-n3c4ccccc4c4ccccc43)cc2Cl)c(Cl)c1,1
CC(C)(C)c1cc2ccc3c(N(c4ccc(F)cc4)c4ccc(F)cc4)cc(N(c4ccc(F)cc4)c4ccc(F)cc4)c4ccc(c1)c2c34,1
CC(C)(C)c1cc2ccc3c(N(c4ccccc4)c4ccccc4)cc(N(c4ccccc4)c4ccccc4)c4ccc(c1)c2c34,1
Cc1ccc(N(c2ccc(C)cc2)c2cc(N(c3ccc(C)cc3)c3ccc(C)cc3)c3ccc4cc(C(C)(C)C)cc5ccc2c3c54)cc1,1
CC(C)(C)c1ccc(N(c2ccc(C(C)(C)C)cc2)c2cc(N(c3ccc(C(C)(C)C)cc3)c3ccc(C(C)(C)C)cc3)c3ccc4cc(C(C)(C)C)cc5ccc2c3c54)cc1,1
COc1ccc(N(c2ccc(OC)cc2)c2cc(N(c3ccc(OC)cc3)c3ccc(OC)cc3)c3ccc4cc(C(C)(C)C)cc5ccc2c3c54)cc1,1
CCN(CC)c1cc2ccc3cccc4ccc(c1)c2c34,1
N#Cc1cc2ccc3cccc4ccc(c1)c2c34,1
CCN(CC)c1cc2ccc3cc(C#N)cc4ccc(c1)c2c34,1
N#Cc1c2oc3ccccc3oc2c(C#N)c2oc3ccccc3oc12,1
CCn1c2ccccc2oc2c(C#N)c3c(oc4ccccc4n3CC)c(C#N)c21,1
CCn1c2ccccc2oc2c(C#N)c3oc4ccccc4oc3c(C#N)c21,1
CCn1c2ccccc2sc2c(C#N)c3oc4ccccc4oc3c(C#N)c21,1
CCn1c2ccccc2sc2c(C#N)c3[nH]c4ccccc4sc3c(C#N)c21,1
CCCCCCCCc1ccc(-c2c3cc(-c4cc(CCCCCCCC)c(-c5ccc(-c6sc(/C=C7\SC(=S)N(CC)C7=O)cc6CCCCCCCC)s5)s4)sc3c(-c3ccc(CCCCCCCC)s3)c3cc(-c4cc(CCCCCCCC)c(-c5ccc(-c6sc(/C=C7\SC(=S)N(CC)C7=O)cc6CCCCCCCC)s5)s4)sc23)s1,1
CCCCCCCCc1ccc(-c2c3cc(-c4cc(CCCCCCCC)c(-c5ccc(-c6sc(/C=C7\SC(SCC)=NC7=O)cc6CCCCCCCC)s5)s4)sc3c(-c3ccc(CCCCCCCC)s3)c3cc(-c4cc(CCCCCCCC)c(-c5ccc(-c6sc(/C=C7\SC(SCC)=NC7=O)cc6CCCCCCCC)s5)s4)sc23)s1,1
CCCCCCCCc1ccc(-c2c3cc(-c4cc(CCCCCCCC)c(-c5ccc(-c6sc(/C=C7\SC(N8CCCCC8)=NC7=O)cc6CCCCCCCC)s5)s4)sc3c(-c3ccc(CCCCCCCC)s3)c3cc(-c4cc(CCCCCCCC)c(-c5ccc(-c6sc(/C=C7\SC(N8CCCCC8)=NC7=O)cc6CCCCCCCC)s5)s4)sc23)s1,1
CCCCCCCCC1(CCCCCCCC)c2cc3c(cc2-c2sc(-c4ccc(/C=C5\SC(=S)N(CC)C5=O)c5nsnc45)cc21)C(CCCCCCCC)(CCCCCCCC)c1cc(-c2ccc(/C=C4\SC(=S)N(CC)C4=O)c4nsnc24)sc1-3,1
CCCCCCCCC1(CCCCCCCC)c2cc3c(cc2-c2sc(-c4ccc(/C=C5\SC(SCC)=NC5=O)c5nsnc45)cc21)C(CCCCCCCC)(CCCCCCCC)c1cc(-c2ccc(/C=C4\SC(SCC)=NC4=O)c4nsnc24)sc1-3,1
CCCCCCCCC1(CCCCCCCC)c2cc3c(cc2-c2sc(-c4ccc(/C=C5\SC(N6CCCCC6)=NC5=O)c5nsnc45)cc21)C(CCCCCCCC)(CCCCCCCC)c1cc(-c2ccc(/C=C4\SC(N5CCCCC5)=NC4=O)c4nsnc24)sc1-3,1
c1ccc(C2(c3ccccc3)c3cc4c(cc3-c3ccc5ccc6cccc7cc2c3c5c67)-c2ccc3ccc5cccc6cc(c2c3c56)C4(c2ccccc2)c2ccccc2)cc1,1
c1ccc(/C(=C(\c2ccccc2)c2ccccc2-c2ccc(-c3ccccc3)cc2)c2ccccc2-c2ccc(-c3ccccc3)cc2)cc1,1
c1ccc(/C(=C(\c2ccccc2)c2cc(-c3ccccc3)ccc2-c2ccccc2)c2cc(-c3ccccc3)ccc2-c2ccccc2)cc1,1
Cc1ccc(-c2ccc(-c3ccc(C)cc3)c(/C(=C(/c3ccccc3)c3cc(-c4ccc(C)cc4)ccc3-c3ccc(C)cc3)c3ccccc3)c2)cc1,1
c1ccc(/C(=C(\c2ccccc2)c2cc(-c3ccccc3)ccc2-c2ccc(-c3ccccc3)cc2)c2cc(-c3ccccc3)ccc2-c2ccc(-c3ccccc3)cc2)cc1,1
Cc1ccc(-c2ccc(-c3ccc(-c4ccc(C)cc4)cc3/C(=C(/c3ccccc3)c3cc(-c4ccc(C)cc4)ccc3-c3ccc(-c4ccc(C)cc4)cc3)c3ccccc3)cc2)cc1,1
c1ccc(/C(=C(\c2ccccc2)c2cc(-c3ccc(-c4ccccc4)cc3)ccc2-c2ccc(-c3ccccc3)cc2)c2cc(-c3ccc(-c4ccccc4)cc3)ccc2-c2ccc(-c3ccccc3)cc2)cc1,1
Cc1ccc(-c2ccc(-c3ccc(-c4ccc(-c5ccc(C)cc5)cc4)c(/C(=C(/c4ccccc4)c4cc(-c5ccc(-c6ccc(C)cc6)cc5)ccc4-c4ccc(-c5ccc(C)cc5)cc4)c4ccccc4)c3)cc2)cc1,1
CC(C)c1cc(N(C)C)c(C#N)c2c1-c1cccc3cccc-2c13,1
N#Cc1c(N2CCCC2)cc(-c2ccccc2)c2c1-c1cccc3cccc-2c13,1
N#Cc1c(N2CCCCC2)cc(-c2cccs2)c2c1-c1cccc3cccc-2c13,1
COc1ccc(-c2cc(N3CCCCC3)c(C#N)c3c2-c2cccc4cccc-3c24)cc1,1
N#Cc1c(N2CCCCC2)cc(-c2ccc3c(c2)OCO3)c2c1-c1cccc3cccc-2c13,1
COc1cc(-c2cc(N3CCCCC3)c(C#N)c3c2-c2cccc4cccc-3c24)cc(OC)c1OC,1
N#Cc1c(N2CCCCC2)cc(-c2ccc(O)cc2)c2c1-c1cccc3cccc-2c13,1
O=C1c2ccccc2-c2c(-c3ccccc3O)[nH]c(=O)n21,1
Cc1cccc(-c2[nH]c(=O)n3c2-c2ccccc2C3=O)c1O,1
Cc1ccc(O)c(-c2[nH]c(=O)n3c2-c2ccccc2C3=O)c1,1
Cc1ccc(-c2[nH]c(=O)n3c2-c2ccccc2C3=O)c(O)c1,1
COc1cccc(-c2[nH]c(=O)n3c2-c2ccccc2C3=O)c1O,1
COc1ccc(O)c(-c2[nH]c(=O)n3c2-c2ccccc2C3=O)c1,1
O=C1c2ccccc2-c2c(-c3cccc(Cl)c3O)[nH]c(=O)n21,1
O=C1c2ccccc2-c2c(-c3cc(Cl)ccc3O)[nH]c(=O)n21,1
Cc1cc(O)c(-c2[nH]c(=O)n3c2-c2ccccc2C3=O)cc1Cl,1
O=C1c2ccccc2-c2c(-c3cc(Br)ccc3O)[nH]c(=O)n21,1
COc1cc(C=O)cc(-c2[nH]c(=O)n3c2-c2ccccc2C3=O)c1O,1
COC(=O)c1ccc(O)c(-c2[nH]c(=O)n3c2-c2ccccc2C3=O)c1,1
CCOC(=O)c1ccc(O)c(-c2[nH]c(=O)n3c2-c2ccccc2C3=O)c1,1
COc1ccc(-c2[nH]c(=O)n3c2-c2ccccc2C3=O)c(OC)c1,1
COc1ccc(OC)c(-c2[nH]c(=O)n3c2-c2ccccc2C3=O)c1,1
COc1ccc2c(c1)nc(-c1ccccc1)n2-c1ccccc1,1
c1ccc(-c2nc3nc4ccccc4nc3n2-c2ccccc2)cc1,1
Clc1ccc(-c2nc3ccccc3n2-c2ccccc2)cc1,1
c1ccc(N(c2ccccc2)c2ccc(-c3nc4ccccc4n3-c3ccccc3)cc2)cc1,1
c1ccc(-c2nc3cc4c(cc3n2-c2ccccc2)nc(-c2ccccc2)n4-c2ccccc2)cc1,1
CN(C)c1ccc(-c2nc3nccnc3n2-c2ccccc2)cc1,1
CN(C)c1ccc(-c2nc3nc4ccccc4nc3n2-c2ccccc2)cc1,1
c1ccc(-n2c(-c3ccc(-n4c5ccccc5c5ccccc54)cc3)nc3nccnc32)cc1,1
CN(C)c1ccc(-c2nc3nccnc3n2-c2ccc(N(C)C)cc2)cc1,1
CN(C)c1ccc(-n2c(-c3ccncc3)nc3nccnc32)cc1,1
CN(C)c1ccc(-c2nc3cc(C(F)(F)F)ccc3n2-c2ccccc2)cc1,1
CN(C)c1ccc(-n2c(-c3ccncc3)nc3ccccc32)cc1,1
CN(C)c1ccc(-c2nc3ccccc3n2-c2ccccc2)cc1,1
CN(C)c1ccc(-n2c(-c3ccc(C#N)cc3)nc3ccccc32)cc1,1
CN(C)c1ccc(-c2nc3nc4ccccc4nc3n2-c2ccc(C(C)(C)C)cc2)cc1,1
c1ccc2c(c1)nc1ccccn12,1
c1ccc(-c2nc(-c3ccccc3)c(N(c3ccccc3)c3ccccc3)s2)cc1,1
COc1ccc(-c2nc(-c3ccccc3)c(N(c3ccccc3)c3ccccc3)s2)cc1,1
Fc1ccc(C2=NC(c3ccccc3)C(N(c3ccccc3)c3ccccc3)S2)cc1,1
Clc1ccc(-c2nc(-c3ccccc3)c(N(c3ccccc3)c3ccccc3)s2)cc1,1
Clc1ccc(-c2nc(-c3ccccc3)sc2N(c2ccccc2)c2ccccc2)cc1,1
COc1ccc(N(c2ccc(OC)cc2)c2sc(-c3ccc(Cl)cc3)nc2-c2ccccc2)cc1,1
c1cc2c(N3CCCCC3)c3ccc(=[N+]4CCCCC4)cc-3oc2cc1N1CCCCC1,1
CCN(CC)c1c2ccc(=[N+]3CCCCC3)cc-2oc2cc(N3CCCCC3)ccc12,1
CCC(C)Nc1c2ccc(=[N+]3CCCCC3)cc-2oc2cc(N3CCCCC3)ccc12,1
C[C@H](Nc1c2ccc(=[N+]3CCCCC3)cc-2oc2cc(N3CCCCC3)ccc12)C(=O)OC(C)(C)C,1
c1ccc(CSc2c3ccc(=[N+]4CCCCC4)cc-3oc3cc(N4CCCCC4)ccc23)cc1,1
COC(=O)C1CCN(c2ccc3c(N4CCCCC4)c4ccc(=[N+]5CCC(C(=O)OC)CC5)cc-4oc3c2)CC1,1
N=c1oc2cccc3c4c(-c5ccccc5)oc5cccc(c(c1-c1ccccc1)c23)c54,1
Cc1ccc(-c2oc3cccc4c5c(-c6ccc(C)cc6)c(=N)oc6cccc(c2c34)c65)cc1,1
COc1ccc(-c2oc3cccc4c5c(-c6ccc(OC)cc6)c(=N)oc6cccc(c2c34)c65)cc1,1
COc1ccc(-c2oc3cccc4c5c(-c6ccc(OC)c(OC)c6)c(=N)oc6cccc(c2c34)c65)cc1OC,1
O=S(=O)(/N=c1\oc2cccc3c4c(-c5ccccc5)oc5cccc(c(c1-c1ccccc1)c23)c54)C(F)(F)F,1
Cc1ccc(-c2oc3cccc4c5c(-c6ccc(C)cc6)/c(=N/S(=O)(=O)C(F)(F)F)oc6cccc(c2c34)c65)cc1,1
COc1ccc(-c2oc3cccc4c5c(-c6ccc(OC)cc6)/c(=N/S(=O)(=O)C(F)(F)F)oc6cccc(c2c34)c65)cc1,1
COc1ccc(-c2oc3cccc4c5c(-c6ccc(OC)c(OC)c6)/c(=N/S(=O)(=O)C(F)(F)F)oc6cccc(c2c34)c65)cc1OC,1
Cc1ccc(C(=O)/N=c2\oc3cccc4c5c(-c6ccccc6)oc6cccc(c(c2-c2ccccc2)c34)c65)cc1,1
Cc1ccc(S(=O)(=O)/N=c2\oc3cccc4c5c(-c6ccccc6)oc6cccc(c(c2-c2ccccc2)c34)c65)cc1,1
c1ccc2nc3c(nc2c1)c1c2n3CCCN2CCCC1,1
C1CCN2CCCn3c2c(c2c3=NCCN=2)C1,1
COC(=O)C1=C(C(=O)OC)C2=C[C@H]3c4ccccc4[C@]2([Se]1)c1ccccc13,1
O=C(O)C1=C(C(=O)O)C2=C[C@H]3c4ccccc4[C@]2([Se]1)c1ccccc13,1
O=C1OC(=O)C2=C1[Se][C@]13C2=C[C@H](c2ccccc21)c1ccccc13,1
COC(=O)C1=C(C(=O)OC)C2=C[C@H]3c4ccccc4[C@]2(S1)c1ccccc13,1
O=C(O)C1=C(C(=O)O)C2=C[C@H]3c4ccccc4[C@]2(S1)c1ccccc13,1
O=C1OC(=O)C2=C1S[C@]13C2=C[C@H](c2ccccc21)c1ccccc13,1
COC(=O)C1=C(C(=O)OC)[Se](=O)[C@]23C1=C[C@H](c1ccccc12)c1ccccc13,1
CCOC(CN1C(=O)C2=C(c3ccc(OC)c(OC)c3)N(CC(OCC)OCC)C(=O)C2=C1c1ccc(OC)c(OC)c1)OCC,1
CCCCCCCCCCCCOc1ccc(C2=C3C(=O)N(CC(OCC)OCC)C(c4ccc(OCCCCCCCCCCCC)c(OCCCCCCCCCCCC)c4)=C3C(=O)N2CC(OCC)OCC)cc1OCCCCCCCCCCCC,1
CCOC(CN1C(=O)C2=C(c3cccs3)N(CC(OCC)OCC)C(=O)C2=C1c1cccs1)OCC,1
CCOC(CN1C(=O)C2=C(c3ccsc3)N(CC(OCC)OCC)C(=O)C2=C1c1ccsc1)OCC,1
CCOC(CN1C(=O)C2=C(c3cc4cc(C(C)(C)C)cc(C(C)(C)C)c4o3)N(CC(OCC)OCC)C(=O)C2=C1c1cc2cc(C(C)(C)C)cc(C(C)(C)C)c2o1)OCC,1
CCCCCCCCCCOc1ccc2cc(C3=C4C(=O)N(CC(OCC)OCC)C(c5cc6ccc(OCCCCCCCCCC)cc6o5)=C4C(=O)N3CC(OCC)OCC)oc2c1,1
COc1cc2c(cc1OC)C1=C3C(=O)N4C=Cc5cc(OC)c(OC)cc5C4=C3C(=O)N1C=C2,1
CCCCCCCCCCCCOc1cc2c(cc1OCCCCCCCCCCCC)C1=C3C(=O)N4C=Cc5cc(OCCCCCCCCCCCC)c(OCCCCCCCCCCCC)cc5C4=C3C(=O)N1C=C2,1
O=C1C2=C3c4sccc4C=CN3C(=O)C2=C2c3sccc3C=CN12,1
O=C1C2=C3c4ccsc4C=CN3C(=O)C2=C2c3ccsc3C=CN12,1
CC(C)(C)c1cc(C(C)(C)C)c2oc3c(c2c1)C=CN1C(=O)C2=C4c5oc6c(C(C)(C)C)cc(C(C)(C)C)cc6c5C=CN4C(=O)C2=C31,1
CCCCCCCCCCOc1ccc2c3c(oc2c1)C1=C2C(=O)N4C=Cc5c(oc6cc(OCCCCCCCCCC)ccc56)C4=C2C(=O)N1C=C3,1
c1ccc(-c2c3c(c(-c4ccccc4)c4c2-c2ccccc2C4)-c2ccccc2C3)cc1,1
c1ccc(-c2c3c(cc4c2-c2ccccc2C4)-c2ccccc2C3)cc1,1
c1ccc2c(c1)Cc1cc3c(cc1-2)Cc1ccccc1-3,1
COc1ccc(C(=O)OCc2c(C)c(=O)n3c(=O)c(C)c(C)n23)cc1,1
COc1cc(OC)cc(C(=O)OCc2c(C)c(=O)n3c(=O)c(C)c(C)n23)c1,1
Cc1c(C)n2c(COC(=O)c3ccccc3O)c(C)c(=O)n2c1=O,1
Cc1ccc(C(=O)OCc2c(C)c(=O)n3c(=O)c(C)c(C)n23)cc1,1
Cc1c(C)n2c(COC(=O)c3ccccc3I)c(C)c(=O)n2c1=O,1
Cc1c(C)n2c(COC(=O)c3ccc(F)cc3)c(C)c(=O)n2c1=O,1
COc1ccccc1CC(=O)OCc1c(C)c(=O)n2c(=O)c(C)c(C)n12,1
Cc1c(C)n2c(COC(=O)CNC(=O)OC(C)(C)C)c(C)c(=O)n2c1=O,1
Cc1c(COC(=O)c2ccccc2Cl)n2c(OCC(=O)c3ccccc3Cl)c(C)c(=O)n2c1=O,1
Cc1c(COC(=O)c2ccccc2Br)n2c(OCC(=O)c3ccccc3Br)c(C)c(=O)n2c1=O,1
Cc1c(COC(=O)c2ccc(I)cc2)n2c(OCC(=O)c3ccc(I)cc3)c(C)c(=O)n2c1=O,1
Cc1c(COC(=O)c2ccccc2)n2c(OCC(=O)c3ccccc3)c(C)c(=O)n2c1=O,1
Cc1c(COC(=O)Cc2c[nH]c3ccccc23)n2c(OCC(=O)Cc3c[nH]c4ccccc34)c(C)c(=O)n2c1=O,1
Cc1c(COC(=O)Cc2cccc3ccccc23)n2c(OCC(=O)Cc3cccc4ccccc34)c(C)c(=O)n2c1=O,1
Cc1c(COC(=O)Cc2ccccc2)n2c(OCC(=O)Cc3ccccc3)c(C)c(=O)n2c1=O,1
COc1ccc(C(=O)COc2c(C)c(=O)n3c(=O)c(C)c(COC(=O)c4ccccc4Cl)n23)cc1,1
C[N+]1=c2cc3c(cc2C(C)(C)CC1)=C(c1ccccc1C(=O)O)c1cc2c(cc1O3)Oc1cc3c(cc1=C2c1ccccc1C(=O)O)C(C)(C)CC[N+]=3C,1
C[N+]1=c2ccc3c(c2C(C)(C)CC1)Oc1cc2c(cc1C=3c1ccccc1C(=O)O)C(c1ccccc1C(=O)O)=c1ccc3c(c1O2)C(C)(C)CC[N+]=3C,1
CC1(C)CC[N+]2=c3c(cc4c(c31)Oc1cc3c(cc1C=4c1ccccc1C(=O)O)C(c1ccccc1C(=O)O)=c1cc4c5c(c1O3)C(C)(C)CC[N+]=5CCC4)CCC2,1
CC[N+](CC)=c1ccc2c(-c3ccccc3C(=O)O)c3cc4c(-c5ccccc5C(=O)O)c5ccc(=[N+](CC)CC)cc-5oc4cc3oc-2c1,1
C=Cc1cc2ccccc2oc1=O,1
C=Cc1cc2ccc(OC)cc2oc1=O,1
C=Cc1cc2ccc(N(CC)CC)cc2oc1=O,1
C=Cc1cc2ccc(OC(=O)c3ccccc3)cc2oc1=O,1
C=CC(=O)Oc1ccc2cc(C=C)c(=O)oc2c1,1
C=Cc1cc2cc3c(cc2oc1=O)OCO3,1
O=c1oc2ccccc2cc1/C=C/c1ccccc1,1
COc1ccc2cc(/C=C/c3ccccc3)c(=O)oc2c1,1
CCN(CC)c1ccc2cc(/C=C/c3ccccc3)c(=O)oc2c1,1
O=c1oc2cc3c(cc2cc1/C=C/c1ccccc1)OCO3,1
O=c1oc2ccccc2cc1/C=C/c1ccc([N+](=O)[O-])cc1,1
COc1ccc2cc(/C=C/c3ccc([N+](=O)[O-])cc3)c(=O)oc2c1,1
CC(C)(C)c1cc2ccc3cc(C(C)(C)C)cc4c3c2c(c1)c(=O)n1c4nc2c3cc(C(C)(C)C)cc4ccc5cc(C(C)(C)C)cc(c5c43)c21,1
COc1ccc(C2=c3sc(-c4ccc(OC)cc4)cc3=[N+]3C2=Nc2c(-c4ccc(OC)cc4)c4sc(-c5ccc(OC)cc5)cc4n2[B-]3(F)F)cc1,1
CC(C)(C)c1ccc(C2=c3sc(-c4ccc(C(C)(C)C)cc4)cc3=[N+]3C2=Nc2c(-c4ccc(C(C)(C)C)cc4)c4sc(-c5ccc(C(C)(C)C)cc5)cc4n2[B-]3(F)F)cc1,1
COc1ccc(C2=c3sc(-c4ccc(OC)cc4)c(-c4ccc(OC)cc4)c3=[N+]3C2=Nc2c(-c4ccc(OC)cc4)c4sc(-c5ccc(OC)cc5)c(-c5ccc(OC)cc5)c4n2[B-]3(F)F)cc1,1
CC(C)(C)c1ccc(C2=c3sc(-c4ccc(C(C)(C)C)cc4)c(-c4ccc(C(C)(C)C)cc4)c3=[N+]3C2=Nc2c(-c4ccc(C(C)(C)C)cc4)c4sc(-c5ccc(C(C)(C)C)cc5)c(-c5ccc(C(C)(C)C)cc5)c4n2[B-]3(F)F)cc1,1
CCCCc1cc2c3c(c1)-c1ccccc1B(c1c(C)cc(C)cc1C)N3B(c1c(C)cc(C)cc1C)c1ccccc1-2,1
CCCCCCc1ccc(-n2c3c4cccc(OC)c4nc(-c4ccc(C#N)cc4)c3c3c2c2c(-c4ccc(C#N)cc4)nc4c(OC)cccc4c2n3-c2ccc(CCCCCC)cc2)cc1,1
CCCCCCc1ccc(-n2c3c4cccc(OC)c4nc(-c4ccc(C)cc4)c3c3c2c2c(-c4ccc(C)cc4)nc4c(OC)cccc4c2n3-c2ccc(CCCCCC)cc2)cc1,1
CCCCCCc1ccc(-n2c3c4cccc(OC)c4nc(-c4ccc(OC)cc4)c3c3c2c2c(-c4ccc(OC)cc4)nc4c(OC)cccc4c2n3-c2ccc(CCCCCC)cc2)cc1,1
CCCCCCCCc1ccc(-n2c3c4ccccc4nc(-c4ccc(C#N)cc4)c3c3c2c2c(-c4ccc(C#N)cc4)nc4ccccc4c2n3-c2ccc(CCCCCCCC)cc2)cc1,1
COc1ccc(-n2c3c4ccccc4nc(-c4ccc(C#N)cc4)c3c3c2c2c(-c4ccc(C#N)cc4)nc4ccccc4c2n3-c2ccc(OC)cc2)cc1,1
CCCCc1ccc(-n2c3c4ccc(C(F)(F)F)cc4nc(-c4ccc(C#N)cc4)c3c3c2c2c(-c4ccc(C#N)cc4)nc4cc(C(F)(F)F)ccc4c2n3-c2ccc(CCCC)cc2)cc1,1
CCCCc1ccc(-n2c3c4cc(F)ccc4nc(-c4ccc(OC)cc4)c3c3c2c2c(-c4ccc(OC)cc4)nc4ccc(F)cc4c2n3-c2ccc(CCCC)cc2)cc1,1
CCC(C)[Si](C#Cc1c2cc3cc4c(cc3cc2c(C#C[Si](C(C)CC)(C(C)CC)C(C)CC)c2cc3cc5cc6c(cc5cc3cc12)OC(CC(C)C)(CC(C)C)O6)OC(CC(C)C)(CC(C)C)O4)(C(C)CC)C(C)CC,1
CCCCCCOc1cc(C=O)c(OCCCCCC)cc1C=O,1
CCCCCCOc1cc(/C=C/c2cc(OCCCCCC)c(/C=C/c3cc(OCCCCCC)c(C=O)cc3OCCCCCC)cc2OCCCCCC)c(OCCCCCC)cc1C=O,1
CCCCCCCCOc1cc(/C=C/c2cc(OCCCCCCCC)c(/C=C/c3cc(OCCCCCCCC)c(Br)cc3OCCCCCCCC)cc2OCCCCCCCC)c(OCCCCCCCC)cc1Br,1
CCCCCCOc1cc(C=C(C#N)C#N)c(OCCCCCC)cc1C=C(C#N)C#N,1
CCCCCCOc1cc(C=C2C(=O)c3ccccc3C2=O)c(OCCCCCC)cc1C=C1C(=O)c2ccccc2C1=O,1
CCCCCCCCOc1cc(/C=C/c2ccncc2)c(OCCCCCCCC)cc1/C=C/c1ccncc1,1
CCCCCCCCOc1cc(/C=C/c2cc[n+](Cc3ccc(C)cc3)cc2)c(OCCCCCCCC)cc1/C=C/c1cc[n+](Cc2ccc(C)cc2)cc1,1
CCCCCCOc1cc(/C=C/c2cc(OCCCCCC)c(/C=C/c3cc(OCCCCCC)c(C=C(C#N)C#N)cc3OCCCCCC)cc2OCCCCCC)c(OCCCCCC)cc1C=C(C#N)C#N,1
CCCCCCOc1cc(/C=C/c2cc(OCCCCCC)c(/C=C/c3cc(OCCCCCC)c(C=C4C(=O)c5ccccc5C4=O)cc3OCCCCCC)cc2OCCCCCC)c(OCCCCCC)cc1C=C1C(=O)c2ccccc2C1=O,1
CCCCCCOc1cc(/C=C/c2cc(OCCCCCC)c(/C=C/c3cc(OCCCCCC)c(/C=C4\C(=O)c5ccccc5C4=C(C#N)C#N)cc3OCCCCCC)cc2OCCCCCC)c(OCCCCCC)cc1/C=C1\C(=O)c2ccccc2C1=C(C#N)C#N,1
CCCCCCCCOc1cc(/C=C/c2cc(OCCCCCCCC)c(/C=C/c3cc(OCCCCCCCC)c(/C=C/c4ccncc4)cc3OCCCCCCCC)cc2OCCCCCCCC)c(OCCCCCCCC)cc1/C=C/c1ccncc1,1
CCCCOc1c(Br)cc2cc(Br)c(OCCCC)c3c4c(OCCCC)c(Br)cc5cc(Br)c(OCCCC)c(c1c23)c54,1
CCCCOc1c(C#N)cc2cc(C#N)c(OCCCC)c3c4c(OCCCC)c(C#N)cc5cc(C#N)c(OCCCC)c(c1c23)c54,1
CCCCOc1c(-c2ccc(C=O)cc2)cc2cc(-c3ccc(C=O)cc3)c(OCCCC)c3c4c(OCCCC)c(-c5ccc(C=O)cc5)cc5cc(-c6ccc(C=O)cc6)c(OCCCC)c(c1c23)c54,1
CCCCOc1c(OC)cc2cc(OC)c(OCCCC)c3c4c(OCCCC)c(OC)cc5cc(OC)c(OCCCC)c(c1c23)c54,1
CCCCOc1c(-c2ccc(N(c3ccccc3)c3ccccc3)cc2)cc2cc(-c3ccc(N(c4ccccc4)c4ccccc4)cc3)c(OCCCC)c3c4c(OCCCC)c(-c5ccc(N(c6ccccc6)c6ccccc6)cc5)cc5cc(-c6ccc(N(c7ccccc7)c7ccccc7)cc6)c(OCCCC)c(c1c23)c54,1
CC1=CC(=[N+]2CCC2)C=C2C1=Nc1c(C)cc(N3CCC3)cc1[Si]2(C)C,1
C[Si]1(C)C2=CC(=[N+]3CCC3)C=C(F)C2=Nc2c(F)cc(N3CCC3)cc21,1
CN1/C(=C/C=O)C(C)(C)c2ccccc21,1
CN1/C(=C/C=C/C=O)C(C)(C)c2ccccc21,1
CN1/C(=C/C=N/c2sc3ccccc3[n+]2C)C(C)(C)c2ccccc21,1
CN1/C(=C/C=C/C=N/c2sc3ccccc3[n+]2C)C(C)(C)c2ccccc21,1
c1ccc2c(c1)ccc1oc3ccc4cc5oc6ccc7ccc8oc9ccc%10ccccc%10c9c8c7c6c5cc4c3c12,1
CC(C)[Si](C#Cc1cc2c(C#C[Si](C(C)C)(C(C)C)C(C)C)c(C#C[Si](C(C)C)(C(C)C)C(C)C)c3cc(C#C[Si](C(C)C)(C(C)C)C(C)C)cc4c(C#C[Si](C(C)C)(C(C)C)C(C)C)c(C#C[Si](C(C)C)(C(C)C)C(C)C)c(c1)c2c34)(C(C)C)C(C)C,1
CC(C)(C)c1ccc(C#Cc2cc3c(C#Cc4ccc(C(C)(C)C)cc4)c(C#Cc4ccc(C(C)(C)C)cc4)c4cc(C#Cc5ccc(C(C)(C)C)cc5)cc5c(C#Cc6ccc(C(C)(C)C)cc6)c(C#Cc6ccc(C(C)(C)C)cc6)c(c2)c3c45)cc1,1
CCCCCCCCCCOc1ccc(C#Cc2cc3c(C#Cc4ccc(OCCCCCCCCCC)cc4)c(C#Cc4ccc(OCCCCCCCCCC)cc4)c4cc(C#Cc5ccc(OCCCCCCCCCC)cc5)cc5c(C#Cc6ccc(OCCCCCCCCCC)cc6)c(C#Cc6ccc(OCCCCCCCCCC)cc6)c(c2)c3c45)cc1,1
CC(C)(C)C#Cc1cc2c(C#CC(C)(C)C)c(C#CC(C)(C)C)c3cc(C#CC(C)(C)C)cc4c(C#CC(C)(C)C)c(C#CC(C)(C)C)c(c1)c2c34,1
CC(C)(C)c1ccc(C#Cc2c(C#Cc3ccc(C(C)(C)C)cc3)c3cccc4c(C#Cc5ccc(C(C)(C)C)cc5)c(C#Cc5ccc(C(C)(C)C)cc5)c5cccc2c5c34)cc1,1
CC(C)(C)c1ccc(C#Cc2cc3ccc4cc(C#Cc5ccc(C(C)(C)C)cc5)cc5ccc(c2)c3c45)cc1,1
Nc1ccc2c(-c3ccc(Br)cc3)c3ccc(=[NH2+])cc-3oc2c1,1
CN(C)c1ccc2c(-c3ccc(Br)cc3)c3ccc(=[N+](C)C)cc-3oc2c1,1
Brc1ccc(C2=c3cc4c5c(c3Oc3c2cc2c6c3CCCN6CCC2)CCC[N+]=5CCC4)cc1,1
CC1=CC(C)(C)N(C)c2cc3c(cc21)C(c1ccc(Br)cc1)=c1cc2c(cc1O3)=[N+](C)C(C)(C)C=C2C,1
C[Si]1(C)c2cc3c(cc2-c2sc4ccccc4c21)[Si](C)(C)c1c-3sc2ccccc12,1
C[Si]1(C)c2ccccc2-c2sc3cc4c5c(sc4cc3c21)-c1ccccc1[Si]5(C)C,1
C[Si]1(C)c2ccccc2-c2[se]c3cc4c5c([se]c4cc3c21)-c1ccccc1[Si]5(C)C,1
C[Si]1(C)C2=C(c3cc4c(cc31)C1=C(c3ccccc3S1(=O)=O)[Si]4(C)C)S(=O)(=O)c1ccccc12,1
C[Si]1(C)C2=C(c3ccccc31)S(=O)(=O)c1cc3c(cc12)S(=O)(=O)C1=C3[Si](C)(C)c2ccccc21,1
c1ccc(C2(c3ccccc3)c3cc4c(cc3-c3sc5ccccc5c32)C(c2ccccc2)(c2ccccc2)c2c-4sc3ccccc23)cc1,1
c1ccc(B2Nc3cc4c(cc3-c3sccc32)NB(c2ccccc2)c2ccsc2-4)cc1,1
CCCc1cc2c(s1)-c1cc3c(cc1NB2c1ccccc1)-c1sc(CCC)cc1B(c1ccccc1)N3,1
CCCCCCc1cc2c(s1)-c1cc3c(cc1NB2c1ccccc1)-c1sc(CCCCCC)cc1B(c1ccccc1)N3,1
c1ccc(B2Nc3cc4c(cc3-c3occc32)NB(c2ccccc2)c2ccoc2-4)cc1,1
c1ccc(B2Nc3cc4c(cc3-c3sc5ccccc5c32)NB(c2ccccc2)c2c-4sc3ccccc23)cc1,1
C[SiH]1c2ccccc2-c2cc3c(cc21)-c1ccccc1[SiH]3C,1
C[Si]1(C)c2ccccc2-c2cc3c(cc21)-c1ccccc1[Si]3(C)C,1
C=C[Si]1(C)c2ccccc2-c2cc3c(cc21)-c1ccccc1[Si]3(C)C=C,1
c1ccc([Si]2(c3ccccc3)c3ccccc3-c3cc4c(cc32)-c2ccccc2[Si]4(c2ccccc2)c2ccccc2)cc1,1
COc1ccc2c(c1)-c1cc3c(cc1[Si]2(c1ccccc1)c1ccccc1)-c1ccccc1[Si]3(c1ccccc1)c1ccccc1,1
CCCCCCOc1ccc2c(c1)-c1cc3c(cc1[Si]2(C)C)-c1ccccc1[Si]3(C)C,1
c1ccc2c(c1)-c1ccccc1[Si]21c2ccccc2-c2cc3c(cc21)-c1ccccc1[Si]31c2ccccc2-c2ccccc21,1
c1ccc(C2c3ccccc3-c3cc4c(cc32)-c2ccccc2C4c2ccccc2)cc1,1
Cc1cccc(C)c1-c1cc2c(C)c3c4cc5nc6cc7c(cc6nc5cc4c3c(C)c2cc1-c1c(C)cccc1C)c1c(C)c2cc(-c3c(C)cccc3C)c(-c3c(C)cccc3C)cc2c(C)c71,1
Cc1cccc(C)c1-c1cc2c(C)c3c4cc5nc6ccc7c8c(C)c9cc(-c%10c(C)cccc%10C)c(-c%10c(C)cccc%10C)cc9c(C)c8c7c6nc5cc4c3c(C)c2cc1-c1c(C)cccc1C,1
Cc1cccc(C)c1-c1cc2c(C)c3c4ccc5nc6c(ccc7c8c(C)c9cc(-c%10c(C)cccc%10C)c(-c%10c(C)cccc%10C)cc9c(C)c8c76)nc5c4c3c(C)c2cc1-c1c(C)cccc1C,1
Cc1c2c(c(C)c3ccccc13)-c1cc3nc4ccccc4nc3cc1-2,1
Cc1c2c(c(C)c3ccccc13)-c1c-2ccc2nc3ccccc3nc12,1
Cc1c2c(c(C)c3ccccc13)C1=CC3Nc4ccccc4NC3C=C12,1
Cc1c2c(c(C)c3ccccc13)C1=C2C=CC2Nc3ccccc3NC12,1
C1=CB2C=Cc3ccccc3N2C=C1,1
BrC1=CC=CN2B1C=Cc1ccccc12,1
C1=CN2B(C=Cc3ccccc32)C(c2ccccc2)=C1,1
C1=CN2B(C=Cc3ccccc32)C(N2CCOCC2)=C1,1
COc1cc(C2=C(c3ccc(C(C)(C)C)cc3)C(c3ccc(C(C)(C)C)cc3)=[N+]3C2=Nc2c(-c4cc(OC)c(OC)c(OC)c4)c(-c4ccc(C(C)(C)C)cc4)c(-c4ccc(C(C)(C)C)cc4)n2[B-]3(F)F)cc(OC)c1OC,1
COc1cc(C2=C(c3cc(OC)c(OC)c(OC)c3)C(c3ccc(C(C)(C)C)cc3)=[N+]3C2=Nc2c(-c4cc(OC)c(OC)c(OC)c4)c(-c4cc(OC)c(OC)c(OC)c4)c(-c4ccc(C(C)(C)C)cc4)n2[B-]3(F)F)cc(OC)c1OC,1
COc1cc(OC)cc(C2=C(c3cc(OC)c(OC)c(OC)c3)C3=Nc4c(-c5cc(OC)c(OC)c(OC)c5)c(-c5cc(OC)cc(OC)c5)c(-c5ccc(C(C)(C)C)cc5)n4[B-](F)(F)[N+]3=C2c2ccc(C(C)(C)C)cc2)c1,1
COc1cc(C2=c3c(c4ccc(C(C)(C)C)cc4c4cc(C(C)(C)C)ccc34)=[N+]3C2=Nc2c(-c4cc(OC)c(OC)c(OC)c4)c4c5ccc(C(C)(C)C)cc5c5cc(C(C)(C)C)ccc5c4n2[B-]3(F)F)cc(OC)c1OC,1
COc1cc(C2=c3c(c4ccc(C(C)(C)C)cc4c4c(OC)c(OC)c(OC)cc34)=[N+]3C2=Nc2c(-c4cc(OC)c(OC)c(OC)c4)c4c5cc(OC)c(OC)c(OC)c5c5cc(C(C)(C)C)ccc5c4n2[B-]3(F)F)cc(OC)c1OC,1
COc1cc(OC)c2c(c1)c1c(c3ccc(C(C)(C)C)cc32)=[N+]2C(=Nc3c(-c4cc(OC)c(OC)c(OC)c4)c4c5cc(OC)cc(OC)c5c5cc(C(C)(C)C)ccc5c4n3[B-]2(F)F)C=1c1cc(OC)c(OC)c(OC)c1,1
COc1cc2c3c4c(c5ccc(C(C)(C)C)cc5c5cc(C(C)(C)C)cc(c2c(OC)c1OC)c45)=[N+]1C3=Nc2c3c4cc(OC)c(OC)c(OC)c4c4cc(C(C)(C)C)cc5c6cc(C(C)(C)C)ccc6c(c3c54)n2[B-]1(F)F,1
COc1cc2c3c4c(c5ccc(C(C)(C)C)cc5c5c(OC)c(OC)c(OC)c(c2c(OC)c1OC)c45)=[N+]1C3=Nc2c3c4cc(OC)c(OC)c(OC)c4c4c(OC)c(OC)c(OC)c5c6cc(C(C)(C)C)ccc6c(c3c54)n2[B-]1(F)F,1
COc1cc2c3c4c(c5ccc(C(C)(C)C)cc5c5c(OC)cc(OC)c(c2c(OC)c1OC)c45)=[N+]1C3=Nc2c3c4cc(OC)c(OC)c(OC)c4c4c(OC)cc(OC)c5c6cc(C(C)(C)C)ccc6c(c3c54)n2[B-]1(F)F,1
c1cc2c3c(c1)-c1cccc4ccn(c14)B3n1ccc3cccc-2c31,1
CC(C)(C)c1ccc2c(c1)c1cc(C(C)(C)C)cc3c1n2B1c2c-3cccc2-c2cc(C(C)(C)C)cc3c4cc(C(C)(C)C)ccc4n1c23,1
CC(C)(C)c1cc2c3c(c1)-c1cccc4c1N(B3N1c3ccccc3Sc3cccc-2c31)c1ccccc1S4,1
c1cc2c3c4c5c(cccc5cc3c1)-c1cccn1B4n1cccc1-2,1
CCCc1ccc2c(c1)cc1n2B2c3c4c-1cccc4cc1cccc(c31)-c1cc3cc(CCC)ccc3n12,1
CC(C)(C)c1cc2c3c(c1)c1cc(C(C)(C)C)cc4c1n3B1c3c-2cccc3-c2cc(C(C)(C)C)cc3c5cc(C(C)(C)C)cc-4c5n1c23,1
CCCCCCn1c2c(c3ccccc31)-c1c(c3ccccc3n1CCCCCC)-c1c(c3ccccc3n1CCCCCC)-c1c-2c2ccccc2n1CCCCCC,1
CCCCCCn1c2c(c3cc(-c4ccc5ccc6cccc7ccc4c5c67)ccc31)-c1c(c3cc(-c4ccc5ccc6cccc7ccc4c5c67)ccc3n1CCCCCC)-c1c(c3cc(-c4ccc5ccc6cccc7ccc4c5c67)ccc3n1CCCCCC)-c1c-2c2cc(-c3ccc4ccc5cccc6ccc3c4c56)ccc2n1CCCCCC,1
C1=CC2=CC=CC3C=c4c(cc5cccc6cccc4c65)C(=C1)C23,1
C1=CC2C=c3c(cc4cccc5cc6ccccc6c3c45)C3=c4ccccc4=CC(=C1)C32,1
CCCCc1ccc2c(c1)c1ccc3cccc4c3c1c1c2c2cccc3ccc5c6cc(CCCC)ccc6c4c1c5c32,1
c1ccc2c(c1)-c1ccc3cccc4c5c6c7c(ccc8cccc(c5c-2c1c34)c87)-c1ccccc1-6,1
COc1cc2sc3nc(-c4ccccc4)sc3c2cc1OC,1
c1ccc(-c2nc3sc4cc5c(cc4c3s2)OCO5)cc1,1
COc1cc2sc3nc(-c4ccccc4OC)sc3c2cc1OC,1
Fc1ccc2c(c1)sc1nc(-c3ccccc3)sc12,1
Fc1ccc2sc3nc(-c4ccccc4)sc3c2c1,1
c1ccc(-c2nc3sc4ccccc4c3s2)cc1,1
Cc1ccc(-c2nc3sc4ccccc4c3s2)cc1,1
Cc1cccc(-c2nc3sc4ccccc4c3s2)c1,1
COc1cccc(-c2nc3sc4ccccc4c3s2)c1,1
CSc1ccc(-c2nc3sc4ccccc4c3s2)cc1,1
COc1cc(-c2nc3sc4ccccc4c3s2)cc(OC)c1OC,1
Clc1ccccc1-c1nc2sc3ccccc3c2s1,1
Clc1cccc(-c2nc3sc4ccccc4c3s2)c1,1
Clc1ccc(-c2nc3sc4ccccc4c3s2)cc1,1
Brc1ccc(-c2nc3sc4ccccc4c3s2)cc1,1
Fc1ccccc1-c1nc2sc3ccccc3c2s1,1
c1ccc(-c2nc3sc4ccccc4c3s2)nc1,1
c1ccc2c(-c3nc4sc5ccccc5c4s3)cccc2c1,1
c1ccc(-n2c(-c3ccccc3-n3c4ccccc4c4ccccc43)nc3ccccc32)cc1,1
c1ccc(-n2c(-c3c(-n4c5ccccc5c5ccccc54)cccc3-n3c4ccccc4c4ccccc43)nc3ccccc32)cc1,1
c1ccc([B-]23Oc4ccccc4-c4c5[n+]6c(c([n+]42)-c2ccccc2O3)-c2ccccc2O[B-]6(c2ccccc2)Oc2ccccc2-5)cc1,1
F[B-]12Oc3ccccc3-c3c4[n+]5c(c([n+]31)-c1ccccc1O2)-c1ccccc1O[B-]5(F)Oc1ccccc1-4,1
COc1ccc(-c2oc3c(c2Br)=[N+]2C(=C(C(F)(F)F)c4cc5oc(-c6ccc(OC)cc6)c(Br)c5n4[B-]2(F)F)C=3)cc1,1
COc1ccc(-c2sc3c(c2Br)=[N+]2C(=C(C(F)(F)F)c4cc5sc(-c6ccc(OC)cc6)c(Br)c5n4[B-]2(F)F)C=3)cc1,1
COc1ccc(-c2oc3c(c2Br)=[N+]2C(=C(C(F)(F)F)c4c(Br)c5oc(-c6ccc(OC)cc6)c(Br)c5n4[B-]2(F)F)C=3Br)cc1,1
COc1ccc(-c2sc3c(c2Br)=[N+]2C(=C(C(F)(F)F)c4c(Br)c5sc(-c6ccc(OC)cc6)c(Br)c5n4[B-]2(F)F)C=3Br)cc1,1
O=c1c2cccc3cccc(c32)c2nc3ccccc3n12,1
O=c1c2cccc3cccc(c32)c2nc3c(F)c(F)c(F)c(F)c3n12,1
O=c1c2cccc3cccc(c32)c2nc3cccc4cccc(c43)n12,1
O=c1c2cccc3cccc(c32)c2nc3c4ccccc4c4ccccc4c3n12,1
O=C1c2ccccc2-c2nc3ccccc3n21,1
O=C1c2ccccc2-c2nc3c(F)c(F)c(F)c(F)c3n21,1
O=C1c2ccccc2C2=Nc3cccc4cccc(c34)N12,1
O=C1c2ccccc2-c2nc3c4ccccc4c4ccccc4c3n21,1
CC(C)[Si](C#Cc1c2cc3ccccc3cc2c(C#C[Si](C)(C)C)c2cc3ccccc3cc12)(C(C)C)C(C)C,1
CCCCCCCCOc1ccc(C#Cc2c3cc4ccccc4cc3c(C#C[Si](C(C)C)(C(C)C)C(C)C)c3cc4ccccc4cc23)cc1,1
COc1ccc(C#Cc2c3cc4ccccc4cc3c(C#C[Si](C(C)C)(C(C)C)C(C)C)c3cc4ccccc4cc23)cc1,1
Cc1ccc(C#Cc2c3cc4ccccc4cc3c(C#C[Si](C(C)C)(C(C)C)C(C)C)c3cc4ccccc4cc23)cc1,1
CC(C)[Si](C#Cc1c2cc3ccccc3cc2c(C#Cc2ccccc2)c2cc3ccccc3cc12)(C(C)C)C(C)C,1
CC(C)[Si](C#Cc1c2cc3ccccc3cc2c(C#Cc2ccc(Br)cc2)c2cc3ccccc3cc12)(C(C)C)C(C)C,1
CC(C)[Si](C#Cc1ccc(C#Cc2c3cc4ccccc4cc3c(C#C[Si](C(C)C)(C(C)C)C(C)C)c3cc4ccccc4cc23)cc1)(C(C)C)C(C)C,1
CC(C)[Si](C#Cc1c2cc3ccccc3cc2c(C#Cc2ccc(C(F)(F)F)cc2)c2cc3ccccc3cc12)(C(C)C)C(C)C,1
CC(C)[Si](C#Cc1c2cc3ccccc3cc2c(C#Cc2ccc(F)cc2)c2cc3ccccc3cc12)(C(C)C)C(C)C,1
CCCCCCCCOc1ccc(C#Cc2c3cc4ccccc4cc3c(C#Cc3ccc(F)cc3)c3cc4ccccc4cc23)cc1,1
CC(C)[Si](C#Cc1c2cc3ccccc3cc2c(C#C[Si](C(C)C)(C(C)C)C(C)C)c2cc3ccccc3cc12)(C(C)C)C(C)C,1
CC(C)(C)c1ccc(C2=CC(c3ccccc3)=[N+]3C2=Nc2c(-c4ccc(C(C)(C)C)cc4)cc(-c4ccccc4)n2[B-]3(F)F)cc1,1
CC(C)(C)c1ccc(C2=c3sc4ccccc4c3=[N+]3C2=Nc2c(-c4ccc(C(C)(C)C)cc4)c4sc5ccccc5c4n2[B-]3(F)F)cc1,1
CCCCCCCCCCCCOc1ccc(C2=c3sc4ccccc4c3=[N+]3C2=Nc2c(-c4ccc(OCCCCCCCCCCCC)cc4)c4sc5ccccc5c4n2[B-]3(F)F)cc1,1
CCCCCCCC(CCCCCCC)N1C(=O)c2ccc3c4ccc5c6c(ccc(c7ccc(c2c37)C1=O)c64)C(=O)N(C(CCCCCCC)CCCCCCC)C5=O,1
CCCCCCCC(CCCCCCC)N1C(=O)c2c(Cl)cc3c4cc(Cl)c5c6c(c(Cl)cc(c7cc(Cl)c(c2c37)C1=O)c64)C(=O)N(C(CCCCCCC)CCCCCCC)C5=O,1
CCCCCCCC(CCCCCCC)N1C(=O)c2c(Br)cc3c4cc(Br)c5c6c(c(Br)cc(c7cc(Br)c(c2c37)C1=O)c64)C(=O)N(C(CCCCCCC)CCCCCCC)C5=O,1
CCCCCCCC(CCCCCCC)N1C(=O)c2c(C#N)cc3c4cc(C#N)c5c6c(c(C#N)cc(c7cc(C#N)c(c2c37)C1=O)c64)C(=O)N(C(CCCCCCC)CCCCCCC)C5=O,1
CCCCCCn1c2ccsc2c2sc3c(sc4c5sccc5n(CCCCCC)c43)c21,1
CCCCCCn1c2cc(C=O)sc2c2sc3c(sc4c5sc(C=O)cc5n(CCCCCC)c43)c21,1
CCCCCCn1c2cc(C=C(C#N)C#N)sc2c2sc3c(sc4c5sc(C=C(C#N)C#N)cc5n(CCCCCC)c43)c21,1
c1cc2c3cscc3c3ccsc3c2s1,1
CCCCCCc1sc(CCCCCC)c2c3ccsc3c3sccc3c12,1
CCCCCCCCCCCCc1sc(CCCCCCCCCCCC)c2c3ccsc3c3sccc3c12,1
CCCCCCCCCCCCc1sc(CCCCCC)c2c3cc(CCCCCC)sc3c3sc(CCCCCC)cc3c12,1
CCCCCCc1cc2c3cscc3c3cc(CCCCCC)sc3c2s1,1
c1ccc(-[n+]2c3ccc4cccc5c6cccc7c8cccc9ccc2c(c98)c(c67)c3c45)cc1,1
c1cc2ccc3[o+]c4ccc5cccc6c7cccc8c(c1)c2c3c(c87)c4c56,1
c1cc2ccc3[s+]c4ccc5cccc6c7cccc8c(c1)c2c3c(c87)c4c56,1
c1cc2c3ccc[n+]4cccc(c5ccc[n+](c1)c25)c34,1
Cc1cc(C)c(-c2cc(-c3c(C)cc(C)cc3C)c3ccc4c(-c5c(C)cc(C)cc5C)cc(-c5c(C)cc(C)cc5C)c5ccc2c3c54)c(C)c1,1
Cc1cc(C)c(C)c(-c2cc(-c3c(C)c(C)cc(C)c3C)c3ccc4c(-c5c(C)c(C)cc(C)c5C)cc(-c5c(C)c(C)cc(C)c5C)c5ccc2c3c54)c1C,1
COc1cc(C)c(-c2cc(-c3c(C)cc(OC)cc3C)c3ccc4c(-c5c(C)cc(OC)cc5C)cc(-c5c(C)cc(OC)cc5C)c5ccc2c3c54)c(C)c1,1
c1cc2c3c(c1)-c1cccc4cccc(c14)B3c1cccc3cccc-2c13,1
c1cc2c3c(c1)-c1ccc4c5c(ccc(c15)B3c1ccc3c5c(ccc-2c15)CC3)CC4,1
N#Cc1c(N2CCCC2)cc(-c2ccccc2)c2c1-c1ccccc1C2,1
N#Cc1c(N2CCCCC2)cc(-c2ccccc2)c2c1-c1ccccc1C2,1
N#Cc1c(N2CCCCC2)cc(-c2cccc3ccccc23)c2c1-c1ccccc1C2,1
N#Cc1c(N2CCCCC2)cc(-c2ccc3ccccc3c2)c2c1-c1ccccc1C2,1
N#Cc1c(N2CCCCC2)cc(-c2ccc3ccc4cccc5ccc2c3c45)c2c1-c1ccccc1C2,1
N#Cc1c(N2CCCC2)cc(-c2ccccc2)c2c1-c1ccccc1C2=O,1
N#Cc1c(N2CCCCC2)cc(-c2ccccc2)c2c1-c1ccccc1C2=O,1
N#Cc1c(N2CCCCC2)cc(-c2cccc3ccccc23)c2c1-c1ccccc1C2=O,1
N#Cc1c(N2CCCCC2)cc(-c2ccc3ccccc3c2)c2c1-c1ccccc1C2=O,1
N#Cc1c(N2CCCCC2)cc(-c2ccc3ccc4cccc5ccc2c3c45)c2c1-c1ccccc1C2=O,1
N#Cc1c(N2CCCC2)cc(-c2ccccc2)c2c1Cc1ccccc1-2,1
N#Cc1c(N2CCCCC2)cc(-c2ccccc2)c2c1Cc1ccccc1-2,1
N#Cc1c(N2CCCCC2)cc(-c2cccc3ccccc23)c2c1Cc1ccccc1-2,1
N#Cc1c(N2CCCCC2)cc(-c2ccc3ccccc3c2)c2c1Cc1ccccc1-2,1
N#Cc1c(N2CCCCC2)cc(-c2ccc3ccc4cccc5ccc2c3c45)c2c1Cc1ccccc1-2,1
N#Cc1c(N2CCCCC2)cc(-c2cccc3ccccc23)c2c1C(=O)c1ccccc1-2,1
N#Cc1c(N2CCCCC2)cc(-c2ccc3ccc4cccc5ccc2c3c45)c2c1C(=O)c1ccccc1-2,1
CN(CC1=CC=CN=C1)C1=NC2=CC=CC=C2C(=C1)C(=O)NC1CC1,0
CC(C)C(=O)NC1=CC=CC(CNC(=O)C2=CC3=CC=CC=C3O2)=C1,0
CC1=C(C(=O)NC2=CC=CN=C2O)C(=NO1)C1=C(Cl)C=CC=C1Cl,0
CS(=O)(=O)N1CCN(CC1)C(=O)CN1C2=CC=CC=C2N=C1C(F)(F)F,0
CC1=C(OC=C1)C(=O)N1CCC(CC1)NC(=O)C1=CC=CC=C1,0
CC1=C(SC2=NC(=CC=C12)C(F)(F)F)C(=O)NCC1=CC2=CC=CC=C2O1,0
O=C(NC12CC3CC(CC(C3)C1)C2)C1=CC=CC2=C1OCC(=O)N2,0
O=C(CC1=NN2C=CC=NC2=N1)NC1CCCC2=CC=CC=C12,0
O=C(NC1=CC=CC(=C1)N1C=CC=N1)N1CCC(CC1)C1=CC=CC=C1,0
CCN(CC(=O)N1CCC2=C(C1)C1=CC=CC=C1N2)C1CC1,0
FC1=CC=C(NC(=O)C2=CC=C(CN3C=CC=N3)O2)C=C1Cl,0
COC1=CC=C2N(CCCC2=C1)C(=O)C1=CC=CC(C)=C1C,0
CC1=NN=C(SCCNS(=O)(=O)C2=CC=CC=C2)N1CC1=CC=CC=C1,0
CC(N1CCN(CC1)C1=CC=C(F)C=C1)C(=O)NC1=CC=NC2=CC=NN12,0
COC1=CC=CC=C1NC(C)C(=O)NC12CC3CC(CC(C3)C1)C2,0
FC1=CC=C(C2=NOC(CN3C=CN=C3)=N2)C(Cl)=C1,0
CN1N=C(C)N=C1NC(=O)C1=CN(CC2=CC=CC=C2)N=C1,0
ClC1=CC=CC(=C1)N1N=CC2=C(NC3CC3)N=CN=C12,0
FC(F)(F)C1=CC=CC=C1C(=O)NC1=CC=NN1CC1=CC=CC=C1Br,0
CC1=CC=C(O1)C1=NC(C)=C(S1)C(=O)NCC1CCOC1,0
CC1CC2=CC=CC=C2N1C(=O)C1CC(=O)NC2=CC=CC=C12,0
CC1=NC2=C(C=NN2C(NCC2CCCO2)=C1)C1=CC=CC=C1Cl,0
FC(F)(F)OC1=CC=C2N=C(NC(=O)C3=CC=CN=C3)SC2=C1,0
O=C(CCC1=CNC2=CC=CC=C12)NC1=CC=C2OCCC2=C1,0
CN(C1CCCC2=CC=CC=C12)C(=O)CN1CCC(CC1)C(N)=O,0
ClC1=CC(NC(=O)C2CCCN2C(=O)C2=CC=CN=C2)=CC(Cl)=C1,0
CC1=CC=C(CCC2CCN(CC2)C(=O)CN2C(=O)COC3=CC=CC=C23)C=C1,0
CC(C)N1CCC(CC1)NC1CCN(C)C1C1=CC=C(F)C=C1,0
O=C(NC1=CN=CC=N1)C1=CN(CC2=CC=CS2)N=N1,0
CN(CC1=NN=C2C=CC=CN12)C1=NN=NN1C1=CC=C(C)C=C1,0
CC1CN(C(=O)C2=C(C)N(N=C2)C2=CC=CC(=C2)C(F)(F)F)C(C)(C)CO1,0
CC(C)N1CCC(CC1)NC1=CC=C(CN2C=CN=C2C)C=C1,0
CC1CCCCC1NC(=O)C1=CC=CC(=C1)S(=O)(=O)NCC1=CC=CC=C1,0
NC(=O)C1=CC=CC(=C1)C(=O)NC12CC3CC(CC(C3)C1)C2,0
CCN1N=C(C)C(CNC2=NN=C(CC3=CC=CC=C3F)O2)=C1C,0
COC(=O)C1=CC(NCC2=NN=C(O2)C2=CC=CC=C2C)=CC=C1C,0
CC(C1CC1)N(CC(=O)N1CCC2=CC=CC=C12)C1CC1,0
ClC1=CC=C2OCC(=O)N(CC(=O)N3CCCCCC3)C2=C1,0
FC(F)(F)OC1=CC=C(NC(=O)N2CCC3=CC=CC=C3C2)C=C1,0
CN(C)C(=O)CN1C=NC2=C(SC(=C2)C2=CC=CC=C2)C1=O,0
O=C(C1CC1)N1CCN(CC2=CC=C(C=C2)C(=O)N2CCCC2)CC1,0
CC1=CC=C(NC(=O)C2=CC3=C(F)C=CC=C3S2)C2=CC=CN=C12,0
O=C(CN1CCCC(C1)C1=NC2=CC=CC=C2S1)N1CCN(CC1)C1=CC=CC=C1,0
OC(=O)CCC1=CC=C(C=C1)S(=O)(=O)NC1=CC=CC(=C1)C#CC1=CC=CS1,0
CCN1CCC(CC1)NC(=O)N1CCC(=CC1)C1=CNC2=CC(F)=CC=C12,0
COC1=CC=C(C=C1)C(=O)NC1=NC(=CS1)C1=CC=C(OC)C=C1,0
CC(C)CN1CCN(CCN2C=NC3=C2C(=O)N(C)C(=O)N3C)CC1,0
O=C(NC1CCCCC1)N1CCC2=CC=CC=C2C1,0
CN(CC1=CN(C)N=C1)C(=O)C1=NN(C(=N1)C1=CC=CC=C1)C1=CC=CC=C1,0
CC1=C(N=NN1C1=CC=CC2=NC=CC=C12)C(=O)N1CC2CCC1C2,0
Cl.NC(CC(=O)N1CCC2(C1)CCCCC2)C1=CC=CC=C1,0
CCC1=CC(=O)N2N=C(NC3CCN(CCOC4=CC=C(F)C=C4)CC3)SC2=N1,0
CCOC1=CC(=CC=C1OCC(O)=O)C(=O)N1CCC(C1)C1=CC=CC=C1,0
O=C(CC1=CC=C(C=C1)N1C=CC=N1)NC1=CC=CC=N1,0
CC1=CC(C)=C(C(C)=C1)S(=O)(=O)N1CCC(=CC1)C1=CNC2=NC=CC=C12,0
O[C@H]1CCN(C1)C1=C2C(SC=C2C2=CC=CC=C2)=NC=N1,0
COC1=CC=C(N=N1)C(=O)NC1=NC(=C(S1)C1=NC=CN1C)C1=CC=CC=C1,0
CC1=C(C=NN1C1=CC=NC=C1)C(=O)NC1=C(O)C(Cl)=CC(Cl)=C1Cl,0
CN(CC1=NC(=NO1)C1=CC=C(Cl)C=C1)C1CCC2=CC=CC=C12,0
CC1=CC=C(NC(=O)C2=CC=C(C)C(=C2)S(=O)(=O)N2CCCCC2)N=C1,0
O=C1NC2=CC=CC=C2C(=O)N1CC1(CCCCC1)N1CCOCC1,0
OC[C@@H]1CCCN1C(=O)C1=CN(N=C1)C1=CC=C(F)C=C1F,0
CC1CCCN(CC2=CSC(NC(=O)C3=CC=CC=C3)=N2)C1,0
CCOC1=CC=C(C=C1)C1=NN=C(NC(=O)C2=CC(C)=CC(C)=C2)O1,0
OCCN1CCN(CC1)C(=O)C1=CC=C(OC2=CC=CC(F)=C2)C=C1,0
CCN1C(=O)N(CC(=O)N2CCCC(C2)C(N)=O)C2=CC=CC=C12,0
CS(=O)CC1=CC=CC(=C1)C(=O)NCC1=CC=CN=C1N1C=CC=N1,0
CCC1=CC=C(C=C1)C(=O)N1CCN(CC1)C(=O)C1=CC=CC(=C1)S(C)(=O)=O,0
COC1=CC=C(NC(C)=O)C=C1NC(=O)CN1CCC2=CC(=CC=C12)C1=CSC(C)=N1,0
CCC1=CC=C(S1)C(=O)NC1=CC=C2N=C3CCCN3C(=O)C2=C1,0
CC(=O)C1=CC=CC(NC(=O)C2=CC=C(C)C(=C2)N2C=CC=C2)=C1,0
CC1=CC=CC(C)=C1NC(=O)C1=CC=NC(=C1)N1C=NC=N1,0
CC(C)CN1CCOC(CNC(=O)C2=C(N=C(C)S2)C2=CC=CC=C2)C1,0
COC1=CC(=CC(OC)=C1)C(=O)N1CCC(CC1)C(=O)NC(C1CC1)C1CC1,0
CCCN1C(C)=NN=C1CN1N=NC(=N1)C1=CC=CC(=C1)[N+]([O-])=O,0
CN1C2=C(N(CCOC3=C(C)C=CC=C3C)C=N2)C(=O)N(C)C1=O,0
COC1=CC(=CC(OC)=C1)N1CCC(C1)NC(=O)C1=CC=CC=C1,0
CN1C2=C(N(CCC(=O)NC3CCC4=CC=CC=C34)C=N2)C(=O)N(C)C1=O,0
COC(C)C(=O)N1CCC2=C(NC3=CC=CC=C23)C1C,0
COC1=CC=C(C)C=C1NC(=O)CN1CCN(CC1)C1=CC(Cl)=CC=C1C,0
COC1=CC=C2N=C(NC(=O)C3=CN=CN3C3=CC=C(F)C=C3)SC2=C1,0
FC1=CC=CC(Cl)=C1CN1N=NN(C1=O)C1=CC=CC=C1Cl,0
CN1CCCN(C2=CC(F)=CC=C12)S(=O)(=O)C1=CC=CC=C1F,0
CC1=C(C2CCN(CC2)C(=O)CC2CCCO2)C2=CC=CC=C2N1,0
Cl.NCC1CCCCC1NC(=O)C1=CC=C(C=C1)C1=NOC(=N1)C(F)(F)F,0
ClC1=CC=CC=C1CN1C=C(C=N1)C(=O)NC1=CC=CC(=C1)C#N,0
COC1CCN(CC1)C(=O)C1=CC2=CC(OC)=CC(OC)=C2N1,0
CC1=CC=CC(C(=O)N2CCC(CC2)C2=CC=C(O)C=C2)=C1C,0
CC1(C)C2CN(CC(=O)NC3=CC(=CC=C3Cl)N3C=NN=N3)CC12,0
CN1CCN(CC1)C(=O)C1CCC2=CC=CC=C2N1C(=O)CCC1=CNC2=CC=CC=C12,0
FC1=CC=C2N=C(CC3=CC=C4OCOC4=C3)NC(=O)C2=C1,0
OC(=O)C1CCN(CC1)C(=O)CC1CCC(CC1)C1=CC=CC=C1,0
COC1=CC=C(CC(=O)NC2=CC=CC(=C2)C2=NN=NN2)C(Cl)=C1,0
C(N1CCCC1)C1=CN(N=C1C1=CC=CC=C1)C1=CC=CC=C1,0
CC1=C(C)C2=CC=CC(C(=O)NC3CCCCC3)=C2N1,0
CC1=CC=CC=C1C1=NN(CC(=O)C2=CC=C3OCOC3=C2)N=N1,0
CC(NC(=O)C1=CC=C(O1)C1=NC2=CC=CC=C2S1)C1=NN=C2C=CC=CN12,0
CC1=CC=CC(NCC2=CN(N=N2)C2=CC=C(Cl)C=C2)=C1C(N)=O,0
COC1=CC(Cl)=C(C)C=C1NC(=O)C(C)N1CCC2=CC=CC=C12,0
BrC1=CN=CC(=C1)C(=O)N1CCC(CC1)C(=O)N1CCC2=CC=CC=C2C1,0
O=C(CN1C=NC2=CC=CC=C2C1=O)NC1=C2C=CNC2=CC=C1,0
CC(N1CCC(CC1)C(=O)N1CCC2=CC=CC=C2C1)C(=O)NC1CC1,0
CC1=CC=C(C=C1C)C(=O)NC1CCCC2=C1C=CS2,0
CC(C)CN1CCC(CC1)NC1=NN=C(C=C1C)C1=CC=CC(F)=C1,0
CN1C=C(NC(=O)C2=NN(C(=O)C=C2)C2=CC=C(C)C(Cl)=C2)C=N1,0
FC(F)(F)CSC1=NC=CC=C1C(=O)NC1=NC2=CC=CC=C2S1,0
COC1=CC=C2N=C(NC(=O)C3=CN(CC4=CC=CC=C4Cl)N=C3)SC2=C1,0
CC1=C(Cl)C=CC=C1NC(=O)C1=CC=C(C=C1)N1CCCC1=O,0
NC(=O)C1=CC=C(CN2N=NC(=N2)C2=CC=C(F)C=C2)C(=C1)[N+]([O-])=O,0
CN(C)S(=O)(=O)N1CCN(CC2=CN3C=C(Cl)C=CC3=N2)CC1,0
O=C(N(CC1CC1)C1=CC=CC=C1)C1=CN(N=C1)C1=CC=CC=C1,0
O=C(NC(C1CCC1)C1=CC=CC=C1)C1CCCN(C1)C(=O)C1CC1,0
O=C(C1CN(C2CCCC2)C(=O)C1)N1CCC(CC2=CC=CC=C2)CC1,0
COCCN1N=CC2=CC=C(NC(=O)C3=C(C)C4=CC=CC=C4S3)C=C12,0
CC(=O)NC1=CC=C(C=C1)C(=O)N1CCN(CC2=CC=C(OC(F)(F)F)C=C2)CC1,0
O=C(NCC1=CC=CC=C1)C1CN(C2CC2)C(=O)C1,0
CC1=CC=CC=C1CC(=O)N1CCC(CC1)NC(=O)C1=CC=CC=C1C,0
NC(=O)CSC1=CC=CC=C1NCC1=NOC(=N1)C1=COC=C1,0
BrC1=CC=C(C=C1)C(=O)NCC1COC2=CC=CC=C2O1,0
CCN1C2=C(N(C)C(=N2)C2=CC(F)=CC3=CC=CN=C23)C(=O)NC1=O,0
ClC1=CC=C2C=C(NC2=C1)C(=O)NC1CCN2CCCCC12,0
CCN1C=C(C(=O)N2CCC(CNC(C)=O)CC2)C2=CC=CC=C12,0
FC1=CC=CC(=C1)C(=O)NC1=CC=CC(OC2CCCC2)=C1,0
FC1=CC(C(=O)NC2=CC=C(OC3=CC=CN=C3)N=C2)=C2N=CNC2=C1,0
CC1=CC=CC=C1N1N=CC=C1NC(=O)N1CCCC1CO,0
ClC1=CC=CC=C1CC(=O)N1CCC(CC1)NC(=O)C1=CC=CC=C1,0
O=C(CN1CCN(CC2=NC3=CC=CC=C3N2)CC1)NC1CCCC1,0
FC1=CC=C2N=C(CN3N=CSC3=O)OC2=C1,0
CN(CC1CCCCC1)C(=O)C1=CC=C(C=C1)N1C=NC=N1,0
CC1=CC=CN=C1NC(=O)C1=NOC(=C1)C1=CC=C(Cl)C=C1,0
CC1=C(C(=O)NCC2=NN=C3CCCCCN23)C(=NO1)C1=CC=CC=C1,0
CC1=NC(=NN1C1=CC=C(F)C=C1)C(=O)NC1=CN=CC=C1OC1=CC=CC=C1,0
CCC1CCCCN1C(=O)CN1C2=CC=CC=C2OCCC1=O,0
CCC1=CC=CC=C1NC(=O)C1=CC=C(C)C(=C1)S(=O)(=O)N1CCCCC1,0
CC1=CC=C(C=C1)C1=NOC(=C1)C(=O)NCC1CCOC1,0
O=C(N1CCC(CC1)C1=CC=CC=C1)C1=CC=C2NC(=O)COC2=C1,0
ClC1=CC=CC=C1C1=NN=C(NCC2CCS(=O)(=O)C2)S1,0
FC(F)(F)CN1CCC(CC1)NC(=O)C1=CC=CC=C1C1=CC=CC=C1,0
OC1=CC(=CC(O)=C1)C(=O)N1CCC2=C(C1)NC1=CC=CC=C21,0
O=C(C1CC1)N1CCC(CC1)C(=O)N1CC(C2=CC=CC=C2)C2=CC=CC=C2C1,0
CN(C1CC2CCC(C1)N2CC1=CC=CC=C1)C(=O)C1=CC=CC=C1,0
CC(C)N1CCC(C1)NC(=O)C12CC3CC(CC(C3)(C1)NC(C)=O)C2,0
CC(C)S(=O)(=O)C1=CC=C(C=C1)C(=O)N1CCC(CCC2=CC=CC=C2)CC1,0
BrC1=CC=CC=C1N1C=C(N=N1)C(=O)NCC1=CC=CC=C1,0
O=S(=O)(NCC1(CCCC1)C1=CC=CC=C1)C1=CC=C2OCCOC2=C1,0
CC1=CC(NC(=O)CCC2=CN(N=C2)C2=CC=CC=C2)=CC=C1N1CCCC1=O,0
CC(C)CNC1=CC(C)=NC2=C(C(=NN12)C(F)(F)F)C1=CC=CC=C1,0
CC(C)C1=NC(=NN1C1=CC=CC=C1F)C(=O)NC1=CC=C(C=C1)C1=CN=CO1,0
O=C(NC(CN1CCCC1=O)C1=CC=CC=C1)C1=CC=C2CCCCC2=C1,0
OC(=O)CCC1=CC=C(OCC2=NC(=NO2)C2=CC=CC=C2Cl)C=C1,0
CCC1=NC(CS(=O)(=O)CC2=CN=C3N(C)N=C(C)C3=C2)=CS1,0
COC(=O)CC1N(CCNC1=O)C(=O)C1=CC=CC=C1Cl,0
CC1CCCC(NC(=O)C2=C(C)ON=C2C2=CC=CC=C2)C1C,0
OC1CCN(CC2=CC(Cl)=CC=C2OCC2=CC=CN=C2)CC1,0
CC(C)CNC1=CC(C)=NC2=C(C(=NN12)C(F)(F)F)C1=CC=C(C)C=C1,0
CN1C=C(C(=O)NC2=CC=CC=C2OCC2CCCCO2)C2=CC=CC=C12,0
FC1=CC(F)=C2CCCN(C(=O)C3=CC=C(COC4=CC=CC=C4F)O3)C2=C1,0
FC1=CC=C(C=C1)C1=NN(CC2=CC=C(C=C2)C#N)C(=O)O1,0
O=C(NCC12CC3CC(CC(C3)C1)C2)C1=CC=C2OCC(=O)NC2=C1,0
CN(CC1=CC=C(C=C1)C(=O)NC1CC1)S(=O)(=O)C1=CC=C(C)C(C)=C1,0
CC1=C(NC(=O)C2=C(F)C=CC(F)=C2F)SC(=N1)C1=CC=CC=C1,0
COCC1=NC(=CS1)C(=O)NC1=NC2=C(OC)C=CC=C2S1,0
CC1CN(CCO1)C(=O)CN1CC(OC2=CC=CC=C12)C(=O)N1CCCCC1,0
CC1=CC=C(O1)C1=NN(C=C1C(=O)N1CCCCCC1)C1=CC=CC=C1,0
C(SC1=NC=C2C=CC=CN12)C1=NC(CC2=CC=CC=C2)=NO1,0
CC(C)C1=C(N=C(NC(=O)C2=CC=C(O2)S(C)(=O)=O)S1)C1=CC=CC=C1,0
COC1=CC=C(C)N=C1NC(=O)C1=CC=C(N=C1)N1N=C(C)C=C1C,0
FC1=CC=CC=C1C1=CC=C(O1)C(=O)NC1=CC=CC=C1N1CCOCC1,0
CC1=C(C)C2=C(N=CN=C2S1)N1CCC(CC1)N1CCCC1,0
CN(CC1COC2=CC=CC=C2O1)C(=O)C1=CC2=CC(Cl)=CC=C2N=C1C,0
FC1=CC(=CC(F)=C1)C(=O)NC1CCC(CC1)N1C(=O)CCC1=O,0
CC(C1CC1)N(C)S(=O)(=O)C1=CC=C2OCC(=O)NC2=C1,0
COC1=CC=CC=C1C1=NN=C(SCC2=CSC(C)=N2)N1CC=C,0
OC1CCN(CC1)C(=O)C1=CC=C2NC3=C(CCCC3)C2=C1,0
FC1=CC=CC(=C1)S(=O)CC1=NC(=NO1)C1=CC=CO1,0
CCC(=O)N1CCCC(C1)C(=O)N1CCC2(CCCC2)CC1,0
CCOC1=CC=C(C=C1C)S(=O)(=O)N1CCC2=CC=CC=C2C1,0
CC1CCCN(C1)C(=O)C1=CC=CC(=C1)S(=O)(=O)NCC1=CC=CC=C1,0
CN1CCN(CC1)C1=CC=C(NC(=O)CCC2=CNC3=CC=CC=C23)C(C)=C1,0
CC(N1C=NC2=CC=CC=C12)C(=O)NC1=CC=CC(OCC2CCCO2)=C1,0
CCC1=CC=CC(C(=O)NC2=NN(CCC3=CC=NC=C3)C=C2)=C1O,0
CN1CCC(CC1=O)C(=O)N1CCC(COC2=CC=CC=C2)CC1,0
CC1(CNS(=O)(=O)C2=CC3=C4N(CCC3)C(=O)CCC4=C2)CCC1,0
COC1=CC(OC)=C(C2=CCN(CC2)C(=O)C2CCC2)C(OC)=C1,0
ClC1=CC=CC=C1CCC(=O)N1CCC(CC1)NC(=O)C1=CC=CC=C1,0
ClC1=CC=CC(=C1)C1=CC(=NO1)C(=O)NC1=CC=C2COCC2=C1,0
COC1=CC=C(C=C1)C1=CCN(C1)C(=O)C1=CC=CC(CN2N=C(C)C=C2C)=C1,0
O=C(NCCN1CC=CC1)C1=CC2=CC=CC=C2N1CC1=CC=CC=C1,0
CC(N1CCN(CC1)C1=CC=CC(Cl)=C1)C(N)=O,0
CC(C)CN1CCC(CC1)NC1CC2(CCCC2)OC2=CC=CC=C12,0
CN1C=C(C(=O)N2CCN(CC2)C(=O)CC2=CC=C(Cl)C=C2)C2=CC=CC=C12,0
O=C(NCC1=CC=CC=C1)N1CCN(CCC2=CC=CC=C2)CC1,0
CN(C)C1=CC=C2N(CCOC2=C1)C(=O)C1=CN(N=C1C)C1=CC=C(Cl)C=C1,0
COC1=CC=CC(=C1)N1CCN(CC1)C(=O)C1=CC=NC(C)=N1,0
CCC1CN(CCO1)C(=O)CCN1C(=O)COC2=CC=CC=C12,0
COC1=CC=C(C(=O)NCC2CCN(C2)C2=CC=CC=C2)C(OC)=C1,0
CN(C(=O)CN1C(CO)=NC2=CC=CC=C12)C1=CC=CC=C1,0
CN(CC1=CN(C)N=C1)C(=O)C1=CN=C2ON=C(C)C2=C1,0
FC(F)(F)OC1=CC=C(NC(=O)CN2CCN(CC2)C(=O)C2CC3=CC=CC=C3O2)C=C1,0
COC1=CC=CC(=C1)C(=O)N1CCN(CC1)C(=O)CC1=CC=CC(=C1)C(F)(F)F,0
CCC1=CC=C(C=C1)C1=NC(=CS1)C(=O)NC1=CC=CC=N1,0
FC(F)(F)C1=CC=C(CN(CCN2C(=O)OC3=CC=CC=C23)C2CC2)C=C1,0
CN1C=C(C=N1)C1=NC(CN2CCOCC2(C)C)=CS1,0
O=C(CN1CCCCC1=O)N1CCCC1C1CCCC1,0
COC1=CC(OC)=CC(CN2CCC(C2)NC(=O)C2C3CCCC23)=C1,0
COC1=CC(OC)=NC(NC(=O)CSC2=NN=C(C3CC3)N2CC2=CC=CC=C2)=N1,0
O=C(NC1=NC2=CC=CC=C2S1)N1CCC(CC1)C1=CC=CC=C1,0
CC1(C)CN(C(=O)C2=CC=C(C=N2)C(N)=O)C1(C)C,0
CC1=NN2C(N=C(C)C=C2NCCN2CCOCC2)=C1C1=CC=C(C)C=C1,0
COC1=NC=C(Cl)C(NCC2=NN=CN2C2=CC=CC=C2)=N1,0
CN(C1CCCC2=CC=CC=C12)C(=O)CNC1=CC=CC2=C1OCCO2,0
CC1=CC=C(NC2=C3C=NN(C3=NC=N2)C2=CC(Cl)=CC=C2C)C=C1C,0
COC1=CC(=CC=C1OCC1=C(C)ON=C1C)C(=O)NC1CN(CC1C)C1CC1,0
CC1=CC=C(S1)C(=O)NC1CCN(CC1)C1=CC=CC=N1,0
CC1=CC=C(C=C1)N1C=CC(=O)C(=N1)C(=O)NC1=CC=CC=C1Cl,0
CC1=CC=C(CC2=NN=C(NS(=O)(=O)C3=CC=CN=C3)S2)C=C1,0
FC(F)(F)C1CCCN(C1)C(=O)C1=NC2=CC=CC=C2N=C1,0
CSC1=CC=C(NC(=O)C2=C(C)N(N=C2C)C2=CC=CC=C2)C=C1,0
FC(F)(F)C1=CC=CC=C1NC(=O)C1=CC2=CC=CC=C2O1,0
FC1=CC=C(Br)C(=C1)C(=O)N1CCC(CC1)C1=CC=CC=C1,0
CC1=NN2C(N=C(C)C=C2NC2=CC=CC(C)=C2)=C1C1=CC=CC=C1Cl,0
FC(F)(F)C1=NC2=CC=CC=C2N1CC(=O)N1CCCC1C1=CC=NC=C1,0
CC1=CSC(=O)N1CC1=NC2=CC=CC=C2O1,0
CC1=NC(=NN1C1=CC=C(F)C=C1)C(=O)N1CCCCC2=CC=CC=C12,0
CC1=CC=CC(=C1)C1=NN=C(CSCC2=CC=CO2)O1,0
CNC(=O)C1=CC=CC=C1NCC1=NC(=NO1)C1=CC=CC(Cl)=C1,0
COC1=CC=C(C)C=C1CN1CCN(CC1)C1=NC2=CC=CC=C2N=C1,0
NC(=O)C1CC(O)CN1C1=C2SC(=CC2=NC=N1)C1=CC=C(Br)C=C1,0
CC1=CC=CC=C1CN1CCCN(CC1)C(=O)C1=CC2=CC(F)=CC=C2N1,0
FC1=CC=C(C(=O)N2CCN(CC2)C2=CC=CC(Cl)=C2)C(Cl)=C1,0
CC1=CC2=CC=CC(=C2N=C1)S(=O)(=O)N1CCC2=C(C1)N=CN2C1CC1,0
FC1=CC=C(CNC(=O)C2CCN(CC2)C(=O)C2CC3CCC2C3)C=C1,0
CN1CCC(CC1)NC(=O)C1=CN(N=C1C1=CC=CC=C1C)C1=CC=CC=C1,0
CC1=CC=CC(=C1)N1C=C(N=N1)C(=O)N1CCN(CC1)C1=CC=NC=C1,0
CCOC1=NC=CC=C1C(=O)NC1=C(C)N(N=C1)C1=CC=CC=C1F,0
FC(F)(F)C1=CC=CC=C1N1C=C(N=N1)C(=O)N(CC1CCOC1)C1CC1,0
CC(NC(=O)C1=C(C)N=C(S1)C1=CC=C(C)O1)C1=CC=CC=N1,0
CC1=C(SC(CC2=CC=CC=C2)=N1)C(=O)NCC1CCCCC1,0
CN(C(=O)CN1C(=O)C2C3CC(C=C3)C2C1=O)C1=CC=CC(C)=C1,0
CC1=C(SC=N1)C(=O)NC1=NC=C(CC2=CC(=CC=C2Cl)C(F)(F)F)S1,0
CCC1=CC=CC(NC2=C3N=CN(C4CC4)C3=NC=N2)=C1,0
O=C(NC1=CC=CC=C1OCCC1=CC=CC=C1)C1=NN(C=C1)C1=CC=CC=C1,0
O=C(NCC1=NC(CC2=CC=CC=C2)=NO1)C1=NC=CC2=CC=CC=C12,0
COC1=CC=C(C=C1)C1=NOC(CCC(=O)NC2=NC3=CC=CC=C3S2)=N1,0
CC(OC1=CC=CC=C1Cl)C(=O)NC1=CC=CN=C1N1C=CC=N1,0
COC1=CC(Br)=C(OC)C(=C1)C(=O)N1CCC(CC2=CC=CC=C2)CC1,0
NC(=O)C1=CC=C(CN2N=CC3=CC(=CC(Cl)=C23)[N+]([O-])=O)C=C1,0
C(CC1=CC=CC=C1)N1CCN(CC2=CN3C=CC=CC3=N2)CC1,0
FC1=CC=C(C=C1)C1(CCCCC1)C(=O)N1CCNC(=O)CC1,0
COC1=CC=CC=C1N1CCN(CC1)S(=O)(=O)C1=CC=CC=C1F,0
COC1=CC=C(C)C=C1NC(=O)C1=NN(C=C1)C1=CC=CC=C1,0
CN(C(=O)C1=CC=CC(=C1)N1C=CC=N1)C1=CC(Cl)=CC=C1C#N,0
O=C(NCC1(CCC1)C1CC1)N1CCN2C(CNC2=O)C1,0
CN1C2CCCC1CC(C2)NC(=O)NC1(CC1)C1=CC=CC=C1,0
O=C(NCC1COC2=CC=CC=C2O1)N1CCOCC1,0
CC(C)C1=NC(C)=CC(=N1)N1CCN(CC1)C(=O)C1CN(C)C(=O)C1,0
CC1=CC=CC(=C1)N1C=CN=C(NCC2=CC=CC=C2Cl)C1=O,0
O=C1CSC2=CC=CC=C2N1CC1=NC(=NO1)C1=CC=CS1,0
CC1CC1C(=O)N1CCC2=C(NC3=CC=CC=C23)C1C,0
CN(C)S(=O)(=O)N1CCN(CC2=CSC(NC3=CC=CC=C3)=N2)CC1,0
CC(C)N1CCC(CC1)NC(=O)C1=CC=C(S1)C1=CC=CC=C1F,0
CNC(=O)C1=CC=CC(=C1)C(=O)NC1=NC=C(Cl)S1,0
CC(=O)NC1=CC=CC(NC(=O)CN2C=NC3=CC=CC=C3C2=O)=C1,0
O=C(NC1CCCN(CC2=CC=CC=C2)C1)C1CCC1,0
CC1=CC=C(CN2CCCN(CC2)C(=O)CN2N=C3C=CC=CN3C2=O)C=C1,0
COC1=NC(C)=CC(C)=C1CNC1=CC=C(N=N1)N1C=CC(C)=N1,0
CC1CCCCC1NC(=O)NC1=CC=CC(=C1)C1=NN=CO1,0
O=C(NCC1=CC=C(N=C1)N1C=NC=N1)C1=CC=CC=C1N1C=CC=N1,0
CN1C=C(C(=O)NCC2=CC=C(C=C2)C(=O)N2CCOCC2)C2=CC=CC=C12,0
COC1=CC=C(C=C1S(=O)(=O)N1CCCC1)C(=O)N1CCN(CC1)C1=CC=CC=C1,0
CN(C)C1=CC=C(C=N1)C(=O)NC1CCC2=NC(C)=CN2C1,0
CC1CC2=CC=CC=C2N1C(=O)CN1CCN(CC1)C1=CC=CC=C1,0
O=C(NC1=CC=NC2=CC=NN12)C1=CC=CC(OCC2=CC=CN=C2)=C1,0
CCN(CC)CC1=CC=CC=C1CNC(=O)N1CCN(CC1)C1=CC=CC=C1,0
CN1C2=CC=CC=C2C(Cl)=C1C(=O)N1CCN(CC1)S(=O)(=O)C1=CC=C(C)C=C1C,0
CCOC(=O)C1=C(SC=C1C1=CC=C(C)C(C)=C1)N1C(C)=CC=C1C,0
CC1(C)C2CCC1(C)C(C2)NC(=O)C1=NN(C=C1)C1=CC=CC=C1,0
CC(C)N=C1C=CC=CN1C(=O)C1=NN(C=C1)C1=CC=C(F)C=C1,0
CCN1C=C(C(=O)N2CCC(CC2)C(N)=O)C2=CC=CC=C12,0
FC(F)(F)C1=CC=C(N=C1)N1CCC(CC1)NC(=O)C1CCCN(CC2=CC=CC=C2)C1,0
COC1CCN(CC1)C(C(=O)N1CCCCC1)C1=CC=CC=C1,0
CC(CNC(=O)C1CC(=O)NC2=CC=CC=C12)N1CCC2=C(C1)C=CS2,0
CC1=CC(OC2=C(Cl)C(=O)N(N=C2)C2=CC=C(C=N2)C(F)(F)F)=CC(C)=C1Cl,0
FC(F)(F)C1=CC=CC(CNC2=CC(=O)N3C=C(Cl)C=CC3=N2)=C1,0
COC1=CC=C(NC(=O)CN2N=NN(C2=O)C2=CC=CS2)C(OC)=C1,0
NC1=NN(C(=O)C2=CC3=C(OCO3)C(Cl)=C2)C2=CC=CC=C12,0
O=C(NC1=CC=CC=C1N1C=CC=N1)C1=NC2=CC=CC=C2C=C1,0
CC1=CC=C(C=C1)C1=CN=C(O1)C1=CC=CC=C1C(=O)NCC1CCCC1O,0
FC(F)OC1=CC=CC=C1CSC1=NN=C(O1)C1=CNC2=CC=CC=C12,0
CC1=CC=CC=C1CC1=NOC(=N1)C1(CCOCC1)C1=CC=C(Cl)C=C1,0
FC1=CC=CC=C1C(=O)N1CCN(CC1)C(=O)C1=CNC2=CC=CC=C12,0
COC1=CC=C(NC(=O)N2CCC(O)C2)C=C1CC1=CC=CC=C1,0
O=S(=O)(NCC1=CC=C(CN2CCCC2)C=C1)C1=CC=C2CCCC2=C1,0
OC1=NC2=CC=CC=C2C(=C1)C(=O)NC1=CC=CC(=C1)C#CC1=CC=CC=N1,0
FC1=CC=CC=C1CN1C(=NC2=CC=CC=C12)C1CN(C(=O)C1)C1=CC=CC=C1,0
CC1=NC2=CC=CC=C2C(CN2C=CC(=O)C3=CC(Br)=CC=C23)=C1,0
FC(F)(F)C1=CC(NC(=O)C2=CC(=NO2)C2=CC=CC=C2)=CC=C1N1C=NC=N1,0
CC1=C(C)N=C(S1)C(C)(C)NCC1=NN=NN1C1=CC=CC=C1,0
CC1CCN(CCOC2=CC=C(NC(=O)C3=CC(C)=NO3)C=C2)C1,0
CC1=CC(COC(=O)C2=NN3C(=N2)N=CC=C3C)=NO1,0
O=C(NC1CCOC2=CC=CC=C12)C1=NC=CC2=CC=CC=C12,0
COC1=C2N=C(NC(=O)C3=CC=C(C=C3)C3=CN=CO3)SC2=CC=C1,0
O=C(N1CCCC1)C1=CC=C(NCC2=CC=CC=C2C2=CC=C(CN3CCCC3)C=C2)N=C1,0
CC1=CC(F)=CC=C1C(=O)NC1=CC=CC=C1CN1CCC(O)CC1,0
CN1C(COC2=CC=CC=C2Cl)=NN=C1SCC1=NOC(C)=C1,0
CC(=O)N1CCCN(CC1)C(=O)C1=NNC(=C1)C1=CC=CC=C1,0
CC1=NC(=NO1)C1CCCN(C1)C(=O)CCC1=CC=NC=C1,0
O=C(NC1=CC=CC(=C1)C(=O)N1CCCC1)C1=CC=C2NC3=C(CCCC3)C2=C1,0
CC1=NN(C(C)=C1C(=O)N1CCN(CC(=O)NC2CC2)CC1)C1=CC=CC=C1,0
NC(=O)CC(N1C=CN=C1)C1=CC=CC(OC2=CC=CC=C2)=C1,0
O=C(CC1CCCC1)N1CCN(CC1)C1=NC=CC=C1C#N,0
NC(=O)C1CCN(CC2=CSC(=N2)C2=CC=CC=C2)CC1,0
CNC(=O)C1=CC=C(CN(C)S(=O)(=O)C2=CC=C3CCCC3=C2)C=C1,0
ClC1=CC(=CC=C1C#N)N1CCN(CC2=CC=CC=N2)CC1,0
CCOC1CCCN(C1)C(=O)C1CC(=O)NC2=CC=CC=C12,0
CC1COC(CO)CN1C(=O)C1=CC=CN=C1NC1=CC=CC(=C1)C(F)(F)F,0
CC1=C(CC(=O)N2CCCC2C2=CC=CC=C2)C2=CC=CC=C2N1,0
OC[C@H]1CCCN1C(=O)NC1=CC=CC(=C1)C1=NN=CO1,0
CCC1CN(CCO1)C(=O)C1=C(C)N(N=N1)C1=CC=C(F)C=C1,0
ClC1=CC=C(C=C1)N1C=C(N=N1)C(=O)N1CCN2CCCCC2C1,0
CCOC1=CC=C(CSC2=NN=C(O2)C2=C(C)N=C(C)S2)N=C1,0
NC(=O)C1=CC=C(C=C1)C1=NN(CC2=CC=C(OC(F)(F)F)C=C2)N=N1,0
COC1=CC=CC(CN(C)CC2=C(N=C3C=CC=CN23)C2=CC=CC=C2)=C1OC,0
O=C1N(CCC#N)N=CC2=CN(N=C12)C1=CC=CC=C1,0
O=S(=O)(N(C1CC1)C1CCCC1)C1=CC=CC=C1,0
CC1(C)N(CC2=NN(C=N2)C2=CC=CC=C2)CCNC1=O,0
CN1N=CC(Cl)=C1CNC1=NC(=NO1)C1=CC=CC=C1,0
O=C(CC1=NOC(=N1)C1(CC1)C1=CC=CC=C1)NC1CCCCC1,0
O=C(NC1=CC=CN=C1)C1=C2NC3=C(CCCC3)C2=CC=C1,0
CC1=C(N=C(CNC(=O)C2=CC=CC3=NC=CC=C23)S1)C1=CC=C(Cl)C=C1,0
Cl.FC1=CC=C(CNC2CCN(CC2)C(=O)C2=CC=NC=C2)C=C1F,0
CC(=O)N1CCC2=CC(NC(=O)C3=NN(C=C3)C3=CC=CC(Cl)=C3)=CC=C12,0
CCC1=C(C=NN1C1=CC=CC=C1)C(=O)NC1=CC=CC2=CC=CN=C12,0
O=C(CC1=CSC(=N1)C1=CC=CC=C1)NC1=C(C=CS1)C#N,0
O=C(CC1CCC=C1)NC1=CC=CC(=C1)N1C=NN=N1,0
CN1N=CC=C1C(=O)NC1=CC=CC(COCC2CCCCO2)=C1,0
FC1=CC=CC(=C1)C1(CCCCC1)C(=O)N1CCNC(=O)CC1,0
COC1=CC2=CC(C(=O)NCC3CC4=CC=CC=C4O3)=C(C)N=C2C=C1,0
CN1N=C(C)C=C1NC(=O)C1=NC2=CC(Cl)=CC=C2C=C1,0
ClC1=CC=C(C2=CSC(CC(=O)NC3=CC=CC=C3)=N2)C(Cl)=C1,0
CC1CC2=CC=CC=C2N1C(=O)C1=CN=C(CC2=CC=C(F)C=C2)S1,0
CC1=CC=C(CNC(=O)C2CCN(CC2)C(=O)CC2CC3CCC2C3)C=C1F,0
CC1=NC2=CC(F)=CC=C2C=C1C(=O)NC1=CC=C(C=C1F)C(N)=O,0
COC1=CC=C(C)C=C1NCC(=O)N1CCN(CC1)C1=CC=CC=C1,0
CN1N=C(C)C2=CC(NC(=O)C3=CC(F)=C(Cl)C=C3Cl)=CN=C12,0
ClC1=CC=CC(=C1)S(=O)(=O)CC1=CN(N=C1)C1=CC=CC=C1,0
OCCC1CCCCN1C(=O)C1=CC=C(Cl)C=C1NCC1=CC=C(C=C1)C#N,0
CN(CC1=CC=C(C)C=C1)C(=O)C1=CC=C(C=C1)N1CCCCC1=O,0
CC(N(C)C(=O)C1=CC=CC(=C1)N1C=NN=N1)C1=CC=C(F)C=C1,0
NC(=O)C1CCCN1C1CCN(CC1)C(=O)CC1=CC=C(F)C=C1,0
CCOC1=CC=C(NC(=O)C2=CC=C(C=C2)S(=O)(=O)N2CCCCC2)C=C1,0
FC1=CC=C(NC2CCN(CC2)C(=O)NCC2COC3=CC=CC=C3O2)C=C1,0
O=C(N1CCCC2=CC=CC=C12)C1=NOC(=C1)C1=CC=CC=C1,0
CC(NC(=O)C1=CC=C(O1)C1=CC=CC=C1F)C1=NN=C2C=CC=CN12,0
CC1CCC2=CC=CC=C2N1CC(=O)NC1=CC=C(C=C1)C(N)=O,0
CC1=NN(CC2=CC=CC=C2)C(C)=C1C(=O)NC(C1CC1)C1=CC=C(Cl)C=C1,0
CCOC1=CC=CC=C1C1=CC=CC(=C1)C(=O)NCC1=NC=CC(N)=N1,0
O=C(NC1CCCC1)C1=CSC(=N1)C1=CC=CC=C1,0
CC1=CC=C(C=C1F)C(=O)NC1=CC=CC(OC2=CN=CC=N2)=C1,0
COC1=CC=C(C=C1)C1=NN(C=C1C(=O)NC1=CC=C(OC)N=C1)C1=CC=CC=C1,0
CN(CCN1C(=O)CCC1=O)C1CCN(CC1)C1=CC=CC(F)=C1,0
COC(=O)C1=CC(NC(=O)C2=CC=C(N3C=NC=N3)C(F)=C2)=C(F)C=C1F,0
COC1=CC=C(CN2CCN(CC2)C2=CC=NC3=CC(Cl)=CC=C23)C=C1OC,0
BrC1=CC=C(OCC2=CC=CC=C2)C(=C1)C(=O)NCC1CC1,0
O=C(NC(CC1CCC1)C1=CC=CC=C1)N1CCN2C(CNC2=O)C1,0
CC(SC1=NC=CN1C1=CC=CC(C)=C1)C(=O)NC1=C(C)C=C(C)C=C1C,0
FC(F)OC1=CC=C(NC(=O)CN2C=NC3=NC=C(Br)C=C23)C=C1,0
COC1=CC=CC=C1C(=O)N1CCC2=C(C1)C1=CC(F)=CC=C1N2,0
CC1CCN(CC1)C(=O)C1CCCN1C(=O)C1=CC=C(Cl)C(Cl)=C1,0
COC1=CC=C(C=C1)C(=O)N1CCN(CC1)C1=NC(C)=CC=C1C#N,0
O=C(N1CCCCC2=CC=CC=C12)C1=CC2=CC=CN=C2C=C1,0
OC1CCCN(C1)C(=O)C1=CC=C2NC3=C(CCCC3)C2=C1,0
CC(C)N1CCN(CC1)C1=CC=C(C=C1)C(=O)NC1CCN(CC1)C1CC1,0
FC1=CC=C(Br)C(NC(=O)C2=CC3=CC=CN=C3C=C2)=C1,0
FC1=CC=C(C=C1)C1=CSC(CCN2CCCC2=O)=N1,0
CC1=NC(C)=C(S1)C(=O)NC1=CC=CC=C1CN1CCC(O)CC1,0
NC(=O)CC1CCCCN1C1=CC=NC(CC2=CC=CC=C2)=N1,0
COC1=CC=C(NC(=O)C2CCN(CC2)S(=O)(=O)C2=CC=C(F)C(F)=C2)C=C1Cl,0
CC(C)CC1=NC(CNC2=CC=C3OC(=O)N(C)C3=C2)=NO1,0
CC(C)C1=CC=C(C=C1)S(=O)(=O)N1CCN(CC2=CC=CC=C2)CC1,0
O=C(NCC1=CC=NC(=C1)N1CCCC1)C1=CC=C2NC=NC2=C1,0
CCN(CC1=CC=C2OCOC2=C1)C(=O)C1=CC=C(C)C(C)=C1,0
COC1=CC=C(C=N1)N(C)C(=O)C1=C(C=CS1)C1CC1,0
FC1=CC=CC(NC(=O)NCCNC2=NN=NN2C2=CC=CC=C2)=C1,0
O=C(CN1C(=O)OC2=CC=CC=C12)N1CCCC1CC1=CC=CC=C1,0
CCC1=CC=C(C=C1)C(=O)N1CCN(CC1)C1CCCC1O,0
COC1=CC(=CC=C1OCC1=CC=CC=C1Cl)C(=O)N1CCCCC1,0
CC(C)CN1CCC(CC1)NC(=O)N1CCC2=C(C1)C1=CC(F)=CC=C1N2,0
COC1=CC=C2N(C3CC3)C(C)=C(C(=O)N[C@H]3C[C@@H](CO)C=C3)C2=C1,0
CC1=CC=C(OC2=C3C=CC=CC3=C(N=N2)C2=CC=C(F)C=C2)C=C1C,0
O=C(NC(CC1=CC=CC=C1)C(=O)N1CCC2=C(C1)C=CS2)C1=CC=CC=C1,0
CN1C=C(NC(=O)C2=CC=C3NC4=C(CCCC4)C3=C2)C=CC1=O,0
COC1=CC=C2NC=C(C2=C1)C1=CCN(CC1)C1=CC=NC=C1C(N)=O,0
CN1C(=NC2=C1C(=O)N(C)C(=O)N2C)N1CCNCC1,0
CCC1OC2=CC(=CC=C2NC1=O)C(C)NCC1=NOC(C)=C1,0
CC(=O)NC1=CC=C(C=C1)S(=O)(=O)N1CCN(CC1)C1=CC=CC=C1F,0
CC1=NC(CNC(=O)C2=CN(CC3=CC=CC=C3)C3=CC=CC=C23)=CS1,0
COC(=O)C1=CC=C(NC(=O)C2=CC(=NO2)C2=CC=CC(F)=C2)C=C1,0
NC(=O)C1CCN(CC1)C(=O)C1(CCCC1)C1=CC=C2OCCOC2=C1,0
CC1=NOC(NC(=O)CSC2=NN=C(C)N2C2=CC=C(C)C=C2)=C1,0
CN1N=CC2=C(NCCC3=CC=CC=C3)N=CN=C12,0
CC1=NN(CC2=CC=C(C)C=C2)C(C)=C1C(=O)NC1=CC=CC(=C1)C(F)(F)F,0
CC1CN(CCN1CCO)C(=O)C1=CC2=CC=C(Cl)C=C2N1,0
CC(=O)NC1=CC=CC(NC(=O)C2=CC=C3CCCCC3=C2)=C1,0
CC1=C(Cl)C=CC=C1NC(=O)C1=CN(N=C1)C1=CC=CC=C1,0
NC(=O)CCN(C1=CC=CC=C1)S(=O)(=O)C1=CC(Cl)=CC(Cl)=C1,0
FC1=CC=C(C=C1)N1C=CC(=N1)C(=O)NC1CCC2=NC=CN2C1,0
NC(=O)C1=CC=CN=C1N1CCN(CC1)C1=CC=CC(Cl)=C1,0
FC(F)CN1CCCN(CC1)C(=O)C1=CC=C(S1)C1=CC=C(F)C=C1,0
COC1=CC=CC=C1NC(=O)N1CCCC(CN2CCC(C)CC2)C1,0
COC1=CC=C(CNC2=CC=CC(CN3CCC(O)CC3)=C2)C=C1,0
CN1N=CC(Br)=C1CNC1CCN(C1=O)C1=CC=C(Cl)C(F)=C1,0
CC1=CC=C(O1)C1=NC(C)=C(S1)C(=O)NCC1CC2=CC=CC=C2O1,0
O=C(CCN1C(=O)OC2=CC=CC=C12)N1CCN(CC1)C1=NC=CC=N1,0
COC1=CC=CC=C1NC(=O)CN1CCN(CC1)S(=O)(=O)C1=CC=C(C)C=C1,0
CC1=CC=CC=C1CN1CCN(CC1)C(=O)CC1=CC=C2CCCC2=C1,0
O=C(OCC1=NOC(=C1)C1=CC=CS1)C1=CC(=O)C2=CC=CC=C2O1,0
OC1=CC=C(C=N1)C(=O)NC1=NC(=NS1)C1=CC=CC=C1,0
CC1=C2SC(NC(=O)C3=CC=C(C=C3)S(C)(=O)=O)=NC2=C(C)C=C1,0
CS(=O)(=O)NC1=CC=C2NC(=NC2=C1)C1=CC=CS1,0
O=C(NC1=CC=CC=C1N1C=CN=N1)C1=CC=C(CN2C=CN=C2)C=C1,0
FC1=CC=C(NC(=O)CN2CCC(CC2)N2C(=O)NC3=CC=CC=C23)C(F)=C1,0
FC1=CC2=CC(=CN=C2C=C1)C(=O)NC1=CC=NN1C1=CC=NC=C1,0
CC(NS(=O)(=O)C1=CC=C(C=C1)C1=CC=CC=C1)C1CC1,0
CCOC1=CC=C(C=C1)C1=NC(=CS1)C(=O)NC1CCOCC1,0
OCCN1N=CC2=C(NCCC3=CC=C(C=C3)N3C=CC=N3)N=CN=C12,0
C1CN(CCN1C1=CN=CC=N1)C1=C2C=CSC2=NC=N1,0
OC1=CC=CC=C1N1CCN(CCN2CCCC2=O)CC1,0
CC(CS(=O)(=O)NC1=C(C)N(C)N(C1=O)C1=CC=CC=C1)C1=CC=CC=C1,0
O=C(NC1=CC=C(CC2=NC3=CC=CC=C3S2)C=C1)C1=CC=CN=C1,0
CC(=O)NC1=CC=CC=C1CN1CCC(CC1)NC1=CC=CC=C1,0
CC(C)CN1CCC(CC1)NC(=O)N1CCC2=C(C1)C1=CC(Cl)=CC=C1N2,0
CC1CN(CC(C)O1)C(=O)CC1=C(C)N(N=C1C)C1=CC=CC=C1,0
NC(=O)C1=CC=C(CN(C2CC2)S(=O)(=O)C2=CC=C3CCCC3=C2)C=C1,0
COC1=CC=C(OC2=CC=C(CNC3CCC(=O)NC3)C=C2)C=C1,0
COC1=CC=CC=C1N1C(=O)CC(N(C)CC2=CC=C(Br)C=C2)C1=O,0
COC1=CC=CC=C1N1CCN(CC1)C(=O)C1=CC=CC=C1C(F)(F)F,0
CCN1CCN(CC1)C1=CC=C(NC(=O)C2=CC=C(C)C=C2)C(C)=C1,0
COC1=CC=C(NC(=O)N2CCCC3CN(C)CCC23)C=C1,0
COC1=CC=C(C=C1)C(CNC(=O)C1=NC2=CC=CC=C2C=C1)N1CCCC1,0
CCC1=NN=C(O1)C1=CC=C(NC(=O)N2CCC(CO)CC2)C=C1,0
CCOC1=CC=CC=C1N1CCN(CC1)C(=O)C1=C(Cl)C2=CC=CC=C2N1,0
FC(F)(F)C1=CC=CC=C1C1=CSC(NC(=O)C2=C(N=CS2)C2CC2)=N1,0
CC1=NOC(CS(=O)CC2=CN3C=C(Cl)C=C(Cl)C3=N2)=C1,0
CC(C)N(CC1=CSC(CC(=O)NC2=CC=CC=C2C)=N1)CC1=CC=CC=C1,0
CC(=O)N1CCC2=CC(=CC=C12)C(=O)NC(C1CC1)C1CC1,0
CC(NC(=O)C1=CN(N=N1)C1=CC=CC(Br)=C1)C1=CC=CC=C1F,0
O=C(N1CCCC2=CC=CC=C12)C1=CN=C(S1)C1=CSC=C1,0
O=C(NC1CCCN(CC2=CC=CC=C2)C1)C1=CC=C(C=C1)C#N,0
CN1C2=C(N(CCC(=O)N3CCC4=C(C3)C=CS4)C=N2)C(=O)N(C)C1=O,0
CC1=NOC(=N1)C1=CC=C(C=C1)C(=O)NC1=CC=C2OCC(=O)NC2=C1,0
ClC1=CC=C2NC(=CC2=C1)C(=O)N1CCN(CC(=O)N2CCCC2)CC1,0
CC(N1CCN(CC1)C1=CC=CC=N1)C(=O)NC1CCC(C)CC1,0
CC1=CC=C(Cl)C=C1N1CCN(CC1)C(=O)C1=CC=CN=C1N1CCCCC1,0
CN(C(=O)C1=CC(=CN1C)C#N)C1=CC=C(N=N1)C1=CC=CC=C1,0
ClC1=CC=C(C(=O)N2CCCC2C2=CC=C3OCCOC3=C2)C(Cl)=C1,0
CCC1=NC=CN1CC1=COC(=N1)C1=C(F)C=CC=C1F,0
CC1=CC=C(C=C1C(=O)NC1=CC=CC2=CC=CN=C12)S(=O)(=O)NC1CC1,0
CCC1=CC=C2N=C(CC(=O)C3=CC=C(C)S3)NC(=O)C2=C1,0
C(N1CCCCCC1C1CCCCC1)C1=NN=C2CCCCN12,0
CCC1=NC=CN1CC1=COC(=N1)C1=CC=C(C=C1)[N+]([O-])=O,0
COC1=CC=C(C=C1)C1CCCCCN1C(=O)C1=CC=C2NC(=O)COC2=C1,0
C(C1CCCN1CC1=NC2=CC=CC=C2S1)N1C=NC=N1,0
ClC1=CC=CC(CN2C(CN3CCOCC3)=NC3=CC=CC=C23)=C1,0
CCN1C(=O)NC(C1=O)(C1=CC=CC=C1)C1=CC=CC=C1,0
FC1=CC=C(CNC(=O)C2=CN(CC3=CC=CC=C3)N=N2)C=C1,0
CC1=CC(Br)=CC=C1NC(=O)CC1=CN2C=CSC2=N1,0
COC1=CC=C(Cl)C=C1N1CCC(C1)N1C(=O)[C@H]2[C@H]3C[C@H](C=C3)[C@H]2C1=O,0
CC1=C(SC(COC2=CC=C(Cl)C=C2)=N1)C(=O)NCC1=CC=C(F)C=C1,0
CC1=CC=C(NC(=O)C2CCCN2C2=NC=NC3=CC=CC=C23)C(C)=C1,0
CCN1C(=O)N(CC2=C(F)C=CC=C2Cl)C2=CC=CC=C12,0
COCC1=CC=C(C=C1)C(=O)NC(C)C1=NN=C2C=CC=CN12,0
CC(NC(=O)C1=CC=CC=C1Cl)C1=NN=C2C=CC=CN12,0
CC(N(CC1=NN=NN1C1=CC=CC=C1)CC1=CC=CC=C1)C1=CC=CC(NC(C)=O)=C1,0
CC1=CC=CC=C1CC(=O)NC1CCCC2=CC=CC=C12,0
FC(F)(F)C1=CC=C(CN(C2CC2)C(=O)CN2C(=O)COC3=CC=C(Cl)C=C23)C=C1,0
O=C(NC1=CC=CC=C1CN1CCNC1=O)N1CCCC2CCCC12,0
O=C(NC1=CC=C(N=C1)N1CCCCC1)C1=CC=C(C=C1)C#N,0
CN1C2=C(N(CC3=CC(C)=CC=C3)C(=N2)N2CCN(CC2)C2=CC=CC=C2)C(=O)NC1=O,0
CC(=O)N1CCCC(C1)C(=O)N1CCN(CC1)C1=CC=C(C=N1)C#N,0
COC1=CC2=C(CN(CC2)C(=O)NCCN2CCC3=CC=CC=C3C2)C=C1OC,0
CC1=CN2C(=O)C=C(CNC3=CC=C(Br)C=C3F)N=C2C=C1,0
O=S(=O)(NCC1=NC=CN1CC1=CC=CC=C1)C1=CC=CC=N1,0
CC1=CC=CC(NC(=O)C2=CC=C(C)C(=C2)S(=O)(=O)N2CCCCC2)=N1,0
CC1=NC2=CC(F)=CC=C2C(=C1)C(=O)NC1=CC=C(Cl)C=N1,0
COC1=CC=C(OC)C(=C1)C1CCCN1C(=O)C1=CC=C(Cl)C=C1Cl,0
CCNC(=O)C1=CC=CC(CNC(=O)C2=CC=C(N3N=C(C)C=C3C)C(F)=C2)=C1,0
ClC1=CC=CC=C1C1=NN=C(CN2N=C3C=NC=CN3C2=O)O1,0
CCNC(=O)C1=CC(NC(=O)C2CC=CC2)=NC2=CC=CC=C12,0
CC(NC1=CC=C(NC(=O)C2=CC=CN=C2)C=C1Cl)C1=CC=CC=C1,0
FC1=CC=C(C=C1)C(N1CCN(CC1)C(=O)NCC1CC1)C1=CC=C(F)C=C1,0
O=C(CC1=CNC2=CC=CC=C12)N1CCC2=CC=CC=C2C1,0
CC1=CC(Cl)=CC=C1NC(=O)C1CCCC2=CC=CC=C12,0
CC1=NN(C(NC(=O)CSC2=NC=CN2C2=CC=CC=C2)=C1)C1=CC=C(F)C=C1,0
CC1=C(C=NN1C1=CC=C(F)C=C1)C(=O)NCC1=CC=C(O1)C(O)=O,0
COC(=O)C1=CC(=CC=C1SC1=NN=C(NCC2=CC=C(F)C=C2)S1)[N+]([O-])=O,0
CN(C)C(=O)C1=CC=CC(NCC2=NC=C(O2)C2=CC=CC(Cl)=C2)=C1,0
CN(C(=O)CC1=NN(C)C=C1)C1=NC2=CC=CC=C2N1C,0
O=C(NC1=NC(CN2CCCC2)=CS1)C1=CC=C(OC2=CC=CC=C2)C=C1,0
NC(=O)C1=CSC(=C1)C(=O)N1CCCC2(C1)CCCCCC2,0
Cl.CC1=C(C=NN1C1=CC=C(F)C=C1)C1=NC2=CC=CC=C2C(C)=C1,0
CC1=C(CN2CCOC3=CC=CC=C23)N=C(O1)C1=CC=CS1,0
CN(CC1CCS(=O)(=O)C1)C1=NC=CC=C1C1=NC(C)=NO1,0
CC(=O)NC1=CC=C(C)C(=C1)C(=O)N1CC2=CN=NN2CC2=CC=CC=C12,0
CC1=CC=C(C=C1NCC1=NC=C(O1)C1=CC=CC=C1C)C(N)=O,0
COC1=CC=C(OC)C(=C1)C1=CSC(NC(=O)C2=CC=CC=N2)=N1,0
O=C(CN1CCC(CC1)C(=O)N1CCCCCC1)N1CCC2=CC=CC=C12,0
COC(=O)CC1=CC=CC=C1NC(=O)C1=CC=C(N=C1)N1N=C(C)C=C1C,0
O=C(NCC1=CC=CC=C1)C1CCN(CC1)C(=O)C1=NNC2=CC=CC=C12,0
CC(NC(=O)C1=CC=C(N=C1)N1CCCCCC1)C1=CC=C(F)C=C1,0
COC1=CC=CC=C1N1CCN(CC1)C(=O)C1=CC(Cl)=CN1C,0
CCN(C(=O)C1=CC(O)=NC2=CC=CC=C12)C1=NC2=C(C)C=CC=C2S1,0
FC1=CC=C(N2C=C(CNC(=O)C3=CC=CN=C3N3CCCCC3)C=N2)C(F)=C1,0
CN(C)C(=O)CN1CCN(CC1)C(=O)C1=NN(C(=N1)C1=CC=CC=C1)C1=CC=CC=C1,0
CC(C)CN1N=CC(C(=O)NC2COC3=CC=C(C)C=C23)=C1C(F)F,0
CC1=CC=C(OCC(=O)N2CCC(=CC2)C2=CNC3=CC=CC=C23)C(Br)=C1,0
FC1=CC=C(C=C1)C(=O)NC1CCN(CC2=CC=C(Cl)C3=CC=CN=C23)CC1,0
CC1=CC=C(C(Br)=C1)S(=O)(=O)NCCC1=NN=C(O1)C1=CC=CC=C1,0
COC1=CC=C(CC(=O)NC2=NC(=CS2)C2=CC=CC=N2)C(OC)=C1,0
CC(=O)NC1=CC=C(NC(=O)C2=CC=C(S2)C2=CC=C(F)C=C2)C=C1,0
CC1=CC=CC=C1CC(=O)NC1=CC=CC(CN2CCCCC2)=C1,0
CC1=C(SC(NC(=O)C2=NN3C(=N2)N=C(C)C=C3C)=N1)C1=CC=CC=C1,0
CCN1C=C(C(O)=O)C(=O)C2=CC(F)=C(C=C12)N1CCN(CC1)C(C)=O,0
C(N(C1CC1)C1CCCCC1)C1=CC=C(C=C1)N1C=CC=N1,0
CC1=NC(CC2=NN=C(O2)SC2=CC(C)=NC(C)=C2C#N)=CS1,0
O=C(NCC1CC2=CC=CC=C2O1)N1CCC(CC2=CC=CC=C2)CC1,0
CS(=O)(=O)C1=CC=C(C=C1)C(=O)NC1CCC(CC1)C1=CC=CC=C1,0
OC1(CC2=CC=C(F)C=C2F)CC2CCC(C1)N2S(=O)(=O)C1=CC=C(Cl)C=C1,0
FC1=CC=C(C=C1)C(=O)N1CCCC(C1)C1=NC2=CC=CC=C2N1,0
O=C(CC(C1=CC=CC=C1)C1=CC=CC=C1)N1CCC(CC1)C(=O)N1CCCCCC1,0
O=C(NC1=CC=C(C=C1)C(=O)N1CCC(C1)NC1=CC=CC=C1)C1CC1,0
CS(=O)(=O)NC1=CC=CC=C1C(=O)OCC1=NN=C(O1)C1=CC=CC=C1,0
O=C(NC1CCN(CC2CCCC2)C1)C1CCCOC1,0
CC(=O)NC1=CC=C(C=C1)S(=O)(=O)NC1(CCC1)C1=CC=CC=C1,0
O=C(NCC1CC1)C1=CN(CC2=CC=CC=C2)C2=CC=CC=C12,0
FC1=CC=CC=C1CC(=O)NC1CCN(C1)C1CC1,0
CC(NC1=NC2=CC=CC=C2S1)C1=CC(F)=CC=C1N1CCC(O)CC1,0
CC1=CC(=NC=N1)N1CCN(CC1)C1=NC=CC=C1F,0
COC1=CC=CC=C1C1=CN=C(CN2C=CC(=N2)C(F)(F)F)O1,0
CC1=CC=CC=C1C1=NN=C(O1)SCC1=CC(Cl)=CC2=C1OCOC2,0
CC1=CC=C2CCN(CC3=CN(N=C3)C3CCS(=O)(=O)C3)C2=C1,0
COC1=CC=CC=C1C(CNC(=O)C1CCN(CC1)C(=O)C1CC1)N1CCCC1,0
CS(=O)(=O)C1=CC=C(CNC(=O)N2CCC(CC2)C2=CC=CC=C2)C=C1,0
CCN1CCN(CC1)C(=O)C12CC3CC(CC(CC4=CC=CC=C4)(C3)C1)C2,0
O=C(NC1CCCN(CC2=CC=CC=C2)C1)C1CC1,0
COC1=CC=C(NC(=O)N2CCC(=CC2)C2=CNC3=CC=CC=C23)C=C1,0
[O-][N+](=O)C1=NC=CC=C1OCC1=CSC(COC2=CC=C(Cl)C=C2)=N1,0
O=C(N1CCN(CC1)S(=O)(=O)C1=CC=CC=C1)C12CC3CC(CC(C3)C1)C2,0
COC1=CC=C(NC(=O)CC2=COC3=CC=C(C=C23)C(C)C)C=C1Cl,0
O=S(=O)(NC1CCCCCC1)C1=CC=C2CCCC2=C1,0
COC1=CC=CC=C1CC1=NC(=NO1)C1=CC=C(C=C1)S(C)(=O)=O,0
COC1=CC=CC=C1C(C)N(C)C(=O)C1=CC=C(C=C1)N1C(C)=NC2=CC=CC=C2C1=O,0
COC(=O)C1=CC(F)=CC=C1CSC1=NN=C(N1C)C1=CC=CC=C1Cl,0
C(C1CCCC1)N1CCC(CC1)NC1=C2C=NN(C2=NC=N1)C1=CC=CC=C1,0
CC1=CC=C(OCC2=CC=C(O2)C(=O)NC2(CC2)C(O)=O)C=C1,0
COC1=CC=C(NC(=O)C2=CSC(=N2)C2=CC=CC=C2F)C(C)=N1,0
COCC1CN(CCO1)C(=O)NC1=CC=CC=C1C1=CC=CC=C1,0
ClC1=CC2=NC=CC(N3CCC(CC3)N3C=NC=N3)=C2C=C1,0
CC1=CN=C(C=N1)C(=O)NC1=NC=C(CC2=CC(=CC=C2Cl)C(F)(F)F)S1,0
CC1CC2=CC=CC=C2N1C(=O)C1=CC2=CC(Cl)=CC=C2N1,0
COC1(C)CC(N(C)C(=O)C2=CC3=CC=CC=C3O2)C1(C)C,0
N#CC1=CC=C(CN2CCC(CC2)C2=CNC3=CC=CC=C23)C=C1,0
COC1=CC=CC=C1CN1CCC(CC1)NC(=O)CC1CC2CCC1C2,0
O=C(NC1CCN(CC2=CC=CC=C2)CC1)C1=CC2=CC=CC=C2O1,0
CC1=CC=CC=C1N1CC(CC1=O)C1=NC2=CC=CC=C2N1CC1=CC=CC=C1Cl,0
FC1=CC=C2C(CCC2=C1)NC(=O)C1=CC=NC(=C1)N1C=NC=N1,0
CN1CCCC1C1CCCN1C(=O)C1=CC2=CC=C(C)C=C2N1,0
CC1=CC=CC=C1CN1CCC(CC1)NC(=O)C1=CC2=CC=CC=C2N1,0
N#CC1=CC=CN=C1N1CCN(CC2=CC=CC=C2)CC1,0
FC1=CC=C(NC(=O)CN2CCN(CC2)C(=O)C2=NNC3=CC=CC=C23)C=C1,0
CC1=CC=C(C=C1)C(=O)N1CCCC(C1)C(=O)N1CCC(CC1)C1=NC2=CC=CC=C2N1,0
CC(C)CN1N=CC(NC2=NN3N=NN=C3C=C2)=C1C(C)C,0
COC1=CC=C(CN2CCN(CC2)C(=O)C2=CC=C(C=C2)C(F)(F)F)C=C1,0
CCN1C=C(C#N)C(=O)N(CC2=CSC(=N2)C2=NC=CC=N2)C1=O,0
O=C(C(N1CCC(CC1)N1C(=O)NC2=CC=CC=C12)C1=CC=CC=C1)N1CCCCC1,0
CC1=CC(C)=C(C)C(=C1C)S(=O)(=O)N1CCN(CC1)C(=O)C1CC1,0
CCC1=CC2=C(N=CN=C2S1)N1CCN(CC1)C(=O)C1CC1,0
CC(NC(=O)C1=CC=C2NC(=O)COC2=C1)C1CC2CCC1C2,0
COC1=CC=C2NC=C(C2=C1)C1=CCN(CC2=NC=CN2CC(F)(F)F)CC1,0
CC(=O)N(C1=NC(CN2CCC3=CC=CC=C23)=CS1)C1=CC=CC=C1F,0
CCC1=CC=C(NC(=O)NC2CCN(CC2)C2CCN(C)CC2)C=C1F,0
NC(=O)COC1=CC=CC(CNC(=O)C2=NN(C3=C2CCC3)C2=CC=CC=C2)=C1,0
O=C(N1CCCCCC1)C1=CC=C(CN2CCC3=CC=CC=C23)C=C1,0
COC1=CC=C(C)C=C1N1C=CC(=N1)C(=O)NC1=CN=C(N=C1)C1CC1,0
COC1=CC=CC(CC2CCN(CC2)C2CCC(CC2)NC(C)=O)=C1,0
CC(N1CCC(CC1)N1CCNC1=O)C1=CC=C(F)C(Cl)=C1,0
NC(=O)CN1CCC(CC1)NC(=O)CC1=CC=C2CCCCC2=C1,0
CC1=CC(=CN(CC2=NC(=NN2)C2=CC=CS2)C1=O)[N+]([O-])=O,0
CC1=CC=CC(C(=O)N[C@@H]2[C@H](O)CC3=CC=CC=C23)=C1O,0
CS(=O)(=O)C1=CC=C(C=C1)C(=O)N1CCC2=C(C1)C1=CC(F)=CC=C1N2,0
CC(=O)N1CCCN(CC1)C(=O)CCN1N=NC2=CC=CC=C2C1=O,0
CCN1C=CC2=CC(NC(=O)NC3=CC=CN=C3)=CC=C12,0
CCN1C=C(NC(=O)C2=CC=C(O2)C2=CC=CC(=C2)C(F)(F)F)C=N1,0
COC1=CC2=C(CN(CC2)C(=O)NC(C)C2CCCO2)C=C1OC,0
ClC1=CN=CC=C1C(=O)NC1=NC(=NS1)C1=CC=NC=C1,0
COC1=CC=C2N=C(NC(=O)C3CC3C3=CN(C)N=C3)SC2=C1,0
CN(C)C1=CC=CC(=C1)C(=O)N1CCC(CC1)NC(=O)C1=CC=CC=C1,0
O=C(NC1=NN=C(S1)C1=CC=CC=N1)C1CCCCC1,0
ClC1=CC=C(CC(=O)N2CCN(CC2)C(=O)C2CC2)C=C1Cl,0
CN(C)C1=CC=C(C=C1)C(=O)N1CCC(CC1)OC1=CC=CC=C1,0
CCOC1=CC=C(C=C1)C(C)NC(=O)C1=CC=C(CN2CCCCC2)C=C1,0
N#CC1=CC=CC=C1COC1=CN=C(N=C1)C1=CC=CC=C1,0
O=C(NC1=CC=CC=C1N1CCC2=C(C1)C=CS2)C1CC(=O)NC2=CC=CC=C12,0
NC(=O)C1=CC=CC=C1NCC1=CC=CC(=C1)C(=O)N1CCCCC1,0
CCOC1=CC=C(NC(=O)C2=C(C)N=C(S2)C2=CC=CC=N2)C=C1,0
CN(CC(O)C1CC1)C1=NN=C(S1)C1=CC=CC=N1,0
ClC1=CC=C2N=C(NC2=C1)SCC1=NC(CC2=CC=CC=C2)=NO1,0
CC1=CC=C(C=C1C)S(=O)(=O)N1CCN(CC1)C(=O)CC12CC3CC(CC(O)(C3)C1)C2,0
ClC1=CC=C(C=C1Cl)C(=O)N1CCCC1C(=O)N1CCCCCC1,0
COC1=CC=C(C=C1)C1CCCN1C(=O)CC1=CNC2=CC=CC=C12,0
O=C(N1CCCC1)C1=CC2=CC=CC=C2N1CC1=CC=CC=C1,0
OC1CCN(C1)C(=O)NC1=CN(N=C1)C1=CC=C(C=C1)C(F)(F)F,0
CC1=C(CN2CCSC3=CC=CC=C23)N=C(O1)C1=CC=CS1,0
O=C(NC1=CC=CC=C1OCC1CC1)C1CCC(=O)N1,0
CC(C)N1CCN(CC1)C1=CC=C(C=C1)C(=O)N1CCN(C)CC1C1=CC=CC=C1,0
CC1=NC2=C(C(=NN2C(NCC2CCCO2)=C1)C(F)(F)F)C1=CC=CC=C1Cl,0
ClC1=CC=C(NC(=O)CN2C(=O)COC3=CC=CC=C23)C=C1Cl,0
CC1=CN2CC(CCC2=N1)NC(=O)C1=C(Cl)C2=CC=CC=C2S1,0
CC(C)C1=NOC(NC(C)C2=NOC(CC3=CC=CC=C3)=N2)=N1,0
FC(F)(F)OC1=CC=C(CN2CCNC(=O)C2)C=C1,0
CN1N=C(C)C(CNC2=C(C)N(N=C2)C2=CC=CC=C2F)=C1C,0
OC1CN(C1)C(=O)C1CCCN1C(=O)C12CC3CC(CC(C3)C1)C2,0
COC1=CC=CC(=C1)N1CCN(CCC2CCCCO2)CC1,0
CN(C)C1=CC=CC(=C1)C(=O)NC1CCN(CC1)C1=CC=CC=C1C#N,0
CCOC(=O)C1=CN=C2N(C)N=CC2=C1NCC1=NC=CS1,0
CC1=CC(=O)N2N=C(SC2=N1)N1CCN(CC(=O)NCC2=CC=CC=C2)CC1,0
FC1=CC=C(C=C1)C(=O)NC1=CC=CC(=C1)N1CCCCC1=O,0
O=C1NC2=CC=CC=C2N1C1CCN(CCC2=CC=CC=N2)CC1,0
CCN1CCN(CC1)C1=NC2=CC=CC=C2C(=C1)C(=O)NC1CC1,0
FC1=CC=C(NC(=O)CN2CCC(CC2)C(=O)N2CCCC2)C=C1,0
COC1=CC=C(NC(=O)N(C2CC2)C2CCCCC2)C=C1C,0
CC(C)COC1=CC=C(NC(=O)C2=C3N=CC=CN3N=C2)C=C1Cl,0
FC(F)C1=NC2=CC=CC=C2C(=N1)N1CCN(CC2CCCO2)CC1,0
CCC1CCC(O1)C(=O)NCC1=CC(=NC2=CC=CC=C12)N(C)C,0
ClC1=CC=CC(CNC(=O)C2CCN(CC2)C(=O)CCC2=CC=CC=C2)=C1,0
CC1=CC=C(CCC(=O)N2CCCC2C(=O)NC2CC2)C=C1Cl,0
COC1=CC=CC(C2=NN=C(NCC3=CC=CC=C3F)O2)=C1OC,0
FC(F)(F)C1=CC=CC(=C1)S(=O)(=O)N1CCN(CC2=CC=CC=C2)CC1,0
OC(=O)C1CC2=C(NC3=CC=CC=C23)C(N1)C1=CC=CC=C1,0
C1CCN(C1)C1=NC2=CC=CC=C2C(=N1)N1CCCCC1,0
CN(C)C1=CC(C)=C(NC(=O)C2=CC=CC(=C2)C2=COC=C2)C(C)=C1,0
CC1=CC=C(NC(=O)CC2=CC=C(F)C=C2)C=C1S(=O)(=O)N1CCCCC1,0
COC1=CC=C(C=C1)C(NC(=O)C1CCN(CC1)C(=O)C(C)C)C1=CC=CC=C1,0
CC(NCC1=CN=C(N=C1)N1CCOCC1)C1=CC=C(Cl)C=C1,0
CCC1=C(N2CCC(CC2)NC(C)=O)C2=CC=CC=C2N=C1C,0
COC1=CC=C(C(=O)N2CCC(CC2)C(=O)N2CCCC2)C(OC)=C1,0
CN1C=CC(NC(=O)C2=C(C)N(N=C2)C2=CC=CC(C)=C2)=N1,0
O=C(N1CC2CCC1C2)C1=CC=C(OCC2CC2)N=C1,0
CC1=C(SC2=NC=NC(N3CCC(O)CC3)=C12)C1=CC=CC=C1,0
OC1=NC=CC=C1C(=O)N1CCC2=C(C1)C1=CC(Cl)=CC=C1N2,0
FC1=CC(F)=C2CCCN(C(=O)CCN3C(=O)CCC3=O)C2=C1,0
CC1=CC=CC=C1C(=O)N1CCC(CC1)C(=O)NC(C1CC1)C1=CC=CC=C1,0
CN(C)CC1=CC=C(CNC(=O)C2=C3CCCC3=NC3=CC=CC=C23)C=C1,0
CCN1C(=NC2=C1C(=O)NC(=O)N2CC1=CC=CC=C1)C1=CC=C(NC(C)=O)C=C1,0
FC1=CC=C2NC(=CC2=C1)C(=O)N1CCC(CC1)C(=O)N1CCC2=CC=CC=C2C1,0
CNC(=O)CN1CCC(CN(C)C2=NOC(=N2)C2=CC=CC=C2)CC1,0
COC(=O)C1=CC=C(NC(=O)C2=CC=C3NC4=C(CCCC4)C3=C2)C=C1,0
CN1C=C(C=N1)C1=CSC(NC(=O)C2=C(F)C=C(C)C(F)=C2)=N1,0
CC1=CC(=NN1C1=CC=CC=C1)C(=O)NC1=CC=CC=C1C(F)(F)F,0
CCC1=C(N=NN1C1=CC=CC(Cl)=C1)C(=O)NCC1CC2=CC=CC=C12,0
FC(F)(F)C1=CC=CC=C1C(=O)NCC1=NC(=NO1)C1=CC=CN=C1,0
OCC1CCN(CC1)C(=O)NC1=NC(CC2=CC=CC=C2)=CS1,0
FC(F)(F)C1=CC=NC(NC2CC3CC2C2CCCC32)=N1,0
O=C(CC1N(CCC2=CC=CC=C12)S(=O)(=O)C1=CC=CC=C1)NC1=CC=CN=C1,0
CCC1=CC=CC(C)=C1NC(=O)C1=NN(C=C1)C1=CC=C(F)C=C1,0
CC(C)CCN1CCN(CC2=NC(=NO2)C2=CC=CC(C)=C2)CC1,0
CC1=C(OC2=C(Cl)C=CC=C12)C(=O)NC1=CC=CC=C1C,0
CC1=NN(C(C)=C1)C1=CC=C(NC(=O)C2=CC=CC(Cl)=C2)C=N1,0
C=CCN1C=C(C(=O)N2CCCC3CCCCC23)C2=CC=CC=C12,0
FC(F)(F)C1=CC=C2N=C(NC2=C1)SCC1=NN=C(O1)C1=CC=CC=C1Cl,0
COC1=CC=C(CNC(=O)C2=CC=C3NC4=C(CCCC4)C3=C2)C=N1,0
CCOC1=CC=C(C=C1)C(=O)N1CCN(CC1)C1=CC=CC=C1OC,0
FC(F)(F)C1=CC=NC(=C1)N1CCN(CC1)C(=O)C1COC2=CC=CC=C2O1,0
CC(NC(=O)C1=CC=CC(=C1)S(=O)(=O)N1CCCC1)C1CC2CCC1C2,0
O=C(CCC1=NC(=NO1)C1CC1)N(C1CC1)C1CCC2=CC=CC=C12,0
CS(=O)(=O)N1CCC(CC1)N1CCC(CCC2=CC=CC=C2)CC1,0
CN1C=C(C=N1)C1CCCN1C(=O)C1=CC=C(O1)C1=CC=C(F)C=C1,0
O=C(NCC1(CC1)C1=CC=CC=C1)C1=CC=C2CCCC2=C1,0
CC1=C(OC2=CC=CC=C12)C(=O)N1CCN(CC1)S(=O)(=O)C1=CC=CC=C1,0
ClC1=CC=CC(=C1)C(=O)N1CCN(CC1)C(=O)C1CC2=CC=CC=C2O1,0
CN1N=NC=C1CNC1=NC=C(CC2=CC=C(F)C(F)=C2)S1,0
O=C(NC1=CC=CC(=C1)C1=NN=CO1)C1=CC=C(CN2C=CC=N2)C=C1,0
CC(NC(=O)C1=CC=C(CN2C(=O)CCC2=O)C=C1)C1CC2CCC1C2,0
OC1CCN(CCN2C(=O)OC3=CC=CC=C23)CC1,0
CC1=CC=C(O1)C1=NN(C=C1C(=O)NCC1=CC=CC=C1)C1=CC=CC=C1,0
ClC1=CC=C(C=C1)C1=CC=C(C=C1)S(=O)(=O)N1CCCC1,0
CC(C)C1=CC=C(C=C1)C(=O)N1CCN(CC1)C(=O)C1=CC=C(Cl)C=C1,0
CN(C(=O)C1=NC2=CC=CC=C2C=C1)C1=NC2=CC=CC=C2S1,0
CN(CC1=C(Cl)SN=N1)CC1=NC2=CC=CC=C2C(=O)N1,0
CCN1C=C(NC(=O)C2=NN(C=C2OC)C2=CC=CC=C2)C=CC1=O,0
O=C(N1CCN(CC1)C1=NC=CC=N1)C1=CC=C(CN2CCCC2=O)C=C1,0
O=C(NC1=NC(=CS1)C1CC1)C1CCN(CC2=CC=CC=C2)CC1,0
FC1=CC=C(C=C1F)C1=CSC(NC(=O)C2=CC=CC(CN3CCCC3=O)=C2)=N1,0
CC(N1C(CCCO)=NC2=CC=CC=C12)C1=CC=CC=C1,0
FC1=CC=CC(CC(=O)N2CCN(CC2)S(=O)(=O)C2=CC=C(Cl)C=C2)=C1,0
CC1CN(CC(=O)NC2=NC(=CS2)C2=CNC3=CC=CC=C23)CC(C)O1,0
O=C(N1CCN(CC1)S(=O)(=O)C1=CC=C2CCCCC2=C1)C1=CC2=CC=CC=C2N1,0
FC(F)(F)C1=CC=CC(CC(=O)N2CCC(CC2)C(=O)N2CCC3=CC=CC=C3C2)=C1,0
FC1=CC=C(OCC(=O)N2CCN(CC2)C(=O)C2=CC=CC(Cl)=C2)C=C1Cl,0
FC1=CC=C(C(=O)NC2=CC=CC(CN3C=CC=N3)=C2)C(Cl)=C1,0
CCC1=NC2=CC=CC=C2N1CC(=O)NC1=CN=C2N(C)N=C(C)C2=C1,0
ClC1=CC=CC=C1C1=CC(=NO1)C(=O)NC(C1=CC=CC=C1)C1=CC=CC=N1,0
CC1CCC(CC1)NC(=O)C1=CN(C)C2=CC=CC=C12,0
CC(C)C1=NN=C(CSC2=NN=C(O2)C2=C(C)C=CS2)O1,0
COC1=CC=C(CN2CCN(CC2)C(=O)C2=CC=C(O)N=C2)C=C1,0
OC(=O)C1=CC=CC=C1C1=NC2=CC=CC=C2N1,0
Cl.COC1=CC=C(C=C1)C1=NC2=CC=CC=C2C(C)=C1C#N,0
CC1=CC(C)=C2OC(NC(=O)C3=CC=NC(=C3)N3C=NC=N3)=NC2=C1,0
CN1CCOC(CNCC2=CNN=C2C2=CC=C3OCCOC3=C2)C1,0
COC1=CC=CC=C1CN1C(=NC2=CC=CC=C12)C(C)C1=CC=C(CC(C)C)C=C1,0
[O-][N+](=O)C1=CC=CC(=C1)C1=NOC(CN2N=NN(C3=CC=CS3)C2=O)=N1,0
CN(CC1=C(C)N=C2SC(C)=CN12)C(=O)C1=CN=CC(F)=C1,0
O=C(NC1CCCC1)C1=CC=C2NC(=O)COC2=C1,0
NC(=O)C1CCN(CCCN2C(=O)NC3=CC=CC=C23)CC1,0
COC1=CC2=C(CN(CC2)S(=O)(=O)C2=CC=CC(F)=C2)C=C1OC,0
CC(N1C=NC=N1)C(=O)NC1=CC=C(OC2=CC=C(Cl)C=N2)C=C1,0
C(N1CCN(CC1)C1=CC=CC=C1)C1=CC=C(C=C1)N1C=CC=N1,0
OC(=O)C1CCN(CC1)C(=O)C1=CC2=CC(Cl)=CC=C2O1,0
C(N1CCN(CC1)C1=NC2=CC=CC=C2S1)C1=CC=C2OCCC2=C1,0
O=C(NC1=CC2=CC=CC=C2N=C1)C1=CC=NC2=CC=CC=C12,0
CCC1=C(C(=O)NCC2=NC=CN2CC2=CC=CC=C2)C(C)=NO1,0
CC1=NC2=CC=C(NC(=O)C3=CC=CC=C3CN3C=NC=N3)C=C2S1,0
CC(NC(=O)C1=CC=C(CN2CCCC2=O)C=C1)C1=CC=C(Cl)C=C1,0
CN1CC2CN(CC2C1C1=CC=CC=C1)C(=O)C1=C2C=CNC2=CC=C1,0
CC(C)C1=CC=C(C=C1)C1=NC=C(CN2CCOC(C2)C(N)=O)S1,0
CC1(C)CN(C1C1=CC=CC=C1)C(=O)C1=CC=C(CN2C(=O)CCC2=O)C=C1,0
OC1CCC(CC1)NCC1=CN(N=N1)C1=CC=C(Cl)C(Cl)=C1,0
CNC(=O)CN(CC1=C(C)OC(=N1)C1=CC=CO1)C1=CC=CC(=C1)C#C,0
CN1CCC(CC1)N1CCC(CC1)NC(=O)NC1=CC=C(C)C(C)=C1,0
BrC1=CC=CN=C1NC(=O)CN1N=CC2=CC=CC=C12,0
CC1CCCCN1C(=O)CN1CCN(CC1)C(=O)C1=CC2=CC=CC=C2N1C,0
COC1=CC=C(C=C1)S(=O)(=O)N1CCC(C1)NC1=CC=CC=C1,0
CC(=O)NC1=CC=CC(=C1)N1C(C)=NN=C1SCC1=C(Cl)SN=N1,0
ClC1=CC=CC=C1NC(=O)CN1CCN(CC1)C(=O)C1=CC=CC2=NC=CC=C12,0
COCC1=CC=CC=C1NCC1=NC(=NO1)C1=CC=CC(C)=C1,0
COC(=O)CC1N(CC2=CC=C(F)C=C2)CCC2=CC(OC)=C(OC)C=C12,0
COC1=CC=C(NC(=O)C2=CC(C)=CC=C2C)C=N1,0
CC(C)C(=O)N1CCC(CC1)C(=O)NC1=CC(Cl)=CC=C1NCC1CCCCC1,0
CC(C)N1N=CC2=CC(NC(=O)C3=CC(F)=C(Cl)C=C3Cl)=CN=C12,0
N#CC1=CC=CN=C1NC1CCN(CC1)C1=NC=CC=N1,0
NC(=O)C1CCN(CC1)C(=O)CC(C1=CC=CC=C1)C1=CC=CC=C1,0
CC(C)N(C(=O)C1=CSC(=N1)C1=CC=CC=N1)C1=CC=CC=C1C,0
CC1=CC2=CC=CC=C2N=C1N1CCC(CC1)C1=NC=CN1,0
CC1=CC=C2C=C(NC2=C1)C(=O)NC1=CC=CC=C1CN1C(=O)CCC1=O,0
FC1=CC=C(C=C1)S(=O)(=O)NC1CCN(CC2=NC(CC3=CC=CC=C3)=NO2)CC1,0
CC(=O)C1=CC=C(NC(=O)C2=C(C)N(N=C2)C2=CC=CC=C2C)C=C1,0
COC1=CC=C(C=C1)C1CCCN1C1=C(Cl)C(=O)N(N=C1)C1=CC=C(Cl)C=C1,0
ClC1=NC=CC=C1NC(=O)COC1=NN=C(O1)C1=CC=CC=C1,0
CCN(CC)CC1=CC=CC=C1CNC(=O)N1CCC2=CC=CC=C2C1,0
CC(NC(=O)C1CC2=CC=CC=C2O1)C1=CC=C(C=C1)S(N)(=O)=O,0
FC1=CC=C(C2=CN=C(CCC(=O)N3CCCC3C3=CC=NC=C3)O2)C(F)=C1,0
CC(N1CCN(CC1)C1=NC2=CC=CC=C2S1)C(N)=O,0
CC1=CC=C(O)C(=C1)C(=O)NC1=CC=C2OCCOC2=C1,0
CN(C)CC1=CC=CC(=C1)C(=O)NC1CC1C1=CC=CC=C1,0
COC1=NC=CC=C1C(=O)NCC1CC2=CC=CC=C2O1,0
CCN1C2=CC=CC=C2N=C1C1=CC=CS1,0
NC(=O)CC1CCCN(CC2=CC=CC(=C2)C2=CC=CC=N2)C1,0
CC(C)C1=CC=C(C=C1)N1N=C2C=C(C)C(N)=CC2=N1,0
OCC1CCCCCC1NC1=NC2=NC=CN=C2C=C1,0
CN1C=NC2=CC(=CC=C12)C(=O)NC1=CC(=CC=C1)C1=NC=C(C)O1,0
CC(N(C)C(=O)C1=NN(C(C)=N1)C1=CC=C(F)C=C1)C1=CC=C(Cl)C=C1,0
COC(=O)C1=CC(NCC2=NN=C(O2)C2=CC=CC=C2OC)=C(F)C=C1F,0
CN(C)C1=CC(C)=C(NC(=O)C2=CC3=CC=C(F)C=C3N=C2C)C(C)=C1,0
Cl.CN(C(=O)C1=CC=C(C)C(N)=C1)C1=CC=C2OCCC2=C1,0
COC(=O)C1CCN(CC2=CC(Cl)=CC3=C2OCC3)CC1,0
CC1OC2=CC=CC=C2N(CC(=O)NCC2=CC3=CC=CC=C3N2)C1=O,0
CC1=C(NC(=O)CC2=CSC(=N2)C2=CC=CC=C2)C(C)=NO1,0
CN1C2=C(N3CCN(C3=N2)C2=CC=CC=C2)C(=O)N(CC2=CC(C)=CC=C2)C1=O,0
CC1=NC=CN1C1=CC=NC(=C1)C(=O)NC1=CC(C)=CC=C1C,0
CCN1C=C(C=N1)C(=O)NC1=NC2=C(COC)C=CC=C2S1,0
CN1CCN(C(C1)C1=CC=CC=C1)C(=O)CN1C2=CC=CC=C2N=C1C(F)(F)F,0
CC1CC(C)CN(C1)C(=O)C1=CC=C(C=C1)N1C=CC=N1,0
CC1=CC=C(NC(=O)CN2C(=O)C(C)=NC3=CC=CC=C23)C=C1,0
CC1=CC=CC=C1CN1C(=NC2=CC=CC=C12)C1CN(CC2=CC=CC=C2)C(=O)C1,0
C1CC(N(C1)C1=C2C=NN(C2=NC=N1)C1=CC=CC=C1)C1=CC=CC=N1,0
Cl.CC(C)C1=NN(C)C2=C1C=C(S2)C(=O)N1CCC(N)CC1,0
CC(SCC1=NC2=C(C(C)=C(C)S2)C(=O)N1)C(=O)N(C)CC1COC2=CC=CC=C2O1,0
C=CCN1C(SCC2=CC=CC3=C2OCCO3)=NN=C1C1=CN=CC=N1,0
CC(=O)N1CCC(CC1)(C(=O)NCC12CC3CC(CC(C3)C1)C2)C1=CC=CC=C1,0
O=C(COC1=CC=CC=C1)N1CCC(CC1)C(=O)NC(C1CC1)C1CC1,0
CC1=CC=C(CNC(=O)C2CCN(CC2)C(=O)C2CCC2)C=C1F,0
CCOC1=CC=C(C=C1)C1=NOC(COC2=CC=C(CC(O)=O)C=C2)=N1,0
COC1=CC=C(C=C1Br)C(=O)N1CCN(CC1)C1=CC=CC=C1OC,0
CC1=CC=C(O1)C(=O)N1CCC(CC(O)=O)CC1,0
CC1=C(CSC2=CC(C)=NC(C)=N2)N=C(O1)C1=CC=CS1,0
ClC1=CC=C(OCCN2C(CN3CCCCC3)=NC3=CC=CC=C23)C=C1,0
CC1=NN(C(C)=C1)C1=CC=C(C=N1)C(=O)NC1=CC=C(F)C=C1,0
COC1=CC=C2NC=C(C3CCN(CC(O)COC4=CC=CC=C4)CC3)C2=C1,0
ClC1=CC=C(NC(=O)N2CCCC2C2=NN=C3CCCCCN23)C=C1Cl,0
CN1C=NC(=C1NCC1=NN=CN1C1=CC=CC=C1)[N+]([O-])=O,0
COC1=CC=CN=C1NC(=O)C1=CC2=CC=C(C)C=C2N1,0
O=C1CCCN1C1CCCN(C1)C1=NC2=CC=CC=C2C(=C1)C#N,0
CCNC(=O)C1=CC=CC(NC(=O)C2=CC3=CC=CC=C3S2)=C1,0
CNC(=O)C1CCCN1CC1=CC(Br)=CC2=C1OCC2,0
COCC1=C(Cl)C=CC=C1NCC1=NN=C(N1C)C1=CC=CC=C1,0
CC(N1C(=O)OC2=CC=CC=C12)C(=O)N1CCCCCC1,0
CC(OC1=CC=CC=C1C#N)C(=O)N1CCN(CC1)C(=O)C1=CC(Cl)=CC(Cl)=C1,0
CC(C)N(C)C(=O)C1CCCN(C1)C(=O)C1=CC2=CC=CC=C2N1,0
CC(C)(C(=O)N1CCC(CC1)C(N)=O)C1=CC=C(Cl)C(Cl)=C1,0
CSC1=CC=C(NC(=O)C2=CC=C(N=C2)N2C=CC=C2)C=N1,0
CNC(=O)C1=CN=C2N(CC3=CC=CC=C3)N=CC2=C1,0
COC1=C2N=C(NC(=O)C3=CC=C(C=C3)N3C(=O)CCC3=O)SC2=CC=C1,0
COC1=CC=C(Cl)C=C1C(=O)NC1CCN(CC1)C1=NC=CC=N1,0
CC1=CC2=NN=C(SCC(=O)C3=CC=C(F)C=C3)N2C(C)=N1,0
COC1=CC=C(OC)C(CC(=O)N2CCCC3=CC(F)=CC=C23)=C1,0
N#CC1=CC=C(SC2=NC=C(N2CC2CCCO2)C2=CC=CC=C2)N=C1,0
CC1=C(SC=C1)C(=O)N1CCN(CC1)C1=CC=CC=N1,0
CN(C(=O)C1=CN=C2N(N=C(C3CC3)C2=C1)C1=CC=CC=C1)C1=CC=CC=C1,0
CC(C1=CC=C(F)C=C1)S(=O)CC1=CC=C(C=C1)N1C=CC=N1,0
CN1CCCC(C1)NC(=O)C1C2=CC=CC=C2OC2=CC=CC=C12,0
CC1=NC2=CC=CC=C2C(=O)N1CC1=CC=C(C=C1)C(O)=O,0
FC(F)(F)C1=CC(=CC(=C1)C(=O)NC1=NN(CC2=CC=CC=N2)C=C1)C(F)(F)F,0
O=C(NC1CCN(CC2CCCC2)C1)C1CN(C(=O)C1)C1=CC=CC=N1,0
O=C(C1CCN(CC1)C1=CC=C(C=N1)C#N)N1CCCC1C1=CC=CC=C1,0
CN1N=C(C)C(C)=C1NC(=O)CC1=NN(C=C1)C1=CC=C(F)C=C1,0
FC(F)(F)C1=CC=C(C=C1)C(=O)NC1=CC=CC(OC2=CN=CC=N2)=C1,0
CCC1=CC=CC(=C1)N(CC1=C(C)OC(=N1)C1=CC=CC=C1)C#N,0
CCOC1=CC(=CC=C1NC(=O)C1=NN(C(C)=C1)C1=CC=CC=C1)C(=O)N(C)C,0
CC(N(C)C(=O)C1=CN2C=CC=NC2=N1)C1=CC2=CC=CC=C2O1,0
CC(C)CN1C=C(CNC2=NC3=CC=CC=C3O2)C=N1,0
[O-][N+](=O)C1=CC=C(NC2=NC3=CC=C(Cl)C=C3O2)C=C1,0
CN(CC1=CC=C(C)S1)C1=CC(=NC=N1)N1CCCC1CO,0
CC1=CC=C(O1)C1=NC(COC2=CC=C(F)C=C2Cl)=CS1,0
CN1C=C(C=N1)C1=NC(=CS1)C(=O)NC1=NN=C2C=CC=CN12,0
Cl.OC(=O)CN1CCN(CC1)C(=O)C1=CC=C(OCC2=CC=CC=C2)C=C1,0
CN1C(C)=NN=C1COC1=CC=C(OCC2CC2)C=C1,0
CC1=CC2=NC(=CN2C=C1)C(=O)NC1=CC=CC=C1OC(F)F,0
CCN(CC1=CSC(CC(=O)NC2=CC=CC=C2C)=N1)C1=CC=C(F)C=C1,0
COC1=CC=C(C=C1)C1=NN=C(SCC2=CN=C(Cl)S2)N1C,0
CN1C(C)=NC2=CC(=CC=C12)C(=O)N1CCCC1C1=NOC(C)=C1,0
CC1=C(CN2C=CC(=O)C3=CC=CC=C23)N=C(O1)C1=CC=CO1,0
CC1=CC=CN2C(NC(=O)CC3CCCC3)=C(N=C12)C1=CC=CC=C1,0
CC1=CC=C(C)C(CNC2=CC=C3N=C4CCCN4C(=O)C3=C2)=C1,0
CN1CCN(C(=O)C2=C(C)N=C(S2)C2=CC=CC=N2)C2=CC=C(F)C=C12,0
CCN1C=C(C(=O)NC2CCC(C)CC2)C2=CC=CC=C12,0
COC1=CC=C(C=C1)C1CCCN1C1=NC2=CC=CC=C2O1,0
FC1=CC=C(CC2=CN=C(NC(=O)C3=CN=CC=N3)S2)C(F)=C1F,0
CC1=C(C)N=C(NC(=O)C2=CC3=C(F)C=CC=C3S2)S1,0
CN(CC1COC2=CC=CC=C2O1)C(=O)C1=CC=C(C=C1)C#N,0
CC1=CC=C(OCC(=O)N2CCC3=C(C2)C2=CC=CC=C2N3)C(Br)=C1,0
CC1=NN(C=C1C(=O)NC1=CC=C(C)C(OC(F)F)=C1)C1=CC=CC=C1,0
O=C(NC1=CC=C(OC2=CC=CC=C2)C=C1)C1=CN2N=NN=C2C=C1,0
CC1CC(CNC(=O)C2=CSC3=C2CCCC3)CCO1,0
CC(C)CC1=NC=C(CNC2=NN=C(O2)C2=C(C)OC=C2)S1,0
CC(N(C)C(=O)C1=CN(CC2=CC=CC=C2)N=C1)C1=NC2=CC=CC=C2S1,0
O=C(NCC1=CC=NC(=C1)N1C=CC=N1)C1=CC=CC2=NC=CC=C12,0
CN1CCCC1CNC(=O)C1=CC2=C(ON=C2C=C1)C1=CC=CC=C1,0
NC(=O)C1=CC=C(C=C1)C1=NN(CC2=CC=C(Cl)S2)N=N1,0
CN(CC1=CC=C(Br)S1)CC1=NC=C(O1)C1=CC=CC=C1,0
CC(NC(=O)C1=CSC(=N1)C1=CN(C)N=C1)C1=CC=CC=C1C,0
CC1=CC=C2C=C(NC2=C1)C(=O)NC1CCN(C1=O)C1=CC=CC(OC(F)(F)F)=C1,0
CC1CN(CC(C)O1)C1=NC=C(C=C1Cl)C(=O)N1CCCCC1,0
O=C(NC1=CC=CC(=C1)C#N)C1CCCN1C1=NC=CS1,0
CC1CN(CC(O1)C1=CC=CC=C1)C(=O)C(=O)NC1=CC(F)=C(C(F)=C1)S(C)(=O)=O,0
ClC1=CC=C(OCCN2CCN(CC2)C(=O)C2CCC2)C=C1,0
FC1=CC=C(C=C1)C(=O)NC1=CC=CC(=C1)C(=O)N1CCCC1,0
CCC(C1CCCN1C(=O)C1=CN=C(C=N1)N1C=CC=N1)C1=CC=CC=C1,0
CC1=C2C=C(C=NC2=NN1)C(=O)NCC1=NC=CN1C1=CC=CC=C1,0
CC1=NN2C(N=C(C)C=C2N2CCN(CCO)CC2)=C1C1=CC=C(Cl)C=C1,0
CC(NC(=O)C1=CC=C(OCC2CC2)C=C1)C1=NN=NN1C1CC1,0
ClC1=CC(=CC2=C1OCCO2)C(=O)NCC1CCOC1,0
CC1=CC(F)=CC=C1NC(=O)N1CCC2CCCCC2C1,0
COC1=CC=C2OC(C)=C(C(=O)N(C)CC3=CC=CC(=C3)C(F)(F)F)C2=C1,0
CC1=NN=NN1C1=CC(NC(=O)C2=CC=CC(Br)=C2)=CC=C1C,0
Cl.CC1CC(CN)CN1CC1=CC=C2OCCOC2=C1,0
CCOC1=CC=C(CNC(=O)C2CCCN2C2=NC=CC=N2)C=C1C,0
CC1=C(NC(=O)C2=CC=CC3=C2CCC3)C=NN1C1=CC=CC=C1,0
ClC1=CC=CC=C1C1=CSC(NCC2CCCS2(=O)=O)=N1,0
CCN1C=NN=C1C1=CC=CC(NC(=O)C2=CC3=C(F)C=CC=C3S2)=C1,0
Cl.CC(C)N1CCN(CC1)C(=O)C1=CC=C(CN)C=C1,0
COC1=CC2=C(CN(CC2)C(=O)CN(C)C2CCCC2)C=C1OC,0
O=C(NC1CCN(CC2=CC=CC=C2)C1)NC1CCN(CC2=CC=CC=C2)C1,0
FC1=CC(NC(=O)C2CCCC3=CC=CC=C23)=CC=C1N1C=NC=N1,0
CC1CC(C(N)=O)C2=CC=CC=C2N1CC1=CC=CC=C1C(F)(F)F,0
CN(CC1=CC=C(C=C1)C(N)=O)S(=O)(=O)C1=CC=C2CCCC2=C1,0
CC1CCC2=CC=CC=C2N1C(=O)C1=CC=CC(NC(=O)C2CC2)=C1,0
COC1=CC=C(C=C1)C1=NN=C(NCC2=CC(F)=CC=C2C)O1,0
CC1=CC=CC(C(=O)N2CCCC(C2)C2=NC3=CC=CC=C3N2)=C1C,0
NC(=O)CN1CCN(CC1)C(=O)C1=CC=C2NC3=C(CCCC3)C2=C1,0
CN1C=C(C(=O)NC2CCCCC2)C2=CC=CC=C12,0
Cl.Cl.CC1=CC=C(C=N1)C(=O)N(CC1=CC=CC=N1)C1CCCNCC1,0
COC1=CC=C(C=C1Cl)N1C(=O)CC(N2CCC(CC2)C(=O)NC2=CC=CC=C2)C1=O,0
BrC1=CC=C2C=C(NC2=C1)C(=O)N1CCNC(=O)C1,0
O=C(NCC1CCCCC1)C1=C2C=CNC2=CC=C1,0
O=C(CN1CCN(CC1)C(=O)C1=CC=C2CCCCC2=C1)NCC1=CC=CC=C1,0
CC(N1CC(C)OC(C)C1)C(=O)NC1=CC=CC2=NC=CC=C12,0
CN1C=CN=C1C1=NOC(NCC2=CC=CC=C2)=N1,0
O=C(NCC1CCCC1)C1=CC=C(C=C1)N1C=NN=N1,0
O=C(NC1CCN(CC2=CC=CC=C2)C1)C1CCC1,0
O=C1COC2=CC=C(C=C2N1)S(=O)(=O)NCC1(CC1)C1=CC=CC=C1,0
CC1=NC2=NC(=NN2C(C)=C1)C(=O)N(C1CC1)C1CCC2=CC=CC=C12,0
CC1CN(C(=O)C2=CC=C(N3C=NC=N3)C(F)=C2)C2=CC(C)=CC=C2O1,0
COC1=CC2=CC=C(N=C2C=C1)C(=O)N1CCN(CC1)C1=CC=CC(C)=C1,0
O=C(NCC1=CC=CC=C1)C1CCN(CC1)C(=O)C1=CC=CN=C1N1CCCCC1,0
COC1=CC=CC=C1CN1C(C)=C(C)C2=C1N=C(C)N(C1=CC=CC=C1)C2=O,0
CN1N=C(C)C2=C1SC(=C2)C(=O)NC1=CC=C(C)C=C1OCC(F)(F)F,0
FC1=CC=CC(Cl)=C1CN(CCN1C(=O)OC2=CC=CC=C12)C1CC1,0
CN1C=C(NC(=O)C2=CN=C3N(CC4=CC=CC=C4)N=CC3=C2)C=N1,0
CC1=CC=C(CCC2CCN(CC2)S(=O)(=O)C2=CC=C3OCC(=O)NC3=C2)C=C1,0
CC1=CC(CN2C(=O)N(CC3=CC=CC=C3)C3=CC=NC=C23)=NO1,0
O=C(OCC1=NOC(=C1)C1=CC=CO1)C1=CN=CC=N1,0
CC(C)C(=O)N1CCC(CC1)NC(=O)C1=CNC2=CC=CC=C12,0
CN(C)C1=NC(C)=NC(=N1)N1CCN(CC2=NC3=CC=CC=C3N2)CC1,0
NC(=O)C1=CC=CC(CN2CCN(CC2)C2=CC=NC=C2)=C1,0
ClC1=CC2=C(OCC2)C(CN2CCC(CC2)N2CCCNC2=O)=C1,0
CC1=CC=C(C=C1)C1=NC(=CS1)C(=O)NC1=NC(=CS1)C1=CC=CC=N1,0
OC1=NC2=CC=CC=C2C(=C1)C(=O)N1CCN(CC2=CC=CC(=C2)C(F)(F)F)CC1,0
CC1=CC(OCC2=NOC(CN3C(N)=NC(C#N)=C3C#N)=N2)=CC(C)=C1,0
COC1=CC=C(C=C1)C(CNC1=NC2=CC=CC=C2O1)N1CCCCC1,0
CC(=O)N1CC(C1)NC(=O)C1=C(C)ON=C1C1=C(Cl)C=CC=C1Cl,0
CN(C1CCCC2=CC=CC=C12)C(=O)CN1C(=O)OC2=CC=CC=C12,0
COC1=CC2=C(CN(CC2)C(=O)C2=CC=C(C)S2)C=C1OC,0
NC(=O)CN1CCC(CC1)NC1=NC(=CS1)C1=CC=C(F)C=C1,0
FC1=CC=C(C=C1Cl)S(=O)(=O)N1CCN(CC1)C(=O)C1CC1,0
Cl.CN1CCN(C(C1)C1=CC=CC=C1)S(=O)(=O)C1=CC=C2CCCC2=C1,0
CC1=C(C=CO1)C1=NN=C(O1)SCC1=CC=C(Cl)C2=CC=CN=C12,0
CN1CCC(CNC(=O)C2CCCN(C2)C2=NC=CC=N2)CC1,0
CC(NC(=O)C1=CC(Cl)=CC=C1F)C1=NN=C2C=CC=CN12,0
O=C(NCC1=CC=CC=C1)C1=CC=C(C=C1)N1CCCCC1,0
COC1=CC=CC(NC2CCN(CC2)C(=O)C2=CC=CN=C2C)=C1,0
FC(F)(F)C1=CC=CC(CN2CCC(CC2)NC(=O)CC2CC3CCC2C3)=C1,0
CS(=O)C1=CC=C(NC(=O)C2=CSC(=N2)C2=CC=CC=C2F)C=C1F,0
CN1C(=O)N(C)C2=NC(=CC=C2C1=O)C(=O)N1CCN(CC(=O)NC2=CC=C(F)C=C2)CC1,0
CN1C=C(NC(=O)C2=CN=C(S2)C2=CC=CC=C2F)C(=N1)C(F)(F)F,0
[O-][N+](=O)C1=C(NCC2=NNC(=O)N2)N=C2SC=CN12,0
CN1N=NN=C1C1=CC=CC(NC(=O)CC2CCC=C2)=C1,0
O=C(CCC1=CNC2=CC=CC=C12)N1CCN2CCCCC2C1,0
ClC1=CC=C(C=C1)C(=O)N1CCN(CC1)C1=CC=CC=C1Cl,0
CCN1C=C(NC(=O)C2=NN(C3=C2CCC3)C2=CC=CC=C2C)C=CC1=O,0
CC1CC1C(=O)NC1=CC=C(C=C1)C(=O)N1CCC(CC1)N(C)C,0
ClC1=CC=CC(=C1)C1CC1C(=O)N1CCN(CC1)C1CC1,0
CC(NC(=O)C1=CC=CC=C1)C1=NC2=CC=CC=C2N1CC1=CC=CC=C1Cl,0
CC1=CSC(=N1)C1(CCC1)NC(=O)C1=CSC(=N1)C1=CC=C(Cl)C=C1,0
COCC1=CC=CC=C1C(=O)NC1=NC(=CS1)C1=CC=C(F)C(F)=C1,0
COC1=C(C)C=C(C=C1C)S(=O)(=O)N1CCC2=CC=CC=C2C1,0
N#CC1=C(NCC2=NN=CN2C2=CC=CC=C2)C2=CC=CC=C2N=C1,0
CC1=CC=C(CN(CCN2C(=O)OC3=CC=CC=C23)C2CC2)C=C1,0
CN1CCN(C(=O)C2=C(C)N=C(S2)C2=NC=CC=N2)C2=CC(Cl)=CC=C12,0
COC1=CC=C(Cl)C=C1C(=O)N1CCCC1C(=O)NC1=CC=C(C)C=C1Cl,0
O=C(NC1=CC=CC(CN2CCCCC2)=C1)C1CC2CCC1C2,0
CC1=NN(CC2=CC=C(C)C=C2)C(C)=C1C(=O)NCC1=CC=CC=C1CN1C=CN=C1,0
ClC1=CC=C(OC2=CC=C(NC(=O)NCCCN3C=CN=C3)C=N2)C=C1,0
O=C(CCC1CC2=CC=CC=C2NC1=O)NC1=CC=CC=C1N1CCCCCC1,0
COC1=C(OC)C=C2N=C(NC(=O)C3=CC=CN=C3)SC2=C1,0
CC1=CC=CC=C1N1N=C(C(=O)NC2=CC=CC(=C2)C2=NC=CO2)C2=C1CCC2,0
CN(CC1=CN(C)N=C1)C(=O)C1=CC=C(N=C1)N1C=CN=C1,0
CC1CC2=CC=CC=C2N1C(=O)C1=CC=C2NC(C)=C(C)C2=C1,0
CC1=CC=C(CNC(=O)C2CCN(CC2)C(=O)C2CCCCC2)C=C1F,0
CC1=CC=CC(OCC2=CC(=O)N3C=CC=C(C)C3=N2)=C1C,0
O=C(NC1=CC=CN=C1)C1CCN(CC1)C1=C2C(SC=C2C2=CC=CC=C2)=NC=N1,0
CC(=O)NC1=CC=CC(=C1)N1C=NN=C1SCC1=C(Cl)SN=N1,0
CC1=CC=C(C=C1C)C(=O)N1CCN(CC1)C(=O)CN1CCOCC1,0
CC1=CC=C(C2=CC=CN=C12)S(=O)(=O)N1CCCC1C1CCCC1,0
CCC1=C(C=NN1C1=CC=C(F)C=C1)C(=O)NC1=CC=C(C=C1)C1=NN=CN1C,0
O=C(NC1=CC=CC(CN2C=CN=C2)=C1)C1=CC=C2OCCC2=C1,0
COC(=O)C1=CC=CC=C1NCC1=NC=C(O1)C1=CC=C(Cl)C=C1,0
FC1=CC=C(C=C1)C1=CC=C(O1)C(=O)NC1=CC=CC=C1SCCC#N,0
FC(F)(F)C1=CC=CC=C1CN1C=NC2=C(C=NN2C2=CC=CC=C2)C1=O,0
O=C(NC1CCN(CC1)C1CCCC1)C1=CC=C2NC3=C(CCCC3)C2=C1,0
ClC1=CC=CC(=C1)N1CCN(CC1)C(=O)C12CC3CC(CC(C3)C1)C2,0
CC(NC(=O)C1=CC=CC(C)=C1)C1=NC2=CC=CC=C2N1CC1=CC=C(Cl)C=C1,0
CCN(CC1CCCO1)C1=C2C=C(SC2=NC=N1)C1=CC=CC=C1,0
CN1N(C(=O)C(NC(=O)C2=CC=C3CCCCC3=N2)=C1C)C1=CC=CC=C1,0
CCOC(=O)C1=CN=C2N(C)N=CC2=C1NCC1=C(C)N=CS1,0
Cl.CN(C1CCN(C)CC1)S(=O)(=O)C1=CC=C(C=C1)N1CCCC1=O,0
CCN(C1=CC=CC=C1)S(=O)(=O)C1=CC(C)=C(Cl)C=C1Cl,0
CC1CS(=O)(=O)CCN1CC1=NC=C(O1)C1=CC=CC=C1C,0
O=C(N(CC1CC1)C1=CC=CC=C1)C1=CN2C=CN=C2C=C1,0
COC1=CC(=CC=C1C)C(=O)N1CCN(CC1)C(=O)NC1=CC=CC(=C1)C1=NN=NN1C,0
OC(=O)C1=NC=CN=C1C1=NC2=CC=CC=C2S1,0
COC1=CC=CC(=C1)C(=O)N1CCN(CC1)C(=O)C1=CC=C(C)C=C1,0
CCOC1=CC=CC=C1N1CCN(CC1)C(=O)C1=CNC2=CC=CC=C12,0
COC1=CC=C(Cl)C=C1C(=O)N1CCCC1C(=O)NC12CC3CC(CC(C3)C1)C2,0
NC(=O)CC1CCN(CC1)C(=O)CCC1=CC=CC(Cl)=C1Cl,0
CN1C2=C(N(CC3=CC=C(C=C3)C(F)(F)F)C=N2)C(=O)N(C)C1=O,0
CC(N(C)C(=O)C1=NN2C(=N1)N=CC=C2C)C1=CC=C(C)S1,0
CN1C=NN=C1C1=CC(NC(=O)C2=NC=C(C)N=C2)=CC=C1,0
CC(=O)NCC1=CC=C(C=C1)C(=O)NC1=NC(=CS1)C1=CC=CC=C1Cl,0
CN1C2=C(N(CC3=CC=CC=C3)C(NCC3=CC=CC=C3)=N2)C(=O)N(C)C1=O,0
OC1=CC=C(C=C1)C1CCN(CC1)C(=O)C1COC2=CC=CC=C2O1,0
COC(=O)CC1=CC=CC=C1NC(=O)C1=NN(C=C1)C1=CC=CC(F)=C1,0
CC1=CC=CC(=C1)N1C=CC(=O)C(=N1)C(=O)NC1=CC=CC=C1F,0
COC1=CC=C(C=C1)C1=C(C)SC(NC(=O)CC2CCC=C2)=N1,0
O=C(CC1=CNC2=CC=CC=C12)NC1=CC=C(C=C1)N1C=NC=N1,0
CC1=CC=CN=C1NC(=O)C1=CC=C(C)C(=C1)S(=O)(=O)N1CCOCC1,0
ClC1=CN=C(N=C1)N1CCN(CC2=NC3=CC=CC=C3N2)CC1,0
CCOC1=CC=C(C=C1)C1=CC(=NO1)C(=O)OC1=CC=C(OC)C=C1,0
CC(NS(=O)(=O)C1=CC=CC=C1F)C(=O)N1CCC(CC1)C1=NC2=CC=CC=C2O1,0
CCN(CC)S(=O)(=O)C1=CC=CC(=C1)C1=NN=C(O1)SCC1=NOC(C)=C1,0
CC1CN(CC(C)O1)C(C)(C)CNC(=O)C1C2=CC=CC=C2OC2=CC=CC=C12,0
CN1C2=C(N(CC(C)=C)C(=N2)N2CCC(CC2)C(N)=O)C(=O)NC1=O,0
FC1=CC=CC=C1CN1N=NN(C1=O)C1=CC=CC=C1Cl,0
CN1C=C(CNC2=CC=CC(=C2)N2CCN(CC3CC3)CC2)C=N1,0
CN(CC1=NC2=CC=CC=C2N1CC1=C(Cl)C=CC=C1Cl)C(C)=O,0
FC(F)(F)C1=CC=C(Cl)C(CC2=CN=C(NC(=O)C3CCOCC3)S2)=C1,0
FC1=CC=C2NC(=CC2=C1)C(=O)N1CCNC(=O)C1,0
NC(=O)C1=CC=C(C=C1)N1CCN(CC1)C1=CC=C(Cl)C=N1,0
COC1(C)CC(NC(=O)C2=C(C)N(CC3=CC=CC=N3)C(C)=C2)C1(C)C,0
COC1=CC=CC=C1NCC1=NC(=NO1)C1=CSC=C1,0
CC1=CC=NC2=NC(=NN12)C(=O)NC1=CC(=CC=C1C)S(C)(=O)=O,0
CC1=C(C)C2=C(S1)N=CN(CCC(=O)N1CCN(CC1)S(=O)(=O)C1=CC=C(C)C=C1)C2=O,0
CC(C)OC1=CC=C(C=C1)C(=O)N1CCN(C)CC1C1=CC=CC=C1,0
CN(CC1=C(C)C=CS1)C(=O)C1=CN(CC2=CC=CC(F)=C2)N=N1,0
COC1=NC=CN=C1N1CCN(CC(=O)N2CCCCCC2)CC1,0
O=C(N1CCC2=CC=CC=C12)C1=C(C2CC2)N(N=C1)C1=CC=CC=C1,0
COC1=CC=C(C=C1)N1CCN2C1=NC1=C2C(=O)N(CC2=CC=C(Cl)C=C2)C(=O)N1C,0
COC1=CC=C(NC2=NC=NC3=CC=C(Cl)C=C23)C=C1,0
COC(=O)C1=CC=CC(=N1)C(=O)NC1=NC(=C(C)S1)C1=CC=C(Cl)C=C1,0
O=C(CCC1CCCC1)N1CCN(CC1)C1=NC2=CC=CC=C2O1,0
BrC1=CC=C(C=C1)C1(CC1)NC(=O)CN1C(=O)COC2=CC=CC=C12,0
O=C(N1CCN(CC1)S(=O)(=O)C1=CC=CN=C1)C1=CC2=CC=CC=C2N1,0
CC1=NC2=CC(=CC=C2N1C1=CC=CC=C1)C(=O)N1CCN(CC(=O)N2CCCC2)CC1,0
COC1=CC=CC(CC(=O)NC2CCC(CC2)C2=CC=CC=C2)=C1,0
CC1(C)CCN(C1)C(=O)C1=CC=CC=C1C1=NC=C(O1)C1=CC=CC=C1,0
CC1CC(CNC2=CC=CC(CN3C=CC=N3)=C2)CCO1,0
CC1=NOC2=NC=NC(NC3=CN(CC4CCCO4)N=C3)=C12,0
CC(C)N1C(=O)CC(NC(=O)C2=CNC3=CC=C(C)C=C23)C1=O,0
CCOC1=CC=C(C=C1)C1=NC(C)=C(S1)C(=O)NCC1CCOC1,0
CN1CCCC(CNC(=O)C2CC2)C1C1=CC=C(C=C1)C(F)(F)F,0
CC1=CN2C=C(COC3=CC=CC(=C3)C(=O)NC3=CC=CC=C3F)N=C2C=C1,0
COC1=CC=C(C=C1)C(=O)NC1=CC=C2OCCCOC2=C1,0
CC1=CC=CC(=N1)C(=O)NC1CCCN(C1)C1=NC=CC=N1,0
CCC(C(=O)N1CCC(CC1)C(=O)N1CCCCCC1)C1=CC=CC=C1,0
O=C(CN1C(=O)COC2=CC=CC=C12)NC1=CC=CC2=CC=CN=C12,0
ClC1=CC=CC=C1N1CCN(CC1)C1CCNCC1,0
CNC1=C(C(=O)NC(C)C2=CN(N=N2)C2=CC=CC=C2)C(C)=NS1,0
CN(C1CCS(=O)(=O)C1)C(=O)C1=CC=C(COC2=CC=C(Br)C=C2)O1,0
O=C(NC1=CC2=CC=CC=C2N=C1)NC1=CC=CC2=CC=CN=C12,0
CN(C1CCCC1)C(=O)C1CN(C(=O)C1)C1=CC=CC(Cl)=C1,0
FC(F)CN1CCC(CC1)NC1=NC2=CC=CC=C2C(=C1)C#N,0
COC1=CC=CC(CSC2=NN=C(N2C2CC2)C2=CC=CN=C2)=C1,0
O=S(=O)(N(C1CC1)C1CCCCC1)C1=CC=C2OCCOC2=C1,0
OC1=CC=CN=C1NC(=O)C1=CC=C(O1)C1=CC=C(Cl)C=C1Cl,0
OCC1CCCN1CC1=CC=CC=C1CNC1=NC=CN=C1C#N,0
FC(F)(F)C1CCCCC1C(=O)NC1=CN(CC2=CC=CC=C2)N=C1,0
NC(=O)C1=CSC(CN2CCOCC22CCCC2)=C1,0
Cl.CC(C)C1=CC=C(C=C1)C(=O)N1CCN(CCO)CC1,0
CN1CCN(CC1)S(=O)(=O)C1=CC=CC=C1OC(F)(F)F,0
COC1=CC=C2N(CCCC2=C1)C(=O)C1=CC=CC=C1Cl,0
ClC1=CC=C(C=C1)C1=CC=C(S1)C(=O)N1CCN(CC1)C(=O)C1CC1,0
O=C(NCC1CCOC1)C1=CC=C(CN2C=NC=N2)C=C1,0
OC1=CC=C(Br)C=C1C(=O)N1CCN(CC2=CC=CC=C2)CC1,0
Cl.COC1=CC=CC(CNCC2=CC=CN=C2N2CCN(C)CC2)=C1,0
CC1OC2=CC=CC=C2N(CCC(=O)NC2CC2C2=CC=CC=C2)C1=O,0
CCOC1CC(N(C)C(=O)CC2=CC=C(C=C2)N2C=NN=N2)C1(C)C,0
CC(C)C1=C(N2CCN(CC(N)=O)CC2)C2=CC=CC=C2N=C1C,0
CN(C)C1=CC=C(C=C1F)C(=O)NC1=NC=CS1,0
CCN1C=C(NC(=O)C2=C(CC)N(N=C2)C2=CC=C(F)C=C2)C=CC1=O,0
COC1=CC=C(NC(=O)C2=C(C)N(N=C2C)C2=CC=CC=C2)C=C1OC,0
OCCNC1=NC(=C(S1)C1=CC=CC=C1)C1=CC=CC=C1,0
COC1=CC=C(C=C1)C1=C(CCC(=O)N2C3CCC2CC(C)(O)C3)C2=CC=CC=C2N1,0
CC1=CC=C(CC2=CN=C(NC(=O)C3=CC=CC=N3)S2)C=C1,0
CC1=CC=C(NC(=O)C2=CN(N=N2)C2=CC=CC=C2)C=C1F,0
CC1=CC=C(C=N1)C(=O)N1CCCC1C1=CC=C(Cl)C=C1,0
CC1CN(CCCN2C(=O)N(C)C3=C(N(C)C=N3)C2=O)CC(C)(C)O1,0
CC1=NC2=CC=C(C=C2N=C1C)C(=O)NC(C1CC1)C1CC1,0
OCC1CN(CCO1)C(=O)N(C1=CC=CC=C1)C1=CC=CC=C1,0
COC1=CC=CC=C1NC(=O)N1CCC(CC1)C1=CC=CC=C1,0
CC1=CN=C(N=C1)N1CCN(CC2=NC3=CC=CC=C3N2)CC1,0
ClC1=CC2=CC=CN=C2C(NC(=O)C2=CC=CC(=C2)S(=O)(=O)N2CCOCC2)=C1,0
CN1C(NC(=O)C2=C(C=CO2)C2=CC=C(F)C=C2)=NC2=CC(F)=CC=C12,0
CC(C)N1N=CC2=CC(=CN=C12)C(=O)NC1=NC(C)=C(S1)C1=NC=CN1C,0
BrC1=CN2C=C(CN3CCOCC3)N=C2C=C1,0
CC(C)CN1N=CC(C(=O)NC2=CC=C(N3C=NN=N3)C(C)=C2)=C1C,0
O=C(C1CCN(CC2=CC=CC=C2)CC1)N1CCCC1C1=CC=NC=C1,0
CCOC1=CC=C(C=C1)S(=O)(=O)N1CCN(CC2=CC=CC(Cl)=C2)CC1,0
CNC(=O)C1CCN(CC1)C(=O)C1=CC=C(S1)C1=CC=C(Cl)C=C1,0
COC1=CC=C(NC(=O)N2CC(C2)N(C)C)C=C1C,0
OC1CCN(C1)C(=O)NC1=CC=C(C=C1)C1=NC=CS1,0
C1CCN(C1)C1=CC=NC(=N1)N1CCC(C1)NC1=CC=CC=C1,0
COC1=CC=CC(=C1)C(=O)N1CCN(CC1)C1=CC(NCC2CC2)=NC=N1,0
OC(=O)[C@H](CC1=CNC2=CC=CC=C12)NC(=O)C1=CC=CC(CN2CCCC2=O)=C1,0
FC1=CC2=CC=CN=C2C(CN2CC(OC3=CC=CC=C23)C(=O)N2CCOCC2)=C1,0
CC1=NNC(C(=O)N2CCN(CC3=CC=NC=C3)CC2)=C1Br,0
CN1C(CNC2=CC=C(C=C2)N2C=NC=N2)=NN=C1C1=CC=CC=C1,0
OCC1CCN(CC1)C(=O)NC1=CN(N=C1)C1=CC=CC=C1Cl,0
CS(=O)(=O)CC1=CC(F)=CC=C1NCC1=CN(N=N1)C1=CC=C(Cl)C=C1,0
CC1=CC=CC2=NC(CN3C=CN=C3S(C)(=O)=O)=CN12,0
CC(C)C1=NOC(=N1)C1=CC=NC(NCC2CCS(=O)(=O)C2)=C1,0
CCC(=O)N1CCC2=CC(=CC=C12)C(=O)NC1=CC(=NN1C)C1=CC=CC=C1C,0
NC(=O)C1CC2=CC=CC=C2CN1CCC(=O)N1CCN(CC1)C1=CC=CC=N1,0
CC(C)C1=NC(CSC2=C3C(C)=C(C)SC3=NC=N2)=CS1,0
CNC(=O)C1=CC=C(CN2CCC(CC2)C2=CNC3=NC=CC=C23)C=C1,0
COC1=CC(Cl)=C(C)C=C1NC(=O)C1=CC=C(C=C1)N1C=CC=N1,0
COC1=CC=C2N(CCC2=C1)C(=O)C1=CC=C2NC(C)=C(C)C2=C1,0
CCOC1=CC=C(CC(=O)NC2CCN(CC3=CC=CC=C3)CC2)C=C1,0
CCC(CC)N1N=C(NC(=O)C2=CN=C3N(C)C=NC3=C2)C=C1C,0
CC(=O)C1=CC2=C(OCO2)C=C1NC(=O)C1=NN(C=C1)C1=CC=CC=C1F,0
CC1=CN2C(CC(=O)NC3=CC(F)=CC(F)=C3)=CSC2=N1,0
BrC1=CC=CC=C1C1=CN=C(CNC2=CC=CC3=C2C(=O)NC3)O1,0
O=C(CC1=CC=C(C=C1)C1=CC=CC=C1)N1CCNC(=O)CC1,0
CC1=NN2C(N=C(C)C=C2N2CCN(CC2)C2=CC=CC=N2)=C1C1=CC=CC=C1Cl,0
CC1CCCCN1CC1=CC=CC=C1CNC(=O)CC1=CNC2=CC=CC=C12,0
CC1=CC=C(C=C1)C1(C)NC(=O)N(CCOC2=CC=CC=C2Cl)C1=O,0
CC(C)C1OCCCC1NC1=CC=NC(NCC2=NN=C3CCCN23)=N1,0
O=C(CCN1C(=O)COC2=CC=CC=C12)N1CCC2=CC=CC=C12,0
CC1=CC=C(C=C1C)S(=O)(=O)N1CCC2=CC=CC=C2C1,0
CN(C)CC1CCN(CC1)C(=O)C1=CC=C(OC2=CC=CC=C2)N=C1,0
COC1=CC(=CC=C1C)C(=O)NC1CCN(CC1)C1=CC=C(C=N1)C(F)(F)F,0
FC1=CC=CC=C1C1=CC(=NO1)C(=O)N1CCCC1C1=NN=C2C=CC=CN12,0
CC1=NC2=C(C=NN2C(=C1)N1CCN(CC1)C1CCCC1)C1=CC=CC=C1,0
FC(F)(F)C1=CC=CC(NC(=O)C2CCN(CC2)S(=O)(=O)C2=CC=CN=C2)=C1,0
CC(C)NC1CCC2=NN=C(CC3=CC=CC=C3)N2C1,0
COC1=CC=C(F)C=C1CN1CCC(CC1)N1C(=O)NC2=CC=CC=C12,0
O=C(C1CCCC1)N1CCN(CC1)C(=O)C1=CC2=CC=CC=C2N1,0
CC(=O)C1=CC=C(NCC2=CSC(=N2)C2=CC=CC=C2F)C=C1,0
FC1=CC=CC(=C1)C1=NC(CN2C=CC(=O)C3=C2C=CS3)=CO1,0
CC1=CC=C(S1)C(=O)N1CCN(CC1)C(=O)C1C2C1C1CCC2C1,0
O=C(NC1CCCCC1N1C=CC=N1)C1=CC=CC(OC2=CC=NC=C2)=C1,0
CC(N1C=CC=N1)C(=O)NC1CC1C1=CC=CC(Cl)=C1,0
C1CC2CN(CCN2C1)C1=NC2=CC=CC=C2S1,0
CC(C)C(NC(=O)C1CCN(CC1)C1=NC2=CC=CC=C2O1)C1=CC=C2OCCOC2=C1,0
CCOC1=CC=C(CN2CCN(CC2)C2=NC=CC=N2)C=C1,0
CCOC1=C(SC(=C1)C1=CC=CC=C1)C(=O)NC1=CC(C(=O)OC)=C(F)C=C1F,0
O=C(NC1CCN(C1)C1=CC=CC=C1)C1=CC=C(OC2=CC=CC=C2)N=C1,0
CC(C)C1=CC=C(C=C1)C1=NC(CNC2=CC=CC=C2C(N)=O)=CS1,0
COC1=CC=C(C=C1)C1=NC(CN2CCN(CC2)C(=O)C2=CC=CC=C2C)=CS1,0
CN1N=C(C)C2=C(C=C(C)N=C12)C(=O)N(CC1=CC=CC=N1)C1=CC=C(Cl)C=C1,0
CC1=CC=C(O)C(=C1)C(=O)N1CCC(CN2CCCCCC2)CC1,0
CC1=C(N=NN1C1=CC=CC2=CN=CC=C12)C(=O)N1CC2CCC1C2,0
CCOCC1CCCN(C1)C(=O)C1=CC(=O)N(N1)C1=CC=C(C)C=C1,0
ClC1=CC=C(C2=CC=C(O2)C(=O)N2CCC2)C(Cl)=C1,0
COC1=CC=C(C=C1)C1CCCN1C(=O)CC1CC2CCC1C2,0
CC1=CC(=CC=C1NC(=O)C1=CC=C(O1)C1=CC=C(F)C=C1)C(N)=O,0
CC(NC(=O)C1=CSC(=N1)C1=CC=CC=C1)C1=NN=C2C=CC=CN12,0
CC1CCCCN1S(=O)(=O)C1=CC=C(C)C(C)=C1,0
O=C(NC1=CC=CC(OC2=CC=NC=C2)=C1)C1CC1,0
CC1CC1C(=O)NC1CCN(CC2=CC=CC(=C2)C(F)(F)F)CC1,0
CCC1=NN(C)C(CC)=C1CNC1=CN=C2N(C)N=C(C)C2=C1,0
CC1=CC(Cl)=CC=C1NC(=O)C1=CC2=CC=CC=C2N1,0
CC(=O)NC1CN(C1)C(=O)C1C2=CC=CC=C2OC2=CC=CC=C12,0
CN1CCCN(CC1)C(=O)C1=CC=CC(=C1)S(=O)(=O)N1CCCC1,0
CC1CCCCN1CC1=NC2=C(N1)C(=O)N(C)C(=O)N2C,0
O=C(CC1=CNC2=CC=CC=C12)NC1CCN(CC1)C1CC1,0
NC(=O)CCC1CCCN(C1)C1=NC2=CC(F)=CC=C2C=C1,0
CN(CC12CC3CC(CC(C3)C1)C2)C(=O)C1=CC(=CC=C1)S(=O)(=O)N(C)C,0
CN(C(=O)C1=CSC(=N1)C1=CC=C(Cl)C(Cl)=C1)C1=CC=C(C=C1)C(N)=O,0
CC1=NC=CC=C1C(=O)N1CCC(CC1)NC(=O)C1=CC=NC=C1,0
O=C(N1CCCCC1)N1CCN(CC1)C(=O)N1CCCCC1,0
COC1=CC(=CC(OC)=C1)N1CCC(C1)NC(=O)C1=CCCCC1,0
CC1=NN(CC2=NOC(=N2)C2=C(C)N=CS2)C(C)=C1,0
COCC(=O)N1CCN(CC1)C(=O)CN1C=CC2=CC=C(Cl)C=C12,0
CC1=CC=C(C=C1F)N1C=CN=C(NCC2=CC=C3OCOC3=C2)C1=O,0
FC1=CC=C(C=C1F)C(=O)NCC1=CC=C(CN2CCCCCC2)C=C1,0
O=C(NC1=CC=C(N=C1)N1C=NC=N1)C1OCCC2=CC=CC=C12,0
O=C(NC1=CC=CC=N1)C1CN(C2CCCC2)C(=O)C1,0
Cl.CCNCC1CCN(CC1)C(=O)C1=CC=C(C)C(Cl)=C1,0
ClC1=CC2=CC=CN=C2C(NC(=O)C2=NC3=CC=CC=C3N=C2)=C1,0
NC(=O)C1=CC=C(C=C1)C(=O)NC1CC1C1=CC=CC(Cl)=C1,0
ClC1=CC=C2N=C(NC(=O)C3=CC=CC=C3OCC3CCCO3)SC2=C1,0
CC1=CC=C(F)C=C1C1=NN=C(NS(=O)(=O)C2=COC=C2)O1,0
CCN1N=C(C)C=C1C(=O)NC1=NC(=C(S1)C1=NC=CN1C)C1=CC=CC=C1,0
O=C(NC1=CC=C2N=C3CCCCN3C(=O)C2=C1)C1=CC=NC=C1,0
FC1=CC=C2OC(CN3CCC(CN4C=CN=N4)CC3)=CC2=C1,0
CC1=CC=CC(C(N)=O)=C1NCC1=NN=C(O1)C1=CC=CC=C1C,0
ClC1=CC=CC=C1OCC(=O)N1CCCC1C(=O)NC1=CC=CC=C1,0
N#CC1=CC=NC(=C1)N1CCN(CC2CCCCC2)CC1,0
O=C1N(CCSC2=NN=CN2)N=C2C=CC=CN12,0
COC1=CC=CC(NC(=O)CN2N=NC(=N2)C2=CC=C(C=C2)C(C)C)=C1,0
CC(NC(=O)C1=C(O)C2=CC=C(C)N=C2N=C1)C1=CN(C)N=C1,0
CC(N1CCN(CC2=CC=CC=C2)CC1)C(=O)NC1=CC=CC(=C1)S(N)(=O)=O,0
CCC1=C2NC=C(C(=O)N3CCN(CC3)C3CCCC3O)C2=CC=C1,0
OC1=CC=C(Br)C=C1C(=O)N1CCN(CC(=O)N2CCCCC2)CC1,0
COC1=CC=CC(=C1)C1CC1C(=O)NCC1CCC1,0
FC(F)OC1=CC=CC=C1NCC(=O)N1CCN(CC1)S(=O)(=O)C1=CC=CC=C1,0
CC1=CC=CC2=NC(=CN12)C(=O)N1CCN(CC1)C1=CC=CC(Cl)=C1,0
CN1CCC(CC1)N(CC1=CC=CC=C1)C(=O)C1=CC2=CN=CN2C=C1,0
CCC1=NC=CN1C1=CC(C)=NC2=C(C=NN12)C1=CC=C(Cl)C=C1,0
CN(C(=O)C1=CC(=CC=N1)N1C=CC=N1)C1=CC(Cl)=CC=C1C#N,0
CC(CO)N1CCN(CC1)C1=NC2=CC=CC=C2N=C1,0
COC1=CC=CC(=C1)N1C=C(N=N1)C(=O)N1CCCC2=NNC=C12,0
CC1=NC(CN2N=C(C=CC2=O)C2=CC=CC=C2)=NC2=CC=CC=C12,0
CN(C)C1=NC=CC(CNC(=O)C2=CC=CC(=C2)N2C=NC=N2)=N1,0
COC1=CC=C2C=C(NC2=C1)C(=O)N(C)C1=CC=C(OC)N=C1,0
CC1=CC=C(C=C1F)C1=NOC(CNC2=CC=CC=C2C(N)=O)=N1,0
CNC(=O)CN1CCC(CC1)NC(=O)C1=CC=CN=C1N1CCCC1,0
NC(=O)CN1CCC(=CC1)C1=CNC2=NC=CC=C12,0
CC1=CC=C(C=C1S(=O)(=O)N1CCOCC1)C(=O)NC1CC(C)(C)NC(C)(C)C1,0
COC(=O)C1=CC=C(CN2CCC(=CC2)C2=CNC3=CC=CC=C23)C=C1,0
CC(C)C1=NC2=C(C=NN2C(NC2=CC=CC=C2)=C1)C1=CC=CC=C1,0
O=C(N1CCCCCC1)C1=CN(CC2=CC=CC=C2)C2=CC=CC=C2C1=O,0
CCC(CO)NC1=CC(CC)=NC(=N1)C1=CC=CC=N1,0
CCCC1=NN=NN1CC1=NC=C(O1)C1=CC=CC(F)=C1,0
CC1CCN(CC1)C(=O)C1=CC=C2NC(C)=C(C)C2=C1,0
O=C(CC1CCCC1)N1CCN(CC1)C(=O)C1=CC2=CC=CC=C2O1,0
FC1=CC=C(CCNC2=C3N=CNC3=NC=N2)C=C1,0
O=C1ON=C(N1CC1=NC(=NN1)C1=CC=CS1)C1=CC=CC=N1,0
CN1C=C(CN2CCN(CC2)C2CC2)C(=N1)C1=CC=C(C=C1)C#N,0
CC(C)C(C)N1CC2=CC=CC(NCC3=C(Cl)SN=N3)=C2C1,0
COC1=CC=C(CN2CCN(CC2)C2=CC=C(C=N2)C#N)C=C1OC,0
CCC1=CC=C2N=C(NC(=O)C3=CC=CN=C3O)SC2=C1,0
CN1CCN(CC1)C(=O)C1CCCN1C1=NC2=CC=CC=C2O1,0
CSC1=C(NC(=O)CCN2C=CC=CC2=O)N(N=C1)C1=CC=CC=C1,0
CN1C=CN=C(NC(=O)C2=CC=C(S2)C2=CC=C(OC(F)F)C=C2)C1=O,0
FC(F)(F)C1=CC=CC(=C1)C(=O)NC1CCCCNC1=O,0
COC1=CC=C2C=C(NC2=C1)C(=O)NC1CCN(CC1)C(C)=O,0
C(NC1=NN=C(CC2=CSC=C2)O1)C1=CC=CO1,0
COC1=NC=CC=C1N(C)C(=O)C1=CN(N=C1)C1=CC=C(F)C=C1F,0
CN(C)C(=O)NC1=CC=CC(=C1)C(=O)NC1=NC2=CC=CC=C2C=C1,0
NC(=O)C1=CC(NCC2=NC(CC3=CC=CC=C3)=NO2)=CC=C1F,0
CC(=O)N1[C@@H](CC2=CC=CC=C12)C(=O)NC1=CC(=CC=C1C)C(O)=O,0
CCN(CC)C(=O)N1CCN(CC1)C(=O)NCC1COC2=CC=CC=C2O1,0
COC1=CC=C2OC(C(=O)N3CCCC3CN3C=CC=N3)=C(C)C2=C1,0
FC1=CC=C(C=C1)N1CCN(CC1)C(=O)C1=C(Cl)C2=CC=CC=C2N1,0
CCN1C(SCC2=CC(Cl)=CC3=C2OCOC3)=NN=C1C1=CC=CN=C1,0
FC1=CC=C(NC(=O)C2=NN(C=C2)C2=CC=CC=C2)C(F)=C1F,0
CCOC1=CC=C(N=N1)N1N=CC(C(=O)NC(C2CC2)C2=CC=CC=C2)=C1C,0
CCOC(=O)C1=C(C(F)F)N(CC2=NC3=CC=CC=C3O2)N=C1,0
CC1=NN=C2CCC(CN12)NC(=O)C1=CN2C=CC(C)=CC2=N1,0
CC1CCCCN1C(=O)C1=CC(=CS1)C(=O)N1CCCCC1C,0
O=C(NC1=CC=C(C=N1)C1=CC=CC=C1)C1=CC=CC(=C1)S(=O)(=O)NC1CC1,0
FC1=CC=C(C(=O)NC2=CC=CC(OC3=CN=CC=N3)=C2)C(Cl)=C1,0
NC(=O)NC1=CC=CC2=C1CCCN2C(=O)C1=NN(C=C1)C1=CC=CC(F)=C1,0
NC(=O)C1=CC=C(CN(CC2=CSC(=N2)C2=CC=CC=C2)C2CC2)C=C1,0
O=C(NC1CC1C1=CC=CC=C1)C1CCCN1CC1=CC=CC=C1,0
CC1=C(OC=C1)C(=O)N1CCC(CC1)C(=O)NCC1=CC=CC=C1,0
FC1=CC=C2NC(=CC2=C1)C(=O)N(CC1=CC=C(C=C1)C(=O)NC1CC1)C1CC1,0
CC1=CC=C(C=C1)C1=NOC(=C1)C(=O)NC1=CC=CC=C1,0
CC1CCC(CC1)N(C)C(=O)C1=CC=C2OCC(=O)NC2=C1,0
COC1=CC=C2C(CNC(=O)N3CCCC3CO)CCCC2=C1,0
O=C(NC1=C(C=C(S1)C1=CC=CC=C1)C#N)C1=CC=C2CCCC2=C1,0
COC1=CC=CC=C1N1CCN(CC1)C(=O)C1=C(C)SC(C)=C1,0
O=C(NC1=CC=C2OCCOC2=C1)C1=CC=C(CN2CCCC2=O)C=C1,0
COC1=CC=C(C=C1OC)C(=O)N1CCOCC1,0
O=C(CC1=CNC2=CC=CC=C12)N1CCN(CC1)C1=CC=NC=C1,0
FC1=CC=CC(=C1)S(=O)(=O)N1CCN(CC1)C(=O)C1=C(Cl)C2=CC=CC=C2N1,0
CC1CN(CC(C)O1)S(=O)(=O)C1=CC=C(C=C1)C1=CC=C(C)C=C1,0
CC(C)CCC1=NN(C)C(NC(=O)NC2CCN(C2)C2=NC=CC=C2Cl)=C1,0
CC1=NOC(=N1)C1=CC=C(C=C1)C(=O)NCC1CCOC1,0
CC1CCCN(C1)C(=O)C1=C2NC(C)=C(C)C2=CC=C1,0
CC1(C)CN(C(=O)C2=CC=CC(OC3=CC=C(C=C3)C#N)=C2)C1(C)C,0
CCC1=CC=C(O1)C(=O)NC1=NC(C)=C(S1)C1=NC=CN1C,0
CC1=C(C)N2CCN(CC3=NN=NN3CC3=CC=CC=C3)CC2=N1,0
O=C(CC1=CSC(NC(=O)C2=CC=CS2)=N1)N1CCCC2=CC=CC=C12,0
CC1=CN2CC(CCC2=N1)NC(=O)C1=NC2=CC=CC=C2N=C1,0
CC1=C(OC2=C(C)C=CC=C12)C(=O)N1CCN(CC1)C1=CC=CC=C1,0
CC1=CC=CC(=C1)N1CCN(CC1)C(=O)C1=CC(Cl)=CC=C1F,0
COC1=CC=C2NC=C(C2=C1)C1=CCN(CCC(=O)NC2=CC=CC=C2F)CC1,0
O=C(N1CCN(CC2=CSC(=N2)C2=CC=CC=C2)CC1)C1=CNC2=CC=CC=C12,0
NC1=NC(=NC2=CC=CC=C12)N1CCCC(C1)N1CCCC1=O,0
CC1=NC2=NC=C(C(=O)NC3CC4=CC=CC=C4C3)C(O)=C2C=C1,0
COC1=CC=CC=C1C1=NC(=CS1)C(=O)NC(C)C1=NN=CN1C,0
ClC1=CC=C(C=C1)C1CCN1C(=O)CN1C(=O)OC2=CC=CC=C12,0
CCN1C=C(N=N1)C(=O)N1CC(C1)N1C=C(N=N1)C1=CC=CC=C1,0
CCOC1=CC=C(OC2=CC=C(NC(=O)C3CC3C)C=C2)C=C1,0
CN1C=CC(NC(=O)C2=C(C)N=C(S2)C2=CC=CC(Cl)=C2)=N1,0
CCC1=CC=C(C=C1)C(=O)N1CCN(CC2=NOC(=N2)C2=CC=C(F)C=C2)CC1,0
CC1=CC=CC(=C1)C(=O)NCC1=NC2=CC=CC=C2N1CC1=CC=CC=C1,0
NC(=O)CC1CCN(CC1)C1=NC2=CC=C(Br)C=C2C=C1,0
COC1=CC=C(CN(C)C(=O)C2=CN(CC3=CC=CC=C3)N=N2)C=C1F,0
CC1=C(COC2=CC=CC=C2)C=CC=C1NC(=O)N1CC[C@H](O)C1,0
CC1CCCN(C1)C(=O)C1=CC=C2NC(C)=C(C)C2=C1,0
COC1=CC=CC(=C1)C(=O)CN1N=NN(C1=O)C1=CC=CC=C1Cl,0
COC1=CC=CC(CC(=O)N2CCC(CC2)C2=CC=C(O)C=C2)=C1,0
CCOC(=O)C1=CN=C2N(C)N=CC2=C1NCC1=C(C)N(C)N=C1,0
COC1=CC=NC(=N1)N1CCN(CC1)C1=NC2=CC=CC=C2C(=C1)C#N,0
C(N1C(CN2CCOCC2)=NC2=CC=CC=C12)C1=CC=CC=C1,0
CN1N=C(CC(=O)NC2=CC=CC=C2N2CCC3=CC=CC=C23)C2=CC=CC=C2C1=O,0
CC1=C(F)C=C(C=C1NCC1=NN=C(O1)C1=CC=CC(Cl)=C1)C(N)=O,0
CN1C=C(C=N1)C1=NC2=CC=CC=C2S1,0
CC(NC(=O)CN1CCN(CC1)C1=CC=C(F)C=C1)C1CC2CCC1C2,0
CCOC1=CC=CC=C1NC(=O)C1=NN(C2=C1CCCCC2)C1=CC=CC=C1,0
CCN1C=C(CC(=O)N2C[C@@H](O)C[C@@H]2C2=NC(C)=NO2)C2=CC=CC=C12,0
C(N1CCN(CC2=C3C=CNC3=CC=C2)CC1)C1=CC=NC=C1,0
N#CC1=NN(C=N1)C1=CC=NC(CC2=CC=CC=C2)=N1,0
CC(C)C1=CC=C(C=C1)C1CCCCN1C(=O)CCC1=NC2=C(N1)C(=O)NC(=O)N2C,0
FC1=CC=CC(CC(=O)NC2CCN(CC2)C(=O)C2CCCCC2)=C1,0
CC(N1C(CNC(C)=O)=NC2=CC=CC=C12)C1=CC=CC=C1,0
COC1=CC=C(C=N1)N(C)C(=O)C1=CC=CC(NC(=O)C2CCCCC2)=C1,0
FC1=CC=CC=C1C1(CC1)NC(=O)C1=CSC(=N1)C1=CN=CC=N1,0
O=C1NC2=CC=CC=C2N1CCCN1CCCC2=CC=CC=C12,0
COC1=CC=CC=C1N1CCN(CC1)C(C)C(=O)NC1CCC(C)CC1,0
CC1CCN(CC2=CC=C(CNC(=O)C3(CC3)C3=CC=CC=C3)C=C2)CC1,0
COC1=CC=CC=C1NC(=O)C1CCN(CC2=CN3C(C=CC=C3C)=N2)CC1,0
ClC1=CC=C(C=C1)C1(CC1)NC(=O)C1CCCN(C1)C(=O)C1CC1,0
CC1=CC=C(C=C1)C1CCCCN1C1=CC(=NC=N1)N1C=CN=C1,0
COC1=CC(NC(=O)C2=C(C)ON=C2C2=C(F)C=CC=C2Cl)=CC=C1N1CCCC1=O,0
CCOC1=CC=CC=C1OCC1=NN(C=N1)C1=CC=CC=C1,0
COC1=CC(CNC2=NC=NC3=CC=CC=C23)=CC(OC)=C1OC,0
COC1=CC(CC(=O)N2CCC(CC2)NC(=O)C2=CC=C(F)C=C2)=CC(OC)=C1OC,0
CC1=CC=C(C=C1S(=O)(=O)N1CCCCC1)C(=O)NC1=NC=CC=C1O,0
COC1=CC=C(C=N1)N(C)C(=O)C1=CC=C(C=C1)C(N)=O,0
COC1=CC=C(CN2CCCN(CC2)C(=O)C2=CC(Cl)=CC=C2O)C=C1,0
COC1=CC=C(NC(=O)C2=CC=C(N=C2C)C2=CC=CC=C2)C(OC)=C1,0
O=C(NC1CCCCC1)NC1=CC=CC(=C1)C1=NN=CO1,0
CCC1N(CCNC1=O)C(=O)C1=C2NC=CC2=CC=C1,0
CC1=C(C)N(CC2=NC3=CC=CC=C3N2)C=N1,0
CC1=CC=CC(=C1)C1=NC(CC(=O)NC2=CC=CC=N2)=CS1,0
O=C(NC1=CC=C(CN2C=NC=N2)C=C1)C1=NC2=CC=CC=C2C=C1,0
COC1=CC(=CC(OC)=C1)C(=O)N1CCC(CC1)C(=O)N1CCCCC2=CC=CC=C12,0
CC(C)C1=CC=C(NC(=O)C2=CC3=CC=CC=C3N2)C=C1,0
CCC1=CN=C(CCNC(=O)C2=CN(CC3=CC=CC=C3)C3=CC=CC=C3C2=O)S1,0
CC1=C(CC(=O)NC2CCC(CC2)OC2=CN=CC=N2)C(=O)N2N=CC=C2N1,0
O=C(C1CCCC1)N1CCC2=CC(=CC=C12)S(=O)(=O)N1CCCCC1,0
CN(C(=O)CN1C(=O)C2C3CC(C=C3)C2C1=O)C1=CC(C)=CC(C)=C1,0
CCN1C(CC2=CC=CC=C2)=NN=C1SCC1=CC(=O)OC2=C(C)C(O)=CC=C12,0
CC1=CC=C(O1)C(=O)N1CCCN(CC2=CC=C(C=C2)C#N)CC1,0
CC1=CC=C2C(CC(=O)NC3=CC=CN=C3N3CCCC3)=COC2=C1,0
CC1=CC=C(NC(=O)C2=CC(=NS2)C2=CC=CC=C2)C(C)=C1,0
COC1=CC=C(C=C1)C(=O)NC(C(C)C)C(=O)N1CCC(=CC1)C1=CNC2=CC(F)=CC=C12,0
CCSC1=C(CC2=CC=CC=C2)C(C)=NC2=C(C(C)=NN12)C1=CC=CC=C1,0
CC1=NC(C)=C(S1)C1=NN=C(O1)SCC(=O)C1=CC(F)=CC=C1F,0
CN1C=C(C=N1)C(=O)NC1=NC2=CC=C(F)C=C2S1,0
O=C(CC1CCC=C1)NC1=CC=CC(CN2C=CC=N2)=C1,0
NC(=O)C1=CSC(CNC2CCCN(C2)C(=O)C2=CC=CC=C2)=C1,0
COC1=CC=C(CCC(=O)N2CCC(=CC2)C2=CNC3=CC=CC=C23)C=C1,0
ClC1=CC=CC=C1N1CCN(CC1)C(=O)CC1CC2CCC1C2,0
CC1=CC=CC=C1C1=NN(CC2=CC=CC=C2Br)N=N1,0
FC(F)(F)C1=CC=C(N=C1)N1CCN(CC1)C(=O)C1=CC=C2NC(=O)COC2=C1,0
CCN(CC1=NC2=CC=CC=C2C(=O)N1)CC1=CC(=O)N2C=C(Cl)C=CC2=N1,0
COC1=CC=C(NC(=O)C2=C(C)N(N=C2)C2=CC=CC=C2C)C=C1,0
COC1=CC=C(C=C1)N1C=CC(=N1)C(=O)N1CCSC2=CC=CC=C12,0
CN1C(CNC(=O)C2=C(C)OC=C2)=NC2=CC=CC=C12,0
O=C(COC1=CC=C2OC3=C(CCCC3)C2=C1)NC1CC1,0
CC(O)CN1CCN(CC1)C(=O)C1=C(C)N=C(S1)C1=NN=CN1,0
CC(C)CN1C=C(C=N1)C(=O)NCC1=NN=C(C2CCC2)N1C,0
CC1=NN(C(C)=C1)C1=CC=C(C=N1)C(=O)NC1=NC(=CS1)C1CC1,0
C(NC1=CN=CC(=N1)C1=CC=CC=C1)C1CC1,0
FC(F)(F)C1=CC=C(C=C1)C(=O)N1CCN(CC1)C1=CC=CC=C1,0
CN(C1CCC2=CC=CC=C12)C(=O)C1=CC(F)=CC(F)=C1,0
CN1N=C(C)C2=C1SC(=C2)C(=O)NCC1=NC2=CC=CC=C2S1,0
CN1C(CN2CCCC2C2=CC=CC=C2)=NN=C1C1=CC=CC=C1,0
OC1=CC=C(CCC2CCN(CC2)C(=O)C2CCN(CC2)C(=O)C2=CC=C(F)C=C2)C=C1,0
O=C(NC1=CC=CC(=C1)C1=NN=CO1)N1CCC11CCC1,0
CN(CC1=CC=C(Cl)C=C1)C(=O)C1=CC2=CC(F)=CC=C2N1,0
CC(=O)NC1=CC=CC(=C1)N1C(C)=NN=C1SCC(=O)C1=CC(C)=CC=C1C,0
OCCCC1=NC2=CC=CC=C2N1CC1=CC=C(Cl)C=C1Cl,0
COC1=CC=C(C=C1)C(=O)N1CCN(CC1)C(=O)C1=CC=CC=C1,0
CC(C)OC1=CC=C(C=N1)C(=O)N1CCN(CC1)C1CCCC1O,0
CC(C)(C(=O)N1CCN(CC2=CC=C(C=C2)C(=O)N2CCCC2)CC1)C1=CC=CC=C1,0
ClC1=CC=CC(OCC2=CC(=O)N3C=CC=CC3=N2)=C1,0
COC1=CC=C(NC(=O)C2=CSC(CC3=CC=CC=C3)=N2)C=N1,0
O=C1CCCN1C1=CC=C(C=C1)S(=O)(=O)N1CCC(CC1)C1=NC2=CC=CC=C2N1,0
CC(C)C1=CC(=NN1)C(=O)NC1=CC=C(C=C1)S(=O)(=O)NC1CC1,0
FC1=CC(=CC=C1N1CCC(CC1)C(=O)NCC1=CC=CN=C1)C#N,0
OCC1CN(C1)C(=O)C1=C2C=CC=CN2C(=N1)C1CC1,0
C[C@H]1CCC[C@@H](C)N1C(=O)C1=CC2=CC=CC=C2O1,0
CC(C)CN1CCC(CC1)C(=O)NCC1CCN(C1)C1=CC=CC=C1,0
CSC1=NN2C(=N1)N=C(C)C(CC(=O)N(CC=C)C1=CC=CC=C1)=C2C,0
CC(=O)NC1=CC=CC(CS(=O)CC2=CN3C=CC=C(C)C3=N2)=C1,0
CN1N(C(=O)C(NC(=O)N2CCN(CC2)C2=CC=CC=C2)=C1C)C1=CC=CC=C1,0
CCC1CCCN(C1)C(=O)C1=CC=CC(=C1)S(=O)(=O)NC1CCCC1,0
COC1=CC=CC=C1NC(=O)N1CCCC1CC1=CC=CC=C1,0
ClC1=CC=C(N2C=C(C=N2)C(=O)NC2=CC=C3CNC(=O)C3=C2)C(Cl)=C1,0
BrC1=CC2=CC=CN=C2C(CN2CCC(CC2)N2C(=O)NC3=CC=CC=C23)=C1,0
COC1=CC=C(OC2=CC=C(CNC(=O)C(C)NC(=O)C3=COC=C3)C=N2)C=C1,0
CNC(=O)C1=CC=C(CN(C2CC2)C(=O)C2COC3=CC=CC=C3O2)C=C1,0
CC1CC(C)CN(CC2=NC3=C(N2CC2=CC=CC=C2C)C(=O)N(C)C(=O)N3C)C1,0
ClC1=CC=CC=C1CNC(=O)C1=CC=CC=C1OCC1CCCO1,0
O=C(CCN1C(=O)COC2=CC=CC=C12)NC1=CC=CC2=NC=CC=C12,0
OC1CCN(C1)C(=O)NC1=NN(C=C1)C1=CC=CC(=C1)C(F)(F)F,0
CC1=CC=C(C=C1)S(=O)(=O)N1CC(CC2=CC=C(C=C2)C(F)(F)F)C1,0
CC1=CC=C(C=C1)C(NS(=O)(=O)C1=CC=C2NC(=O)CCC2=C1)C1CC1,0
COC1=CC=CC=C1C1=NN=C(SC2=NC=CC=C2C#N)N1CC=C,0
CCOC1=CC=C(OCC(=O)N2CCN(CC2)C2=CC=CC=C2O)C=C1,0
COC1=CC(=CC=C1C)C(=O)N1CCCC1C1=CC=C(OC)C(OC)=C1,0
FC1=CC=C(C=C1)C(=O)NC1CCN(CC1)C(=O)C1=CC=NC=C1,0
CC1=C(C=NN1C1=CC=C(C)C=C1)C(=O)NCC1=CC=C(C)C=C1,0
O=C(NC1=CC=C(CN2C=NC=N2)C=C1)C1=CC=CC(OCC2CCCO2)=C1,0
CC1=CC2=CC=CN=C2C(NC(=O)N2CCCC2C(C)(C)O)=C1,0
CC1=CC=C(F)C(NC(=O)N2CCC3CCCCC3C2)=C1,0
CC(C)CN1C=C(C(=O)N2CCNC(=O)CC2)C2=CC=CC=C12,0
CC1=NC(=CC=C1C(=O)NC1=NN(CC2=CC=CN=C2)C=C1)C(F)(F)F,0
N#CC1=CC=CN=C1N1CCN(CC2=CC=CC3=CC=CN=C23)CC1,0
NC(=O)C1=CC=CC(NC(=O)CC2=CSC3=NC(=CN23)C2=CC=CC=C2)=C1,0
CN1N(C(=O)C(NC(=O)CC2=CN(N=C2)C2=CC=CC=C2)=C1C)C1=CC=CC=C1,0
CCN1C(=O)N(CCC(=O)N2CCC(CC2)C(=O)NC2=CC=CC=C2)C2=CC=CC=C12,0
COC1=CC=C(NC2=CC(C)=NC3=C(C(C)=NN23)C2=CC=CC=C2OC)C=C1,0
CC(=O)N1CCN(CC1)C1=NC2=CC(=CC=C2S1)C(F)(F)F,0
CC(C)CC1=NOC(CC2=CNC3=CC=C(F)C=C23)=N1,0
NC(=O)C1CCCN(C1)C(=O)CC(C1CC1)C1CC1,0
O=C(NC1CCOC2=CC=CC=C12)C1=CC=C2N=CSC2=C1,0
FC1=CC(CS(=O)CC2CCOCC2)=CC=C1OC1=CC=CC=C1,0
CC(C)N1CCC(NC(=O)N2CCC2)C1C1=CC=C(F)C(F)=C1,0
ClC1=CC=C(Cl)C(NC(=O)N2CCC3=CC=C(C=C23)C#N)=C1,0
O=C(N1CCCC2CCCCC12)C1=NC2=CC=CC=C2C=C1,0
CCN(C1CC(=O)NC1=O)C(=O)C1=CNC2=C(CC)C=CC=C12,0
CN1C(=O)N(C)C(NCC2CCN(C2)C2CC2)=C(C#N)C1=O,0
OC1=CC(F)=CC(F)=C1C(=O)N1CCC(CC1)N1C(=O)NC2=CC=CC=C12,0
O=C(NCC1(CCCC1)C1=CC=CC=C1)C1=CC=C2OCCCOC2=C1,0
O=C(CCC1=NC2=CC=CC=C2N1)NC1CCN(CC2=CC=CC=C2)CC1,0
FC1=C2C=C(NC2=CC=C1)C(=O)NCCN1CCN(CC1)C1=CC=CC=C1,0
COC1=CC=C(C=C1OC)C1CCCN1CC(=O)NC1CCCCC1C,0
COC1=CC=C(Cl)C=C1C(=O)NC1=CC=C(N2N=C(C)C=C2C)C(F)=C1,0
CCC1=CC=C2N=C(NC(=O)C3=CC=CN=C3)SC2=C1,0
FC1=CC=C(C2=NOC(=N2)C2CN(C(=O)C2)C2=CNN=C2)C(Cl)=C1,0
COC1=CC=C(OC)C(CN2CCN(CC(=O)NC3=CC=C(Cl)C=C3Cl)CC2)=C1,0
CC(N1N=CC=C1NC(=O)C1=NN(C(C)=N1)C1=CC=C(Cl)C=C1)C1=CC=NC=C1,0
CN(C)C1CN(C1)C(=O)NC1=CC=C(OC2=CC=CN=C2)C(C)=C1,0
FC(F)OC1=CC(=CC=C1CN1N=NN(C1=O)C1=CC=CC=C1)C#N,0
CN(C)C1=NC=CC=C1CNC(=O)C1=C(C)N(N=C1C)C1=CC=CC=C1,0
CNC(=O)CN1CCN(CC1)C1=CC=CC(=C1)C(F)(F)F,0
CC(NC1=CC=C(C)C=C1C)C(=O)N1CCN(CC1)C1=CC=CC=C1,0
FC1=CC=C(C=C1)C1=CC=C(S1)C(=O)N1CCC2=CC=CC=C12,0
CCN1CCC(CC1)NC(=O)C1CCN(CC1)S(=O)(=O)C1=CC=C(C=C1)C(C)C,0
CN1CC[C@@H](CNC(=O)C2=CC=C3C=CNC3=C2)[C@@H]1C1=CC=CN=C1,0
CC1=NC2=CC=CC=C2C(=C1)N1CCN(CC1)C1CCCC1,0
OC[C@@H]1CCCN1C(=O)NC1=CN=C(N=C1)C1=CC=CC=C1,0
CC(=O)N1CC2=CC=CC=C2C[C@H]1C(=O)NCC1CCCC1,0
O=C(CCN1C(=O)C2CC=CCC2C1=O)N1CCN(CC1)C1=NC=CC=N1,0
CC1=C(SC(=N1)C1=CC=CC=N1)C(=O)NC1=C(C)C=C(C)C=C1Cl,0
CN1N(C(=O)C(NC(=O)N2CCCC2C(C)(C)O)=C1C)C1=CC=CC=C1,0
C(NC1=NC2=CC=CC=C2N1C1CCCCC1)C1=CN=CN=C1,0
CN(CC1=NC2=CC=CC=C2N1CC1=CC=C(Cl)C=C1)C(C)=O,0
CC1=CC=CC=C1C1=NC(CN2C=CN=N2)=NO1,0
ClC1=CC=CC=C1N1C(=O)CC2(CCCCCC2)C1=O,0
NC(=O)C1=CC=CC(NC(=O)C2=C(N(N=N2)C2=CC=CC=C2F)C(F)(F)F)=N1,0
O=C1OC2=CC=CN=C2N1CC1=CSC(CC2=CC=CC=C2)=N1,0
ClC1=C(NC2=CC=CC=C12)C(=O)N1CCN(CC1)S(=O)(=O)C1=CC=CC=C1,0
O=C(CN1C=NC2=CC=CC=C2C1=O)N1CCC(CC2=CC=CC=C2)CC1,0
FC1=CC(CSC2=NN=C(CC3=CC=CC=C3)O2)=C2OCOCC2=C1,0
NC(=O)CN1CC(CCN2CCCC2=O)C2=CC=CC=C12,0
ClC1=CC=C2OCC(=O)N(CC(=O)NC3CCOC4=CC=CC=C34)C2=C1,0
CN(C)C1=NC2=CC=CC=C2N=C1C(C#N)S(=O)(=O)C1=CC=C(C)C=C1,0
CC1=CC=C(CC2=NN=C(NC(=O)C3=C4C=CC=NN4N=C3)S2)C=C1,0
CCC1=CC=C(C=C1)S(=O)(=O)NCC1=CC=C(CN2CCN(C)CC2)C=C1,0
CC(C)C1=CC(=NN1C(C)(C)C)C(=O)N(C)CC1=CC=NC=C1,0
CC1CCCCC1NC(=O)C1=CC(=CC=C1N1CCCCC1)S(=O)(=O)N1CCOCC1,0
CC1=CC=CC(=C1)N1N=C(C=C1NC(=O)C1=CC=C(N=C1)N1C=CC=N1)C(C)(C)C,0
CCC1=C(C=NN1C1=CC=CC(Cl)=C1)C(=O)N1CCCC(C1)C(F)(F)F,0
CCC1=C(CC2=NC(=NO2)C2=CN=C(COC)N=C2N)C2=CC=CC=C2O1,0
CC1=NN(C(C)=C1C1N(CCNC1=O)C(=O)C1CCCC1)C1=CC=CC=C1,0
CC1=CC(=C(C)O1)C1=NN=C(NS(=O)(=O)C2=CC=CN=C2)O1,0
CC1=NC2=C(C=NN2C(NC2=CC=CC=C2)=C1)C1=CC=CC=C1Cl,0
CN(C(=O)C1CC2CCCCC2N1C1=NC=CC=N1)C1=NC=CS1,0
CN1N=C(C)C(OCCOC2=CC=C(CC#N)C=C2)=C1C,0
COC1=CC=C2N(CCCC2=C1)C(=O)C1=CC(Cl)=CC(Cl)=C1,0
CN(C)C1=NC=CC=C1N(C)C(=O)C1=CC=CC(=N1)N1C=CC=N1,0
FC(F)(F)C1=NC2=CC=CC=C2C(SCC2=NN=C(CC3=CC=CC=C3)O2)=N1,0
CC(NC1=CC=C(Cl)C=C1Cl)C(=O)N1CCC2(CCC2)C1,0
COC1=CC=C2C(CC(=O)NC3CCN(CC3)C(C)=O)=COC2=C1,0
CC1=NOC(=N1)C1=CC=C(C=C1)C(=O)N1CCNC(=O)C1,0
FC1=CC2=C(C=CN=C2C(F)=C1)N1CCC(CC1)OCC1CCOC1,0
CC1=CC(C)=C(CNC(=O)N2CCC(CC2)N2CCNC2=O)C(C)=C1,0
BrC1=CC2=NC=CC(N3CCC(C3)N3CC=CC3)=C2N=C1,0
CCC1=CC=CC(CC2=CN=C(NC(=O)C3=CN=CC=N3)S2)=C1,0
CC1=CC=C(NC(=O)N2CCCN(CC3=CC=C(Cl)C=C3)CC2)C=C1,0
CN1C(CNC2=CC=CC3=C2OCCO3)=NC2=CC=CC=C12,0
CC1=CC=C(C=C1)C1=NN=C(CN2CCCC2CN2C=NC=N2)O1,0
OC1CCCN(C1)C(=O)NCC1COC2=CC=CC=C2O1,0
CC1=CC(C)=C2N=C(NC(=O)C3=CC=C(F)C=C3)SC2=C1,0
COC1=CC=C(NC(=O)C2=CC=C(C=C2)S(=O)(=O)N2CCCCC2)C(OC)=C1,0
O=C(CN1CCC(=CC1)C1=CNC2=CC=CC=C12)NC1CC1,0
COC1=CC=CC=C1N1CCN(CC1)C(C)C(=O)N1CCCC2=CC=CC=C12,0
COC1=CC=CC=C1CNC(=O)CC1=NN=C(S)N1CC1=CC=CC=C1,0
CC1=CN=C(N=C1)S(=O)(=O)CC1=NN(C=C1)C1=CC=C(F)C=C1,0
FC1=CC=C(NC(=O)C2=CN(CC3=CC=CC=C3Cl)N=C2)C(F)=C1F,0
Cl.Cl.NCCC(=O)N1CCN(CC1)C1=CC=C(F)C=C1,0
CCOC1=CC=C(NC(=O)C2=C(C3CC3)N(N=C2)C2=CC=CC=C2)C=C1,0
CCN(C(=O)C1=CC=CC(=C1)N1C=CC=N1)C1=CC=C(C#N)C(Cl)=C1,0
CN(CC1=C(F)C=CC=C1Cl)C(=O)C1=CC(=NO1)C1=CC=CC(F)=C1,0
CC(NC(=O)C1CC2CC1C=C2)C1=CC=C(C=C1)C1=CN=CN=C1,0
FC1=CC=CC(=C1)C1CCCN1CC1=CSC(=N1)C1=NC=CC=N1,0
CC(C)CN1CC(CC1=O)C(=O)NC1CCC(CC1)C1=CC=CC=C1,0
CN1N=C2CCN(CC3=NC=CN3CC3=CC=CC=C3)CC2=CC1=O,0
COC1=CC=C(NC(=O)C2=C(N(N=C2)C2=CC=CC(Cl)=C2)C(F)(F)F)C=N1,0
COC1=CC=C2NC=C(C3CCN(CC(O)COC4=CC=C(F)C=C4)CC3)C2=C1,0
O=C(N1CCC(CC1)C1=NC2=CC=CC=C2N1)C1=CC=C(C=C1)N1CCCC1=O,0
NC(=O)C1=CC=C(N=C1)N1CCN(CC1)C(=O)C1=CC=C2OCCOC2=C1,0
CN1C(=O)COC2=CC=C(NC(=O)C3=NN(C=C3)C3=CC=CC=C3F)C=C12,0
COC1=CC=C2NC=C(C2=C1)C1=CCN(CC1)C(=O)C1C(C=C(C)C)C1(C)C,0
CCC1CN(CC(=O)NC2=C(C)N(C)N=C2C)C2=CC=CC=C2O1,0
CN1C=C(C(=O)NC2=CC=C(C)C3=NC=CC=C23)C2=CC=CC=C12,0
COC1=CC=C(Cl)C=C1CN1CCN(CC1)C(=O)C1=CC(Br)=CC=C1O,0
CC1=CC=C(C=C1[N+]([O-])=O)C(=O)OCC1=NOC(=C1)C1=CC=CS1,0
CCN(CC)C(=O)C1=CC=C2NC3=C(CCCC3)C2=C1,0
COC1=CC=C(C=C1)C1=NC(CS(=O)(=O)CC2CCCO2)=NO1,0
CN(CC1=CC=CC(F)=C1)C1=NN=NN1C1=CC=CC=C1,0
CC(C)N1N=CC2=CC(NC(=O)C3(CC3)C3=CC=CC(Cl)=C3)=CN=C12,0
CCCN1C(SCC2=CC=CC=C2C(F)(F)F)=NN=C1C1=CC=NC=C1,0
COC1=CC=C2C=C(NC2=C1)C(=O)N1CCC2=CC=C(O)C=C2C1,0
BrC1=CN(CC2=NN(C=C2)C2=CC=CC=C2)C(=O)C=C1,0
NC(=O)C1CCN(CC2=CC=C(OCC3=CC=CC=C3)C=C2)C1,0
CC(=O)N1CCC(CC1)C(=O)N1CCN(CC1)C(C1=CC=CC=C1)C1=CC=CC=C1,0
CC1=NN=CN1C1=CC=CC(NC(=O)C2=CC(F)=C(F)C=C2F)=C1,0
CC(C1=CC=CC=C1)S(=O)CC1=CN(N=N1)C1=CC=C(Cl)C=C1,0
CCOC1=CC=C(C=C1)C1=NC(=CS1)C(=O)N1CCOC(CC)C1,0
CC(OC1=CC=C(Br)C=C1)C(=O)N1CCCC1C1=CC=CC=C1,0
FC(F)(F)CNC(=O)C1=CC=C(CN(C2CC2)C(=O)C2CC3=CC=CC=C3O2)C=C1,0
OCCNC1=NC2=CC=CC=C2N1CC1=CC=CC(=C1)C(F)(F)F,0
COC1=CC=C(NC(=O)C2=CN(N=N2)C2=CC=CC(Br)=C2)C=N1,0
CC1CC(C)CN(C1)S(=O)(=O)C1=CC=C(C=C1)C(=O)NC1=CC=CC(CO)=C1,0
CN1CCC(CC1=O)C(=O)N1CCN(CC1)C1=CC=C(F)C=C1,0
CC1=CC(CSC2=NN=C3SC4=CC=CC=C4N23)=NO1,0
CN(C1CS(=O)(=O)C2=CC=C(Cl)C=C12)C(=O)C1=CC(C)=CC(C)=C1,0
NC(=O)CC1CCCN(CC2=CC=CC(OC3CCCC3)=C2)C1,0
CC1CCCCC1NC(=O)C1=CC=C2CCCC2=C1,0
CC(C)(C)C1=CC=C(C=C1)C1=NNC(=NC1=O)C1=CC=CC=C1N,0
COC1=CC(=CC(OC)=C1)C(=O)N1CCC(CC1)C1=CNC2=CC=CC=C12,0
FC1=CC=CC(=C1)C1=NOC(=C1)C(=O)NC1=NC2=CC=CC=C2S1,0
CC1CC(=O)NC2=CC=CC=C2N1C(=O)CN(C)C1CCCCC1,0
CC(C)CCN1CCN(CC1)C(=O)CN1N=NC2=CC=CC=C2C1=O,0
CCC(N1CCN(CC2=CC=C3OCCOC3=C2)CC1)C(N)=O,0
CC1=CC=C(NC(=O)C2=CC(C)=NC3=CC(F)=CC=C23)N=C1,0
CCC1(O)CCN(CC1)C(=O)CC1=CSC(NC(=O)C2=CC=CC=C2)=N1,0
CC1COCCN1C(=O)CCC1=C(NC2=CC=CC=C12)C1=CC=C(F)C=C1,0
COC1=CC=C2NC=C(C2=C1)C1=CCN(CC1)C1CCCN(C(C)C)C1=O,0
COC1=CC=C(C(=O)N2CCC(CC2)N2C(=O)NC3=CC=CC=C23)C(OC)=C1,0
CN1CCN(CCC2CCN(CC2)C(=O)NC2=CC=C(C=C2)C#N)CC1,0
FC(F)OC1=CC=CC=C1C1=CSC(NC(=O)C2=CN=CC=N2)=N1,0
O=C(NCC1COC2=CC=CC=C2O1)C1=CC=C(C=C1)S(=O)(=O)N1CCCCC1,0
CC1=C(N=C(NC(=O)C2=CC(=CN2)C(N)=O)S1)C1=CC=C(OC(F)F)C=C1,0
CC1=C(C(=O)NC2=CC=CC(=C2)C#N)C(=NO1)C1=CC=CC=C1Cl,0
FC1=CC=CC(=C1)N1C=CN=C(NCCC2=CC=CC=C2)C1=O,0
CC1=C(C=NN1C1=CC=CC=C1F)C(=O)NCC1CCOC1,0
CC1=CC=CC(NC(=O)CN2CC3=CC=CC=C3CC2C(N)=O)=C1C,0
CCCOC1=CC=CC=C1OCC1=NOC(=N1)C1=C(C)N=CS1,0
CCOC1=CC=CC=C1N1CCN(CC1)C(=O)C1CN(C2CCCC2)C(=O)C1,0
FC1=CC=CC(N2CCN(CC2)C(=O)CC(C2CC2)C2CC2)=C1C#N,0
COC1=CC=C(OC)C(=C1)C1=CSC(NC(=O)C2=NC=CN=C2N)=N1,0
CC(=O)N1CCC2=CC(NC(=O)C3=CN(N=C3)C3=CC=CC=C3)=CC=C12,0
COC1=CC=C(NC(=O)C2=C(C)N(N=C2)C2=CC=CC(C)=C2)C=N1,0
CC1=NC2=NC(=NN2C(NC2=CNN=C2)=C1)C(F)(F)F,0
FC1=CC=CC=C1N1CC(CC1=O)C1=NC2=CC=CC=C2N1CC1=CC=C(Cl)C=C1,0
CC1=CC=C(C=C1C)C(=O)NC1=CC=C(N=C1)N1CCCC1,0
CC(C)N1C=C(C=N1)S(=O)(=O)NCCC1=NN=C2C=CC=CN12,0
O=C(N1CCCC1C1=CC=NC=C1)C1=CN=C(N=C1)C1=CC=CC=C1,0
CN(C(=O)C1=CSC(=N1)C1=CC=C(C)N1C)C1=CC=CC=C1,0
O=C(NC1=CC=NC=C1)C1=CC=C2NC3=C(CCCC3)C2=C1,0
OC(CNC1=CC(=NC(=N1)C1=CC=CN=C1)C(F)(F)F)C1CC1,0
CC(N1CCN(CC1)C1=CC=CC(Cl)=C1)C(=O)N1CCCC(C1)C(N)=O,0
COC1=CC=C(C)C=C1CN1CCN(CC1)C(=O)C1=NNC(=C1)C1=CC=CC=C1,0
CN1N=C(C)C(C)=C1NC(=O)CN1C=C(N=N1)C1=CC=CC=C1,0
CC1=CC2=NC(COC3=C(C)C=CC=C3C)=CC(=O)N2C=C1,0
NC(=O)[C@@H]1CC2=CC=CC=C2N1CC(=O)NC1CCCC2=CC=CC=C12,0
COC1=CC(=CC=C1OC(F)F)C(=O)N1CC2=CC=CC=C2CC1C(N)=O,0
O=C1N(CC2=NC(=NO2)C2=CSC=C2)N=NN1C1=CC=CS1,0
CC1OC2=CC=CC=C2N(CC(=O)NC(C2CC2)C2=CC=CC=C2)C1=O,0
COC1=CC=C(C=C1)C(=O)NC1=CC=C2OCCOC2=C1,0
O=C(CC1=CN(N=C1)C1=CC=CC=C1)NC1=CC=CC=C1,0
ClC1=CC=CC=C1NC(=O)CN1CCN(CC1)C(=O)C1=CC=CC=C1,0
OC(=O)C1=CC=C(C=C1)S(=O)(=O)N1CCC2=CC=CC=C2C1,0
CN1C2=C(N(CC3CCCCO3)C=N2)C(=O)N(C)C1=O,0
CC1=CC=C(NC(=O)C2=NN(C(=O)C=C2)C2=CC=C(F)C=C2)C(C)=C1,0
CN(C1CCCC2=CC=CC=C12)C(=O)C1=CC=C(F)C=C1,0
FC1=CC(F)=C2N(CN3N=C4C=CC=CN4C3=S)CCCC2=C1,0
FC1=CC=CC=C1COC1=CC=CC(CNC2CCS(=O)(=O)C2)=C1,0
COC1=CC(=CC(OC)=C1C)C(=O)NC1=NC2=CC=CC=C2C=C1,0
COC1=CC=C2N(CCCC2=C1)C(=O)C1=CC=C(C=C1)N1C=CC=N1,0
COC1=CC=CC=C1N1CCN(CC1)C(=O)C1=NNC=C1,0
CN(C)C1=NC2=CC=CC=C2C(=C1)C(=O)NC1=CC=C(C=C1)N1C=CC=N1,0
CCN1CCC(CNC(=O)C2=CC=C3NC4=C(CCCC4)C3=C2)CC1,0
Br.CC(=O)NC1=NC(C)=C(S1)C1=CSC(NC2=CC=C(O)C=C2)=N1,0
O=C(NC1=CC=C(OC2=CC=CN=C2)N=C1)C1=CC2=CC=CN=C2C=C1,0
CC1=NN2C(N=C(C)C=C2N2CCCCC2)=C1C1=CC=CC=C1Cl,0
FC(F)(F)C1=CC=CC(=C1)C(=O)N1CCN(CC1)C(=O)C1=CC=C2CCCC2=C1,0
CN1C2=C(NC(CNC3=CC=C(C)C=C3)=N2)C(=O)N(C)C1=O,0
FC1=C2C=C(SC2=CC=C1)C(=O)NC1CCC2=NC=CN2C1,0
CC1=CC=CC=C1NC(=O)CN1C=C(C=N1)C1=CC=CC=C1,0
Cl.CN(C1CC2CCC(C1)N2)C(=O)C1=CC=C(F)C(F)=C1F,0
OC1=CC=C(C=C1)C1=NC2=CC=CC=C2C(=O)N1,0
CC1=NC=C(N1CC1=COC(=N1)C1=C(F)C=CC=C1F)[N+]([O-])=O,0
CCC1=CC=C(C=C1)C(=O)NC1=CC=C(OC)C(=C1)N1CCCCC1=O,0
CCOC1=NC=CC=C1NC(=O)C1=CC=C(OC)C(=C1)C1=CC=CC=N1,0
ClC1=CC=C(NC(=O)CN2CCN(CC2)C(=O)C2CC2)C(Cl)=C1,0
CC(NC(=O)C1CCCN(C1)C(=O)C1=CC=C(Cl)C=C1)C1CC2CCC1C2,0
ClC1=CC=C(OCCN2CCC(CC2)C(=O)NC2CC2)C(Cl)=C1,0
CN1CCN(CC1)C1=CC=CC=C1NC(=O)CC1=CSC(=N1)C1=CC=CC(C)=C1,0
NC(=O)C1=CN=C(N2CCC(CC2)N2C=CN=N2)C(Cl)=C1,0
NC(=O)C1CCN(CC2=CC=CC(NC(=O)C3CCCC3)=C2)CC1,0
COC1=CSC(=C1)C(=O)NCC1=NOC(=N1)C1=CSC=C1,0
FC1=CC=C(CN2CCN(CC2)C(=O)C2COC3=CC=CC=C3O2)C=C1,0
CC(C)C1CC(CCO1)NC(=O)C1=C2C=NN(CC3=CC=C(C)C=C3)C2=NC(C)=C1,0
COC1=CC=C(CC2=NN=C(O2)SCC2=NC3=CC=CC=C3C(=O)N2)C=C1,0
CN(CC1CC1)C(=O)C1=C(C2CC2)N(N=N1)C1=CC=CC(F)=C1,0
COC1=CC=CC(=C1)N1CCN(CC1)C(C)C(=O)NC1CCCCC1,0
O=C(NC1=NC2=CC=CC=C2C=C1)C1=CC=CC(=C1)C#N,0
FC(F)OC1=CC=C(Cl)C=C1C(=O)NC1CCC(=O)NC1,0
O[C@H]1CCN(C1)C(=O)C1=CC=CC=C1C1=CC=C(CN2C=CC=N2)C=C1,0
FC1=CC(=CC(F)=C1F)C(=O)NC1=CC=CC(OC2=CC=CN=N2)=C1,0
O=C(CN1CCN(CC1)C1=NC=CC=N1)NC1CCCCNC1=O,0
CC(C)C(=O)N1CCCC(CN2CCN(CC2)C2=CC=CC=N2)C1,0
ClC1=CC=C2N(CC(=O)N3CCC(CC4=CC=CC=C4)CC3)C(=O)OC2=C1,0
FC(F)(F)C1=NC2=CC=CC=C2C(OC2=CC=CC(=C2)N2CCCC2=O)=N1,0
O=C(N1CCN(CC1)C1=CN=CC=N1)C1=NNC2=CC=CC=C12,0
N#CC1=CC=CC(=N1)N1CCN(CC2=CN(N=C2)C2=CC=CC=C2)CC1,0
COC1=CC(OC)=CC(NC(=O)C2=C(C)ON=C2C2=CC=CC=C2Cl)=C1,0
CN(CC1COC2=CC=CC=C2O1)C(=O)C1=CC2=CC=C(OC(F)(F)F)C=C2N1,0
O=C(CC1=NOC(=C1)C1=CC=CC=C1)NC1=NC2=CC=CC=C2N1,0
COC1=CC=CC(=C1)C1CCCN1C(=O)NCC1=CSC(C)=N1,0
FC(F)(F)C1=CC(=CC(=C1)C(=O)NCC1=NN=C2CCCCCN12)C(F)(F)F,0
CC1=CC=CC(=C1)N1CC(CC1=O)C1=NC2=CC=CC=C2N1CC1=CC=CC=C1Cl,0
O=C1OC2=CC(OCC3=NN=C(CC4=CC=CC=C4)O3)=CC=C2C=C1,0
COC1=CC=C(C=C1)C1=NC(CNC2=CC(=CC=C2C)C(=O)NC2CC2)=NO1,0
CN(C)C1CCN(CC1)C(=O)CN1C(=O)N(C)C2=CC=CC=C12,0
CSC1=NC(=NC(C)=C1C(=O)N1CCCC2=CC(Cl)=CC=C12)C1=CC=CO1,0
CCN1CCCC1CNC(=O)C1=CC=C(C=C1)C1=NC(C)=NO1,0
CN(C1CCN(CCC2=CC=CC=N2)CC1)C(=O)C1=CC2=CC=CC=C2S1,0
CN1CCN(CC1)C(C)(C)C(=O)N1CCN(CC1)C1=CC=CC(Cl)=C1,0
CC(C)N(CC1=NC2=CC=CC=C2C(=O)N1)C(=O)C1=CC=C(C)O1,0
CC1=CC=C(NC(=O)NC2CCN(CC3=CC=C(Cl)C=C3)CC2)C(C)=C1,0
COC1=CC=C(C=C1C1=CC=CC=C1)C(=O)N(C)C(C)C1=CC(F)=CC=C1F,0
CN1N=CC2=C(SC3=NN=C(O3)C3=CC=CC=C3F)N=CN=C12,0
CC1=C(N=NN1C1=CC=C(F)C(Cl)=C1)C(=O)N(C1CCCC1)C1=CC=CC=N1,0
COC(=O)C1=CC(=CC(NC(=O)C2=CC=C(C)C(=C2)N2C=CC=C2)=C1)C(=O)OC,0
CNC(=O)CN1CCC(CC1)NC1=C(C#N)C(=O)N(C)C(=O)N1C,0
ClC1=CC=CC=C1C1=NC(CN2C=NC3=CC=CC=C3C2=O)=NO1,0
CC(=O)N1[C@@H](CC2=CC=CC=C12)C(=O)N1CCCC(C1)N1C=NC=N1,0
COC1=CC=CC=C1N1CCN(CC1)C(=O)C1=C(Cl)C2=CC=CC=C2N1,0
COC1=CC=C2C(CC(=O)N3CCNC(=O)CC3)CCCC2=C1,0
CCC1=CC=CC(CN2CCC(CC2)NC(=O)C2CCCCC2)=C1,0
O=C(NC1=CC=C(OC2=NC=CC=N2)C=C1)C1CCCN1C1=NC=CS1,0
CC(C)C1=CC=CC=C1N1C=CN=C1S(=O)(=O)CC1=NOC(C)=N1,0
FC1=CC=C(C=C1)N1CCN(CCNC(=O)C2=NC3=CC=CC=C3C=C2)CC1,0
Cl.CNC1CCN(CC2=CN(N=N2)C2=CC=C(Cl)C(Cl)=C2)C1,0
CN(C(C1CC1)C1CC1)C(=O)C1=CC(=NO1)C1=CC=C(C)C=C1,0
COC1=CC=C(NC(=O)C2=NN(C(C)=CC2=O)C2=CC=CC=C2F)C(C)=N1,0
OC[C@H]1CC[C@H](CC1)NC(=O)NC1CCCN(CC2=CC=CC=C2)C1,0
OC1CCCC1N1CCN(CC1)C(=O)C1=CC=CC2=C1OCCO2,0
Cl.FC1=CC(F)=C(F)C(C(=O)NC2=CC=C3CCNCC3=C2)=C1F,0
O=C(CC1=CC=C(C=C1)N1C=CC=N1)NC1=NN=C(S1)C1CC1,0
CC1=C(C=NN1C1=CC=CC=C1)C(=O)NC1=CC=CC=C1N1CCCC1,0
O=C(CN1C(=O)COC2=CC=CC=C12)NC1(CCC1)C1=CC=CC=C1,0
CCC(CO)NC1=C2C(SC=C2C2=CC=C(OC)C=C2)=NC=N1,0
CCOC1=CC=C(C=C1)C1=NC(=CS1)C(=O)N1CCCC(C1)NC(C)=O,0
FC1=CC=C2NC3=C(CN(CC3)C(=O)NC3CCN(CC4CCCC4)CC3)C2=C1,0
O=C(NCC1CCCO1)C1=CC(=NO1)C1=CC=CC=C1,0
COC1=CC=C(CC(=O)NC2=CC(C)=CC(=C2)N2CCN(C)CC2)C=C1,0
FC(F)(F)C1=CC=NC(=N1)N1CCCC1C(=O)NC1CC1,0
COC1=CC=CC=C1N1CCN(CC1)C(=O)NC1=CC=CC=C1N(C)C,0
COC1=CC=CC=C1C(CNC(=O)C1=NNC2=CC=CC=C12)N1CCCC1,0
CN(C)C1=CC=C(C=C1)C1=CN=CC(=C1)C(=O)N1CCN(C)C2=CC=CC=C2C1,0
CC(C)OC1=NC=CC=C1NC(=O)C1=C(C)N=C(CC2=CC=CC=C2)S1,0
CN(CC1=NC(=NO1)C1=CC=C(Cl)C=C1)C1=CC=C(OC2=CC=CC=N2)C=C1,0
CC1=CN2C=C(COC3=CC=CC=C3C(O)=O)N=C2C=C1,0
COC1=CC=C(NC(=O)C2=C(C=CO2)C2=CC=C(F)C=C2)C=C1C,0
CC(C)OC1=CC=CC(=N1)C(=O)NC1=CC=CC=C1C1=CC=NC=C1,0
CCC1=CC=C2N=C(NC2=C1)C1=CN=NN1C,0
COC1=CC=C(C)C=C1N1C=CC(=N1)C(=O)NC1=NC=CN(C)C1=O,0
CN1CCN(CC2CCCN(C2)C(=O)NC2=CC=C(F)C=C2)CC1,0
CC1=C2N=C(C)C=C(O)N2N=C1C1=CC=CC=C1,0
COC1=CC=C(CC2=NN=C(O2)SCC2=NC3=C(C)C=CC=C3C(=O)N2)C=C1,0
ClC1=CC=CC(=C1)S(=O)(=O)NC(C1CC1)C1=CC=CC=C1,0
ClC1=CC=C(C=C1Cl)C1=CC=C(S1)C(=O)NC1CCN(C1)C1CC1,0
CC1CN(CC(C)O1)C(=O)C1=C(C)N(CC2=CC=CC=C2Cl)N=C1C,0
CC1=C2SC(NC(=O)C3=CC(O)=NC4=CC=CC=C34)=NC2=C(C)C=C1,0
CC1CN(CC1O)C(=O)C1=CN(N=C1C)C1=CC=C(Cl)C=C1,0
CN1CCC(NC(=O)C2=NC3=CC=CC=C3C=C2)C1=O,0
CC1=CC(NC(=O)CC2=NNC3=CC=CC=C23)=CC=C1C(O)=O,0
CC1=CC=CC(=C1)C1=NOC(CN2C(=O)N(C=C(C#N)C2=O)C2CC2)=N1,0
O=S(=O)(NCCC1=CC=C2OCCOC2=C1)C1=CC=C2CCCC2=C1,0
NS(=O)(=O)C1=CC=C(NC(=O)N2CCCN(CC3=CC=C(Cl)C=C3)CC2)C=C1,0
COCCN1C(=O)NC(C1=O)(C1=CC=CC=C1)C1=CC=CC=C1,0
FC(F)(F)C1=CC=CC=C1N1C=C(N=N1)C(=O)NC1=CC=C2OCCC2=C1,0
CCC1=NOC(C)=C1C(=O)NCC1=CC=C(CN2CCC(C)CC2)C=C1,0
CC1=NN(C2CCCN(C2)C(=O)CN2N=NC3=CC=CC=C23)C(C)=N1,0
CCC1=C(C=NN1C1=CC=C(OC)N=N1)C(=O)NCC1=CN2C=CC=CC2=N1,0
OCCNC1CCN(CC1)C1=NC2=CC=C(Cl)C=C2C(=C1)C#N,0
CC1=NOC(=N1)C1=CC=C(C=C1)C(=O)NC1CC(C)(C)NC(C)(C)C1,0
COC1=CC=C(C=C1OC)C(=O)NC1=CC=CC(=C1)C(=O)NC1CC1,0
CC1=CSC2=NC(CN3CCC[C@H]3C3=NC=NN3)=CC(=O)N12,0
O=C(CN1C(=O)OC2=CC=CC=C12)NCC1=CC2=CC=CC=C2N1,0
OC(=O)C1CCN(CC1)C(=O)C1=CC=C(O1)C1=CC=C(Cl)C=C1,0
FC1=CC(=CC(F)=C1)C(=O)N1CCN(CC1)C1=CC=CC=C1,0
ClC1=CNC(=C1)C(=O)N1CCC2=C(C1)C1=CC(Cl)=CC=C1N2,0
FC(F)(F)C1=CC=C(CN2CCN(CC2)C(=O)C2CC3=CC=CC=C3O2)C=C1,0
CC1CCN(CC2=NN=C(S2)C(=O)NC2=CC=C(F)C=C2)C1CO,0
O=C(NCCN1CCN(CC1)C1=CC=CC=C1)C1=CC=C(CN2C(=O)CCC2=O)C=C1,0
CC(=O)NCC1=CC=C(C=C1)C(=O)N1CCCN(CC2=CC=C(C=C2)C#N)CC1,0
CCC1CCCCN1C(=O)NC1=CC=CC(OCC2=CC=C(F)C=C2)=C1,0
COC1=CC=C2N(CCCC2=C1)C(=O)C1=CC2=CC=C(C)C=C2N=C1C,0
CC1=C(N=C(O1)C1=CC=CC=C1)C(=O)N1CCCC2=CC(C)=CC=C12,0
FC1=CC=CC=C1CN1CCC(CC1)NC(=O)C1(CC1)C1=CC=CC(Cl)=C1,0
CCN(CC1=CC=CC(F)=C1)S(=O)(=O)C1=CC=C2CCCC2=C1,0
COC1=CC=C(OCC2=NC(CNC3=CC=NC=C3F)=CS2)C=C1,0
CN1CCN(C2=CC=CC=C12)S(=O)(=O)C1=CC=C(C)C(F)=C1,0
CN1N=C(C(C)=C1NC(=O)C1=NN2C(=N1)N=CC=C2C)C(F)(F)F,0
CC(=O)NCC1=NC2=CC=CC=C2N1CC1=CC=CC=C1Cl,0
CC1=C(C)C2=CC(=CC=C2N1)C(=O)N1CCN(CC2=CC=CC=C2)CC1,0
ClC1=CC=C(CC2=CN=C(NC(=O)C3=CN=CC=N3)S2)C=C1Cl,0
C(CC1=CC=NC=C1)N1CCC(CC1)N1CCCCC1,0
CC(C)C1=NOC(NC(=O)CSC2=NN=CN2CC2=CC=CO2)=C1,0
NC1=C(C(=O)CSC2=NNC(=O)N2CC2=CC=CC=C2)C(=O)NC(=O)N1C1CC1,0
CC1=NN(C(C)=C1)C1=CC=C(CNC(=O)C2=CC=CN=C2N2CCCC2)C=N1,0
CC(C1CC1)N(C1CC1)C(=O)C1=CC=C(C=C1)S(C)(=O)=O,0
COC1=CC=C(Cl)C=C1C(=O)NC1CCN(CC2=CC=CC=N2)CC1,0
ClC1=CC=CC(CN2CCN(CC2)C(=O)C2COC3=CC=CC=C3O2)=C1,0
ClC1=CC=C(CN2CCCN(CC2)C(=O)NC2=CC=CC(Cl)=C2)C=C1,0
CCOC1=CC=C2N=C(NC(=O)C3=CN(CC4=CC=CC=C4)N=C3)SC2=C1,0
N#CC1=CC=CN=C1NCCN1CCN(CC1)C1=CC=CC=C1,0
CC1=CN=C(NC(=O)C2=CC=C3NC(=O)COC3=C2)S1,0
CC(N1CC(C2=CC=CC=C2)C2=CC=CC=C2C1)C(N)=O,0
CN1C=C(CNC2=NN=C(O2)C2=C(C)OC=C2)C(=N1)C1=CC=CC=C1,0
Cl.N[C@H]1CCN(C1)C(=O)CC1=COC(=N1)C1=CC=C(Cl)C=C1,0
C(N1CCC(CC1)NC1=NC2=CC=CC=C2O1)C1=CC=CC=C1,0
O=C1N(CC2=NOC(=N2)C2=CC=CS2)N=NN1C1=CC=CC=C1,0
COC1=CC=C(Br)C=C1CN(C)C(=O)C1CCN(CC1)C(=O)C1CC1,0
CC(C1CC1)N1N=CC=C1NCC1=CN=C(S1)C1=CC=C(C)C=C1,0
FC(F)(F)C1=CC(=CC(NC(=O)CN2C(=O)C3C4CC(C=C4)C3C2=O)=C1)C(F)(F)F,0
COC1=CC(F)=CC=C1NC(=O)CN1C(=O)C2CCCCC2C1=O,0
FC1=CC=CC(N2CCCC2)=C1NC(=O)C1=NN(C=N1)C1=CC=CC=C1,0
CC(CC1=CC=CC=C1)C(=O)N1CCN(CC1)C1=C2C=NN(C)C2=NC=N1,0
NC(=O)[C@@H]1CC2=CC=CC=C2CN1CC1=CC=C(C=C1)C(N)=O,0
OC(=O)C1=CC=C(NC(=O)CN2N=CC3=CC=CC=C23)C=C1Cl,0
CN(C(C)=O)C1=CC=C(OCC2=NC(C)=C(O2)C2=CC=C(Cl)C=C2)C=C1,0
CC(C)C1=NC(NCCC2=NN=C3C=CC=CN23)=NC(=N1)N(C)C,0
CC(C)NS(=O)(=O)C1=CC=CC(CNC(=O)C2CC3=CC=CC=C3O2)=C1,0
CC1=C(CC(=O)NC2CCN3CCCCC23)N=C(O1)C1=CC=CC=C1,0
CN1CCN(C(C1)C1=CC=CC=C1)C(=O)C1=CC(=NN1)C1=CC=C(Cl)C=C1,0
CN(C)C1=CC=C(NC(=O)NC2=CC=CC(C)=C2)C=N1,0
CCN1CCN(CC1)C1=CC(C)=NC2=C(C(C)=NN12)C1=CC=CC=C1,0
FC1=CC=C(C=C1)C1=CC=C(S1)C(=O)NC1CCN(CC1)C(=O)C1CC1,0
O=C(NCC1=CC=C(C=C1)C(=O)N1CCCCC1)C1CC2=CC=CC=C2O1,0
CN1C2CCC1CN(CC2)C(=O)NCC1=CN(N=C1)C1=CC=CC=C1,0
CC(C)C1=CC=C(C=C1)S(=O)(=O)N1CCN(C)CC1,0
O=C(C1CN(C2CC2)C(=O)C1)N1CCN(CC1)C1=CC=C(C=N1)C#N,0
COC1=CC=C(C=C1)C1=NOC(CNC2=CC(Cl)=CC=C2OC)=C1,0
ClC1=CC=C2NC(CN3CCN(CC(=O)NC4CC4)CC3)=NC2=C1,0
OCC1CCCN(C1)C1=C2C=C(SC2=NC=N1)C1=CC=CC=C1,0
O=C(C1CCCC1)N1CCN(CC2=CSC3=CC=CC=C23)CC1,0
[O-][N+](=O)C1=CC=CC(=C1)N1C=CC(=N1)C(=O)NC1=CC2=NNC=C2C=C1,0
N#CC1=CC=C(NCC2=NC(=NO2)C2=CSC=C2)C=C1,0
CC1=NN(C(C)=C1)C1=CC=C(NC(=O)CC2=CN3C=CSC3=N2)C=N1,0
FC1=CC=CC=C1CNC(=O)N1CCC2=CC=CC=C2C1,0
O=C(CCC1=CNC2=CC=CC=C12)N1CCC(C1)N1CCOCC1,0
CC1CCCN(C1)C(=O)NC1=CC=C2CCCC2=C1,0
COC1=CC=C(C=N1)N(C)C(=O)C1=CC=C(NC(=O)C2CC2C)C=C1,0
COC1=CC=C(NC(=O)C2=CC(Cl)=CC(Cl)=C2)C=N1,0
COC1=CC=C(C=C1OC)C1=NC2=CC=CC=C2N1CC(C)=C,0
CC1=CC=CC(=C1)C1=NN=C(SCC2=CC=CC(F)=C2F)N1CC(N)=O,0
FC1=CC=C(CC2=NN=C(NS(=O)(=O)CC3=CC=CC=C3)N2)C=C1,0
CC1=CC=C(C=C1)C1=NOC(CN(CC2=CC=CO2)CC2=CC=CO2)=N1,0
CCS(=O)(=O)C1=CC=CC=C1C(=O)NC1=CC=C(C=N1)C1=CC=CC=C1,0
O=C(CN1C(=O)N(C2=CC=CC=C12)C1=CCCCC1)NC1CCCC1,0
CC(NC(=O)C1CN(C2CCCC2)C(=O)C1)C1=CC=C(Cl)C=C1Cl,0
C(NC1=NC2=CC=CC=C2O1)C1=NN=CN1C1=CC=CC=C1,0
CC(NC(=O)CC1=CNC2=CC=CC=C12)C1=CC2=CC=CC=C2O1,0
COC1=CC=CC=C1C1=NOC(CN2N=CC=C2C2=CC=NC=C2)=N1,0
FC1=CC=CC(CC(=O)NC2CCN(CC3=CC=CC=C3)C2)=C1,0
COC1=CC=C2C(CC(=O)N3CCC(CC(N)=O)CC3)CCCC2=C1,0
NC(=O)C1=CC(Cl)=CC=C1OCC1=CN2C=C(Cl)C=CC2=N1,0
FC1=CC=C2N=C(NC(=O)C3=CC=CC=C3C(=O)C3=CC=CC=C3)SC2=C1,0
OC1=CC=CC=C1C(=O)N1CCN(CC1)C(=O)C1=CC(Cl)=CC=C1O,0
CC1=CC=C(C=C1)S(=O)(=O)N1CCCN(CC2=CC=CC=N2)CC1,0
OC12CC3CC(C1)CC(C3)(C2)C(=O)N1CCN(CC1)S(=O)(=O)C1=CC=CC=C1,0
ClC1=CC(Cl)=C2CN(CCC2=C1)C(=O)[C@H]1CCC(=O)N1,0
COC1=CC=CC=C1C1=NN=C(SCC2=CC(=O)OC3=CC(O)=CC=C23)N1C,0
FC1=CC=C(C=C1)C1=NOC(CCC(=O)NC2=CC=CC(Cl)=C2N2CCOCC2)=N1,0
COC1=CC=C(CCN(C)C(=O)C23CC4CC(CC(C4)C2)C3)C=C1OC,0
O=C1C(CCN1C1=CC=C(C=C1)C#N)N1CC2CN3CCCCC3C2C1,0
O=C(N1CCC(CC1)C1=NC2=CC=CC=C2N1)C1=CC=C2NC(=O)CCC2=C1,0
CN1N=CC2=C(NCC3=NOC(=N3)C3=CC=CC=C3F)N=CN=C12,0
CC1=CC=C(CNC2=CC=C(C=N2)N2CCC(CO)CC2)O1,0
COC1=CC=C(C=C1)C1CCCN1CC(=O)N1CCC2=C(C1)C1=CC=CC=C1N2,0
O=C(N1CCCN(CC1)C1=CC=CC=C1C#N)C1=CC=C2CCCC2=C1,0
OC1CCN(CCC2=CC=C(NC(=O)C3=CSC=N3)C=C2)CC1,0
CC1CCC2=C(C1)SC=C2C(=O)N1CCN(CC1)C(=O)C1CC1,0
CC1=NN2C(N=C(C)C=C2NCC2=CC=CC=C2)=C1C1=CC=C(C)C=C1,0
CCC(N1CCN(CC1)C(=O)C1=CC(=CN1)C(N)=O)C1=CC=CC=C1,0
FC(F)(F)C1=CC=C(C=C1)C(=O)N1CCC(CC1)C(=O)NC1CCCCCC1,0
COC1=CC=C(N2C(=O)CC(N3CCC(CC3)C(=O)NC3=CC=CC=C3)C2=O)C(OC)=C1,0
NC(=O)C1CC(O)CN1CC1=COC(=N1)C1=CC=CC(Cl)=C1,0
CC1=NN2C(=C1)N=CC(C(=O)NC1CCOC3=CC=CC=C13)=C2C,0
O=C(CCC1=NC2=CC=CC=C2N1)N1CCN(CC1)C1=CC=CC=N1,0
CN(C(C1=CC=CC=C1)C1=CC=CC=C1)C(=O)C1CCN(CC1)C(=O)C1CC1,0
CC(C)CN(C)C1=CC=C(C=C1)C(=O)NC1CCOC2=CC=CC=C12,0
O=C(C1CC(=O)NC2=CC=CC=C12)N1CCC(CC1)C1=CC=CC=C1,0
O=C(CCN1CC(C2=CC=CC=C2)C2=CC=CC=C2C1)N1CCCCC1,0
CC(C)C(=O)NC1CCN(CC1)C1=CC=NC2=CC(Cl)=CC=C12,0
CC1=C(SC=C1)C(=O)N1CCN(CC1)C1=CC=CC(Cl)=C1,0
ClC1=CC=CC=C1C(=O)NC(C1=CC2=CC=CC=C2O1)C1=CC=CC=C1,0
CC(NC(=O)C1CCC(=O)N1)C1=CC=C(C=C1)C1=CC=CC=C1,0
CC1=CSC(SCC2=NN=NN2C2=CC=CC=C2)=N1,0
CN1CCN(C(C1)C1=CC=CC=C1)C(=O)C1=CC=CC(=C1)S(C)(=O)=O,0
CC(C)CN1CCC(CC1)NC(=O)NC1CCC2=CC=CC=C12,0
CC1=CC=C(C=C1C)S(=O)(=O)N1CCCC(C1)C1=NC=CN1,0
CC1=CC2=NC(=CN2C=C1)C(=O)NC1=CC(=CC=C1F)S(C)(=O)=O,0
CC1=C2C(NC=C2C2=CCN(CC2)C(=O)CCC2=CC=CC=C2)=CC=C1,0
CC(C)CC1=NOC(CN2C3=CC=CC=C3N=C2C(F)(F)F)=N1,0
CN1C(SC2=C3C(SC=C3C3=CC=CS3)=NC(C)=N2)=NN=C1C1=CC=CN=C1,0
CN1C=C(C=N1)C1=NC(=CS1)C(=O)N1CCCC1C1=CC(C)=NO1,0
FC1=CC=C2NC(C(=O)N3CCN(CC3)C(=O)C3=CC=CC=C3)=C(Cl)C2=C1,0
CC(N1CCC(CC1)C1=C(C)NC2=CC=CC=C12)C(N)=O,0
FC1=CC(NC(=O)C2=CN=CC=N2)=CC=C1NCC1CCCO1,0
CC(=O)N1CCN(CC(=O)N2CCN(CC2)C(C2=CC=CC=C2)C2=CC=CC=C2)CC1,0
FC1=CC=C(C=C1)N1CCC(CC1)NCC1=CN2C=CC=CC2=N1,0
O=C(C(CC1=CC=CC=C1)NC(=O)C12CC3CC(CC(C3)C1)C2)N1CCC1,0
C(N1C=C(NC2=NN3N=NN=C3C=C2)C=N1)C1=CC=CC=C1,0
OC1CC(CNC(=O)C2(CCCC2)C2=CC=C(F)C=C2)N(CC2=CC=CC=C2)C1,0
N#CC1=CC=C(C=C1)C1=CSC(NC2CCCCC2)=N1,0
CC1=CC=CC=C1N1CCN(CC1)C(=O)C1=CC=C(Cl)C=C1,0
CC(OC1=CC=C(NC(C)=O)C=C1)C(=O)N1CCN(CC1)C1=CC=CC=C1,0
CC(N1CCC(=CC1)C1=CNC2=CC=CC(C)=C12)C(=O)NC1CC1,0
ClC1=CC=C(CN2N=NN(C2=O)C2=CC=CS2)S1,0
OC1=CC=C(CCC2CCN(CC2)C(=O)C2=NNC3=CC=CC=C23)C=C1,0
COC1=CC=C(C=C1OC)C1=C2N=C(C)C=C(N2N=C1C)N1CCN(CC(C)=C)CC1,0
FC(F)(F)C1=CC=CC(=C1)S(=O)(=O)N(C1CC1)C1CCCCC1,0
COC1=CC(=CC(OC)=C1)C(=O)NC1CCCN(C1=O)C1=CC=CC=C1,0
CC1=CSC2=NC(C)=NC(N3CCC(CC3)NCCO)=C12,0
CN(C1CCCCC1N(C)C(=O)C1=CC=C2OCCC2=C1)C(=O)C1=CC=C2OCCC2=C1,0
COC1=CC=C(CN(C)CC2=C(N=C3C=CC=CN23)C2=CC=CC=C2)C=C1OC,0
ClC1=CC=C(NC(=O)N2CCN(CC2)C2=NC3=CC=CC=C3C=C2)C=C1,0
FC1=CC2=C(N=CN=C2C=C1)N1CCC(CC2=CC=CN=C2)CC1,0
COC(=O)C1=CC=CC=C1NCC1=NN(C=C1)C1=CC=CC=C1,0
CC1(C)NC(=O)N(CCCN2CCN(CC2)C2=CC=C(F)C=C2)C1=O,0
O=C(NCC1=NC=CC2=CC=CC=C12)C1=CN=CC=N1,0
CC1=CC=CC(NC(=O)C2=CC=C3NC(=O)COC3=C2)=C1,0
CN(C)C(=O)C1=CC=CC(NC(=O)C2=C(C)N=C(S2)C2=CC=CC(Cl)=C2)=C1,0
CCN1CCC(NC2=CC=CC3=C2OCCO3)C(C)C1,0
O=C(N1CCC(CC2=CC=CC=C2)CC1)C1=CC=C2NC=NC2=C1,0
FC(F)(F)C1=CC=CC(=C1)C(=O)N1CCN(CC2=CC=C3OCCOC3=C2)CC1,0
CN(CCN1C=NN=C1)C1=NC2=CC=CC=C2C(C)=C1,0
O=S(=O)(NC(C1CC1)C1CC1)C1=CC=C(C=C1)C1=CC=CC=C1,0
[O-][N+](=O)C1=CN=C(SC2=NN=C(O2)C2=CC=CC=C2Cl)N=C1NC1CC1,0
CC(C)NC1=CC(C)=NC2=C(C(C)=NN12)C1=CC=C(Cl)C=C1,0
CC(C)CCN1C(=NC2=C1C(=O)NC(=O)N2C)N1CCN(CC1)C1=CC=CC=C1,0
N#CC1=CC=CN=C1NC1CCN(CC2=CC=NC=C2)CC1,0
CC(=O)NCC1CCCN(C1)C1=CC=C(C=N1)C#N,0
FC(F)(F)C1=CC=C(CCNC(=O)C2CCCN2C(=O)C23CC4CC(CC(C4)C2)C3)C=C1,0
COC(=O)C1=C(C)OC(=C1)C1=NC2=C(F)C=CC=C2N1C1CC1,0
COC1=CC=C(C=C1)C1=CN=CC(=C1)C(=O)NC1=CC=C(F)C(F)=C1F,0
CC(C)(C(=O)N1CCN(CC1)C1CCCCNC1=O)C1=CC=CC=C1,0
CCN(C(=O)CN1CCC(CC1)NC(=O)C1=CC=CC=C1)C1=NC2=CC=CC=C2S1,0
COC1=CC=C2NC=C(C2=C1)C1=CCN(CC1)C1=NC=CC=N1,0
CC1=NN=C2CCC(CN12)NC(=O)C1=CC=C(O1)C1=CC=CC=C1F,0
CN(CC1=NC=C(O1)C1=CC=CC(F)=C1)C1CCS(=O)CC1,0
FC1=CC=CC(N2CCN(CC2)C(=O)CC2CCCCC2)=C1C#N,0
CC1=CC=C(C)C(CS(=O)CC2=CN3C=CC=CC3=N2)=C1,0
CCOC(=O)CN(C(=O)C1=CN=C(S1)C1=CC=CC=C1)C1=CC=CC=C1F,0
CC(=O)N1CCC(CC1)NC(=O)C1=C(C)ON=C1C1=CC=C(F)C=C1,0
Cl.C(NC1CCCCCC1)C1COC2=CC=CC=C2O1,0
CC(C)(C(=O)N1CCN(CC1)C1=NC=CS1)C1=CC=CC=C1,0
CN1C(C)=CC(=C1C)C1=CSC(CC(=O)NC2=CC=CC(C)=C2)=N1,0
FC(F)(F)C1=NN(CC(=O)NC2=CC=CC3=C2CCCC3)C=C1,0
CC1CCCCN1C(=O)CN1C(=O)COC2=CC=C(Cl)C=C12,0
ClC1=CC=C(CC(=O)NC2=CC=C3OCCC3=C2)C(Cl)=C1,0
O=C(NCC1=CC=C(C=C1)C(=O)N1CCCCC1)C1COC2=CC=CC=C2O1,0
O=C(C1CN(C2CCCC2)C(=O)C1)N1CCC2=CC=CC=C2C1,0
CCC1=CC=CC2=C(NC3CCN(CC3)C(C)=O)C(=CN=C12)C#N,0
CC1=NC2=CC=CC=C2C(N2CCC(CC2)N2CCCNC2=O)=C1C,0
CCC1=NC2=CC=CC=C2C(C(=O)NC2=CC=C(OC3=NC=CC=N3)C=C2C)=C1C,0
CC1=CC(NC(=O)N2CCC(C(F)(F)F)C2(C)C)=CC=C1OC1=CC=CN=C1,0
O=C(CN1CCCN(CC1)C1=CC=CC=C1C#N)N1CCNC1=O,0
CCN1C(NC(=O)C2=CC(C)=NC3=CC(F)=CC=C23)=NC2=CC=CC=C12,0
CC1=NC2=CC=CC=C2N1CCN1N=NC(=N1)C1=CC=C(C=C1)C(N)=O,0
ClC1=CC=C(CN2C(=NC3=CC=CC=C23)C2CCCO2)C=C1,0
FC1=CC(=CC=C1Cl)N1CCC(NC2=NC=CC=N2)C1=O,0
O=C(NCC1=CC=C(CN2CCCCC2)C=C1)C1=CC=CC2=NC=CC=C12,0
COC(=O)C1=CC(F)=CC=C1CSC1=NN=C(N1C1CC1)C1=CC=CN=C1,0
COC1=CC2=NC(NCC3=CC=C(C)N=C3)=NC(N)=C2C=C1OC,0
CCC1=CC(NC(C)C2=CC=C(C=C2)N2C=CN=C2C)=NC(=N1)C1=CC=CC=N1,0
COC1=CC=CC=C1NC(=O)C1CCCN(C1)C(=O)CC1=CC=CC=C1,0
CCN1C(SCC2=NC(C)=C(C)S2)=NN=C1C1=CC=CC=C1,0
CC(NCC1CNC2=CC=NN2C1)C1=C(C)C2=CC=CC=C2O1,0
FC1=CC=C2C(NC=C2C2=CCN(CC2)C(=O)CNC2=CC=CC=C2Cl)=C1,0
CCC1COCCN1C(=O)NC(C)C1=CC=CC=C1N1C=CC=N1,0
ClC1=CN=CC=C1C(=O)NCC1=NN=CN1C1=CC=CC=C1,0
C1CC2=CC=CC=C2CN1C1=NN=C(S1)C1=CC=CC=C1,0
CN1C(=O)N(CC(=O)NC2=CC=C(C=C2C(F)(F)F)N2C=CN=C2)C2=CC=CC=C12,0
CC(N1CCN(CC2=CC=C(C=C2)C(N)=O)CC1)C1=CC=C(F)C=C1F,0
FC1=CC=C(NC(=O)CC2=CSC3=NC(=CN23)C2=CC=CC=C2)C=C1,0
Cl.COC1=CC=C(C2=CC(=NO2)C(=O)N2CCC(N)C2)C(F)=C1,0
CC1=NN(C(C)=C1)C1=CC=C(CC(=O)NC2=CC=CC=N2)C=C1,0
O=C(C1CCN(CC1)S(=O)(=O)C1=CC=C(C=C1)C1CCCCC1)N1CCCC1,0
FC1=CC=CC=C1CC(=O)NC1=CC=C(OC2=NC=CC=N2)C=C1,0
CCOC1=CC=CC2=C1OCC(=C2)C(=O)NCC1CCCO1,0
CN1N=C(C)C2=CC(NC(=O)C3=CC4=C(F)C=CC=C4S3)=CN=C12,0
CCC1=CC=C(C=C1S(=O)(=O)N1CCOCC1)C(=O)NCC1=CC=C(C)C=C1,0
CC1CCN(CC1)C(=O)C1=C2NC(C)=C(C)C2=CC=C1,0
FC1=CC=C(CN2CCCN(CC3=CN(N=C3)C3=CC=CC=C3)CC2)C=C1,0
CN1C(=O)OC2=CC(=CC=C12)C1=CSC(NC2=CC(C)=CC=C2)=N1,0
CC1=CC=CC(NC(=O)CC2=COC3=C(C)C(C)=CC=C23)=C1,0
CC(C)CN1C=CC2=CC(NC(=O)C3CCC3)=CC=C12,0
ClC1=CC=CC=C1OCCN1CCN(CC1)C1=C2C=CSC2=NC=N1,0
COC1=CC=C2N(C3CCCC3)C(C)=C(C(=O)N3CC[C@H](O)C3)C2=C1,0
CC1=C(C=NN1C1=CC=CC=C1C)C(=O)N1CCCC1C1=NN=C2C=CC=CN12,0
COC1=CC=C(C=C1OC)C1=NC(=CS1)C(=O)NCC1CCOC1,0
CC1=CC=C(C)C(NC(=O)CSC2=NC=CN(C3=CC=CC=C3)C2=O)=C1,0
CC1=CC=CN=C1CNC(=O)C1=CN(N=C1)C1=CC=C(F)C=C1F,0
CNC(=O)C1=CC=C(CN2CCCN(C(C)=O)C3=CC=CC=C23)C=C1,0
CC(N1CCN(CC1)C(=O)C1CC1)C(=O)NC1=CC=C(Cl)C=C1,0
O=C(CC1=CC=C2CCCC2=C1)NC1CCCCCC1,0
CC1=NC(=NO1)C1=CC=C(OC2=C(N3C=CC=CC3=N2)[N+]([O-])=O)C=C1,0
COC1=CC=C(NC(=O)CC2=CC=CC=C2Cl)C=C1N1CCCCC1=O,0
NC1=NC=CN=C1C(=O)NC1=NN=C(SCC2=CC=C(F)C=C2)S1,0
COC1=CC=C(OC)C(CN2CCN(CC2)C(=O)C2=CC(=NN2)C2=CC=C(C)C=C2)=C1,0
CC(=O)N1CCCN(CC1)C(=O)C1=CC=C(C=C1)C1=NC(C)=NO1,0
NC(=O)[C@@H]1CC2=CC=CC=C2CN1CCCC1=CC=CC=C1,0
CN(C)C(=O)N1CCN(CC2=CN(N=C2)C2=CC=C(F)C=C2)CC1,0
NC(=O)CC1CCN(CC1)C1=CN=CC(OCC2=CC=CC=C2)=N1,0
COC1=CC=CC=C1C(C)N(C)C(=O)C1=CC2=CC=CC=C2S1,0
CC(C)CC1=NN=C(NC(=O)CC2=CSC(=N2)C2=CC=CC=N2)S1,0
CC(NC(=O)C1=CC=C(C=C1)N(C)C)C1=C(C)N(N=C1)C1=CC=C(F)C=C1,0
O=C(NCC1(CCCCC1)N1CCOCC1)C1=CC=CC2=CC=CN=C12,0
FC1=CC=CC=C1N1C=CC(=N1)C(=O)NC1=CC=C(C#N)C(Cl)=C1,0
CC(C)N1N=CC2=CC(CN[C@@H]3CCC(=O)N[C@H]3C3=CN(C)N=C3)=CN=C12,0
FC(F)(F)C1CCCN(C1)C(=O)NC1=CC=CC(=C1)C#N,0
CC1=CC=C(N=C1)N(C1CCCCC1)C(=O)C1=CC(=CC=N1)N1C=CC=N1,0
COC1=CC=C(OC)C(=C1)C(=O)NCC1COC2=CC=CC=C2O1,0
CN1N=C(C)C=C1NC(=O)C1=CC=C(O1)C1=CC=CC(=C1)C(F)(F)F,0
CC1=CC=CC(NCCN2CCN(CC2)C2=NC=CC=N2)=N1,0
CC1=CC=C(CC(=O)N2CCN(CCC(N)=O)CC2)C=C1,0
CC1=C(SC(NC(=O)C2=NC=CN=C2N)=N1)C1=CC=CC=N1,0
CC1=CC=CC(=N1)C(=O)N1CCC(CC1)C1=NC2=CC=CC=C2N1,0
FC1=CC=CC(=C1)C1=NOC(=C1)C(=O)NC1=CC=C(Cl)C=C1Cl,0
CC1=C2C(=C(NC(=O)CN3CCN(CC3)S(=O)(=O)C3=CC=C(Cl)C=C3)O1)C(=O)NN=C2C,0
CCOC1=CC=C(C=C1)S(=O)(=O)N1CCCCCC1,0
COC1=CC=C(C=C1)C1C(CC(=O)N1C1CC1)C(O)=O,0
CCOC1=CN(N=C1C(=O)NC1=CC=CC(CS(C)=O)=C1C)C1=CC=CC=C1,0
CCOC1CC(O)C11CCN(CC1)C(=O)C1=CNC2=CC=CC=C12,0
COC(C)C1=CC=CC(NCC2=NC(=NO2)C2=CC=CC(Cl)=C2)=C1,0
O=C(NC1=NN(CCC2=CC=NC=C2)C=C1)C1=CC=CC=C1N1C=NN=N1,0
CN(C(=O)C1CCN(CC1)C(=O)C1=CC=CC=C1C)C1=CC=CC=C1,0
CCC1=CC2=C(N[C@@H]3CCCC[C@H]3CO)N=CN=C2S1,0
CN1C=CN=C1C1=CC(NC(=O)C2=NC(C)=NC=C2Cl)=CC=C1,0
COC1=CC=C(Cl)C=C1NC(=O)C(C)N1CCC(CC1)C1=CNC2=CC=CC=C12,0
O=C(NC1=CC2=CC=CN=C2C=C1)C1CCCN(C1)C1=NC=CC=N1,0
COC1=CC=C(CN(C2CC2)C(=O)C2=CSC(NC(C)=O)=N2)C=C1,0
COC1=CC=C(C=C1)C1CCCN1C(=O)C1=CC2=C(CCC2)S1,0
ClC1=CC=CC(=C1)C1=CN=C(CN2C=NC(=N2)C#N)O1,0
CC(O)CNC1=C2SC(=CC2=NC=N1)C1=CC=C(Br)C=C1,0
FC(F)CN1CCC(CC1)NC(=O)CC1=CC=C(Cl)C(Cl)=C1,0
CCN(C(=O)C1=C(C)N2N=C(C)C=C2N=C1)C1=CC=CC=C1,0
FC1=CC=C(OCC2=NC(CS(=O)(=O)CC3CCCO3)=CS2)C=C1,0
OC1CCN(C1)C(=O)NC1=CC=C(OCC2=CC=CC=C2Cl)C=C1,0
OC(=O)C(CC1=CNC2=CC=CC=C12)NC(=O)C1=CC=C2NC(=O)CCC2=C1,0
CCOC1=CC=CC=C1C(=O)N1CCN(CC1)C1CC1,0
COC1=CC=C2N(CCCC2=C1)C(=O)C1=CC=C2NC(=O)COC2=C1,0
COC1=CC=CC(=C1)N1C(=O)CC(N2CCC(CC3=CC=CC=C3)CC2)C1=O,0
CC1CN(C(=O)C2=CC=CC=C2Cl)C2=CC=CC=C2NC1=O,0
CCN1C=C(C#N)C(=O)N(CC2=NN=C(N2C)C2=CC=CC=C2)C1=O,0
CC1(C)CN(CCO1)C(=O)C(CC1=CC=CC=C1)N1C=NN=N1,0
O=C(NC1CCCNC1=O)C1=NC2=CC=CC=C2N=C1,0
CC1=C(C(=O)N2CCC(CC(N)=O)CC2)C(=NO1)C1=C(F)C=CC=C1Cl,0
CCC1=NN2CCCC(NC3=NC(=NO3)C3=CC=CC(OC)=C3)C2=N1,0
CN1CCN(CC1)C1=CC(C)=NC2=C(C=NN12)C1=CC=CC=C1Cl,0
CCC1=CC=CC=C1NC(=O)CN1CCCCCC1=O,0
COC1=CC=C(C(=O)NC2=C(C)N(N=C2)C2=CC=CC(Cl)=C2)C(F)=C1,0
O=C(N1CCCCC1)N1CCN(CC1)C1=NC2=CC=CC=C2O1,0
NS(=O)(=O)C1=CC=C(CNC2=NC3=CC=CC=C3S2)C=C1,0
CCN(CC1=CC=C2OCCOC2=C1)C(=O)C1=CC=C(OC2=CC=CC=C2)N=C1,0
BrC1=CC=CC=C1C(=O)NCC1=CC=CC=C1CN1C=NC=N1,0
O=S(=O)(CC1CC1)CC1=NN(C2=C1CCC2)C1=CC=CC=C1,0
NC(=O)CC1CCN(CCN2CCCC3=CC=CC=C23)CC1,0
CC1=CC=CC=C1C(=O)NC1CCN(CC1)C(=O)C1=NNC2=CC=CC=C12,0
CN1N(C(=O)C(NC(=O)C2=CC=C(CN3CCCCC3)C=C2)=C1C)C1=CC=CC=C1,0
ClC1=CC=CC=C1OC1=C2C=CSC2=NC=N1,0
CC1=CC=C(C=C1)S(=O)(=O)N1CCC(CC1)NC(=O)C1(CCC1)C1=CC=CC=C1,0
CCN(CC)S(=O)(=O)C1=CC(=CC=C1C)C(=O)N1CCC(C)C2(CCC2)C1,0
CN(C(C)=O)C1=CC=C(NC(=O)C2=CC=C(S2)C2=CC(Cl)=CC(Cl)=C2)C=C1,0
CC1=NN(C(C)=C1C(=O)N1CCCC(C1)C(N)=O)C1=CC=CC=C1,0
CN(C(=O)C1=CC=NC=C1Cl)C1=CC=C(N=N1)C1=CC=CC=C1,0
COC1=CC=CC=C1N1C=CN=C(NCC2=CC=CC=C2Cl)C1=O,0
CN1N(C(=O)C(NC(=O)C2=NN(C)C(=O)C3=CC=CC=C23)=C1C)C1=CC=CC=C1,0
O=C(CCC1CCCC1)N1CCN(CC1)C(=O)C1=NNC2=CC=CC=C12,0
CCOC1CC(N(C)C(=O)C2=CSC(=N2)C2=CC=CC=C2F)C1(C)C,0
COCC1=CC=CC=C1C(=O)NC1=NN(CC2=CC=CC=N2)C=C1,0
O(C1=CC=CC=C1)C1=C2C=NN(C2=NC=N1)C1=CC=CC=C1,0
COC1=CC=C(C=C1)C1=C(C)SC(NC(=O)C2=CC=C(C=C2)C(=O)N(C)C)=N1,0
COCC1=CC=C(C=C1)C(=O)N1CCCC1C1=CC=C2OCCOC2=C1,0
BrC1=CC=C2NC(=CC2=C1)C(=O)N1CCN(CC1)C1=CC=CC=C1,0
CCOC1=CC=CC(=C1)C1CC1NC(=O)C1=CC=C(OCC2CCCO2)C=C1,0
CN(CC1=CC=NC=C1)C(=O)C1=CC=C2NC3=C(CCCC3)C2=C1,0
CC1CC(=O)NC2=CC=CC=C2N1C(=O)C1=CC=C(Cl)C=C1,0
CS(=O)(=O)C1=CC=C(NC(=O)N2CCCCCC2)C=C1,0
CN(C1CCN(CCC2=CC=CC=N2)CC1)C(=O)C1=CC2=CC=C(C)C=C2N1,0
COC1=CC=C2C=C(NC2=C1)C(=O)N(C)C1CCCCCC1,0
COC1=CC=C(C=C1)C(=O)N1CCCC1C1=NN=C2C=CC=CN12,0
CC1=CC=C(CCC2CCN(CC2)C(=O)NC2CC2)C=C1,0
CC1=CC=C2OC(=CC2=N1)C(=O)NC1=CC=CC(=C1)N1C=CN=C1,0
O=C(OCC1=NOC(=C1)C1=CC=CS1)C1=NNC(=O)C2=CC=CC=C12,0
FC1=CC=C(C=C1)C1=NC(CN2N=NN(C2=O)C2=CC=CC=C2)=NO1,0
O=C(N1CCC2=C(C1)C1=CC=CC=C1N2)C1=CC=CN=C1,0
O=C(NC1CCN(CC2=CC=CC=C2)C1)C1=CC=CC2=C1OCCO2,0
COC1=CC=C(C2=NN=C(N2)SC2=NC3=CC=CC=C3O2)C(OC)=C1,0
FC1=CC=C(C=C1)C1=CC(=NN1)C(=O)NCC1=NN(CC2=CC=CC(F)=C2)C=N1,0
O=C(CN1CCCCCCC1=O)NC1CC1C1=CC=CC=C1,0
CCC1=C(C=NN1C1=CC=C(C)C=C1)C(=O)NC1=CC=CC(=C1)N1C=NN=C1C,0
CC(C)CC1=NOC(CN2C=CC3=C(C=CO3)C2=O)=N1,0
CC1=C(N=C(NC(=O)CC2CCC=C2)S1)C1=CC=C(F)C(F)=C1,0
CC1=C(CNC2=NN=C(CC3=CC=C(F)C=C3)O2)OC=C1,0
CC1=C(CNC2=CC=CC(CN3CCCC(C3)C(N)=O)=C2)SC=N1,0
CCC1=NC2=CC=CC=C2N1C1CCN(CC1)C(=O)NC1CC=CC1,0
COC(=O)C1=CC(NC(=O)C2=C(C)N(N=C2)C2=CC=CC(Cl)=C2)=C(F)C=C1F,0
CC(C)N1CCCN(CC1)C(=O)[C@@H]1CC2=CC=CC=C2N1C(C)=O,0
CN1CCC(CC1)NC(=O)N1CCCC2(CCCCC2)CC1,0
CN1N=C(C(=O)OCC2=C(C)OC(=N2)C2=CC=CC=C2)C2=CC=CC=C2C1=O,0
CN1CCC(CC1=O)C(=O)NC1=NC(=C(S1)C1=CC=CC=C1)C1=CC=CC=C1,0
O=C(NCCC1=NN=CN1)C1=CC=C2NC3=C(CCCC3)C2=C1,0
CC(NC(=O)CC1=CNC2=CC=CC=C12)C1=NN=C2CCCCCN12,0
CCS(=O)(=O)C1=CC=CC=C1C(=O)NCC1CC2=CC=CC=C2O1,0
NC(=O)COC1=CC=CC(=C1)C(=O)NC1=NC(=CS1)C1=CC=C2CCCCC2=C1,0
CN(C1C2CC3CC(C2)CC1C3)C(=O)C1=CC=CC=C1,0
Cl.NCC1CCCN1C(=O)C1=NN(C=C1)C1=CC=CC(Br)=C1,0
COCC1=NC=C(C2=NOC(CSC3=CC=C(C)C=C3)=N2)C(N)=N1,0
FC1=CC=C(C=C1)N1C(=O)CC(N2CCN(CC2)C(=O)C2=CC=C(Cl)C=C2)C1=O,0
CN(C(=O)C1=NC=CN2C=CN=C12)C1=CC=C(Br)C(C)=C1,0
CN(C(=O)C1=C2CCCCCN2C(=N1)C1=CC=CC=C1)C1=CC=C(F)C=C1,0
BrC1=CN=CC=C1NC(=O)CN1N=C(C=CC1=O)C1=CC=CC=C1,0
CC1=CC=C2C(CC(=O)NC3CCCCC3)=COC2=C1C,0
COC1=CC=C(NC2=NC(=CS2)C(=O)NC2=CNN=C2)C=C1,0
OC[C@H]1CCCN1C1=NC2=CC=CC=C2C(=C1)C#N,0
FC1=CC=C(C=C1)C1=CC=C(O1)C(=O)NC1=CC=CC=C1C1=CC=NC=C1,0
C(CC1=CC=CC=N1)SC1=NN=C(O1)C1=CC=CS1,0
O=C(N1CCCC1CC1=CC=CC=C1)C1=CC=NC(=C1)N1C=NC=N1,0
O=C(CN1C2=CC=CC=C2OCCC1=O)NC1CCN(CC1)C1CC1,0
CN(C)C1=NC=CC=C1NC(=O)C1=CC=C2C(CC3=CC=CC=C23)=C1,0
COC1=CC(OC)=C(C2=CCN(CC2)S(=O)(=O)C2=CC=C3OCCOC3=C2)C(OC)=C1,0
CC1=CC=C(C=C1)C1=C2N=C(C)C=C(NCC3CCCO3)N2N=C1C(F)(F)F,0
CC1=CC=C(C=C1)S(=O)(=O)N1CCC(CC1)C(=O)NC1=CC=CC=C1N1CCCC1,0
CN1N=CC2=C1CCCC2NC(=O)CC1=COC2=CC(C)=C(C)C=C12,0
CC1CC2=CC=CC=C2N1C(=O)C1CCCN(C1)C(=O)C1=CC=C(Cl)C=C1,0
CC(C)C1=CC=CC2=C(C)C=C(N=C12)N1CCC(CC1)NC(=O)C1CC1,0
CNC1=CC(C)=NC2=C(C(C)=NN12)C1=CC=CC=C1Cl,0
CCC1=NC2=CC=CC=C2N1CC1=NOC(=N1)C1=C(C)N=CS1,0
O=C(N1CCCC(C1)C1=NC2=CC=CC=C2S1)C1=CC=NC=C1,0
FC1=CC=C(CN(C2CC2)C(=O)CN2C(=O)COC3=CC=CC=C23)C(F)=C1,0
CNC(=O)C1CCN(CC1)C1CC(=O)N(CCC2=CC=CC=C2)C1=O,0
O=C(N1CCCCC2=CC=CC=C12)C1=NOC(=C1)C1=CC=NC=C1,0
O=C(CC1=CC=C2CCCCC2=C1)NC1CCCCC1,0
FC1=CC=C(CC2=NNC(=O)C3=CC=CC=C23)C=C1N1C(=O)CCC1=O,0
CC1(C)C2CCC1(C)C(C2)NC(=O)C1=CC=C(C=C1)N1C=CC=N1,0
FC(F)(F)COC1=NC=CC=C1C(=O)NCC1=CC=C(CN2C=NC=N2)C=C1,0
FC1=CC=C(C=C1)C(=O)NC1CCN(CC2CCCCC2)CC1,0
CC(C)C1=CC=C(CCN2CCC(CC2)C(=O)N2CCOCC2)C=C1,0
COC1=CC=C(C=C1)C1=NOC(CNC2=CC=CC=C2N2C=NC=N2)=N1,0
FC1=CC=C2C(NC=C2C2=CCN(CCN3CCCC3=O)CC2)=C1,0
CC(N(C1CC1)C(=O)C1=NC=CC2=CC=CC=C12)C1=CC=CC(=C1)C(F)(F)F,0
CC1CC2=CC=CC=C2N1C(=O)C1=NOC(=C1)C1=CC=CC=C1Cl,0
CN(C)C1=CC=CC(=C1)C(=O)NC1=NC(=CS1)C1=CC=C(F)C=C1,0
C1CC2(CN1C1=C3C=NNC3=NC=N1)CCCCC2,0
CN1C2=C(N(CCCN3CCCC3=O)C=N2)C(=O)N(C)C1=O,0
CCC1=CC=C(C=C1)C1=NN=C(N1)SCC1=NC2=C(Br)C=C(Br)C=C2C(=O)N1,0
COC1=CC=CC2=C1N(CCC2)C(=O)C1=CN=C(S1)C1=NC=CC=N1,0
COC1=CC=C2C=C(NC2=C1)C(=O)NCC(=O)N1CCCC2=CC=CC=C12,0
CN1N=CC2=C(OC3=CC=CC(Br)=C3)N=C(C)N=C12,0
CCNS(=O)(=O)C1=CC=C(C=C1)C(=O)OCC1=NOC(=C1)C1=CC=CC=C1,0
FC1=CC=C(C=C1)C1(CCCC1)C(=O)N1CCNC(=O)CC1,0
NC(=O)C1CCCN1CC1=CSC(NC2=CC=CC=C2)=N1,0
CCN1C=C(C(=O)NCC2=CC=C(CN3CCOCC3)C=C2)C2=CC=CC=C12,0
CNC(=O)C1=CN(CC2=NOC(=N2)C2=CC=CC=C2)C(=O)C=C1,0
CCCN1C(NC(=O)C2=NN(C(C)=CC2=O)C2=CC=CC=C2Cl)=NC2=CC=CC=C12,0
OC1CCCN(CC2=CSC(=N2)C2=CC=C(F)C=C2)C1,0
CC1=CC=CN2C=C(CS(=O)CC3=C(F)C=CC=C3Cl)N=C12,0
ClC1=CC=CC(Cl)=C1OCCN1CCN(CC(=O)N2CCCCC2)CC1,0
O=C(NC1=CC=C2NN=CC2=C1)C1=CC2=CC=CC=C2N1,0
CC(C)N1CCC(CC1)NC(=O)C1=CN(CC2=CC=CC=C2)C2=CC=CC=C12,0
O=C(NC1CCOC2=CC=CC=C12)C1=CC=C(CC#N)C=C1,0
OC(=O)C1CCCN(C1)C(=O)C1=CC(Cl)=C2OCCCOC2=C1,0
CCCN(CC1=NN=C(O1)C1=CC=CC=C1Cl)C(=O)C1=CC(OC)=C(OC)C(OC)=C1,0
COC1=CC=C(NC2=C3C=NN(C)C3=NC=N2)C=C1NC(C)=O,0
COC1=CC=C(C=C1OC)C1=NC2=CC=CC=C2N1CC=C,0
FC(F)(F)C1=CC=C(CN2CCN(CC2)C(=O)CN2C(=O)NC(=O)C3=CC=CC=C23)C=C1,0
COC1=CC=C(C(=O)N2CCC(CC2)NC(=O)C2CCC2)C(OC)=C1,0
FC1=CC=C(OC2=CC=C(C=C2)C(=O)N2CCC(CC2)C(=O)N2CCCC2)C=C1,0
COC1=CC=CC(CN(C)C(=O)C2=CC3=CC(F)=CC=C3N2)=C1,0
ClC1=CC=C(C=C1)N1CCN(CC1)C(=O)N1CCCCC1,0
COC1=CC(Cl)=C(NC(=O)C2=CC3=CC=C(Br)C=C3N2)C=C1OC,0
O=C(N1CCCC1)C1=CC=C(OC2=CC=CC=C2)C=C1,0
O=C(CN1CCCCCCC1=O)N1CCC2=C(C1)C1=CC=CC=C1N2,0
CN1C(=CC2=CC=CC=C12)C(=O)N1CCC2=CC=CC=C2C1,0
COC1=CC=C(NC(=O)C2=C(C)N(N=C2C)C2=CC=C(F)C=C2)C=N1,0
CC1=CC=CC=C1C(=O)NC1CCN(CC2=CC=CC=C2)CC1,0
O=C1CCC2=CC(=CC=C2N1)S(=O)(=O)NC(C1CC1)C1=CC=CC=C1,0
FC1=CC=CC=C1C(=O)NC1=CC=CC(=C1)S(=O)(=O)C1CCCC1,0
CC1CN(CCO1)C(=O)CCC1=C(NC2=CC=C(F)C=C12)C1=CC=CC=C1,0
CC1CN(CC2=CC=CC=C2)CCC1N(C)C(=O)NC1=C(C)N(C)N(C1=O)C1=CC=CC=C1,0
O=C(CN1C2CCC1C1=CC=CC=C21)NC1CCCCNC1=O,0
CN1C(C)=NN=C1CS(=O)(=O)CC1=NC=C(S1)C1=CC=CC=C1,0
CN1C=C(C=N1)C1=NC(C(=O)N(CC2=CC=CC=C2)C2CC(C)(C)OC2(C)C)=C(C)O1,0
FC1=C(Cl)C=CC=C1NC(=O)CN1C(=O)C2C3CC(C=C3)C2C1=O,0
CN1C=C(C=N1)C1=NC(CNC2=CC=C(Cl)C=C2)=CS1,0
O=C(CN1C(=O)N(C2=CC=CC=C12)C1=CCCCC1)N1CCOCC1,0
CCN(C(=O)C1=CC(F)=CC(F)=C1)C1=NC2=CC(Cl)=CC=C2S1,0
O=C(CN1C=CN=N1)NC1=CC=C(COC2=CC=CC=C2)C=C1,0
O=C(NC1=NC2=CC=CC=C2C=C1)C1=CC=CC(NC2=NC=CC=N2)=C1,0
OC[C@H]1CCCN1CC(=O)NC1=NC(=CS1)C1=CC=C(F)C(F)=C1,0
ClC1=CC=C(C=C1)N1C=C(C=N1)C(=O)N(CC1CCOC1)C1CC1,0
Cl.FC1=CC=C(COC2=CC=CC(NC(=O)CC3CNCCO3)=C2)C=C1,0
CC(N1CCC(CC1)NC(N)=O)C1=NC2=CC(Cl)=CC=C2N1CC1=CC=CC=C1,0
O=C(N1CCCC1CC1CCCCC1)C1=CC=CC2=C1OCC(=O)N2,0
CCC1=CC2=C(N=CN=C2S1)N1CCN(CC1)C(C)=O,0
FC(F)(F)C1=CN=C(N2CCN(CC2)C(=O)C2=CC=CN=C2)C(Cl)=C1,0
COC1=CC=C(Cl)C=C1C(=O)NC1=NC=C(CC2=CC=CC=C2)S1,0
NC(=O)COC1=CC=CC(=C1)C(=O)N1CCC(CC1)C1=NC2=CC=CC=C2N1,0
OC1CCN(C1)C(=O)NC1=CC=C(OCC2=CC=CC(F)=C2)C(F)=C1,0
CC1=NC(C#N)=C(C#N)N1CC1=NOC(=N1)C1=CSC=C1,0
CC1=NN(CC2=CC=CC(CNC(=O)C3=CC=NC(C)=N3)=C2)C(C)=C1,0
CCC1=CC=C(C=C1)C1=NN=C(N1)SCC1=CC(Cl)=C2OCCOC2=C1,0
CC1=C(N=C(NC(=O)CC2CCC=C2)S1)C1=CC=C(F)C=C1,0
CN(C(=O)C1=CC(O)=NC2=CC=CC=C12)C1=NC2=CC=CC=C2S1,0
CCC1=C2NC=C(C2=CC=C1)C1=CCN(CC1)C(=O)NC1=CNN=C1,0
O=C(NCC1CN2CCCC2CO1)C1=CC=CC=C1,0
CC1=CSC(=N1)C1=CC=CC(=C1)C(=O)NC1=CC=CC(C(N)=O)=C1C,0
N#CC1=CC=C(NCC2CCN(C2)C2=NC3=CC=CC=C3N=C2)N=C1,0
CC1=CC=C(N=C1)N(C1CCCCC1)C(=O)C1CCCN(C1)C(=O)C1CC1,0
BrC1=CC(=CS1)C(=O)NCC1CC2=CC=CC=C2O1,0
O=C(NC1=CC=CC=N1)C1=CC=C(C=C1)C(=O)NC1=CC=CC=N1,0
O=C(NCC1(CCCCC1)N1CCOCC1)C1=CC=C2CCCCC2=C1,0
CC1CN(C)C2=CC=CC=C2N(C1)C(=O)C1CCCN1C(=O)C1CC1,0
CC(C)COC1=CC=C(NC(=O)C2=CC(Cl)=CC=N2)C=C1Cl,0
CC1=CC=C2NN=C(C(=O)NC3CCN(CC4=CC=CC=N4)CC3)C2=C1,0
COC1=CC=CC=C1CNC1=NC(=C(C)S1)C1=CC=C2N(CCC2=C1)C(C)=O,0
CC1CN(CC2=NC3=CC(Cl)=CC=C3N2CC2=CC=CC=C2)CC(C)O1,0
N#CC1=CC=CC(=N1)N1CCN(CC2=NC3=CC=CC=C3N2)CC1,0
COC1=CC=C(C2CCCN2CCC(=O)N2CCC3=CC=CC=C23)C(OC)=C1,0
ClC1=CC(NC(=O)CC2CC3CCC2C3)=CC=C1N1CCCC1=O,0
FC1=CC=CC=C1C(=O)NC1=CC=CC(CN2C=CN=C2)=C1,0
COC1=CC=CC(=C1)C(=O)CSC1=NN=CN1CC1=CC=CO1,0
ClC1=CC=C(C=C1)C1=CSC(CC(=O)NC(C2CC2)C2CC2)=N1,0
CC1=C(C)C2=CC(=CC=C2N1)C(=O)NC1CCCCC1,0
COC1=CC=C(C=C1)C(CNC(=O)C1=CC2=CC(F)=CC=C2N1)N1CCCCC1,0
CC1(C)CCC(CN2C=NC3=CC=CC=C3C2=O)CC1,0
CN(CC1=NC=CN1CC1=CC=CC=C1)CC1=CC=CC(NC(C)=O)=C1,0
CC(C)NC(=O)C1CCN(CC2=NN=C(O2)C2=CC=C(C)C=C2)CC1,0
NC(=O)C1=CC(Cl)=CC=C1OCC1=CSC(=N1)C1=NC=CC=N1,0
FC1=CC=C(N2N=CC(N3CCC4=CC=CC=C4C3)=C(Cl)C2=O)C(F)=C1,0
CC1=CC=C(OCC(=O)NC2=C(Cl)C=C(Cl)C=C2Cl)N=C1,0
FC1=CC=CC=C1NC(=O)N1CCN(CC1)C(=O)N1CCCCC1,0
CC1=CC=C(CCC2CCN(CC2)C(=O)CN2C(=O)OC3=CC=CC=C23)C=C1,0
COC1=CC(CNC(=O)C2CCN(CC2)C(=O)C2=CC=C(Cl)C=C2)=CC(OC)=C1OC,0
CC1=C(OC(=N1)C1=CC=CC=C1)C(=O)N(CC(F)(F)F)C1=CC=CC=N1,0
COCCN1CCN(CC1)C1=CC(C)=NC2=CC=CC=C12,0
CC1=CC=C(C)C(OC2=CC=C(CNC(=O)C3CN(CC4CC4)C(=O)C3)C=N2)=C1,0
OC(=O)C1=NN(C=C1)C1=CC=CC(CNC(=O)C2=C(F)C=CC=C2F)=C1,0
CC(C)N(C)S(=O)(=O)C1=CC=C(NC(=O)C2=CC3=CC=CC=C3S2)C=C1,0
C=CCN(C(=O)C1=CC=CC(=N1)N1C=CC=N1)C1=CC=CC=C1,0
Cl.Cl.CC1=CC=CC=C1CN1CCC(CC1)NC(=O)C1=CC=CC(CN)=C1,0
CC(C)CNC(=O)C1=CC=C(NC(=O)C2=CC=C(S2)C2=CC=CC=C2F)C(C)=C1,0
ClC1=CC=C(O1)C(=O)NCC1=CC=C(N=C1)N1CCCCC1,0
FC1=CC=CC=C1NC1=NC=CC=C1C(=O)NCC1CCC1,0
CCN(C(=O)C1=CN=C2N(CC(C)C)N=CC2=C1)C1=CC=CC=C1C,0
CC1CC(C)CN(C1)C(=O)C1=CN(C)C2=CC=CC=C12,0
COC1=CC=C2NC=C(C2=C1)C1=CCN(CC2=CC=CC(=C2)C(N)=O)CC1,0
CC1=NN(C=C1)C1=CC=C(NC2C3CCOC3C2(C)C)N=N1,0
CC1=C(C)N=C(CS(=O)CC2=NOC(=N2)C2=CC=CC=C2C)O1,0
CN1N(C(=O)C(NC(=O)CN2C(C)=CC3=CC=CC=C23)=C1C)C1=CC=CC=C1,0
CN1C(=O)N(CC(=O)N2CCCC2CN2CCCC2)C2=CC=CC=C12,0
ClC1=CC=C2N=C(NC(=O)C3=CC=CC(Br)=C3)SC2=C1,0
COC1=CC=CC=C1N1CCN(CC1)C(C)C(=O)N1CCC2=CC=CC=C12,0
CCC1=CC=C(C=C1)C1=NC(COC(=O)C2=CC=CC=N2)=CS1,0
COC1=CC=C(F)C(C(=O)NC2CCN(CC3=CC=CC=N3)CC2)=C1OC,0
O=C(CCC1=NC(=NO1)C1=CC=CC=C1)NC1=NC2=CC=CC=C2S1,0
CN(C)C(=O)C1CCCN1CC1=CC=C(C=C1)C1=CC=CC=C1,0
O=C(NC1CCN(CC2=CC=CC=C2)CC1)C1CC2=CC=CC=C2O1,0
BrC1=CC=CC(=C1)C(=O)NC1=CC=CC(OC2=NC=CC=N2)=C1,0
COC1=CC=C(C=C1)C1CCCN1C(=O)C1=CNC2=NC=CC=C12,0
COC1=CC=CC=C1N1CCN(CC1)C(=O)CC1=CN(C)C2=CC=CC=C12,0
CC1=CC(=NC2CCCCC2)N(C=C1)C(=O)CN1N=NN(C2=CC=CS2)C1=O,0
COC1=CC=CC=C1CN1CCC(CC1)NC1=NC=CC=C1C#N,0
COC1=CC=CC(CC(=O)NC2CCOC3=CC=CC=C23)=C1,0
FC(F)(F)C1CCCCC1C(=O)NC1=NN=C(S1)C1=CC=CC=N1,0
COC1=CC=C(C=C1OC)C1=C2N=C(C)C=C(N2N=C1C)N1CCN(C)CC1,0
NC1=NC(CNC(C2=CC=CC=C2)C2=CC=C(Cl)C=C2)=NC(NC2=CC=CC=C2)=N1,0
COC1=CC=CC(=C1)C1=NOC(=N1)N1CCCC1C1=CC=CC(C)=N1,0
COC1=CC=C(Cl)C=C1C(=O)N1CCN(CC2=CC=C3OCCC3=C2)CC1,0
COC1=CC=C(C=C1)N1CC(CC1=O)C1=NC2=CC=CC=C2N1CC1=CC=CC(C)=C1,0
COC1=CC=CC=C1N1CCN(CC2=CC=C(OC(F)F)C(OC)=C2)CC1,0
CC(C)C1=NOC(CN2N=NC(=N2)C2=CC=CC(=C2)C(F)(F)F)=N1,0
CCCCN1N=C(C=CC1=O)C(=O)NC1=CC=C(C=N1)C1=CC=CC=C1,0
CCOC1=CC=CC=C1C1=NC(CC(=O)NC2=CC=C(OC)C=C2)=CS1,0
CC(C)C1CN(C(=O)C2=CC=C(NC(C)=O)C=C2)C2=CC=CC=C2N1,0
CC1=CC=C(NC(=O)CN2CCN(CC2)C(=O)C2=CNC3=CC=CC=C23)C=C1,0
COC1=CN(N=C1C(=O)OCC1=NC(=NO1)C1=CSC=C1)C1=CC=CC=C1,0
O=C(NC1CCN(CC1)C(=O)C1=CC=CC=C1)C1(CCCC1)C1=CC=C2OCCOC2=C1,0
COCCN(C(=O)C1=CC(=NO1)C1=CC=C(C)C=C1)C1=CC=C(C=C1)C#N,0
CC1=CC=NC(SC2=NN=C(N2CC=C)C2=CC=CC(Cl)=C2)=N1,0
CC1CCC2=C(C1)C1=CC(=CC=C1N2)C(=O)NC1=CC=C(C=C1)C(N)=O,0
CN(C(=O)C1=CC=C(C=C1)N1N=C(C)N=C1C)C1=NC=CC=C1F,0
CC(C)N1CC(CC1=O)C(=O)NC1=CC=C(Cl)C(Cl)=C1,0
COC1=CC2=C(CN(CC2)S(=O)(=O)C2=CC=C(C)C=C2Cl)C=C1OC,0
ClC1=CC=C(CN2C(COC3=CC=CC=C3)=NC3=CC=CC=C23)C=C1,0
CCC1CN(C)C2=CC=CC=C2CN1C(=O)NC1=CC=CC(=C1)C1=NN=CO1,0
CN(C)CC1CCN(CC1)C1=NC(=NC2=CC=CC=C12)C1=CC=NC=C1,0
O[C@H]1CCN(C1)C(=O)NC1=NOC(=C1)C1=CC=CC=C1,0
O=C1NCCN1C1CCN(CC2=CC=C(C=C2)C2=CC=CC=C2)CC1,0
CC(=O)NC1=CC=C(C=C1)S(=O)(=O)N1CCN(CC1)C1=CC=CC=C1C,0
O=C(NC1=NC(=NS1)C1=CC=CC=C1)C1=CC=CN=C1,0
CN(CC1=CC=C2OCOC2=C1)C(=O)C1=C(C=CS1)C1=CC=C(C)C=C1,0
CC1=CC=C(C(C)=C1)S(=O)(=O)N1CCN(CC1)C(=O)C1CCCCC1,0
CCC1=C(O)C=C2OC(=O)C=C(CSC3=NN=C(N3C3CC3)C3=CC=CS3)C2=C1,0
NC(=O)CN1CCC(CC1)NC(=O)C1=CC=C(OC2=CC=CC=C2)C=C1,0
COC1=CC=CC=C1N1CCN(CC1)C(=O)C1CN(CC(C)C)C(=O)C1,0
CC(C)N1C2CCC1CN(CC2)C1=NC2=NC=CN=C2C=C1,0
CCN(C(=O)C1=C(C)N(N=C1)C1=CC=CC(=C1)C(F)(F)F)C1=CC=CC=C1C,0
CC(C)(O)C1CCCN1C(=O)NC1=CC=C(C=C1)N1C=CN=N1,0
CC1=NN(C(C)=C1CC(=O)NC1=NN=CS1)C1=CC=C(C=N1)C(F)(F)F,0
CC1CN(CC(C)O1)C(=O)C1=CN(CC2=CC=CC=C2)C2=CC=CC=C12,0
NC(=O)CN1C(SCC2=C(F)C=CC=C2Cl)=NN=C1C1=CC=CS1,0
CC1=C(C=NN1C1=CC=CC=C1F)C(=O)NC1=CC=C2OCOC2=C1,0
CC1=CC=C(NC(=O)C2CCN(CC2)S(=O)(=O)C2=CC=C(F)C=C2)C=C1Cl,0
BrC1=CC=CC=C1C(=O)N1CCC2=C(C1)C=CS2,0
CN1C=C(C=C1C(=O)N1CCCC2(C1)CCCCCC2)C(N)=O,0
CN(C)C1=NC=C(NC(=O)C2=CN(N=C2)C2=CC=CC(Cl)=C2)C=N1,0
O=C(NC1=CC=CC2=C1CCCC2)C1=NOC(=C1)C1=CC=CN=C1,0
CCN1C(=CC2=CC=CC=C12)C(=O)NC1=CN(CC2CCCO2)N=C1,0
FC(F)OC1=CC=C(C=C1)N1N=NN=C1CSC1=CC2=CC=CC=C2C=C1,0
FC1=CC=C(C=C1)C1=NC(CC(=O)NC2=NN3C=CC=NC3=N2)=CO1,0
COC(=O)C1=CC=CC(NC(=O)C2=NN(C=C2)C2=CC=C(F)C=C2)=C1,0
O=C(CC1=CN(N=C1)C1=CC=CC=C1)N(CC1=NC2=CC=CC=C2C(=O)N1)CC1=CC=CC=C1,0
CC1=CC=C(C=C1NC(=O)C1=CN(N=C1)C1=CC=C(F)C=C1F)C(=O)NC1CC1,0
CC1CCCN(C(=O)C2=CC=NN=C2)C2=CC=CC=C12,0
NC(=O)C1=CC=CN=C1N1CCN(CC1)C(C1=CC=CC=C1)C1=CC=CC=C1,0
BrC1=CC=C(C=C1)C1=CN=C(N1)SCC1=NN=NN1C1=CC=CC=C1,0
CC(C)C1=CC(=NO1)C(=O)NCC1CCCN1C1CCCCC1,0
CC(=O)N1CCC(CC1)(C(=O)NC1CCCC2=CC=CC=C12)C1=CC=CC=C1,0
CC1CC2=CC=CC=C2N1C(=O)CN(C)C1CCC2=CC=CC=C12,0
ClC1=CC=CC(Cl)=C1CN1C(CN2CCOCC2)=NC2=CC=CC=C12,0
CC(=O)NC1=CC=C(C)C=C1NCC1=NC=C(O1)C1=CC=CS1,0
CCC(CN1C(=O)NC2=CC=CC=C2C1=O)N1CCC2=CC=CC=C2C1,0
CC1=C2N=C(NC(=O)C3=C(F)C=CC=C3F)SC2=CC=C1,0
CC1N(CC2=CC=C(C=C2)C(N)=O)CCC2=C1C=CS2,0
CN(CC(O)C1CC1)C1=NN=C(CC2=CC=CC=C2)S1,0
O=C(CN1C(=O)OC2=CC=CC=C12)N1CCC(CC1)C1=CC=CC=C1,0
O=C(NC1CC1C1=CC=CC=C1)N1CCC(C1)C1=CC=CC=C1,0
CC1(C)CC(NC2CCN(CC2)C2CC2)C2=CC=CC=C2O1,0
COC1=CC=CC(=C1)C(=O)N1CCN(CC1)C(=O)C1=CC(OC)=CC(OC)=C1,0
COC1=CC=CC=C1N1CCN(CCN2C(=O)NC(C)(C)C2=O)CC1,0
CC1=NC=CC(=N1)C(=O)NC1=CC=C(C(C#N)C2=CC=CC=C2)C(Cl)=C1,0
CC1=NC2=NC(CN3C(=O)ON=C3CC3=CC=C(F)C=C3)=CN2C(C)=C1,0
FC1=CC=C(NC(=O)C2=CC=CC(OCC3CCCO3)=C2)C(F)=C1F,0
NC(=O)C1=CC=CC=C1OCC(=O)N1CCN(CC1)C1=NC=C(C=C1Cl)C(F)(F)F,0
FC1=CC=CC=C1C1=NN=C2C=CC(=NN12)N1CCC2=C(C1)SC=C2,0
CC1=CC=C(C)C(=C1)C(=O)NC1=CC(=CC=C1N1CCCCC1)C(N)=O,0
CC1=CC=C(CC2=CN=C(NC(=O)C3=C4N=CC=CN4N=C3)S2)C=C1,0
CNC(=O)C1CC2=CC=CC=C2CN1C(=O)C1=CC=C(OC(F)F)C=C1,0
COC1=CC=C(NC(=O)C2=CC=C(F)C=C2Cl)C=C1N1CCCCC1=O,0
Cl.CC1=CC=CC=C1CNCC1=CN2C=C(Br)C=CC2=N1,0
COC1=CC(=CC(Cl)=C1OC)C1=NC2=C(N1CC(C)C)C(=O)NC(=O)N2CC(C)C,0
CC1=CC=C(O1)C1=NN(C=C1C(=O)NCC1=CC=C(O)C(F)=C1)C1=CC=CC=C1,0
CC(C)CNC1=CC(=NC2=C(C(C)=NN12)C1=CC=CC=C1)C(C)C,0
FC1=CC=CC=C1NC(=O)C1=CC=CC(=C1)C1=COC=C1,0
OC1CCN(CC1)C(C(=O)NC1CC1)C1=CC=CC=C1,0
CC1=CC(=NN1C1=CC=C(F)C=C1F)C(=O)NC1=CC=C2OCOC2=C1,0
CN(C)C(=O)C1=CC=CC(NCC(=O)N2CCCCC2)=C1,0
CC1=C(N=C(NC(=O)C2=CC=C(C=C2)S(C)=O)S1)C1=CC=C(F)C=C1,0
O=C(NCC1(CCC1)C1=CC=CC=C1)C1=CC=C2NC(=O)COC2=C1,0
O=C(NC(C1=CC2=CC=CC=C2O1)C1=CC=CC=C1)C1=CC=CN=C1,0
CC1=CC=C(C)C(NC(=O)C2CCCN(C2)C(=O)CC2=CC=CC=C2)=C1,0
CC1=NN(C=C1)C1=CC=CC=C1NC(=O)C1=C(C)N(N=N1)C1=CC=CC2=CC=CN=C12,0
CCC1=CC(C)=C(O1)C(=O)NC1=CC=CC=C1CN1CCC(O)CC1,0
CC(=O)N1CCC(CC1)NC(=O)C1=CC=C(C=C1)N1C=CC=N1,0
CC(C)CN1N=C(C)C(CC(=O)NC2=C(C)N(N=C2C)C2=CC=CC=C2)=C1C,0
CC1=CC2=CC(NC(=O)C3=CC=C(F)C(F)=C3)=CC=C2N1,0
ClC1=CC=C(C=C1Cl)N1CCCN(CC1)C(=O)CN1C(=O)COC2=CC=CC=C12,0
O=C(N1CCCC1)C1=CC=C(NCCN2CCN(CC3=CC=CC=C3)CC2)N=C1,0
CC1=C(N=C(NC(=O)C2(CC2)C2=CC=CC=C2)S1)C1=CC=C(F)C=C1,0
CC(=O)NC1=CC=CC(NC(=O)C2=CN(N=C2)C2=CC=C(Cl)C=C2Cl)=C1,0
CC1=CC=NC(=C1)N1N=CC=C1NC(=O)N1CC[C@H](O)C1,0
NS(=O)(=O)CCN1CCN(CC2=NC3=CC(Cl)=CC=C3N2CC2=CC=CC=C2)CC1,0
CC1=CC=CN=C1NC(=O)C1CC2=CC(Cl)=CC=C2O1,0
CNC(=O)C1=CC(C)=CC=C1NCC1=CN2C=C(C)C=CC2=N1,0
FC1=CC=C(CN2CCC(CC2)N2C(=O)NC3=CC=CC=C23)C2=NC=CC=C12,0
FC1=CC=C(C=C1)C1=CSC2=NC=NC(N3CCN(CC(=O)N4CCOCC4)CC3)=C12,0
CC(N1CCN(C)CC1)C(=O)N1CCCC2=C(C)C=C(C)C=C12,0
ClC1=CC=C(N2CCCCC2)C(NC(=O)C2CCC(=O)NC2)=C1,0
CN(C(=O)C1=CSC(=N1)C1=CN(C)N=C1)C1=CC=CC(C)=C1C,0
Cl.CC1=CC(=NC2=CC=CC=C12)C1=CC=C2OCC(=O)NC2=C1,0
CC(C)CN1C=C(C(=O)N2CCC(C2)C(N)=O)C2=CC=CC=C12,0
COC1=CC(=CC(OC)=C1OC)C(=O)NC1=CC=CC(OC2CCCC2)=C1,0
CN1N=C(C)C(NC(=O)C2=CC3=CC=CC=C3N2)=C1C,0
CN1CCC2CCN(C2C1)C(=O)NC1=CC=C(C=C1)C1CCC1,0
CCC(CO)N1CCN(CC1)C1=NN=C(CC2=CC=CC=C2)S1,0
CCC1=NOC(C)=C1C(=O)NC1CCN(CC2=CC=CC=C2)CC1,0
CCOC1=CC=CC=C1N1CCN(CC1)C(=O)C1=CC=C(Br)C=C1,0
O=C1N(CC2=NN(C=N2)C2=CC=CC=C2)N=C2C=NC=CN12,0
CN1N=C(C)C2=CC(=CN=C12)C(=O)N1CCCC1C1=NC2=CC=CC=C2S1,0
O=S1(=O)CCC(C1)NCC1=CC=C(OCC2=CC=NC=C2)C=C1,0
OC1CCN(CC2=CC=CC=C2CNC2=CC=C(C=C2F)C#N)CC1,0
CCN(C(=O)C1=CC2=CC=CC=C2O1)C1=NC2=CC(Cl)=CC=C2S1,0
FC1=CC=C(C=C1F)N1CCC(CNC(=O)N2CCN(CC3CC3)CC2)C1,0
CC(C)C1=NOC2=NC=C(C=C12)C(=O)NC1=CN(CC2=CC=CC=C2)N=N1,0
CN(CC1CCCCC1)C(=O)C1=CC2=CC=CC=C2N1,0
CC1=CC(Br)=C2OC(=CC2=C1)C(=O)N1CCC[C@@H]1CO,0
CC1=CC=CC(=C1)N1CCN(CC1)C1=CC=C(C=N1)C#N,0
ClC1=CC=CC(=C1)C1(CC1)C1=NC(CC(=O)NC2CCCC2)=NO1,0
O=C1NC2=CC=CC=C2CCC1N1CCC(CC1)N1CCCC1,0
O=C(NCC1CC1)C1=CC=C(S1)C(=O)NCC1CC1,0
CCOC1=CC=C2CCN(CC2=C1)C(=O)NCC1=CC=CC2=CC=CN=C12,0
CC1=NN(CC2=CC=C(F)C=C2)C2=C1C=C(S2)C(=O)NC1=NC2=C(CCC2)S1,0
CC(C)C1OCCCC1NC1=CC(=NC=N1)N1CCN2C=NN=C2C1,0
CC1=NC2=CC=C(NC(=O)C3=CN(CC4=CC=CC=N4)N=N3)C=C2S1,0
COC1=CC=C(C=N1)C(=O)N1CCCC1C1=NN=C2C=CC=CN12,0
CC1CCN(CC1)S(=O)(=O)C1=CC=C(C)C(C)=C1,0
FC1=CC=C(C=C1)C1=NC(=CS1)C(=O)NCC1CCOC1,0
CN(C)C1=CC=CC(=C1)C(=O)NCC1=NN=C2C=CC=CN12,0
OC(=O)CCC1=CC=C(C=C1)S(=O)(=O)NC1=CC=C2OC(F)(F)OC2=C1,0
CCC1=C(SN=N1)C(=O)NCC1=CC=C(OC2=CC=C(F)C=C2)C=C1,0
OC12CC3CC(C1)CC(C3)(C2)C(=O)N1CCN(CC1)C(=O)C1=CC=CC=C1,0
CC1=CC(NC(=O)NC2CCN(CC3=CC=CC=C3)CC2)=NO1,0
CN1N(C(=O)C(NC(=O)NC2=CC=CC=C2F)=C1C)C1=CC=CC=C1,0
OC1CCN(CC1)C(=O)C1=CC=CC(OCC2=CC=CC=C2)=C1,0
CC1CCCN(C1)C(=O)C1=CC=CC(OCC(N)=O)=C1,0
CC1=NNC=C1CNC(=O)C1=NN(C(=N1)C1=CC=CC=C1)C1=CC=CC=C1,0
BrC1=CC=C(C=C1)C(=O)NC1=CC=CC(CN2C=CC=N2)=C1,0
CN1C2=C(N(CC(=O)NC3=CC=CC(Cl)=C3C)C=N2)C(=O)N(C)C1=O,0
CCOC1=CC=CC=C1NCC1=NOC(=N1)C1=CC=CC=C1C,0
CCN(C(=O)C1=C(C)C2=CC=CC(Cl)=C2O1)C1=CC=CC=C1C,0
CN(C(=O)C1=CC=C(C)O1)C1=NC2=CC=CC=C2S1,0
O=C(NC1CCCCC1)C1=CC=CC(=C1)S(=O)(=O)N1CCCCC1,0
CCN1C=C(C(=O)N2CC(C)OC(C2)C2=CC=CC=C2)C2=CC=CC=C12,0
COC1=C(C)C=NC(CNC(=O)C2=CC=CC(=C2)N2C=CN=C2)=C1C,0
CC(C)C1=C(CS(=O)CC2=NN(C=C2)C2=CC=CC=C2F)N=CO1,0
CC1=CC=C(C=C1)C1=C2N=C(C)C=C(NCC3CCCO3)N2N=C1,0
CN(C)C1=NC=CC=C1C(=O)NC1=NC=C(CC2=CC=C(F)C(Cl)=C2)S1,0
FC(F)(F)C1=CC(=CC=C1NC(=O)CN1C=NC2=CC=CC=C2C1=O)N1C=CC=N1,0
O=C(NC1=CC=CC(CN2CCCC2=O)=C1)C1CC1,0
CN(CC1=NOC(C)=C1)C1CCN(C1=O)C1=CC=C(Cl)C(F)=C1,0
COC1=NOC(CSC2=NN=C(O2)C2=CC=C(OC)C(OC)=C2)=C1,0
CC1=CC=NN1C1=CC=C(C=C1)C(=O)N1CCN(CC1)C1=CC=CC=C1,0
CC1=CN=C(C=N1)C(=O)N1CCN(CC1)C(=O)C1=CC=CC=C1,0
BrC1=CNC(=C1)C(=O)NCC1=NN=C2C=CC=CN12,0
CC(=O)NC1=CC=C(CC(=O)NC2=NC3=CC=CC=C3C=C2)C=C1,0
CC1(NC(=O)NC1=O)C1=CC=C(C=C1)C(F)(F)F,0
NS(=O)(=O)NCC1CCCN(C1)C(=O)CCC1=NC=C(O1)C1=C(F)C=CC=C1F,0
CC1=CN(CCC2=NC(=NO2)C2=CC=C(Br)O2)N=C1,0
CC1=NN(CC2=CC=C(C)C=C2)C(C)=C1C(=O)NC1=CC=C(Cl)C=C1,0
CC1=NN2C(N=C(C)C=C2SCC2=CC=CC=C2)=C1C1=CC=CC=C1,0
CC1=C(CN2CCN(CC(=O)NC3=CC=C(F)C=C3)CC2)N2C=CC=CC2=N1,0
CCOC1=CC=CC=C1N1CCN(CC1)C(=O)C1=CC=C2N(CCC2=C1)C(=O)CC,0
CC1=CC(=NO1)C(=O)NCC1=NN(C=C1)C1=CC=C(F)C=C1,0
CC1=C(C)C=C2C(CC(=O)NC3CCC4=CC=CC=C34)=COC2=C1,0
NC(=O)C1CCN(C1)C(=O)C1=CC=C(S1)C1=CC=C(Cl)C=C1,0
CCN1CC(CC1=O)C(=O)NC12CC3CC(CC(C3)C1)C2,0
COC1=CC(OC)=CC(NC(=O)N2CCC(C2)N2CCCC2)=C1,0
CN(CCN1C=NN=C1)CC1=CN(N=N1)C1=CC=C(F)C(Cl)=C1,0
O=C(CN1CCOCC1)N1CCN(CC1)C(=O)C1=CC2=CC=CC=C2S1,0
CCC(C1CCCN1C(=O)C1=CC=C2OCC(=O)NC2=C1)C1=CC=CC=C1,0
CCOC1=CC=CC=C1NC(=O)CN1CCC(=CC1)C1=CNC2=CC(F)=CC=C12,0
ClC1=CC=C(N2CCCCC2)C(NC(=O)CN2C3=CC=CC=C3OCCC2=O)=C1,0
CC1N(CCN2C=NN=C12)C(=O)CCC1=CC=C(Cl)C(Cl)=C1,0
CC(=O)NC1=CC=CC(=C1)N1C=NN=C1SCC1=CC(=O)OC2=CC(C)=C(C)C=C12,0
CC1=CC=CC(NC2=CC(C)=NC3=C(C=NN23)C2=CC=CC=C2Cl)=C1,0
FC1=CC=CC(Cl)=C1CNC1=CN(N=C1)C1=CC=CC=C1,0
CCN(C(=O)C1=CSC(=N1)C1=CC=C(C)O1)C1=CC=C(F)C=C1,0
NC(=O)C1=CC=C(OC2=CC=C(OC3=CC=CC=C3)C=C2)N=C1,0
O=C(CC1=CN2C=CC=CC2=N1)NC1=CC=CC2=C1CCCC2,0
Cl.CN1C(CN2CCC(CN)CC2)=NC2=CC=CC=C12,0
FC1=CC=CC=C1CN1CCN(CC1)C(=O)C1=NNC2=CC=CC=C12,0
FC1=CC=CC(=C1)C1(CNC(=O)C2=CC=CC3=C2OCC(=O)N3)CC1,0
FC1=CC=CC(OCC(=O)N2CC(OC3=CC=CC=C23)C(=O)N2CCCCC2)=C1,0
C(NC1=CC=CC2=C1CCCC2)C1=NN=NN1C1=CC=CC=C1,0
CN(C1=CC=C(F)C=C1)S(=O)(=O)C1=CC=C(OCC(O)=O)C(C)=C1,0
CC(=O)C1=CC=C(NC(=O)C2=C(C)N(N=C2)C2=CC=CC(C)=C2)C=C1,0
CC(=O)C1=CC=C(NC(=O)C2=CN=C(S2)C2=CC=C3OCCC3=C2)C=C1,0
O=C(NC1CCCC1)C(N1CCCCC1=O)C1=CC=CC=C1,0
CCC1COCCN1C(=O)NC(C)C1=CC=C(C=C1)N1C=CN=C1C,0
CCN(C1CCCCC1)C(=O)C1=CC2=C(S1)N(C)N=C2C,0
NC(=O)C1=CC=CC=C1OCC(=O)N1CCN(CC1)C1=CC=CC(Cl)=C1,0
CN1C=NC2=C1C(=O)N(CCCN1CCCC3=CC=CC=C13)C(=O)N2C,0
NC(=O)C1=CC(NC(=O)C2=CC3=CC=CC=C3N2)=CC=C1Cl,0
CN1C=CN=C1C1=NN=C(NCC2=CC=CC=C2Cl)S1,0
O=C(CN1CCN(CC1)C(=O)C1=NNC2=CC=CC=C12)NCC1=CC=CC=C1,0
CC1=NN(CC(=O)NC2=CC=C(NCC3CCCO3)C(F)=C2)C(C)=C1,0
O=C(CN1CCN(CC1)C(=O)C1=NNC(=C1)C1=CC=CC=C1)N1CCCCC1,0
O=C(NC(C1CCCCC1)C1=CC=CC=C1)C1CCC1,0
FC1=CC=C(CSCC2=NN=NN2C2=CC=CC=C2)C(Br)=C1,0
Cl.CC1=CC(=NC2=CC=CC=C12)C1=CC=C2OCOC2=C1,0
FC(F)(F)C1=NC2=CC=CC=C2N1CC(=O)N1CCC(CC1)N1CCCC2=CC=CC=C12,0
O=C(N1CCCN(CC2=CC=C(C=C2)C#N)CC1)C1=CC2=CC=CC=C2O1,0
CCN1CCN(CC1)C1=CC=C(C=C1)C(=O)NCC1=CC=C(OC)C(OC)=C1,0
CN1CCC(CC1)OC1=CC(NC(=O)C2=CN=C(C)C=N2)=CC=N1,0
CC1=NN(CC2=NN=C(S2)C2=CC=CC=C2)C=C1,0
COC1=CC=CC=C1C1CCN(C1)S(=O)(=O)C1=CC(Cl)=CC=C1C,0
CN1C=CC(NC(=O)C2=CSC(=N2)C2=CC(Br)=CS2)=N1,0
CCN(CC)S(=O)(=O)C1=CC(=CC=C1C)C(=O)N(C1CCCC1)C1=CC=CC=N1,0
FC(F)(F)C1=NC(NCC2=CC=C(OCC3CC3)N=C2)=C2N=CNC2=N1,0
CC1=CC=CN2C(CNC3=NN=C(O3)C3=CC=C4OCOC4=C3)=CN=C12,0
CCCN1C(=O)NC(=O)C(C(=O)CSC2=NN=C(O2)C2=CNC3=CC=CC=C23)=C1N,0
ClC1=CC=C2SCCN(C(=O)C3=CSC(=N3)C3=CSC=C3)C2=C1,0
CC1=CC=CC=C1C1=NN=C(CNC2=CC(Cl)=CC=C2C(N)=O)O1,0
CC(N(C)C1=CC=NC(=N1)N(C)C)C1=CC=CC=C1F,0
COC1=CC=C2C=C(NC2=C1)C(=O)NC1CN(C1)C(C)=O,0
O=C(N1CCC(CC1)C1=NC2=CC=CC=C2N1)C1=CC=CC(=C1)C#N,0
O=C(C1CCN(CC1)C(=O)C1=CC=C2CCCC2=C1)N1CCCCCC1,0
ClC1=CC(NC(=O)C2CCCN2C(=O)C2=CC=CC=C2)=CC(Cl)=C1,0
CC1=NN(C(C)=C1)C1=CC=C(C=N1)C(=O)NC1=CC=CC2=C1C(=O)NC2,0
NC(=O)C1=CN=C(N2CCN(CC3=CC=NC=C3)CC2)C(Cl)=C1,0
O=C(CN1C(=O)C2CCCCC2C1=O)NC1=CC=CC2=NC=CC=C12,0
CC1=CC=C(C(=O)NC2=CC=C3OC(C)(C)OC3=C2)C(C)=C1,0
O=C(N1CCC(CN2CCOCC2)CC1)C1=NC2=CC=CC=C2N=C1,0
O=C(N1CCCC1)C1=CC=C(CN2CCC3=CC=CC=C3C2)C=C1,0
CN1CCN(CC2=NN=C(O2)C2=CC=C(Cl)C=C2)C2=CC(F)=CC=C12,0
CCOC1=CC=C(NC(=O)CN2CCN(CC2)C2=CC=CC=C2C)C=C1,0
CC1=CC2=NC(C)=C(C=C2C=C1)C(=O)N1CCN(CC1)C1CC1,0
FC1=CC=C2NC(=C(CCC(=O)NC3CCOCC3)C2=C1)C1=CC=CC=C1,0
CC(C)C1=NC(C)=CC(=N1)N1CCN(CC1)C(=O)COC1=CC=C(C=C1)N1CCCC1=O,0
COC1=CC=C(C=C1OC)C1=C2N=C(C)C=C(N2N=C1C)N1CCOCC1,0
O=C(NC1=CC=CC2=CC=CN=C12)C1=CC=CC(=C1)S(=O)(=O)NC1CC1,0
CC1=C(C2CCN(CC2)C(=O)C2=CC(O)=CC(O)=C2)C2=CC=CC=C2N1,0
CC(=O)C1=CC=CC(OC2=CC(=NC(C)=N2)N2N=C(C)C=C2C)=C1,0
O=C1NCCN1C1CCCN(C1)C1=NC2=CC=CC=C2C(=C1)C#N,0
CCN1C=CC2=CC(NC(=O)C3=NOC(CN4C=C(C)C=N4)=C3)=CC=C12,0
COC1=CC=C(C=C1)N1C=CC(CNC2=CC=CC(F)=C2C#N)=N1,0
FC1=CC=C2NC3=C(CN(CC3)C(=O)C3=CN=CC=N3)C2=C1,0
OC[C@@H]1C[C@H](NC2=NC(=NC3=CC=CC=C23)C2=CC=CN=C2)C=C1,0
CC1=C(F)C=CC=C1C1=CC=C(CNC2=CC=CC(C(=O)NCCO)=C2C)O1,0
CC(=O)NCC1=CC=C(C=C1)C(=O)N1CCCC2=CC=C(F)C=C12,0
CC(C)CN1C=CC2=CC(NC(=O)N3CC4CN5CCCCC5C4C3)=CC=C12,0
NC(=O)C1CCN(C1)C(=O)CC1=CC=C(Cl)C(Cl)=C1,0
CN1C=C(C=N1)C(=O)NC1=NC2=CC=C(NC(C)=O)C=C2S1,0
NC(=O)[C@@H]1CC2=CC=CC=C2CN1CCCC1=NC2=CC=CC=C2O1,0
CC1=NC(=NN1C1=CC=CC=C1Cl)C(=O)NC(C1CC1)C1CC1,0
ClC1=CC=C(N2C=CC=N2)C(NC(=O)C2=CC=C3COCC3=C2)=C1,0
O=C(N1CCCC(C1)C1=CC=NN1)C1=CC=C(OCC2CC2)N=C1,0
OC1=CC=C(CN2CCN(CC2)C2=CC=C(F)C=C2)C2=CC=CN=C12,0
CC1=NN(CC(F)(F)F)C(C)=C1CC(=O)N1CCC2=CC=CC=C12,0
CC(C1=CC=C(F)C=C1)S(=O)CC1=NOC(=N1)C1=CC=CC=C1C,0
CC1=CC=C(S1)C(=O)CN1N=NN(C1=O)C1=CC=CC=C1Cl,0
CC1=CC=CN=C1NC(=O)C1=CC=C(N2C=CC=N2)C(F)=C1,0
CN1C=C(C(=O)NC23CC4CC(CC(C4)C2)C3)C2=CC=CC=C12,0
CCN1C(=NC2=C1C(=O)NC(=O)N2CC1=CC=CC=C1)C1=CN(N=C1)C1=CC=CC=C1,0
CN1N=CC=C1CNC1=NN=C(O1)C1=C(C)OC(C)=C1,0
CC1CN(CC(C)O1)C(=O)CC1=CSC(=N1)C1=CC=CC(Br)=C1,0
CCC1=NC(=NO1)C1CCCN1C(=O)CC1=CN2C=CC=CC2=N1,0
CCC1=CC=C(C=C1)S(=O)(=O)N1CCN(C)CC1,0
FC1=CC=C(C(=O)NCC2=CC=CC=C2CN2CCOCC2)C(F)=C1,0
ClC1=CC=CC=C1N1N=NN(CC(=O)C2=CC=C3CCCC3=C2)C1=O,0
CC(C)C(C(=O)N1CCC2=CC(=CC=C12)S(=O)(=O)N(C)C)C1=CC=C(Cl)C=C1,0
CCN1C(SC(C(=O)OC)C2=CC=CC=C2C)=NN=C1C1=CC=CC=C1OC,0
CCC1=CC=C(NC(=O)CC2=COC3=CC(C)=CC=C23)C=C1,0
FC1=CC=CC=C1CNC(=O)C1=CC=C(O1)C1=NC2=CC=CC=C2S1,0
CCN(C1=CC=CC=C1C)S(=O)(=O)C1=CC(F)=C(F)C(F)=C1,0
CC(=O)N1CCC2=CC(=CC=C12)C(=O)N(CC1=CC=CC=C1)C1CC1,0
COC1=CC=C(CCN2CCN(CC2)C(=O)C2=CC=C(O)N=C2)C=C1,0
CC1(C)CN(CC2=CC=C(C=C2F)C2=CC=NC=C2)CCS1(=O)=O,0
COC1=CC=CC=C1N1N=NN=C1SCCN1C(C)=CSC1=O,0
CN1C=C(CNC2=NN=C(CC3CCCC3)O2)C(=N1)C1=CC=NC=C1,0
CC(=O)NCC1=CC=C(O1)C1=CSC(NC(=O)CCC2=CC=C3OCCOC3=C2)=N1,0
COC1=CC=C2NC=C(C3CCN(CCN4CCCC4=O)CC3)C2=C1,0
CC(C)C1=NN=C2CN(CCN12)C1CCCC2=CC=CC=C12,0
CNC(=O)C1CCCN1C(=O)C1=C(C)C2=CC(OC)=CC=C2S1,0
CC1=CC=CC=C1C1=NN(CCN2C(=O)OC3=CC=CC=C23)N=N1,0
COC1=CC=C2OCCN(CC(=O)N(C)C3CCCC4=CC=CC=C34)C2=C1,0
OC(=O)CC1CCN(CC1)C(=O)C1=CC2=CC=CC=C2O1,0
CC1=CC=CC=C1C1=NC(CN2C=NC3=CN=CC=C3C2=O)=NO1,0
CN1CCN(CC1)C1=NC2=CC=CN=C2N=C1N1CCN(C)CC1,0
O=C(NCCN1CCN(CC1)C1=CC=CC=C1)C1=CC2=CC=CC=C2S1,0
CCOC1=CC=CN=C1C(=O)NC1=C(C)N(N=C1)C1=CC(C)=CC=C1C,0
CC(=O)N1CCN(CC1)C1=C2SC=CC2=NC(=N1)C(F)(F)F,0
O=C(NC1=CC=C(N=C1)N1CCCCC1)C1=CC=C2NC=NC2=C1,0
CCOC1=CC=C(C=C1C)S(=O)(=O)N1CCN(CC2=CC=CC=C2)CC1,0
COC1=CC=CC(=C1)C(=O)NC1=CC=CC(=C1)C1=CC=NC(C)=N1,0
ClC1=CC=C2N=NN(OCC3=NOC(=C3)C3=CC=CS3)C2=C1,0
CN1CCN(CC1)C1=NC2=C(N1CC1=CC=C(Cl)C=C1Cl)C(=O)NC(=O)N2C,0
CNC(=O)C1=CC=C(CNC(=O)C2=CC=C3NC4=C(CCCC4)C3=C2)C=C1,0
COC1=CC(Cl)=C(C)C=C1NC(=O)C1=CN=CN1C1=CC=C(F)C=C1,0
COC1=CC=C(C=C1C(=O)NC1CCCCCC1)S(N)(=O)=O,0
CN(C(=O)C1=C(Cl)C2=CC=CC=C2N1)C1=CC=CC=C1,0
COC1=CC=C(C=C1)C1=NN=C(CN(C)C(C2=CC=CC=C2)C2=CC=C(F)C=C2)O1,0
CC(NC(=O)C1=CC2=NC=CN=C2C=C1)C1=CC2=CC=CC=C2O1,0
OCC1CCN(CC1)C1=CC=CC=C1NCC1=NC2=C(CCC2)S1,0
FC1=CC=CC=C1N1CCN(CC1)C(=O)C1=NNC(=C1)C1=CC=CC=C1,0
CS(=O)(=O)C1=CC=CC(=C1)C(=O)N1CCN(CC2=CC=C(OC(F)(F)F)C=C2)CC1,0
CN(CC1=C(C)N(C)N(C1=O)C1=CC=CC=C1)CC1=C(F)C=CC=C1Cl,0
COC1=CC=C(CC2=NN=C(O2)SC2=NC3=CC(C)=NN3C3=CC=CC=C23)C=C1,0
CC1=C(C=NN1C1=CC=CC(Cl)=C1)C(=O)NC1=CC=CC=C1OC(F)F,0
COC1=CC=C(OCC2=NOC(CNC3=CC=C(Br)C=C3)=N2)C=C1,0
O=C(CN1CCN(CC1)C(=O)CC1=CNC2=CC=CC=C12)N1CCCC1,0
CN1N=C(C)C(NC(=O)CC2=CSC(=N2)C2=CC=CC(Br)=C2)=C1C,0
CCOC1=CC=CC=C1N1CCN(CC1)C(=O)C1=NNC=C1,0
CC(=O)NC1=CC=C(C=C1)S(=O)(=O)N(CC1=CC=CC=C1)C1CC1,0
FC(F)(F)C1=CC=CC(=C1)C1=NOC(=N1)C1=CC(=NN1)C1=CC=CC=C1,0
CC1=CC=C(S1)C(=O)N1CCC(CC(N)=O)CC1,0
NC(=O)C1CCN(C1)C(=O)C1(CCCCC1)C1=CC=C(F)C=C1,0
CC1=CC=C(C)C(CN2C(CN3CCOCC3)=NC3=CC=CC=C23)=C1,0
CC1=CC=CC=C1CC1=NC(CN2C=C(C=CC2=O)C(F)(F)F)=NO1,0
COC1=CC=C(NC(=O)C2=C(Cl)C3=CC=CC=C3S2)C(OC)=C1,0
CCCCN1C(=O)NN=C1SCC1=NC2=CC=C(O)C=C2O1,0
CC1=CC=C(NC(=O)C2=NN(C=C2)C2=CC=C(F)C=C2)N=C1,0
COCCN1C=C(NC(=O)C2=CC=C(O2)C2=CC=CC=C2F)C=CC1=O,0
CN1CCCC1CNC(=O)C1=CC2=CC(C)=CC=C2N=C1C,0
CC1=CC=C(F)C(=C1)C(=O)N1CCN(CC1)C(=O)C1=CC=CC(F)=C1,0
COC1=CC=C(F)C=C1C(=O)NC1=CN=C2N(N=CC2=C1)C(C)C,0
CC(N1CCN(CC1)C(=O)CN1CCN(CC1)C1=CC=CC=C1)C1=CC=CC=C1,0
CC1=C(C2CCN(CC3(CO)COC3)CC2)C2=CC=CC=C2N1,0
CN(C)C(=O)CN1CCN(CC1)C1CCCN(C1=O)C1=CC=CC=C1,0
CCOC(=O)C1=CC(OC)=C(F)C=C1NC(=O)C1=NN(C=C1)C1=CC=CC=C1,0
CC1=CC=CC(CN2C(=NC3=CC=CC=C23)C2CN(C(=O)C2)C2=CC=CC=C2F)=C1,0
CCOC(=O)C1CCN(CC1)C(=O)C1=CC=C(C=C1)C1=NC(C)=NO1,0
O=C(CCN1CCCC1C1=CC=CC=C1)N1CCN(CC1)C1=CC=CC=N1,0
CC1=CN2C(=O)C=C(COC3=CC=CN=C3[N+]([O-])=O)N=C2C=C1,0
CN1N(C(=O)C(NS(=O)(=O)CC2=CC(Cl)=CC=C2F)=C1C)C1=CC=CC=C1,0
ClC1=CN=C(NCCNC2=NN=NN2C2=CC=CC=C2)N=C1,0
CC(C)COC1=CC=CC(CN2CCC(CC2)N2CCCNC2=O)=C1,0
CC1=CC=C(C=C1)C1=CC=C(C=C1)S(=O)(=O)N1CCOCC1,0
COC1=CC(=CC(OC)=C1)C(=O)NC1=NC(=CS1)C1=CC=C(CNC(C)=O)O1,0
CCN1C(=O)N(CCC(=O)N(C)C2CCCC3=CC=CC=C23)C2=CC=CC=C12,0
O=C(CN1C(=O)C=NC2=CC=CC=C12)NC1CC1C1=CC=CC=C1,0
COC1=CC=CC(=C1)C(=O)N1CCN(CC1)C(=O)C1(CC1)C1=CC=CC=C1,0
CN1CCN(CC1)C(=O)C1CCC2=CC=CC=C2N1C(=O)C1CC1,0
CCN1C(=O)N(CC2=NN=C(O2)C2=CC=CC=C2)C2=CC=CC=C12,0
CC1(C)CN(CCS1=O)C1=NN=NN1C1=CC=CC=C1,0
CN(CC1=CN(N=C1)C1=CC=CC=C1)C(=O)C1=C(C2=CC=CC=C2N=C1)C(F)(F)F,0
FC1=CC=C(C=C1)N1CCN(CC1)C(=O)NC1=CC=CC(=C1)N1CCNC1=O,0
FC1=CC=C(C=C1)C1=CC(=NN1)C(=O)N1CCN(CC1)C1=CC=CC=C1Cl,0
CN(C)C1=CC=C(Cl)C=C1NC(=O)C1=CC=C2OCC(=O)NC2=C1,0
O=S(=O)(NCC1(CC1)C1=CC=CC=C1)C1=CC=C2CCCC2=C1,0
CC1=C(CC(=O)NC2CCCC(C2)C(F)(F)F)N=C(O1)C1=CC=CC=C1,0
OC(=O)C1=CC=C(C=C1)C(=O)N1CCCCC1C1=NC(=NO1)C1=CC=CC=C1,0
ClC1=CC=CC=C1CNC(=O)C1=CC=NC(OC2=CC=CC=C2)=C1,0
COC1=CC=C2N=C(NC(=O)C3=CC=CC(=C3)N3C(=O)CCC3=O)SC2=C1,0
CN1CCN(CC2=CC=CC=C12)C(=O)C(CC1=CNC2=CC=CC=C12)NC(C)=O,0
CN1C(=O)CCC2=CC(=CC=C12)C(=O)NC1=NC(=CS1)C1=CC=C(C)C=C1C,0
CNC1=C(C(=O)NC2=NC=C(CC3=CC=CC(Cl)=C3Cl)S2)C(C)=NS1,0
CN1N=C(C=C1C)C(=O)N1CCN(CC2CC2)C2=CC=CC=C12,0
ClC1=CC=CC(=C1)C1=CN=C(CNC2=CC=CC3=CC=CC=C23)O1,0
CC1=CC=C(C=C1F)C(=O)NC1=CC=CN=C1N1C=CC=N1,0
CN(C1CCCCC1)C(=O)CC1=CC=C(C=C1)S(=O)(=O)N1CCCCC1,0
OC(=O)[C@H]1CCCCN1C(=O)C1=CC2=CC=CC=C2O1,0
CCC1=CC=C(NC(=O)N2CCCC(C2)C(F)(F)F)C=C1,0
CC(NS(=O)(=O)C1=CC=C2NC(=O)CCC2=C1)C1CC2CCC1C2,0
COC1=CC=C(C2=NN=C(N2)SCC2=CC=C(C=C2)C#N)C(OC)=C1,0
ClC1=CC=C2NC(=CC2=C1Cl)C(=O)NC1CCCCNC1=O,0
CC(C)CN1CCOC(CNC(=O)C2=CC=CC=C2C2=CC=C(C=C2)C(F)(F)F)C1,0
CC(C1CC1)N(C)C(=O)C1=CC=C2NC3=C(CCCC3)C2=C1,0
FC1=CC=CC(=C1)N(C1CCCC1)C(=O)C1=NN(C=N1)C1=CC=CC=C1,0
COC1=CC=C(Cl)C=C1C(=O)N1CCC(CC1)C(=O)NC(C)C1CC1,0
O=C(N1CCC2=CC=CC=C2C1)C1(CC1)C1=CC=CC=C1,0
FC1=CC(=CC(F)=C1N1CCN(CC2=CN3C=CC=CC3=N2)CC1)C#N,0
CCOC1=CC=CC=C1C1=NC(CC(=O)NC2=CC(F)=CC=C2C)=CS1,0
FC1=CC=C(C=C1)N1C=CC(=N1)C(=O)N1CCCSC2=CC=CC=C12,0
CCC(CC)C1=NOC(CNC2=C(C)C(C)=NC3=NC=NN23)=C1,0
CC(C)C(NC(=O)C1=CC=CC=C1C)C(=O)N1CCC(CC1)C1=NC2=CC=CC=C2N1,0
O=C(NC1=CC=CC(OC2CCCC2)=C1)C1=CC=CC(=C1)C#N,0
CN(C(=O)C1=CC2=CC(Cl)=CC=C2O1)C1=NC2=CC=CC=C2S1,0
CN1CCC(CC1)NC(=O)C1=CNC2=CC=CC(Br)=C12,0
COC1=CC=C(C=C1)C1=NOC(CN(C)CC2=CC=C(Cl)S2)=C1,0
CC1=CC=NC2=NC(=NN12)C(=O)N1CCCC2=C(F)C=C(F)C=C12,0
COC1=CC=C(C=C1)C(=O)NCC1=NN=C2C=CC=CN12,0
CN1N(C(=O)C(NC(=O)C2CC3=CC=CC=C3O2)=C1C)C1=CC=CC=C1,0
CC1=CC=CC(=N1)N1CCN(CC1)C1=CC=NC=C1,0
CCC1=CC2=C(N=CN=C2S1)N1CCC(CCN2CCN(C)CC2)CC1,0
CC(C)=CC1C(C(=O)NC2=CC=CC(=C2)C2=NN=NN2C2CC2)C1(C)C,0
CC1=NN2C(N=C(C)C=C2NCC2CCCO2)=C1C1=CC=CC=C1,0
CC(=O)C1=CC=C(Cl)C(NC(=O)C2=CSC(=N2)C2=CC=C(F)C=C2)=C1,0
CC1=C(C=NN1CC1=CC=CC=C1)C(=O)NC1=CC=CC2=CC=CN=C12,0
COC1=CC=CC(=C1)N1CCN(CC(=O)NC2CCC(CC2)C(F)(F)F)CC1,0
OC1=NC2=CC=CC=C2C(=C1)C(=O)NC1CCN(CC2=CC=CC=C2)C1,0
CC1CCC(CC1)N1CC(CC1=O)C(=O)NC1(C)CCCCC1,0
O=C(NC1=CC=CC(=C1)C1=NN=CO1)N1CCCC1,0
O=C(N1CCC(CC1)NS(=O)(=O)C1=CC=CC=C1)C1=NC2=CC=CC=C2C=C1,0
CC1=CC=NC(NCC2CCN(C2)C2=NN3N=NN=C3C=C2)=C1,0
COC1=CC=C2NC=C(C2=C1)C1=CCN(CC1)C(=O)[C@H](C)N(C)C,0
COC1=CC=C(C=C1)C(=O)N1CCCC1C(=O)NC1CC1,0
CN(CC1CCN(C1)C1=NC2=CC(F)=CC=C2O1)CC1=CC=CN=C1,0
ClC1=C(SC2=CC=CC=C12)C(=O)NC1=C(C=NN1)C1=CC=CC(Cl)=C1,0
CC(C)N1CCC(CC1)NC(=O)C1=CC=C(C=C1)N(C)C,0
CCC1=CC2=C(SCC(=O)C3=CC=C4OCOC4=C3)N=CN=C2S1,0
FC(F)(F)C1=CC(NC(=O)CN2C(=O)C3CC=CCC3C2=O)=CC=C1Br,0
ClC1=CC=C2C=CN(CC(=O)N3CCC(CC3)C(=O)NC3CC3)C2=C1,0
CN(C)C1=CC=C(C=C1)C(=O)NC1=CC=C(OC2=CC=CN=C2)N=C1,0
CC(NC(=O)C1=CC=C(C=C1)N1C(=O)CCC1=O)C1CC2CCC1C2,0
COC1=CC=C(F)C=C1CN1CCN(CC1)C(=O)CCC1=CNC2=CC=CC=C12,0
CCN1C(=CC2=CC=CC=C12)C(=O)N1CCN(CC1)C1CC1,0
CC(=O)C1=CC=C(NCC2=NOC(=N2)C2=CC=CC=C2C)C=C1C,0
CC(=O)NC1=CC=CC=C1OCC1=NC=C(O1)C1=CC=CC(Cl)=C1,0
CC1=CC=C(O1)C1=NC(CC(=O)NC2=CC=CN=C2)=CS1,0
CC1=C(N=NN1C1=CC=CC(C)=C1)C(=O)NC1=CC2=C(OCCCO2)C=C1Cl,0
CN(C1CCCCC1)C(=O)CN1CCNC(=O)C1C1=C(C)N(N=C1C)C1=CC=CC=C1,0
ClC1=CC=CC=C1C(CNC(=O)C1CC2=CC=CC=C2O1)N1CCOCC1,0
COC1=CC(NC(=O)C2=CN(N=C2)C2=CC=CC=C2)=C(OC)C=C1Cl,0
O=C(CC1CCOCC1)N1CC(C1)N1C=C(N=N1)C1=CC=CC=C1,0
CN(C(=O)C1=CN(N=N1)C1=CC=CC=C1C(F)(F)F)C1=CC=CC=C1,0
NC(=O)N1CCCN(CC2=CC=C(S2)C2=CC=CC=C2)CC1,0
CN1C=NN=C1CNC1=CC(Cl)=CC=C1OCC1CCCO1,0
O(C1=NC2=CC=CC=C2O1)C1=CC=CN=C1,0
NC(=O)C1=CC=C(C=C1)C(=O)NC1CCCC2=CC=CC=C12,0
N#CC1=CC=C(CN2C(COC3=CC=CC=C3)=NC3=CC=CC=C23)C=C1,0
CNC(=O)C1=CC=CC(NC(C)C2=NN=NN2C2=CC=CC=C2)=C1,0
CCN(CC)S(=O)(=O)C1=CC=C(C=C1)N1CCCC1=O,0
NN1C(SCC2=CC=C3OCOC3=C2)=NN=C1C1=CC=C(Cl)C=C1Cl,0
FC1=CC=C(C=C1)C(NC(=O)C1CCC(=O)NC1)C1CCCC1,0
COC1=CC=C(C=C1)N1C=C(CNC(=O)C2CC3CC2C=C3)N=N1,0
FC1=CC=CC(=C1)C1=NC(CN2CCCC2C2=NC=CN2)=CO1,0
FC1=CC=CC(Cl)=C1C(=O)NC1=CC=CC(OCC(=O)N2CCCC2)=C1,0
CCN1C=CC2=CC(NC(=O)NC3=CC=CC=C3OC)=CC=C12,0
FC1=CC(=CC=C1CN1CCN(CC1)C(=O)C1COC2=CC=CC=C2O1)C#N,0
COC1=CC=C(F)C(C(=O)NC2=NC(=CS2)C2=CC(C)=CC=C2OC)=C1F,0
COC1=CC=C(NC(=O)N2CCCC2CN(C)C)C=C1,0
O=C(NCC1=CC=C(CN2CCCC2)C=C1)C1=CC=CC2=NC=CC=C12,0
FC1=CC=C(C=C1F)C(=O)NC1=CC=CC(=C1)N1CCCCC1=O,0
COC1=CC=C(C=C1OC)C1=C(C)SC(NC(=O)C2=CC3=CC=CC=C3C(=O)N2)=N1,0
COC1=CC=C(CC2=NC(=NO2)C2=CC=C3OCCC3=C2)C=C1F,0
CCC(=O)N1CCCN(CC1)C(=O)C1=CC2=CC=C(Br)C=C2N1,0
CC1CCCCC1NC(=O)CC1=CNC2=CC=CC=C12,0
CC(C)C1=CC=C(C=C1)C1CCCN1C(=O)C(C)N,0
COC1=CC=C(Br)C(=C1)C(=O)N1CCN(CC1)C1=CC=CC=C1F,0
CC1=CC=CC(NC(=O)C2=CC=C3NC(=O)COC3=C2)=C1C,0
COC1=CC(=CC=C1OC(F)F)C(=O)N1CCN(CC1)C1=CC=CC=C1,0
FC1=CC=C2CCCN(C(=O)CC3=CSC(=N3)C3=CC=CC=C3)C2=C1,0
COC1=CC=C(C=C1OC)C(=O)N1CCN(CC1)C1=CC=CC=C1OC,0
CCOC1=CC=CC=C1CCC(=O)N1CCC2=C(NC3=CC=CC=C23)C1C,0
COC1=CC=C(CC(=O)NC2CCC3=CC(F)=CC=C23)C=C1OC,0
COC1=CC=C2N=C(C)C(=CC2=C1)C(=O)NC1=NC(=CS1)C1=CC(OC)=CC=C1OC,0
CC1=CC=CC(C(=O)N2CCCC2)=C1NC(=O)C1CC2CCC1C2,0
Cl.NC(C(=O)NC1=CN=C(S1)C1=CC=CC=C1)C1=CC=CC=C1,0
COC1=CC=C(C=C1OC)C1=NC(=CS1)C(=O)NC1=CC=C(Cl)C=C1C,0
CC1=CC=C(NC(=O)C2=COC(=N2)C2=CC=CC=C2)C(Cl)=C1,0
FC1=CC=C(C=C1)C1=C(SC=C1)C(=O)NC1=CC=C(C=C1)C#N,0
CC(CN1CCCC1=O)NC(=O)C1C2=CC=CC=C2OC2=CC=CC=C12,0
CC1CCC(C)N1C(=O)C1=C2N=CC=C(N2N=C1)C1=CC=CC=C1,0
CC(C)N1CCN(CC1)C1=CC(C)=NC2=CC=CC=C12,0
CC(NC(=O)C1CCCC1)C1=CC=CC(Br)=C1,0
FC1=CC=CC=C1CN1CCN(CC2=CC=C(C=C2)N2C=CC=N2)CC1,0
CN(C(=O)C1=C(C)N=C(S1)C1=C(C)C(C)=NN(C)C1=O)C1=CC=CC=C1,0
O=C(NCC1CCCCC1)C1=CC=C2NC(=O)COC2=C1,0
NC(=O)C1CC2=CC=CC=C2CN1CC1=NC=CN1CC1=CC=CC=C1,0
ClC1=CC=C(CN2C(CN3CCOCC3)=NC3=CC=CC=C23)C(Cl)=C1,0
CC(C)C(=O)N1CCCC1C(=O)NC1=CC(=CC=C1F)C(F)(F)F,0
FC1=CC=CC=C1C1=CC(=NO1)C(=O)N1CCC2=CC=CC=C2C1,0
CC1=NN(C(C)=C1NC(=O)CC1=NN2C(=N1)N=C(C)C=C2C)C1=CC=CC=C1,0
O=C(C1CCCCC1)N1CCC(CC1)NC1=NC2=CC=CC=C2C=C1,0
CCC(=O)N1CCN(CC1)C1=NC2=C(N1CC1=CC=C(Cl)C=C1)C(=O)NC(=O)N2C,0
COC1=CC=CC(=C1)C(=O)NC1CCN(CC1)C(=O)C1(CC1)C1=CC=C(F)C=C1,0
CN1C=C(CN2CCN(C)C3=CC=CC=C23)C(=N1)C1=CC=NC=C1,0
CC1=CC=C(C=C1)C1=NOC(CN2C=NC3=CN=CC=C3C2=O)=C1,0
CC1=NN(C=C1)C1=CC=C(NCC2=CC=C(N=C2)N2C=CC=N2)N=N1,0
COC1=CC(=CC(OC)=C1)N1CCC(C1)N(C)C1=NC=C(C=C1Cl)C(N)=O,0
NC(=O)C1=CC=CC=C1OCC1=CC=C(Cl)C2=CC=CN=C12,0
FC1=CC=CC=C1C(=O)N1CCC(CC1)NC(=O)C1=NC2=CC=CC=C2N=C1,0
CC1=CC=C(CC(=O)NC2CCN(CC2)C(=O)C2CCCCC2)C=C1,0
COC1=CC=C(C(=O)N2CCN(CC(=O)NC3=CC=C(C)C=C3)CC2)C(OC)=C1OC,0
CN(C)CCC1CCN(CC1)S(=O)(=O)C1=CC=C2NC(=O)CCC2=C1,0
BrC1=CC=CC(=C1)C1=NN=C(CSC2=CN=NN2)O1,0
NC(=O)C1CCCN(C1)C1CC(=O)N(CCC2=CC=CC=C2F)C1=O,0
CC1=C(C=NN1C1=CC=CC=C1)C(=O)N1N=C(N)C2=CC=CC=C12,0
O=C(N1CC(=O)NC2=CC=CC=C12)C1=CC=C(C=C1)C#N,0
O=C(N1CCC(C1)OC1=CC=CN=C1N1CCCC1)C1=CC2=CC=CC=C2N1,0
COC1=CC=CC(=C1)C1CCCN1C(=O)NCC1=NC(C)=CS1,0
CN(CC1=C(C)N(N=C1C)C1=CC=CC=C1)C(=O)C1=CC2=C(CCC2)S1,0
CCN(CC)CC1CCN(CC1)C(=O)C1=NN(C=C1)C1=CC=CC=C1,0
COC1=CC=CC=C1N1CCN(CC1)C(=O)C1=CC=CC(=C1)N(C)C,0
NC(=O)CN1CCC(CC1)NC(=O)CN1C(=O)N(C2=CC=CC=C12)C1=CCCCC1,0
O=C(NC1CC1)C1=CC=C(NCC2=NC=CN2CC2=CC=CC=C2)C=C1,0
O=C(CCN1CCC(CC1)C(=O)NC1=CC=CC=C1)NC1=CC=C2CCCC2=C1,0
O=C(NCC1CCCCO1)C1=CC=CC(CNC2=NC=CC=C2C#N)=C1,0
OCC1=CC=CC(OCC2=NN=C(S2)C2=CC=CC=C2)=C1,0
COCC1=CC=CC=C1NC(=O)CC1=COC2=C(C)C(C)=CC=C12,0
NC(=O)C1CC2=CC=CC=C2CN1CC(=O)NC1(CCCC1)C1=CC=C2OCCOC2=C1,0
CC(C)CCC1=NN=C(NCC2=CN=C3N=C(C)C=C(C)N23)O1,0
CC(=O)N1CCCC2=CC(NC(=O)C3=NOC(=C3)C3=CC=CC(Cl)=C3)=CC=C12,0
CN1N=CC=C1CNC(=O)C1=C(C)N=C(S1)C1=CC=C(F)C(F)=C1,0
COC1=CC=C(C=C1)C1=NN=C(SCCCC2=CNN=C2)N1N,0
O=C(CC1=CC=C(C=C1)C1=CC=CC=C1)NC1=CC=CC=C1N1C=NC=N1,0
CCN(CC1CCOC1)C(=O)C1=NN(C(C)=N1)C1=CC=C(F)C=C1,0
FC1=CC=C2CCCN(C(=O)C3=CC(F)=CC(F)=C3)C2=C1,0
CCC1=CC=CC=C1NC(=O)C1=CN=CN1C1=CC=CC=C1,0
COC1=CC=CC=C1CN1N=NC(=N1)C1=CC=CC=C1C,0
ClC1=CC=C(CC2=CN=C(NC(=O)C3=CC=NC=C3)S2)C(Cl)=C1,0
COC1=CC=C(Cl)C=C1CN1N=NC(=N1)C1=CC=CC=C1C,0
ClC1=CC=C(Cl)C(=C1)N1CCN(CC1)C(=O)N1CCCC1,0
CC1=CC=C(NC(=O)C2CCCCN2C(=O)C2=CC=CC=C2)C=C1Cl,0
COC1=CC=C(OC)C(CCC(=O)N2CCC(CC2)C2=CC=C(O)C=C2)=C1,0
ClC1=CC=CC=C1C1=CC(=NO1)C(=O)NC1=CC=CC2=CC=CN=C12,0
CC1(C)CC(NCC2=NN=C(O2)C2=CC=C(C=C2)C#N)C(C)(C)O1,0
FC1=CC=C(C=C1)C(=O)N1CCCC(C1)C(=O)N1CCC(=CC1)C1=CNC2=CC=CC=C12,0
CN1C=C(C(=O)NC(CN2CCOCC2)C2=CC=C(C)C=C2)C2=CC=CC=C12,0
CN1N(C(=O)C(NC(=O)C2=CC3=NC(C)=C(C)N=C3C=C2)=C1C)C1=CC=CC=C1,0
ClC1=CC=C2NC3=C(CN(CC3)C(=O)CCS(=O)(=O)C3CCCC3)C2=C1,0
FC1=CC=CC=C1CC(=O)NC1CCN(CC1)C(=O)C1CCCCC1,0
CC1=C(N=C(NC(=O)C2CC2C2=CC=CC=C2F)S1)C1=CC=C(F)C=C1,0
CCOC1=CC=CC=C1C(=O)N1CCC(CN2CCOCC2)CC1,0
OCC1CCCC1NC(=O)C1=CN(N=N1)C1=CC=CC(Cl)=C1F,0
CC1=NC2=CC=C(NC(=O)C3=CC=CC=C3OCC3CCCO3)C=C2S1,0
O=C(CN1C(=O)OC2=CC=CC=C12)N1CCC(CC1)C1=CNC2=CC=CC=C12,0
OC(=O)CCNC(=O)C1=CC=C(NS(=O)(=O)C2=CC=C3OC(=O)C=CC3=C2)C=C1,0
ClC1=CN(CC2=NOC(=N2)C2=CC=CC=C2)C(=O)NC1=O,0
CC1=CC2=NC(=CN2C=C1)C(=O)NC1=NC2=CC=CC=C2S1,0
CC(=O)N1CCC(CC1)(C(=O)N1CC2CCCC2C1)C1=CC=CC=C1,0
CN1C=C(C=C1C(=O)N1CCN(CC1)C(=O)C1=CC=NC=C1)C#N,0
COC1=CC=CC(CNC2=C3NC=NC3=NC=N2)=C1,0
CC1=C(N=C(O1)C1=CC=CC=C1)C(=O)N1CCSC2=CC=C(Cl)C=C12,0
O=C(C1CCN(CC1)C(=O)C1=CC=CC(=C1)C#N)N1CCCC1,0
ClC1=CC=CC(=C1Cl)S(=O)(=O)N(CC1CC1)C1=CC=CN=C1,0
COC1=CC=C(CC2=NC3=CC=CC=C3N2CC(N)=O)C=C1,0
Cl.CC(C)N1CCC2=C(C1)C1=CC=CC=C1N2CC(O)=O,0
FC1=CC=CC(=C1)C(=O)NC1=CC=CC(CN2C=CN=C2)=C1,0
COC1=CC(OC)=C(C2=CCN(CC2)C(=O)NC2=CC=CC=C2OC)C(OC)=C1,0
CC(N1C(COC2=CC=C(Cl)C=C2)=NC2=CC=CC=C12)C1=CC=CC=C1,0
CCC1=NC(CS(=O)CC2=C(C)OC(=N2)C2=CC=CC=C2)=CS1,0
CC1=NC2=NC=NN2C(O)=C1CCN1CCCC1CCC1=CC=CC=C1,0
CN(C)C1=CC=C(NC(=O)C2=CC3=CC(C)=CC=C3N2)C(C)=C1,0
CS(=O)(=O)CC1=CC=C(C=C1)C(=O)NCC1CC2=CC=CC=C2O1,0
COC1=CC=C(CCC(=O)N2CCCCC2C2=NC=C(N2)C2=CC=CC(F)=C2)C=C1OC,0
Cl.OC(CN1C2=C(CCCC2)C2=CC=CC=C12)CN1CCCCC1,0
ClC1=CC2=NC=CC(N3CCC(CC3)C(=O)N3CCCCCC3)=C2C=C1,0
C1CC(CN(C1)C1=NN=C(S1)C1=CC=CC=N1)C1=CC=NN1,0
O=C(NC1CCN(CC1)C(=O)C1=CC=C(C=C1)N1CCOCC1)C1CC1,0
CC1=CC=C(C=C1NC(=O)CN1N=NC2=CC=CC=C12)N1C=NN=N1,0
CN(C(=O)CN1CCN(C)C2=CC=CC=C12)C1=NC2=CC=CC=C2S1,0
COC1=CC=C(Cl)C=C1C(=O)N1CCN(CC1)C(=O)C1=CC=C(F)C(F)=C1,0
FC1=CC(Br)=CC=C1C(=O)N1CCN(CC(=O)N2CCC3=CC=CC=C23)CC1,0
CC1=CC(F)=CC=C1C(=O)N1CCNC(=O)C2=CC=CC=C12,0
COC1=CC=CC=C1OCCN1C=NC2=C1C(=O)N(C)C(=O)N2C,0
CC1=CC=NN1C1=CC=C(C=C1)C(=O)NC1CCCCNC1=O,0
CC1=NN(C(C)=C1C(=O)N1CCN(CC(=O)N2CCCCC2)CC1)C1=CC=CC=C1,0
COC1=CC=CC=C1NC(=O)C1CCCN1C(=O)C1=CC=C(Cl)C(Cl)=C1,0
CC1=C(CC(=O)N2CCCC2)N=C(O1)C1=CC=CC=C1,0
CN1N=C(N2CCN(CC2)C2=CC=C(O)C=C2)C(=O)N(C)C1=O,0
CC1CCCCN1C(=O)CN1CCN(CC1)C(=O)C1=CC=C(C=C1)C1=CC=CC=C1,0
CC(C)N1CC2=CC=CC(NC(=O)C3=CN=NS3)=C2C1,0
CC(=O)NCC1=CC=C(O1)C1=CSC(NC(=O)C2=CC=C(Cl)C=C2)=N1,0
CC1=NC2=CC=CC=C2C(NC(=O)C2=CC=CC(=C2)S(=O)(=O)N2CCCCCC2)=C1,0
COC1=C(C2CCCN2CC2=NC3=C(F)C=CC=C3N2)C(C)=NN1C,0
FC(F)OC1=CC=CN=C1NC(=O)C1=NN(C=C1)C1=CC=C(Cl)C(Cl)=C1,0
CN1C=C(NC2=CC=CC(NC(=O)CC3CCOC3)=C2)C=N1,0
CS(=O)(=O)N1CCC(CC1)NC(=O)N1CCN(CC1)C1=CC=CC=C1Cl,0
COC1=CC=C(C=C1)C1=NC(CN2CCC(CC2)C(=O)NCC2=CC=CC=C2)=CO1,0
O=C(NC1=CC=CC(=C1)C1=NN=CO1)C1=CC=CC=C1OCC1CCCO1,0
CCOC1=CC=CC=C1NC(=O)C1=CC(=NN1)C1=CC=C(Cl)C=C1,0
O=C(NCC1=CC=CN=C1)C1=CC=CC=C1OCC1CCCO1,0
CCN1C=C(CC(=O)NC2CCCN(C)C2)C2=CC=CC=C12,0
CN(CC1=CC=CC=C1C)C(=O)C1=CC=CN=C1OC1=CC=CN=C1,0
OC1CCCN(C1)C(=O)CC1=CC=C(C=C1)C1=CC=CC=C1,0
COC1=CC=CC2=C1N(CCC2)C(=O)C1=CN(N=C1)C1=CC=CC=C1,0
CC1=C(CNC2=CC=NC3=CC(Br)=CN=C23)N=CO1,0
CCC1=NN=C(O1)C1=CC=C(NC(=O)N2CCCC(CO)C2)C=C1,0
COC1=CC(OC)=C(NC(=O)CN2CC3=CC=CC=C3CC2C(N)=O)C=C1Cl,0
COC(C)C1=CC=CC(NC(=O)C2=CC3=CC=C(F)C=C3N=C2C)=C1,0
CN1C=C(C=N1)C1CCCN1CC1=COC(=N1)C1=CC=C(F)C(F)=C1,0
FC1(F)OC2=CC=C(NC(=O)C3=CC=C(OCC4CCCO4)C=C3)C=C2O1,0
CC1=CC=C(C=C1)C(=O)N1CCCC(C1)C(=O)N1CCC(CC1)C1=CNC2=CC=CC=C12,0
CC1=C(SC=C1)C1=NN=C(NCC2=CSC=N2)O1,0
[O-][N+](=O)C1=CC=C(O1)C(=O)NC1=NN(CC2=CC=CC=C2)C=C1,0
COC1=CC=C(C=C1)S(=O)(=O)N1CCC(CC1)N1CCCCC1,0
CC1=C(C=NN1C1=CC=CC=C1)C(=O)NC1=CC=CC2=CC=C(C)N=C12,0
CC(=O)NCC1CCN(CC1)C(=O)C1=CC=CN=C1N1CCCC1,0
CC1=NN(C(C)=C1)C1=CC=C(C=C1)C(=O)NCC1=CN2C=CC=CC2=N1,0
COC1=CC(OC)=CC(CC2CN(C2)C(=O)NC2CC2)=C1,0
CC1=NC2=NC=C(C(=O)NCC3=CC=C(C=C3)C(=O)N3CCCCC3)C(O)=C2C=C1,0
CC1=CC=CC(CN2CCN(CC2)C(=O)C2=NNC3=CC=CC=C23)=C1,0
O=C1N(CC2=CC=CC=C2C#N)C=NC2=C1SC(=C2)C1=CC=CC=C1,0
O=C(NC1CCN(CC2=CC=CC=C2)C1=O)C1CC2CCC1C2,0
CC1=CC(F)=CC=C1NCC1=NOC(=N1)C1=CC=CS1,0
COC1=CC=C(C=C1)C(=O)NC1=NC(=CS1)C1=CC=CC(F)=C1,0
CNC(=O)C1CCCN(CC2=CC=CC=C2OCC2=CC=CC=N2)C1,0
COC1=CC=CC(=C1)C1=NN(CC(=O)NC2=CC=C(F)C(F)=C2F)N=N1,0
CCN1C=CC2=CC(NC(=O)CN3CCCCCCC3=O)=CC=C12,0
CC1CCCCN1S(=O)(=O)C1=CC=CC=C1C1=CC=CC=C1,0
FC(F)(F)CC1=NOC(CN2N=NN(C2=O)C2=CC=CC=C2)=N1,0
OC(CNC1=NN2C=C(N=C2S1)C1=CC=C(F)C=C1)C1CC1,0
CNC(=O)C1=CC(C)=CC=C1NCC1=COC(=N1)C1=CC=CC=C1,0
FC1=CC=C(C=C1)C1=CC=C(O1)C(=O)NCC1=CN(N=C1)C1=CC=C(F)C=C1F,0
CC(C)C1=NC=CN1CC1=NOC(=N1)C1=C(C)N=CS1,0
OC1=CC=C(C=N1)C(=O)N1CCN(CCOC2=CC=CC=C2Cl)CC1,0
CC1=CC=C(C=C1)N1N=NN=C1N1CCS(=O)C(C)(C)C1,0
CC(=O)N1CCC(CC1)C(=O)NCC1=CC=C(C)C=C1,0
CC(NC(=O)C1=CC=C2CCCCC2=C1)C1=NN=C2C=CC=CN12,0
FC1=CC(=CC(F)=C1)C(=O)NC1=CC=CC(CN2C=CC=N2)=C1,0
N#CC1=CC=CC(OCC2=NOC(=N2)C2=CSC=C2)=C1,0
CC(C)(O)C1CCCN1C(=O)NC1=CC=CC(=C1)C#N,0
CCC1=NOC(CN(C)C(=O)C2=CN=C3SC(C)=CN3C2=O)=N1,0
ClC1=CC=CN2C(=O)N(CC3=CC(=O)N4C=CSC4=N3)N=C12,0
COC1=CC=CC(=C1)C1=NN(CC2=NC3=CC(F)=CC=C3O2)N=N1,0
CN1C=C(CC(=O)NC2=NC=CC=C2O)C2=CC=CC=C12,0
CCOC1=CC=C2C=C(NC2=C1)C(=O)N1CC(CCC1C)C(N)=O,0
ClC1=C(SC2=CC=CC=C12)C(=O)N1CCN(CC1)C(=O)CCC1CCCC1,0
CCC1=NOC(C)=C1C1=NOC(CN2N=C(C)C=C2C)=N1,0
CC1=CC=C(Cl)C(OCC2=NOC(=N2)C2=CSC=C2)=C1,0
OCCCC1=NC2=CC=CC=C2N1CC1=C(F)C=CC=C1Cl,0
CC1CCN(CC2=CC=C(CNC(=O)C3=C(F)C=CC=C3F)C=C2)CC1,0
CN1N(C(=O)C(NC(=O)C2=CC=C3NC(=O)CCCC3=C2)=C1C)C1=CC=CC=C1,0
COC1=CC(=CC=C1OC1CCCC1)C(=O)NC1CCN(CC2=CC=CC=C2)CC1,0
OC1=CC=C(C(=O)OCC2=NC(=NO2)C2=CC(Br)=CS2)C(O)=C1,0
C(OC1CCN(CC2=CC=CC=C2)CC1)C1=CC=CC=C1,0
FC1=CC=C(C=C1)C1=NC(CON2N=NC3=CC=C(Cl)C=C23)=CS1,0
O=C(N1CCNC(=O)C1C1=CC=CC=C1)C1=CC=C2C=CNC2=C1,0
COC1=CC(=CC(OC)=C1C)C(=O)NC1=CC=CC=C1C(=O)N1CCCCC1,0
C(NC1=NC=CN2C=NN=C12)C1=CC=CC=C1CN1C=NC=N1,0
CC1=NNC2=NC=C(NC(=O)C3=CC=C(F)C(COCC4CC4)=C3)C=C12,0
COC1=CC=CC=C1CC1CCCN1C(=O)C(C)C,0
COC1=CC=CC(=C1)C(=O)NC1=CC=CC(OC2CCCC2)=C1,0
CC1=CC(OCCN2CCC(CC2)NC(=O)C2=CC=CC=C2)=CC(C)=C1,0
O=C(NCC1COC2=CC=CC=C2O1)N1CCC(CC2=CC=CC=C2)CC1,0
COC1=CC(=CC=C1C)C(=O)NCC1=CC=C(N=C1)N1CCCC1,0
CC1=CC=C(NC(=O)CN2CCC(CC2)NS(=O)(=O)C2=CC=CC=C2)C=C1,0
CC(C)C(=O)N1CCC(CC1)NC(=O)C1=CC=C(C=C1)C1=NC(C)=NO1,0
ClC1=CC=C(CN2CCC(CC2)N2CCNC2=O)C=C1Cl,0
CCNC(=O)C1=CC(NC(=O)CC2=CC=C(C=C2)C(F)(F)F)=NC2=CC=CC=C12,0
ClC1=CC=C2OCC(=O)N(CC(=O)N3CCC(CC3)C3=CNC4=NC=CC=C34)C2=C1,0
COC1=CC=CC2=C1N(CCC2)C(=O)CCN1C(=O)COC2=CC=CC=C12,0
CC1=C(C)N=C(NC(=O)C2=CSC(=N2)C2=CC=C(Cl)C=C2)S1,0
CC1=C(C=NN1C1=CC=CC=N1)C(=O)NC1(CCC1)C1=CC=CC=C1,0
FC(F)(F)C1=CC=CC=C1CN1CCC(CC1)NC(=O)C1=CC=CC=C1,0
O=C(CC1CCCC1)NC1=CC=CC(=C1)S(=O)(=O)N1CCOCC1,0
CC1=CC=CC=C1CN1CCCN(CC1)C(=O)C1=NC2=CC=CC=C2N=C1,0
FC1=CC(Cl)=CC=C1NCC1=NN=C(S1)C1=CC=CC=C1,0
COC1=CC=C2N(C3CCCCC3)C(C)=C(C(=O)NC3CN(C3)C(C)=O)C2=C1,0
NC1=NC=NC(NCC2=NN(CC3=CC=CC(F)=C3)C=N2)=C1Cl,0
O=C(NCC1CCCN(CC2=CN=C3C=NC=CN23)C1)C1=CC=CC=C1,0
OCC1CCCCCC1NCC1=NN=C(O1)C1=CC=C(Cl)C=C1,0
O=C(NCC1(CC1)C1CC1)N1CCN2C(CNC2=O)C1,0
CN1C=CN=C(SC2=NC3=CC=C(Cl)C=C3N2)C1=O,0
CCC1=CC=C(C=C1S(=O)(=O)N1CCOCC1)C(=O)NC1=CC=CC=N1,0
CC1=CC=C2C(CC(=O)NC3=CC=CC=C3C(F)(F)F)=COC2=C1,0
O=C(NC1CCN2CCCCC12)C(C1=CC=CC=C1)C1=CC=CC=C1,0
C(N1CCN(CC1)C1=NC2=CC=CC=C2C=C1)C1=CC=CC=C1,0
O=C(NCC1CCN(C1)C1=CC=CC=C1)C1=CC=CC=C1,0
O=C(NC1=NN(CC2=CC=C(C=C2)C#N)C=N1)C1=CN=CC=N1,0
COC1=CC=C(C)N=C1NC(=O)C1=NN(C(=C1)C(C)C)C1=CC=CC=C1,0
COCC1=NOC(=N1)C1=CC=CC(NC2CC(C)N(C2)C2CC2)=C1C,0
CC1=CC=C(C=C1)N1C=C(N=N1)C(=O)NC1=CC=C(C=C1C)N1CCOCC1,0
O=C(NCC1=NN=C2CCCN12)C1=CN(CC2=CC=CC=C2)N=C1,0
CC(O)CNCC1=CN(N=C1C1=CC2=CC=CC=C2O1)C1=CC=CC=C1,0
CC(=O)NC1=CC=CC(=C1)N1N=NN=C1SCC(=O)C1=CC=C2CCCC2=C1,0
NC(=O)C(N1CCC2=C(C1)C=CS2)C1=CC=CC=C1,0
COC1=CC=C(OCC2=NC3=CC=CC=C3N2C(F)F)C(=C1)[N+]([O-])=O,0
CC1=CC=NC(=N1)N1CCN(CC1)C1=NC=CC=C1F,0
COC1=CC2=C(CN(CC2)C2=NC3=CC=CC=C3C(N)=N2)C=C1OC,0
BrC1=CC=CC(OC2=NC=CC=C2C(=O)N2CCCC3=CC=CC=C23)=C1,0
FC1=CC=CC=C1CNC(=O)N1CCN(CC2=CC=CC(Cl)=C2)CC1,0
CC1=CN(N=C1)C1=CC=C(C=C1)C(=O)N1CCCC2=CC=CC(F)=C12,0
O=C(N1CCCC1CC1=CC=CC=C1)C1=NNC2=CC=CC=C12,0
COC1=CC=C(C2=CSC(NC(=O)C3=CC=C(O)N=C3)=N2)C(OC)=C1,0
CN1C=CN=C1C(NC(=O)C1=CC=CC(=C1)C(F)(F)F)C1=CC=CC=C1,0
OCC1=C(N=C2SC=CN12)C1=CC=CC=C1,0
O=C(NC1=CC=CC=C1)C1CCN(CC1)C1=NC=NC2=CC=CC=C12,0
ClC1=CC=CC=C1C(=O)NCC1CCN(C1)C1=CC=CC=C1,0
O=C(CN1CCN(CC1)C1=CC=CC=C1)NC1CCN(CC1)C1CC1,0
ClC1=CC2=CC=CN=C2C(=C1)C(=O)N1CCC(CC1)N1CCCCC1,0
COC1=CC=CC(C(=O)N2CCN(CC2)C(=O)C2=CC=CC=C2C(F)(F)F)=C1OC,0
CC1(C)C2CCC1(C)C(C2)NC(=O)C1=CC=C(NC1=O)C1=CC=NC=C1,0
NC(=O)C1=CC=C(NC(=O)C2=C3NC4=C(CCCCC4)C3=CC=C2)C=C1,0
CC(NC(=O)C1=CC=CC=C1CN1C=NC=N1)C1CC2CCC1C2,0
Cl.O=C1NCCCCC1NCC1=CC=C(OCC2=CC=NC=C2)C=C1,0
CCOC1=CC=C(NC2=CC(=NC3=C(C(C)=NN23)C2=CC=CC=C2)C(C)C)C=C1,0
O=C(NCC1=CC=C(O1)C1=NC2=CC=CC=C2S1)C1CCS(=O)(=O)C1,0
O=C(N(CC1CCCO1)C1=CC=NC=C1)C1=CN2C=CC=CC2=C1,0
CCC(=O)NC1=NC(=C(C)S1)C1=CC=C(OC)C=C1,0
COC1=CC(NC(=O)C2=CC=CN=C2N2CCCCC2)=CC=C1NC(C)=O,0
ClC1=CC=C(C=C1)C(NC(=O)C1=CC=C(N=N1)N1CCCC1)C1CC1,0
CC1(C)CC2=CC=CC(NC(=O)C3=CC=CC(CN4CCOCC4)=C3)=C2O1,0
FC1=CC=C(C=C1F)C1=CSC(NC(=O)C2=CC=C3OCOC3=C2)=N1,0
O=C(C1CCCC2=C1C=NN2)N1CCC(=CC1)C1=CNC2=CC=CC=C12,0
CCC(=O)N1CCC2=CC(=CC=C12)C(=O)NCC1=CC=C(CN2CCCCC2)C=C1,0
Cl.O=C(CC1=CC=C(C=C1)N1C=CC=N1)NC1=CC=C2CCNCC2=C1,0
CC1CC2=CC=CC=C2N1C(=O)C1=CC=C(CN2C(=O)CCC2=O)C=C1,0
CC(N1CCC(CC1)N1C(=O)NC2=CC=CC=C12)C1=C(F)C=CC=C1F,0
O=C(CC1CC2CCC1C2)N1CCN(CC1)C1=CN=CC=N1,0
CCNC(=O)N1CCC(C1)NC(=O)N1CC(C)C2=CC=CC=C12,0
CN1N=C(C)C(C(=O)NC2=CN(CC3=CC=C(Cl)C=C3)N=C2)=C1C,0
CC(C)N1CCC(CC1)NC(=O)CN1C(=CC2=CC=CC=C12)C1=CC=CC=C1,0
COC1=CC=CC=C1CNC1=NN=C(CC2=CC=CC=C2F)O1,0
CCC1=C(C=NN1C1=CC=CC=N1)C(=O)NCC1CCOC1,0
CCC(C(=O)N1CC2C3CCC(O3)C2C1)C1=CC=CC=C1,0
CCC1CN(CCO1)C(=O)C1=CC=C(OCC2=NOC(C)=N2)C=C1,0
CC(C)N1N=CC2=CC(=CN=C12)C(=O)N(C)C1=CC(C)=CC(C)=C1,0
BrC1=CC=CC(=C1)S(=O)CC1=CN2C=CC=CC2=N1,0
CC1=CSC(NC(=O)C2=CC=C(OC3=CC=C(F)C=C3)C=C2)=N1,0
FC1=CC=CC(=C1)N1C=CC(=N1)C(=O)NC1=CN=CC=C1N1C=CC=N1,0
CC1=CC2=C(C)N=C(NC3=NC4=C(CCCC4)C(=O)N3)N=C2C=C1,0
CC1CCCCN1S(=O)(=O)C1=CC=C2CCCC2=C1,0
COC1=CC=C(CCNC2=CC(C)=NC3=C(C(C)=NN23)C2=CC=CC=C2OC)C=C1OC,0
COC1=CC=C(C=C1Cl)C(=O)NC1=NC2=CC=C(C=C2S1)S(C)(=O)=O,0
FC1=CC=C(C=C1)C1=CSC(NC(=O)C2CCC2)=N1,0
O=C(CN1CCN(CC2=CN3C=CC=CC3=N2)CC1)NC1=CC=CC=C1OC1=CC=CC=C1,0
CN1C2=C(N(CC=C)C(=N2)N2CCN(CCC3=CC=CC=C3)CC2)C(=O)NC1=O,0
O=C(N1CCN(CC1)C(=O)N1CCCCCC1)N1CCCCCC1,0
CC1CN(C(=O)NCC2=NC=CN2CC2=CC=CC=C2)C2=CC=CC=C12,0
ClC1=CC=C(C=C1)C1=CSC(NC(=O)C2=CC=NC=C2)=N1,0
COC1=CC=C(OC)C(=C1)C(C)NC(=O)CN1C=NC2=C(SC(=C2)C2=CC=CC=C2)C1=O,0
COC1=CC=C(CN2CCN(CC2)C(=O)C2=CC=C(O)N=C2)C=C1F,0
COC1=CC=CC(CNC2=CC=C(C=N2)N2CCC(CO)CC2)=C1,0
CCC1=CC=C2N=C(NC(=O)C3=CC=CC=N3)SC2=C1,0
CC1=CC=C(S1)S(=O)(=O)N1CCCC1C(=O)NC1=CC=C(OCC(F)(F)F)C=C1,0
FC1=CC=CC=C1C1=CC=C(O1)C(=O)NC1=CC=CC2=CC=CN=C12,0
CCN1C=NN=C1C1=CC=CC(NC(=O)C2=C(F)C=CC=C2F)=C1,0
CN1C(=O)C(CN2CCOCC2(C)C)=NC2=CC=CC=C12,0
CC1=CC=C(C=C1)N1C=C(N=N1)C(=O)N1CCC2=CC=CC=C12,0
CN1C(SC2=C3C(SC=C3C3=CC=CS3)=NC(C)=N2)=NN=C1C1=CC=NC=C1,0
COC1=CC(=CC=C1F)C(=O)NC1=NN=CN1C1=CC=CC=C1,0
O=C(NC1=CC=CC2=CN=CC=C12)C1CC1C1=CC=CC=C1,0
CN(C1CCCCC1)C(=O)C1=NNC2=CC=CC=C12,0
C1CN(CCN1C1=NC=CS1)C1=NC2=CC=CC=C2S1,0
O=C(CCN1CCCC1=O)N(C1CC2=CC=CC=C2C1)C1=CC=CC=C1,0
CC1=CSC2=C1C(=O)NC(CC1=NOC=C1)=N2,0
CC1=CC(NC(=O)CC2=CSC3=NC(=CN23)C2=CC=CC=C2)=CC=C1N1CCCC1=O,0
CN(C(=O)C1=CC=NC(OCC2=CC=CC=C2)=C1)C1=NC=CS1,0
CC1=CC=C(O1)C(=O)NC1=NN(CC2=CC=CC=C2)C=N1,0
CCC1=CC2=C(N=CN=C2S1)N1CCN2CCCC2C1,0
ClC1=CC=CC(=C1)C1=NC(CC(=O)NC2=C(C=CS2)C#N)=CS1,0
CN(C)CC1=CC=CC=C1CNC(=O)C1=CC=CC2=NC=CC=C12,0
CN1C2=C(N(CC(O)C(F)(F)F)C=N2)C(=O)N(C)C1=O,0
CC(C)(C)NC(=O)C1=CC=C(NS(=O)(=O)C2=CC=C(CCC(O)=O)C=C2)C=C1,0
CN1N=C(C)C(OCC2=NC=C(O2)C2=CC=CC(F)=C2)=C1C,0
FC1=CC=C2N(CCOC2=C1)C(=O)C1=CC=NC(=C1)N1C=NC=N1,0
CC1=NN=C(NCC2=NC3=NC=C(Br)C=C3N2)N=C1C,0
CC1=CC=C(CC(=O)N2CCN(CC2)S(=O)(=O)C2=CC=CC=C2)C=C1C,0
O=C(CN1CCCC(C1)C(=O)NC1CC1)NC1(CCC1)C1=CC=CC=C1,0
CC(SC1=NN=C(C)N1C1=CC=C(C)C=C1)C(=O)NC1=CC=CC(C)=C1,0
Cl.Cl.CNC1CCN(C1)C(=O)C1=CN=C2N(N=C(C)C2=C1)C1=CC=C(F)C=C1,0
FC(F)(F)C1=CC=C(N=C1)N1CCC(CC1)NC(=O)CC1CCCCC1,0
CC1=CC(NC(=O)N2CCC(O)C2)=NN1C1=CC=C(F)C=C1,0
O=C(N(CC1CC1)C1=CC=CN=C1)C1=CC=CC(=N1)N1C=CC=N1,0
FC1=CC=C(C=C1F)C(=O)NCC1=NN=C2CCCCCN12,0
FC1=CC=CC=C1N1CCN(CC1)C(=O)C1=NNC2=CC=CC=C12,0
CC(C)NC1=NC=CC=C1C(=O)N1CCCC(C1)C1=NC(C)=CS1,0
CCOC1=CC=C(NC(=O)C2=CC=C(O2)C2=CC=C(Cl)C=C2)C=C1,0
Cl.O=C(NCC1=CN(N=N1)C1=CC=CC=C1)C1NCCC2=CC=CC=C12,0
CC1=C(C=NN1)C1=NN=C(NC(=O)C2=NNC=C2)S1,0
COC1=CC=CC=C1NC1=NC(=CS1)C1=CC=C(CNC(C)=O)O1,0
COC1=CC(C)=CC=C1S(=O)(=O)N1CCN(CC1)C1=CC=CC=C1,0
ClC1=CN(CC2=COC(=N2)C2=CC=CS2)C(=O)NC1=O,0
CC(C)(NCC1=NN=C(O1)C1=CC=CC(Cl)=C1)C1=NC=CS1,0
CCC1CN(CCO1)C(=O)CC1=COC(=N1)C1=CC=CC=C1,0
CCN1CCC(CC1)NC(=O)C1=CSC(=N1)C1=CC=C(OC)C(OC)=C1,0
COC1=CC=C2N(CC3=C(C)OC(=N3)C3=CC=CS3)CCCC2=C1,0
CN1C(=O)NN=C1SCC1=CN2C=C(Cl)C=C(Cl)C2=N1,0
CCC1=CC2=C(NC3CCC(O)CC3)N=CN=C2S1,0
FC1=CC(NC(=O)CN2C=NC3=CC=CC=C23)=CC=C1NCC1CCCO1,0
CC1=CC=CC(=C1)N1CCN(CC1)C(=O)CN1CCC(CC1)C(N)=O,0
CC1=CC=CC=C1C1=NN(CC(=O)NC2=CC=C(Br)C=C2C)N=N1,0
CC1=NN(C(C)=C1)C1=CC=C(NCC2=CC=CC=C2N2C=CN=C2)N=N1,0
CN1C2=C(N(CCN3CCC(CC3)N3CCCC3)C=N2)C(=O)N(C)C1=O,0
CN1CCN(CC1)C(=O)C1=CC=CC=C1NC(=O)C1=CC=CC=C1,0
CC1=CC2=NN=C(SC3=CC=C(C=C3[N+]([O-])=O)C(=O)NCC(O)=O)N2C2=CC=CC=C12,0
COC1=CC=CC=C1NC(=O)NC1CCC(CC1)C1=CC=CC=C1,0
COC1=CC=CC=C1C1=C2N=C(C)C=C(N2N=C1C)N1CCN(CC1)C1=CC=CC=C1,0
CCN1C=C(C(=O)N2CCN(CC2)C(=O)C(C)C)C2=CC=CC=C12,0
CC1=C(C=CO1)C(=O)NC1=NC=C(CC2=CC=C(Br)C=C2)S1,0
FC1=CC=C(C=C1)N1CCN(CC(=O)NC2CCCCCC2)CC1,0
CN(C1CCN(CCC2=CC=CC=N2)CC1)S(=O)(=O)C1=CC=CC(C)=C1,0
O=C(NCC1=CC=C(N=C1)N1C=NC=N1)C1=NC2=CC=CC=C2N=C1,0
COC1=CC=CC=C1CN1CCC(CC1)NC1=NC=C(C=C1Cl)C(=O)N(C)C,0
CN1C(=O)C2=CC=C(C=C2C1=O)C(=O)N1N=C(N)C2=CC=CC=C12,0
COC1=CC=C2N(CC3=CC(=O)N4C(C)=CSC4=N3)CCCC2=C1,0
CC1=C2N=C(CN3C=C(C=C(Cl)C3=O)C(F)(F)F)NC(=O)C2=CC=C1,0
CC(C)C1=CC(NC(=O)N2CCN(CC2)C(C)C(F)(F)F)=NO1,0
COC1=CC=C(CN2N=CC=C2NC(=O)CC2CCC=C2)C=C1,0
CC1=CC=CC(=C1)N1CCN(CCNC2=NC3=CC=CC=C3O2)CC1,0
CC1=NN(C(C)=C1)C1=CC=C(C=C1F)C(=O)NC1=CC=C2COCC2=C1,0
ClC1=CC=CC(=C1)C1(CCCC1)C(=O)N1CCNC(=O)CC1,0
CC(NC(=O)CN1C(=O)COC2=CC=CC=C12)C1=CC=C(C=C1)N1C=CN=C1,0
CC(N1CCC(CC1)C(N)=O)C(=O)N1CCC2=CC=CC=C12,0
COC1=CC=C(NC(=O)C2=CC=C(C=C2)N(C)C)C=N1,0
CN1C=CC=C(NC(=O)C2=NN(C(=N2)C2CC2)C2=CC=CC=C2Cl)C1=O,0
CC1CCCN(CC2=NC3=C(N2C)C(=O)NC(=O)N3C)CC1,0
OC1=CC=C(Br)C=C1C(=O)N1CCN(CC1)C1=CC=C(F)C=C1,0
FC1=CC=CC=C1CN1CCN(CC1)C(=O)NCC1=CC=CC(Cl)=C1,0
CC1=CC=CC=C1C(=O)NC1=CC=CC(OCC(=O)N2CCCC2)=C1,0
CC1CCN(CCCN2C(=O)NC(C)(C)C2=O)CC1,0
CN1C=C(C=N1)C1=NC=C(S1)C(=O)NC1=CC=C(C)N=C1C,0
CCC1CN(CCO1)C(=O)C1=CC=C(N2C=NN=N2)C(C)=C1,0
C1CN(CCN(C1)C1=NC=NC2=CC=CC=C12)C1=NC=NC2=CC=CC=C12,0
CC1=NN(C(C)=C1)C1=CC=CC(NC(=O)C2=C(C)C=CS2)=C1,0
O=C(CC1=CC=C2OCCC2=C1)N1CCC(CC1)C(=O)NC1CC1,0
CC1=C(SC(CC2=CC=C(F)C=C2)=N1)C(=O)NCC1CCOC1,0
COC1=CC(=CC(OC)=C1C)C(=O)N1CCN(CC(=O)NC2CC2)CC1,0
CC(N1CCCC(C1)C(=O)NC1=CC=CC=C1)C(=O)NC1=CC=C(C=C1)S(N)(=O)=O,0
COC1=CC=C(C=C1F)C(C)NC(=O)N1CCN2CCCCC2C1,0
COC1=CC=CC=C1C1=NN=C(CNC2=CC=CC(C)=C2Cl)O1,0
NC(=O)CN1CCC(CC1)NC(=O)C1=CSC2=C1CCCC2,0
COC1=CC=CC(=C1)C1CC1C(=O)NC(C1CC1)C1CC1,0
CCC1=NN=C(NC(=O)C2=CN(N=N2)C2=CC=CC=C2Br)S1,0
O=C(CCC1=CNC2=CC=CC=C12)N1CCN(CC2=CC=CC3=CC=CN=C23)CC1,0
COC1=CC=C(C=C1)C1=C(CCC(=O)N2CCC2)C2=CC=CC=C2N1,0
COC1=CC=C2CN(CCCC2=C1)C(=O)CNC1=CC=CC=C1OC,0
O=S(=O)(CC1CCCO1)CC1=NC(=NO1)C1=CC=CC=C1,0
CCC(CC)C1CC(CCO1)NC(=O)C1=CC=C(C=C1)C1=CSC=N1,0
CC(NC1=NC2=CC=CC=C2S1)C(=O)N1C(C)CC2=CC=CC=C12,0
C(SC1=NC=C(N1C1CC1)C1=CC=CC=C1)C1=CC=CC2=CC=CN=C12,0
CCOC1=CC=CC=C1C1=NC(CC(=O)NC2=C(C=CS2)C#N)=CS1,0
CC1=NN(C(C)=C1)C1=CC=C(CC(=O)NC2=CC=CC(Cl)=C2)C=C1,0
CC1=CC=NC(NC(=O)C2=CC=C(OC3=CC=CC=C3)C=C2)=C1,0
CC1=CC=CC(=C1)C1=NC(CN2N=C(C)C(C)=C(C#N)C2=O)=NO1,0
CC(=O)NC1=CC=CC2=C1CCN(C2)C(=O)C1CCCC2=CC=CC=C12,0
CC1=CC2=NC(=CN2C=C1)C(=O)NC1=CC=CC=C1N1CCOCC1,0
CC1CCN(CC1)C(=O)C1=CC=C(OC2=CC=C(Br)C=C2)N=C1,0
COC1=CC=CC(Cl)=C1C(=O)NC1=NC2=CC=CC=C2C=C1,0
NC(=O)C1=CC=CN=C1N1CCN(CC1)C(=O)C1=CC=CC(OC2=CC=CC=C2)=C1,0
COC1=CC=C(F)C=C1CN1CCN(CC1)C1=NC=CC=C1C(N)=O,0
CC1CC(C1)NC(=O)NC1=C(C)N(C)N(C1=O)C1=CC=CC=C1,0
O=C(NCC1=CC=C(N=C1)N1C=NC=N1)C1CCCC2=CC=CC=C12,0
NC(=O)C1CC2=CC=CC=C2CN1C(=O)C1=CC=CC=C1,0
BrC1=CC=C(CN2CCN(CC(=O)NC3CCS(=O)(=O)C3)CC2)C=C1,0
COC1=CC=CC(=C1)C1=NN(CC2=CSC(=N2)C2=CC=CC=C2)N=N1,0
COC1=CC=CC=C1C1=NN=C(CNC2=CC=C(Cl)C=C2Cl)O1,0
CCOC1=CC=C2N=C(NC(=O)C3=CC=C(C=C3)S(=O)(=O)C(C)C)SC2=C1,0
COC1=CC=CC=C1C(=O)NC1=CN=C2N(N=CC2=C1)C(C)C,0
OC1=CC=CN=C1NC(=O)C1=NC2=CC=CC=C2C=C1,0
O=C(CC1=CC=C(C=C1)N1C=CC=N1)N1CCN(CC1)C1CC1,0
FC1=CC=C(C=C1)N1N=C(C(=O)NC2=CC=CC=N2)C2=C1CCCC2,0
CC1CN(CC2=CSC(NC(=O)C3(CC3)C3=CC=C(Cl)C=C3)=N2)CC(C)O1,0
Cl.Cl.CCC(N)C(=O)N1CCN2C(C1)=NN=C2C1=CC=CC=C1,0
CC(=O)N1CCN(CC1)C(=O)C1=CC2=C(C)C=C(C)C(C)=C2N1,0
COC1=CC=C(C(=O)NC2=CC=CC=C2CN(C)C2CCCCC2)C(OC)=C1,0
CCOC1=CC=C(CN2CCN(CC2)C(=O)C2=NC3=CC=CC=C3C=C2)C=C1,0
O=C(CCOC1=CC=CC=C1)N1CCC2=C(C1)C1=CC=CC=C1N2,0
COC1=CC2=CC=C(N=C2C=C1)C(=O)NC1=C(C)C=C(C)C=C1C,0
CC1=CC=CC(C(=O)NC2=CC=C(OCC3CCOC3)C=C2)=C1F,0
CCOC1=CC=CC=C1N1CCN(CC1)C(=O)C1=CSC2=CC=CC=C12,0
BrC1=CC=C(C=C1)C1=NN(CCC2=CC=CC=N2)N=N1,0
CN1C=CC(C)=C(NC(=O)C2=CC=CC(=N2)N2C=CC=N2)C1=O,0
CC1=C(N=C(NC(=O)C2=CC=NC=C2)S1)C1=CC=C(Cl)C=C1,0
CN1N=NN=C1C1=CC=CC(NC(=O)CC2CCCC2)=C1,0
FC1=CC(Cl)=CC=C1C(=O)N1CCN(CC1)C1=CC=CC=C1,0
O=C(CN1C(=O)C2CCCCC2C1=O)NC1CCN(CC2=CC=CC=C2)CC1,0
CN(CC1=CC=C(Cl)C(Cl)=C1)C(=O)C1=CC=CC2=NC=CC=C12,0
CCN(C(=O)CC1=CSC(=N1)C1=CC=C(C)C=C1)C1=CC=C(C=C1)C#N,0
CC(N1CCC(CC1)C1=CNC2=CC=CC=C12)C(=O)NC1=CC=CC(=C1)C#N,0
COC1=CC=C(CC(=O)NC2COC3=CC=CC=C3C2)C=C1OC,0
COC1=CC2=C(CN(CC2)C(=O)NCC2=CC=C(CN3CCCC3)C=C2)C=C1OC,0
ClC1=CC=C(C=C1)C1=NN(CC(=O)NC2CCCC3=CC=CC=C23)N=N1,0
CCNC(=O)N1CCC(C1)NC(=O)N1CCC2=CC=CC=C2C1,0
COC1=CC=C2N(CCCC2=C1)C(=O)C1=CC=CC(NC(C)=O)=C1,0
ClC1=CC=C2OC(CC2=C1)C(=O)NCC1=NN=C2CCCN12,0
CC1=CC=NC(NC(=O)C2CCN(CC(=O)NC3CCS(=O)(=O)C3)CC2)=C1,0
COC1=CC=C(C=C1)C(CNC(=O)C1=CN(C)C2=CC=CC=C12)N1CCCCC1,0
CC(N1CCC(C1)NC(=O)C1=CC=C2C=CNC2=C1)C1=CC=CC=C1,0
CC1=NN(C(C)=C1C1=NNC(=C1)C(O)=O)C1=CC=CC=C1,0
O=C(C(SC1=NN(C=N1)C1=CC=CC=C1)C1=CC=CC=C1)N1CCOCC1,0
CCN1CCC(CC1)N(C)S(=O)(=O)C1=CC=C2NC(=O)CCC2=C1,0
CC1=NC(CSC2=NN=C(N2CC=C)C2=C(C)OC=C2)=CS1,0
CC1=NOC(CSCC2=NC=C(O2)C2=CC=CC(F)=C2)=C1,0
CCN1C(C)=NN=C1COC1=CC=CC2=C1OC(C)(C)C2,0
CN1CCN(C(C1)C1=CC=CC=C1)S(=O)(=O)C1=CC(F)=CC(F)=C1,0
ClC1=CC=C(NCC2=CSC(=N2)C2=CC=CS2)C=C1,0
CCN(C(=O)C1=CSC(=N1)C1=CC=C(CC)C=C1)C1=CC=CC=C1C,0
NC(=O)C1CCN(C1)C(=O)C1(CCCCC1)C1=CC=CC(F)=C1,0
CN1C(CN2CCOC(CN3C=NC=N3)C2)=NC2=CC=CC=C12,0
COC1=CC=C2OC(CN3CCCC(CCO)C3)=CC2=C1,0
CC1=CC=CN2C=C(N=C12)C1=CC=CC(NC(=O)CCC(O)=O)=C1,0
COC1=CC=CC=C1N1CCC(C1)NS(=O)(=O)C1=CC2=CC=CC=C2N=C1,0
CC1=CC=C(NC(=O)C2=CC3=CC(F)=CC=C3N2)N=C1,0
FC1=CC=C(C=C1)C1=NOC(=N1)C1CCCN(C1)C1=NC=CC=C1C#N,0
FC1=CC=C2CCCN(C(=O)C3=NN(N=C3)C3=CC=CC=C3)C2=C1,0
CC(C)C1=NC(CS(=O)CC2=CN3C=CC=C(C)C3=N2)=NO1,0
CCOC1=CC=CC=C1C1=NC(CC(=O)N(C)C2=CC=CC(=C2)C#N)=CS1,0
OC1=CC=C(C=C1)C1=NOC(CCC2=NN=C(O2)C2=CC=CC=C2)=N1,0
FC1=CC=C2NC(=C(CCC(=O)N3CCOC4CCCC34)C2=C1)C1=CC=CC=C1,0
COC1=CC=C(C=C1)C(CNC(=O)C1CCN(CC1)C(C)=O)C1=CNC2=CC=CC=C12,0
COC1=CC=C2N(CC(=O)NC3=CC=CC=N3)C=CC2=C1,0
CC1CCCCC1NC(=O)C1CCCN(C1)C1=NC=CC=N1,0
CC1=CC(NC(=O)C2=CC=C3NC(=O)CCC3=C2)=CC(=C1)C(F)(F)F,0
O=C(NCC1=NN=C2CCC3=CC=CC=C3N12)C1=NC2=CC=CC=C2C=C1,0
CCC1=NC(=NN1C1=CC=CC=C1Cl)C(=O)NC1CCN(C)CC1,0
CC1=NN(CC2=CC=C(C)C=C2)C(C)=C1CNC1CC(C)(C)NC(C)(C)C1,0
CC(C)N1C=NN=C1C1=CC=CC=C1NC(=O)C1=CC2=CC=CC=C2C=C1,0
CC1=CC(=O)N(CC2=NC=C(O2)C2=CC=CC=C2Cl)C=C1,0
OCC1CCCN(C1)C(=O)NCC1=NN=C(S1)C1=CC=CC=C1,0
COC1=CC=C(NC(=O)C2=NN(C=C2)C2=C(F)C=CC=C2F)C=N1,0
CN(C[C@@H]1CCN(C)[C@H]1C1=CC=CN=C1)CC1=CN=C2C=C(C)C=CN12,0
CC(C)N1N=CC2=CC=C(NC(=O)C3=CN=CC(F)=C3)C=C12,0
COC1=CC=C(C2=CSC(NC(=O)C3=CC=CC=N3)=N2)C(OC)=C1,0
OC1C2CCCC1CN(C2)C(=O)C1=NC2=CC(Cl)=CC=C2C=C1,0
OCC1CCCCCC1NC1=NN=C(S1)C1=CC=CC=N1,0
OC(=O)[C@H](CC1=CNC2=CC=CC=C12)NC(=O)C1=CC=C(C=C1)N1CCCCC1=O,0
O=C(NC1=CC=C(C=C1)N1C=CC=N1)C1CC2CC1C=C2,0
NC(=O)C1=CC=CC(CON2N=NC3=CC=CC=C23)=C1,0
CN1C=NC(=C1NC(=O)CC1=C(C)C2=CC=CC=C2N=C1C)C1=CC=C(F)C=C1,0
CC1=NC2=NC(COC3=NN=C(O3)C3=CC=CC=C3)=CN2C(C)=C1,0
CN1C2CCC1CN(CC2)C(=O)NC1=CC=C(C=C1)C1CCC1,0
CCC1=CC=C(C=C1)C(=O)N1CCN(CC1)C(=O)C1=CC(F)=CC(F)=C1,0
CC1=NN(C(C)=C1CNC1CCN(CC1)C1CC1)C1=CC=CC=C1,0
COC1=CC=CC=C1C(=O)NCC1=NC2=CC=CC=C2N1CC1=CC(C)=CC=C1C,0
ClC1=CC(=CC2=C1OCCCO2)C(=O)N1CCC2CCCCC2C1,0
FC1=CC=CC(=C1)C1(CCCC1)C(=O)NC1CCN(CC2=CC=CC=C2)CC1,0
COC1=CC=C(CNC(C)C2=CC=C3NC(=O)CCC3=C2)C(OC)=C1,0
CC1=CC=CC(=C1)C1=NC(CSC2=NN3C=CC=NC3=N2)=NO1,0
CC1=CC=C(Cl)C=C1N1N=CC2=C(NC3CC3)N=CN=C12,0
CCOC1=CC=C2N=C(NC(=O)C3=CC=C(C=C3)N(C)C)SC2=C1,0
FC1=CC=C(C=C1)C(=O)NC1=NC2=CC=CC=C2C=C1,0
OC[C@@H]1C[C@H](NC2=NN3C(C=C2)=NN=C3C2=CC=CC=C2)C=C1,0
CC(NC(C)=O)C1=NC2=CC=CC=C2N1CC1=CC=CC=C1,0
O=C(CN1CCCC1CC1CCCCC1)N1CCNC(=O)C1,0
CC1=CC=C(C=C1)C1=NC(CN2C=C(C=CC2=O)C2=NN=CO2)=CO1,0
CN(CC1=CC=CC=C1NC(=O)C1=NOC(=C1)C1=CC=CC=C1)C1CCCCC1,0
CN(CC1=NC2=C(N1)C(=O)N(C)C(=O)N2C)CC1=CC=CC=C1,0
O=C(NCC1=CC=C(N=C1)N1CCOCC1)C1=CC=C2OCC(=O)NC2=C1,0
CN1C=C(C=N1)C1=NOC(=N1)C1(CCC1)C1=CC=CC=C1,0
FC(F)(F)C1=C(C=NN1C1=CC=CC(Cl)=C1)C(=O)NC1=CC=CC(=C1)N1C=NN=N1,0
CC(N(C)C(=O)C1=CC2=C(N1)C=CS2)C1=CC=NC=C1,0
CN1CCN(C(C1)C1=CC=CC=C1)C(=O)C1=CC2=CC(F)=CC=C2N1,0
OC(=O)C1CCCN(C1)C(=O)C1=CC=C2OCCCOC2=C1,0
CN(C1CCN(CC1)C(=O)NC1=CC=CC=C1)C1=CC=CC=C1,0
FC1=CC=C(C(=O)NC2=CC=CC(COCC3CC3)=C2)C(Cl)=C1,0
O=C(NC1CCN(CC2CCCC2)CC1)NC1=NC=CS1,0
CNC(=O)C1=CC=C(OC)C(NCC2=CC=CC(=C2)C2=CC=NC=C2)=C1,0
CC1=NC(CC2=NC(C)=C(S2)C(=O)NC2=CC=CC=C2)=CS1,0
Cl.Cl.CC1=NC2=CC(=CC=C2N1C1=CC=CC=C1)C(=O)N1CCC(N)CC1,0
O=S(=O)(CC1=NOC(=C1)C1=CC=CS1)C1=CN=NN1,0
CC(C)CN1CCC(CC1)C(=O)NCC1CCN(C1)C1=CC=C(Cl)C=C1,0
CCC(=O)N1CCC2=CC(=CC=C12)C(=O)NCC1CCC1,0
CC(N1C2CCC1CC(=O)NC2)C(=O)NC1CCC(C)CC1,0
CN(C1CCC(CO)CC1)C1=C2C(SC=C2C2=CC=CC=C2)=NC=N1,0
CC(=O)N1CCCC1C(=O)NC1=CC(=CC(=C1)C(F)(F)F)C(F)(F)F,0
O=C(NC1CCCC1)C1=CC=CC(=C1)S(=O)(=O)N1CCCCCC1,0
COC1=CC=CC(=C1)N1CCN(CC(=O)NC2CCCCCC2)CC1,0
CN(C)C1=CC=C(C=N1)C(=O)NC1=NC(=CS1)C1=CC(F)=CC=C1F,0
O=C(NC1CCC2=CC=CC=C12)C1=C(C2CC2)N(N=C1)C1=CC=CC=C1,0
CCC(C)(C)C1CCC(CC1)NC(=O)CC1=CSC(=N1)C1=CC=CC(F)=C1,0
FC1=CC=CC(=C1)C1(CCCC1)C(=O)N1CCC(CC1)NC(=O)C1=CC=CC=C1,0
BrC1=CC=C(CN(C2CC2)C(=O)C2=CC=CC(Br)=C2)C=C1,0
COC1=CC=CC=C1NC(=O)C(C)N1CCN(CC1)C(=O)CC1CCCC1,0
CC1=CC=C(CC(=O)N2CCN(CC2)C2CCNC2=O)C=C1,0
CN(C)C1=CC=C(NC(=O)C2=NN(N=C2C)C2=CC=CC=C2)C=N1,0
CC1=CC=C(NCC(=O)N2CCC3=CC=CC=C23)C(Cl)=C1,0
COC1=CC=C(Cl)C=C1NCC(=O)N1CC2=CC=CC=C2C[C@H]1C(N)=O,0
FC1=CC=C(C=C1)C(=O)N1CCCC(C1)C(=O)N1CCC2=C(C1)C1=CC=CC=C1N2,0
CCOC1=CC=CC(=C1)C(=O)N1CCC(CC1)N1CCCC1C(N)=O,0
CCN1C=NN=C1C1=CC=CC(NC(=O)C2=CC=C(Cl)C=C2F)=C1,0
CN1C=C(C=N1)C1=NC(=CS1)C(=O)NC1=CC=CC(OCC2=CC=CC=N2)=C1,0
FC(F)(F)C1=CC(=CC=C1CC1=CN=C(NC(=O)C2=CC=CC=C2Cl)S1)C#N,0
CC1(C)CN(CC1C1=CC=CC=C1)C(=O)CN1C=NC2=CC=C(F)C=C2C1=O,0
FC1=CC=CC=C1OCCN1CCC(CC1)NC(=O)C1=CC=CC=C1,0
FC1=CC=CC(=C1)C1=NN(CC2=NOC(=N2)C2=CSC=C2)N=N1,0
O=C(NC1=CC=C(N=C1)N1C=CC=N1)C1=CC=CC=C1C1=NC=C(O1)C1=CC=CC=C1,0
COC1=CC=CC=C1OCCN1C(=O)CC2(CCCCC2)C1=O,0
COC1=CC=C(C=C1OC)C(=O)N1CCN(CC1)C1=CC=CC=C1C,0
FC1=CC=C(C=C1)C(=O)NC1CCN(CC1)C(=O)C1=CC=C(C=C1)C#N,0
OC1CCN(C1)C(=O)NC1=CN(N=C1)C1=NC=C(Cl)C=C1Cl,0
CC1=CC(=CC(C)=C1)C(=O)NC1=CC(=CC=C1Cl)C1=NN=C2CCCCCN12,0
CC1=C(Cl)C=CC=C1NC(=O)CC1=CSC(=N1)C1=CC=CC=C1Cl,0
CCOC1=C(F)C=CC=C1C(=O)NC1=CC=C(N=C1)N1N=C(C)C=C1C,0
C1N(CC2=CC=CC=C2C2=CC=CC=C12)C1=C2NC=NC2=NC=N1,0
O=C(NCC1=NC(=CS1)C1=CC=CC=C1)C1=NC=CC2=CC=CC=C12,0
CCC(CC)C(=O)N1CCN(CC1)C1=CC=C(C=N1)C#N,0
CC(C)C1=NC(C)=CC(=N1)N1CCN(CC1)C1=C2SC=CC2=NC=N1,0
CCOC1=CC=C2N=C(NC(=O)CC3=CN4C=CC=CC4=N3)SC2=C1,0
NC(=O)C1CCCC(C1)NC1CC(C1)C1=CC=C(F)C=C1,0
COC1=CC=CC(=C1)C(=O)N1CCN(CC(=O)NC2=CC=CC(C)=C2C)CC1,0
CN1N=C(C)C2=C1SC(=C2)C(=O)NC1CCC2=CC=CC=C12,0
CC1OC2=CC=CC=C2OC1C(=O)N1CC2CC3CC(C2)CC1C3,0
CC1=NN(CC2=CC=CC(Cl)=C2)C=C1C(=O)NC1=CC=CC(=N1)C(F)(F)F,0
OC(=O)CCC(=O)NC1=CC=CC(=C1)C(=O)NCC1=CC=CC=C1,0
CC1=CC=C2OC(=CC2=C1)C(=O)N1CCN(CC1)C1CCCC1O,0
CC1=CSC(NC(=O)C2=CC=C(OCC3CC3)C=C2)=N1,0
O=C(NC(C1CC1)C1CC1)C1CCN(CC1)C1=CC=C(C=N1)C#N,0
CCN1CCN(CC2=CC=C(CNC(=O)C3CC4=CC(Cl)=CC=C4O3)C=C2)CC1,0
COC1=CC=C(C=C1OC)C1=C2N=C(C)C=C(N3CCCC3)N2N=C1C,0
CC1CCN(CC1)S(=O)(=O)C1=CC(C)=CC=C1C,0
N#CC1=CC=C(N=C1)N1CCN(CC1)C1=CC=CC=N1,0
CC1(C)N(CC2=CC=CC(OCC3=CC=CC=N3)=C2)CCNC1=O,0
CCN1C(SC2=C3C=NN(C)C3=NC=N2)=NN=C1C1=CC=CN=C1,0
OC(=O)C1CC2=CC=CC=C2CN1C(=O)CC1CCOC2=CC=CC=C12,0
FC(F)(F)C1=CC=CC(=N1)N1CCN(CC1)C(=O)C1CCCO1,0
CN1CCC(CC1)C1CCN(C1)C(=O)NC1=CC=CC(=C1)C(F)(F)F,0
CC(=O)NC1=CC(=CC=C1C)C(=O)N(C1CC1)C1CCCC1,0
CC1CC2=CC=CC=C2N1C(=O)C1=CSC(CC2=CC=CC=C2)=N1,0
CC1=NN(C=C1)C1=CC=C(NCC2=CC=CC(=C2)N2CCCC2=O)N=N1,0
FC(F)(F)C1=CC(=CC(NC(=O)CN2C(=O)C3CCCCC3C2=O)=C1)C(F)(F)F,0
CC(C)N(C)CC1CCN(CC1)C(=O)C1=NC2=CC=CC=C2C=C1,0
CC(C)N1CCC(CC1)N(C)C(=O)C1=CC=C2NC(C)=C(C)C2=C1,0
COC1=CC(=CC=C1OCC#N)C1=NC2=C(F)C=CC=C2N1C1CC1,0
COC1=CC(Cl)=C(C)C=C1NCC1=NN=C(S1)C1=CC=CC=C1,0
CC1=NOC(=N1)[C@H]1C[C@H](O)CN1C(=O)CN1C=CC2=CC=CC=C12,0
CC(C)N=C1C=CC=CN1C(=O)CC1=NNC(=O)C2=CC=CC=C12,0
CC1=C(CC(=O)N2CCCC2C(=O)NC2CC2)C2=CC(F)=CC=C2N1,0
CNC1CCN(C1=O)C1=CC(OC)=CC(OC)=C1,0
Cl.NCC1=CC=CC(=C1)C(=O)NC1=NC(=CS1)C1=CC=C(Cl)C=C1,0
CC1=C(C(=O)NCC2CCOC2)C(=NO1)C1=CC=CC=C1,0
CN1N=NN=C1C1=CC(NC(=O)C2=CC=C(Br)C=C2C)=CC=C1,0
CN1N=C(C=C1C)C(=O)N1CCN(CC2=CC=CC=C2)C2(CCCCC2)C1,0
COC1=CC=C(C=C1)C1=C(CCC(=O)N2CCCCCC2)C2=CC=CC=C2N1,0
O=C(N1CCN(CC1)C1CCCC1)C1=CC=C(OCC2CC2)N=C1,0
CC1=CC=CC=C1OCC(=O)N1CCN(CC1)C1=CC=CC=C1Cl,0
O=S(=O)(N1CCCCCC1)C1=CC=C2CCCC2=C1,0
CC1=NN(C(C)=C1NC(=O)C1=CC=CC(C2=CC=CC=N2)=C1C)C1=CC=CC=C1,0
CN(C1CCC2=CC=CC=C12)C(=O)C1CCN(CC1)C(=O)C1=CC=C(F)C=C1,0
FC1=CC=C(CN2CCNC(=O)C2)C2=NC=CC=C12,0
Cl.CC1=CC=C(O1)C1=NN(C=C1C(=O)N1CC[C@H](N)C1)C1=CC=CC=C1,0
O=C(NCC1CC1)C1CCN(CC1)C(=O)C1=CC=CN=C1,0
OC(=O)CC1=CC=C(C=C1)S(=O)(=O)N1CCCCC1,0
CCC1=CC=C(C=C1S(=O)(=O)N1CCOCC1)C(=O)NC1=CC(C)=CC=N1,0
CCC(=O)N1CCC2=CC(=CC=C12)C(=O)N1CCC(CCC2=CC=CC=C2)CC1,0
CC1=NN(CC2=CC=CC=C2)C(C)=C1C(=O)N1CCOC2CCCCC12,0
COC1=CC=CC(CNC(=O)C2=CC3=CC=CC=C3N2)=C1,0
CC1=C(N=NN1C1=CC=CC2=C1CCN(C2)C1=NC=CC=C1C#N)C(=O)NC1CCCC1,0
ClC1=CC=CC(CN2CCN(CC2)C(=O)C2=CC=CC3=CC=CN=C23)=C1,0
CC1=CC(=NN=C1NCC1CCOC1)C1=CC=CC(F)=C1,0
O=C(NC(CN1CCCC1=O)C1=CC=CC=C1)C1=CC=C(OC2CCCC2)C=C1,0
ClC1=C(NC2=CC=C(Br)C=C12)C(=O)N1CCN(CC1)C1=CC=CC=C1,0
CCN1CCN(CC(=O)NC2=CC=C(OC3=CC=CC=C3)C=C2)CC1,0
CC(C)C1=CC=CC2=C(C)C=C(N=C12)N1CCN(CC(=O)N(C)C)CC1,0
CC1OC2=CC=CC=C2C(=O)N(CC2=CC=CC=C2Cl)C1=O,0
BrC1=CC=CC=C1N1C=C(NCC2=NC=CN2)C=N1,0
NC(=O)CN1CCCN(CC1)C(=O)CCC1=CNC2=CC=CC=C12,0
CCCNC(=O)C1CN(C(=O)C2=C(C)N=C(S2)C2=CC=C(CC)C=C2)C2=CC=CC=C2O1,0
ClC1=CN=CC(NC(=O)C2=CC=CC(=N2)N2C=CC=N2)=C1Cl,0
CC1=CC=C(C=C1NCC1=NC=C(O1)C1=CC=C(Cl)C=C1)S(C)(=O)=O,0
COC1=CC=CC(=C1)N1N=NC(C(=O)NCC2CCC2)=C1C,0
CC1=CC=C(O1)C1=NC(CC(=O)NC2=CC=NC=C2)=CS1,0
O=C(CN1C(=O)OC2=CC=CC=C12)N1CCC(CC1)NC(=O)C1=CC=CC=C1,0
FC1=CC=CC=C1N1C=C(NC(=O)C2=C(C=CS2)C#N)C=N1,0
O=C(NC(CN1CCCC1=O)C1=CC=CC=C1)C1=CC=C2CCCC2=C1,0
CC1=CC=C(C)C(=C1)S(=O)(=O)N(C1CC1)C1CCCC1,0
OC(=O)C1CCN(CC1)C(=O)C1=CC=C2NC=CC2=C1,0
FC(F)(F)OC1=CC=C(C=C1)C1NCCNC1=O,0
OC1=CC=CC=C1CCC(=O)N1CCC(CC1)C1=CNC2=CC=CC=C12,0
O=S(=O)(N1CCC2=CC=CC=C2C1)C1=CC=C2CCCC2=C1,0
COC1=CC=CC(C2=NC(CN3C(=O)N(C=C(C#N)C3=O)C3CC3)=CS2)=C1OC,0
CC1CCN(CC(=O)NC2=C(C)C=CC=C2C)CC1,0
CN1CCN(C(=O)C2=CC=C(CN3N=NC4=CC=CC=C34)C=C2)C2=CC(Cl)=CC=C12,0
O=C(CCC1=NC(=NO1)C1=CC=NC=C1)C1=CSC2=CC=CC=C12,0
CC1=CC(NC(=O)N2CCC(O)C2)=NN1C1=CC=C(Cl)C=C1,0
CC1=NC2=C(C=NN2C(NCC2=CC=CC=N2)=C1)C1=CC=CC=C1,0
Cl.CC1CN(C(=O)C2=NN(C=N2)C2CCCNC2)C2=CC=CC=C12,0
CC1=CC=C2C=C(NC2=C1)C(=O)NC1CCN(CC2=CC=C(F)C=C2)C1=O,0
CCNC(=O)C1=C2CN(CC3=CC=CC=C3)CCC2=NC2=CC=CC=C12,0
BrC1=CN2C=C(CSCC3=NOC=C3)N=C2C=C1,0
CNC(=O)CN1CCC(CC1)NS(=O)(=O)C1=CC=C(C)C(C)=C1,0
O=C(N1CCCC1CCC1=CC=CC=C1)C1=CC=C2NC=NC2=C1,0
CCN1C(SC(C)C2=CC=C(Cl)C=C2Cl)=NN=C1C1=CN=CC=N1,0
CS(=O)(=O)N1CCCN(CC1)C(=O)C1=NC2=CC=CC=C2C=C1,0
CC1N(CCC2=C1C=CS2)C(=O)C1=CC=CC=C1,0
O=C(NC1=NN(CC2=CC=CC=N2)C=C1)C1=CC=CC=C1,0
CCOC1=CC=C(C=N1)C(=O)NC1CCN(CC1)C(C)=O,0
FC1=CC=C(C=C1)C1=NC(=CS1)C(=O)NC1=CC=CC=C1OC(F)(F)F,0
FC(F)OC1=CC=CC=C1C1=CSC(NC(=O)C2=CC=CN=C2)=N1,0
COC1=CC=CC(NC(=O)C2=CSC(CC3=CC=CC=C3)=N2)=C1,0
ClC1=CC=C(N2C=NC=N2)C(NC(=O)C2=CN3C=CC=CC3=N2)=C1,0
BrC1=CC=CC=C1C1=NN=C(N1)SCC1=CC=CN=C1,0
NS(=O)(=O)C1=CC=C(CCNC(=O)C2=C3NC4=C(CCCCC4)C3=CC=C2)C=C1,0
CN(C(=O)C1=CC2=CC(F)=CC=C2S1)C1=CC=CC=C1,0
FC1=CC(=CC(F)=C1F)C(=O)NCC1CN(C2CC2)C(=O)C1,0
CC1=CC2=CC(NC(=O)C3=NC4=CC=CC=C4C=C3)=CC=C2N1,0
CCOC1=NC=CC=C1C(=O)NCC1=NC=CC2=CC=CC=C12,0
ClC1=CC=CN=C1N1CCN(CC1)C1=NC2=CC=CC=C2O1,0
FC(F)(F)C1=CC=CC(=C1)N1CCN(CC1)C(=O)CCN1C(=O)NC(=O)C2=CC=CC=C12,0
COC1=CC=C(CC(=O)N2CCCC2C2=CC=CC=C2)C(OC)=C1,0
O=C(CC1=NOC2=CC=CC=C12)NC1=CC2=CC=CC=C2N=C1,0
CC(NC(=O)C1=CC=C(N=C1C)C(F)(F)F)C1=CC2=CC=CC=C2O1,0
CC(C)COC1=CC=C(C=N1)C(=O)N1CCCC1C1=CN(C)N=C1,0
CC1=CC=C(CC(=O)NC2=CC=CC(OCC(=O)N3CCCC3)=C2)C=C1,0
COC1=CC=C(C=C1)C(CNC(=O)C1=CN(C)C2=CC=CC=C12)N1CCOCC1,0
FC1=CC=CC=C1C1=CC(=NO1)C(=O)N1CCC2=CC=CC=C12,0
FC1=CC=CC(CN2N=NN(C2=O)C2=CC=CC=C2Cl)=C1,0
CCC1=NC(=NO1)C1CCCN1C(=O)CN1N=CC2=CC=CC=C12,0
CC1=CN=C(CN2N=NC(CC3=CC=CC=C3Br)=N2)O1,0
COC1=CC=CC(=C1)C(=O)N1CCN(CC1)C(=O)C1=CC=CC=C1OC(F)F,0
NC(=O)C1=CC=CC=C1NCC(=O)N1CCC2=CC=CC=C2C1,0
CC1CCCCN1C(=O)C1=CN(CC2=CC=CC=C2)C2=CC=CC=C12,0
COC1=CC=C(C)C=C1CN(C)C(=O)C1=CC=CN=C1O,0
CC1=C(C=NN1C1=CC=C(C=N1)C(F)(F)F)C(=O)NC1CC1C1=CC=CC(F)=C1,0
CC(N1C(NC(=O)C2CCOCC2)=NC2=CC=CC=C12)C1=CC=CC=C1,0
COC1=CC(NC2=NC=NC3=CC(F)=C(F)C=C23)=CC=C1NC(C)=O,0
COC1=CC=CC=C1N1CCN(CC1)C(=O)C1=CC=CN=C1N(C)C,0
CC(=O)NC1=CC=CC(=C1)N1C(C)=NN=C1SC1=CC=C(C=C1[N+]([O-])=O)C(N)=O,0
CC1CCCC(C)N1S(=O)(=O)C1=CC=C(NC(=O)C2CCC2)C=C1,0
O=C(CN1C2=CC=CC=C2OCCC1=O)N1CCOC2=CC=CC=C12,0
CC1=CC=C(C=C1)C1=NN=C(CN2CCC(CNC3=CC=CC=N3)C2)O1,0
ClC1=CC=CC(=C1)C1(CCCC1)C(=O)NCC1=CC=CC=C1CN1CCCC1=O,0
CN1C=NC(=N1)C1=CC=C(C=C1)C(=O)N1CCC[C@H]1CN1C=CN=N1,0
OC(=O)C1=CC=C(C=C1)S(=O)(=O)NCC1=CC=C(CN2CCCCC2)C=C1,0
FC1=CC(C(=O)NCC2=CC=CC=C2CN2C=NC=N2)=C(Cl)C=C1Cl,0
CC(=O)NC1=NC(CN2N=NC(=N2)C2=CC=C(C=C2)C(N)=O)=CS1,0
COC1=CC=CC=C1N1N=NC(C(=O)NC2=CC=CC(F)=C2)=C1C,0
COC1=CC=CC=C1N1CCN(CC1)C1=NC2=CC=CC=C2S1,0
CN(C)C1=NOC(=N1)C1CCN(CC2CCC(C)(C)CC2)CC1,0
CC1=NN(C(C)=C1)C1=CC=C(C=N1)C(=O)N(CC1=CC=CC=N1)C1CC1,0
CCCSC1=NN=C(NC(=O)C2=C(C)N(N=N2)C2=CC=CC=C2)S1,0
OC(=O)C1CCCN(C1)C(=O)C1=CNC2=CC=CC=C12,0
CN(C)C(=O)C1=CC=C(NCC(=O)N2CCCCC2)C=C1,0
CN(CC(=O)NC1=CC=C(COCC2=CC=CC=C2)C=C1)C(=O)C1=CC=CC=C1,0
COC1=CC=C(C)C=C1C1=CSC(NC(=O)C2=NC=CN=C2N)=N1,0
CC1=CC=CC(NC2CCN(CC2)C(=O)C2=CC=C3NC=CC3=C2)=C1,0
Cl.NC(=O)C1CN(C(=O)CC2(N)CCC2)C2=CC=CC=C12,0
ClC1=CC=CC=C1NC(=O)CN1CCN(CC1)C1=CC=CC=C1C#N,0
O=C(C1CCC1)N1CCN(CC1)C(=O)C1COC2=CC=CC=C2O1,0
CC1=C(C(=O)NCC2CC2)C(=NO1)C1=C(F)C=CC=C1Cl,0
CC1CCC(CC1)NC(=O)C1=CC=C2NC(=O)COC2=C1,0
O=C(CC1=CC=C(C=C1)N1C=NN=N1)NC1CCC2=NC=CN2C1,0
CC(=O)N1CCCN(CC1)C(=O)C1=CC2=C(F)C=CC=C2N1,0
COC1=CC=C(Cl)C=C1C(=O)N1CCC(CC1)C(=O)NCC1CC1,0
COC1=CC2=C(C=C1OC)C(CC(O)=O)N(CC2)C(=O)CC1=C(Cl)C=CC=C1Cl,0
CCC1CCCCN1C(=O)CCN1C=NC2=C1C(=O)N(C)C(=O)N2C,0
C(C1CCCCN1C1=C2C=CSC2=NC=N1)N1CCOCC1,0
O=C(NC1CCCCC1)N1CCCC(C1)N1CCNC1=O,0
CCN1CCN(CC2=CC=C(CNC(=O)C3=CC(F)=CC=C3F)C=C2)CC1,0
CC(NCC1=NN=C(S1)C(=O)NCC1=CC=C(C)C=C1)C1=CC=CC=C1Cl,0
BrC1=CC=C(CNC2=NN=C(O2)C2=CC=NC=C2)C=C1,0
CCN1C(CNC(=O)C2CCN2CC2=CC=CC=C2)=NC2=CC=CC=C12,0
COC1=CN(N=C1C(=O)NCCC1=CC=CS1)C1=CC=CC=C1,0
BrC1=CC=C(C=C1)C1CCCN1C(=O)C1=NC2=CC=CC=C2N=C1,0
O=C(NCC1CCCO1)C1=CSC2=CC=CC=C12,0
COC1=CC=CC=C1N1CCC(CNC(=O)C2CCCCC2)C1,0
O=C(C1CCN(CCC2=CC=CC=C2)CC1)N1CCC2=CC=CC=C2C1,0
ClC1=C(SC2=CC=CC=C12)C(=O)N1CCC(CC1)C(=O)NC1=CC=CC=C1,0
CN(C(=O)C1=NC2=CC=CC=C2C=C1)C1=CC=C(C=C1)C(N)=O,0
Cl.Cl.CC(C)C1=CC=C(C=C1)C1=NC(=CS1)C(=O)N1CCC(N)C1,0
COC1=CC=CC=C1N1CCN(CC1)C(=O)C1=NC=CC=C1O,0
CC1=C(Cl)C(CN2N=C(OC2=O)C2=CC=C(F)C=C2)=NC2=CC=CC=C12,0
CC1CNC2=CC=CC=C2N(CC2=CC=CC=C2)C1=O,0
CC1=NN(C(C)=C1NC(=O)C1=CC=CO1)C1=CC=CC=C1,0
CC1=NN(C2CCCN(C2)C(=O)CN2N=CC3=CC=CC=C23)C(C)=N1,0
COC1=CC(OC)=C2NC(=CC2=C1)C(=O)NC1=NC(=CS1)C1=CC=CC=N1,0
CSC1=NN(CC2=CC(=NO2)C2=CC=C(C)C=C2)C(=O)N1,0
CC1=CC(=NN1CCNC1=NC=CN2C=NN=C12)C(F)(F)F,0
ClC1=CC=C(NC(=O)C2CCCCN2CCN2C(=O)OC3=CC=CN=C23)C=C1Cl,0
COC1=CC(=CC=C1F)C(=O)N1CCCCC1CN1CCCC1=O,0
CCOC1=CC=C(C=C1)C(=O)NC1=NC(=NS1)C1=CC=C(OC)C=C1,0
FC1=CC=C(C=C1)C1=NC(CS(=O)(=O)CC2CCCO2)=CO1,0
CC1=NN(C(C)=C1)C1=CC=C(NC(=O)C2=CC=C(F)C=C2F)C=C1F,0
CC1CC2=CC=CC=C2N1C(=O)C1CCN(CC1)C1=CC=C(C=N1)C(F)(F)F,0
COC1=CC=C(C=N1)C1=NOC(CC2OCCC3=CC=CC=C23)=N1,0
CCOC1=CC=CC=C1N1CCN(CC1)C(=O)C1=NNC2=CC=CC=C12,0
O=C(C1CCNCC1)N1CCCC1CCCC1=CC=CC=C1,0
CN(C(=O)C1=CC=C(C)C(=C1)S(=O)(=O)N1CCCCC1)C1=CC=CC=C1,0
COC1=CC=C(C)C=C1C(=O)N1CCC(CC1)NC(=O)C1=CC=CC=C1,0
COC1=NC=CC=C1NC(=O)C1=CC=C(S1)C1=CC=C(F)C=C1,0
Cl.CC1=CC=CC(C(=O)N(CC2CCCN2)C2CC2)=C1C,0
CC1=NC2=NC=C(C(=O)N3CCC(CC4=CC=CC=C4)CC3)C(O)=C2C=C1,0
CC(CCC1=CC=CC=C1)N1CCC(CC1)C(=O)NCC1=CC=CC=C1,0
CN1C(=O)OC2=CC(=CC=C12)C1=CSC(=N1)C1=CC=CC=C1,0
NC(=O)C1CCN(CC1)C(=O)CN1CCCC1CC1=CC=CC=C1,0
CC1CCN(C(=O)C2=CC=CC3=C2OCCO3)C2=CC=CC=C12,0
FC1=CC=CC(F)=C1N1CCC(C1)NC(=O)C1C2CCCC12,0
CCC1=CC=C(NC(=O)C2CN(C3CC3)C(=O)C2)C=C1,0
COC1=CC=CC=C1C(=O)NC(C(C)C)C(=O)N1CCC(=CC1)C1=CNC2=CC=CC=C12,0
COC1=CC=C(CN2CCCN(CC2)C(=O)C2=CC3=CC(Cl)=CC=C3N2)C=C1,0
COC1=CC=C(C=C1)N1C=CN=C(NCCC2=CC=C(OC)C(OC)=C2)C1=O,0
CN1C2=CC=CC=C2C(Cl)=C1C(=O)N1CCN(CC1)S(=O)(=O)C1=CC=CC=C1,0
ClC1=CC=CC(=C1)S(=O)(=O)CC1=NOC(=N1)C1=CC=CC=C1,0
COC1=CC=CC=C1OCCN1CCC(CC1)C(=O)NC1CCCCC1,0
O=C(NCC1=CC=C(CN2CCOCC2)C=C1)C1=CC=C2NC3=C(CCCC3)C2=C1,0
C=CCN1C(NC2=CC=CC=C2C1=O)C1=CSC(=N1)C1=CC=CC=N1,0
ClC1=CC=CC(=C1)N1CCN(CC(=O)N2CCCCC2)CC1,0
OCC1CCCN1C(=O)C1=CC2=CC(Cl)=CC=C2N1,0
CN(C)C(=O)C(N1CCN(CC2=CSC(=N2)C2=CC=CC=C2)CC1)C1=CC=CC=C1,0
O=C(N1CCN(CC2=CC=CC=C2)CC1)C1=CC=CC=C1,0
O=C(N1CCNC(=O)CC1)C1(CCCC1)C1=CC=C2OCCOC2=C1,0
CC1=CC(NC(=O)C2(CCC2)C2=CC=CC=C2)=CC=C1N1CCCC1=O,0
CC1=CC(Br)=CC(Cl)=C1NC(=O)CC1=NOC2=CC=CC=C12,0
COC1=CC=CC(=C1)C(=O)N1CCN(CC1)C1=CN=CC=N1,0
CCC1=C(CN(C)C(=O)C2=CC=C(NC(C)=O)C=C2)C2=CC=CC=C2O1,0
COC1=CC=C(CC2=NC3=CC=CC=C3N2C)C=C1,0
CC1=CC2=C(CC(C)(C)CC2NC(=O)CC2=CN3C=CC=C(C)C3=N2)O1,0
CN1C=CN=C(NCC2CN(CC3=C4C=CC=CN4N=C3)CCO2)C1=O,0
CN1CCCC2=CC=C(C=C12)S(=O)(=O)N1CCC2=C(C1)N=CN2CCC1=CC=CC=C1,0
CN1CCCCC1CCN1C=NC2=C1C(=O)N(C)C(=O)N2C,0
CC1CCCCN1C(=O)CN1CCN(CC(=O)NC2=CC=CC=C2C)CC1,0
CC1=CC=C2C(CC(=O)NC3=CC=C(F)C(Cl)=C3)=COC2=C1,0
CC(C)OC1=CC=CC=C1CN1C(=O)OC2=CC=CC=C12,0
COC1=CC=C(CCC(=O)N2CCN(CC2)C2=CC=CC=C2OC)C=C1OC,0
CN1C=CC(NC(=O)CC2=CSC(=N2)C2=CC=CC(Cl)=C2)=N1,0
CN(C1CCC2=CC=CC=C12)C(=O)C1=CC=C(OCC(F)(F)F)N=C1,0
CC1=CC=NC(=N1)C(NC(=O)C1=COC2=CC=CC=C12)C1CC1,0
COC1=CC=CC(=C1)N1CCN(CC1)C1=NC=NC2=C1CCC2,0
CN1C2=CC(F)=CC=C2N=C1C1=CC=C(O1)[N+]([O-])=O,0
CN1C=C(C(=O)NC2=CC3=CC=CN=C3C=C2)C2=CC=CC=C12,0
CN1C(SCC2=C(C)ON=C2C)=NN=C1C1=CC=CC=N1,0
COC1=CC=CC(=C1)C1=NN(CC2=CSC(=N2)C2=CC=C(C)C=C2)N=N1,0
COC1=CC=C(NC(=O)C2=C(C)N(CC3=CC=C(C)C=C3)N=C2C)C=N1,0
CN(C)CC1=CC=C(C=C1)C(=O)NC1=CC=C2OCCCOC2=C1,0
ClC1=CC=C(C=C1)C1=NC(CS(=O)(=O)CC2CCCO2)=CO1,0
CN1C(SCC2=NOC(=N2)C(C)(C)C)=NN=C1C1=CC=NC=C1,0
CC1=CC=C(O1)C1=NC(C)=C(S1)C(=O)N1CCC2=CC=CC=C12,0
O=C(N1CCC(CN2CCCCC2)C1)C12CC3CC(CC(C3)C1)C2,0
CC(O)CN1CCN(CC1)C1=NC(=NC2=CC=CC=C12)C1=CC=NC=C1,0
CC1=CC=C(C=C1F)C(=O)N1CCN(CC1)C(=O)C1=CC=C(Cl)C=C1,0
FC(F)(F)C1=CC=C(C=C1)C(=O)N1CCCC(C1)NC1=CC=CC=C1,0
CC1=C(CC(=O)N(CC2=CC=CC=C2)C2=CC=CC=C2)N=C(O1)C1=CC=CC=C1,0
O=C(N(C1CCCC1)C1=CC=CC=N1)C1=CC=NC(=C1)N1C=NC=N1,0
CC(NC(=O)C1CCCC1)C1=NC(=CN1)C1=CC=CC=C1,0
COC(=O)C1=CC=C(COC2=C3C=CC=CC3=CN=N2)O1,0
CNC(=O)C1=CC(C)=CC=C1NCC1=NC=C(O1)C1=CC=CS1,0
CC(=O)NC1CCCN(C1)C1=NC2=C(Br)C=CC=C2C=C1,0
COC1=CC=C2NC(=CC2=C1)C(=O)N1CCN(CCO)CC1,0
CC(C(=O)NC1=NN2C=CC=NC2=N1)C1=CC2=CC=CC=C2O1,0
O=C(NC1CCCC2=C1C=CO2)C1=CSC(=N1)C1=CC=CC=C1,0
CN(CC1=NC(=NO1)C1=CC=C(Cl)C=C1)CC1=C(C)N(N=C1C)C1=CC=CC=C1,0
CCN(CC1=CC=C(Cl)S1)CC1=NN=C(S1)C(=O)NCC1=CC=C(F)C=C1,0
CC1=NC=CN1CC1=CC=CC(CNC2=C3NC=NC3=NC=N2)=C1,0
OCCCN1CCN(CC1)C1=CC=C(Cl)C=C1,0
CN(C(=O)C1=CC2=CC=C(C)N=C2C=C1)C1=NC=CC=C1F,0
CC(=O)NC1=CC=C(NC(=O)C2=CC=CN=C2N2CCCCC2)C=C1,0
O=C(CN1C(=O)NC2=CC=CC=C2C1=O)N1CCCC1,0
COC1=CC=C(NC(=O)C2=CC=C(CN3C(=O)CCC3=O)C=C2)C=N1,0
FC1=CC(C(=O)N2CCCC(C2)C(=O)NCC2CC2)=C2N=CNC2=C1,0
CCC1=CC=CC(=C1)N(CC1=NN=C(O1)C1=CC=CC(F)=C1)C#N,0
CC1=CC=C2CCN(C(=O)NC3=CC=CN=C3)C2=C1,0
CC1=CC=CC(=C1)N1CCN(CC1)C(=O)CN1C(=O)C=NC2=CC=CC=C12,0
CC(C)NC(=O)C1CCCN1C(=O)C12CC3CC(CC(C3)C1)C2,0
CC1=NN(C=C1)C1=CC=C(C=C1)C(=O)NC1CCCCNC1=O,0
O=C(NC1CCN(CC2CCCC2)CC1)C1CCCN(C1)C1=CC=CC=N1,0
CNC(=O)C1CCCCN1C(=O)C1=CC2=CC=C(OC)C=C2N1,0
CC1=NOC(=N1)C1=CC=C(C=C1)C(=O)N1CCN(CC2=CC=CC(=C2)C(F)(F)F)CC1,0
FC1=CC2=NC=NC(OC3=CC=CN=C3)=C2C=C1F,0
FC1=CC=C(CC(=O)N2CCCC(C2)C(=O)N2CCC3=CC=CC=C23)C=C1,0
NC(=O)C1=CC=CN=C1N1CCC(CC2=CC=CC=C2)CC1,0
CC1=CC=C(O1)C1=NC(CNC2=CC=C(C(N)=O)C(C)=C2)=CS1,0
O=C(NC1=CC=C2CCCC2=C1)C1CN(CCC2=CC=CC=C2)C(=O)C1,0
FC1=CC(=CC=C1CN1CCC2=C(C1)C=CS2)C#N,0
CCOC(=O)C1=CN=C2N(C)N=CC2=C1N1CCC(C1)N1CC=CC1,0
COC(=O)C1=CC=C(C=C1)C(=O)N1CCC(=CC1)C1=CNC2=CC=CC=C12,0
FC1=CC=CC=C1NC(=O)CN1CCC(=CC1)C1=CNC2=CC=CC=C12,0
FC(F)(F)C1=CC=C(N=C1)N1N=CC(OC2=CC=C3CCCC3=C2)=C(Cl)C1=O,0
COC1=CC=C(NC(=O)CC2CC3CCC2C3)C=C1N1CCCCC1=O,0
COC1=CC=CC(CS(=O)CC2=NOC(=N2)C2=CSC=C2)=C1,0
O=C(C1CCCC1)N1CCN(CC1)C(=O)C1C2=CC=CC=C2OC2=CC=CC=C12,0
CC1=CSC=C1C(=O)NC1=CC=CC=C1CN1CCC(O)CC1,0
CCOC1=CC=C(OC2=CC=C(C=C2)S(=O)(=O)N(C)C2CCN(CC)CC2)C=C1,0
NC(=O)N1CCC(CC1)NC1=CC(F)=CC(=C1)N1CCCC1,0
CC1=C(SC(=N1)C1=CC=C(F)C=C1)C(=O)NCC1=CC=C(N2C=CN=C2)C(F)=C1,0
CC1=C(C)C2=CC=CC(C(=O)N3CCN(CC3)C(=O)C3CCCC3)=C2N1,0
FC1=CC=C(CNS(=O)(=O)C2=CC=C3CCCC3=C2)C=C1,0
CC(O)CC1CCCN1C(=O)C1=CC=C(C)C(NC(=O)C2=CC=CC=C2)=C1,0
CCOC1=CC=CC=C1N1CCN(CC1)C(C)C(C)O,0
CC1CCCN(CC1)C(=O)C1=CC=C(NC1=O)C1=CC=CC=C1,0
CC1=CC=NC2=NC(=NN12)C(=O)NC1CCC(C)(C)C2=CC=CC=C12,0
NC(=O)C1=CC(=CN(CC2=NC3=CC=C(F)C=C3O2)C1=O)[N+]([O-])=O,0
CC1=CC=C(C=C1S(=O)(=O)NC1=CC=C(C=C1)N1C=CC(=N1)C(O)=O)[N+]([O-])=O,0
COC1=CC=CC2=C1OCC(C2)NC(=O)NC1CCN(CC1)C1CC1,0
CN(C)C(=O)CC1=NC(=CS1)C1=CC=C(C=C1)C#N,0
CC1=C(N=NN1C1=CC=CC=C1Cl)C(=O)NC1=CC=CC=C1CS(C)=O,0
CN1CCCC1CNC(=O)C1=CC2=CC=CC=C2O1,0
CCN1C(=O)N(CCC(=O)N2CCC(CC2)NC(=O)C2=CC=CC=C2)C2=CC=CC=C12,0
FC1=CC=CC=C1N1C=C(C=N1)C(=O)N1CCCC1CC1=CC=CC=C1Cl,0
COC1=CC=C(C=C1OC)S(=O)(=O)N(C1CC1)C1CCCC1,0
O=C(NC1=NN=C2C=CC=CN12)C1=CC=CC(OCC2CCCO2)=C1,0
CSC1=C(C)N=C(NC(=O)C2=NOC(CN3C=C(C)C=N3)=C2)S1,0
CCOC1=CC=CC=C1CS(=O)CC1=CN(N=C1)C1=CC=CC=C1,0
CC(NC(=O)C1=CSC(=N1)C1=CC=CC=N1)C1=C(C)C2=CC=CC=C2O1,0
CN1N=C(C)C=C1NC(=O)C1=CC=CC(=N1)N1C=CC=N1,0
CCOC1=CC=C(C=N1)C(=O)N1CCC(CC1)C(=O)NC,0
CN1C=CC=C1C1=NNC(SCC2=CC=CC=C2)=C1C#N,0
FC1=CC=CC=C1OCC(=O)N1CCC(=CC1)C1=CNC2=NC=CC=C12,0
CC1CCN(CC1)C1=NC2=C(N1CCCC1=CC=CC=C1)C(=O)N(C)C(=O)N2C,0
COC1=CC=CC=C1C1=NN=C(SCC2=CC=CC3=CC=CN=C23)N1C,0
O=C(NC1CCN(CC1)C1=NC=CC=N1)C1CCCC1,0
CC1=NC(C)=C(S1)C1=NN=C(O1)SCCOC1=CC=CC=C1[N+]([O-])=O,0
OCCOC1=CC=CC(=N1)C1=NC2=CC=C(Cl)C=C2C(=O)N1,0
CCC1=CC=CC=C1NC(=O)CN1CCC(=CC1)C1=CNC2=CC=CC=C12,0
CC1=CC=C(C=C1)C1=NOC(CNC2=CC=C(F)C=C2CS(C)(=O)=O)=C1,0
CC1=C(C(=O)NC2CCN(CCC3=CC=CC=C3)CC2)C(C)=NO1,0
CC1=CC=C(C=C1)N1C=C(N=N1)C(=O)NC1=NC=CC=C1C,0
O=C(NCC1=CC=CC(CN2CCCC2)=C1)NC1CCN(CC2=CC=CC=C2)CC1,0
O=C(N1CCCC1C1=CC=NC=C1)C1=CC=C2NC(=O)COC2=C1,0
CCC1=CC=CC(C)=C1NC(=O)CN1C=NC2=CC=C(C)C=C2C1=O,0
CC1=C(C=NN1C1=CC=CC(C)=C1)C(=O)NC1=CC=C(C)C=C1Cl,0
NC(=O)C1=CC=C(N=C1)N1CCCN(CC2=CC=C(F)C=C2)CC1,0
CCC1=CC=C2N=C(NC(=O)C3=CN=CC=N3)SC2=C1,0
CC1CC(NC2=NC=CN3C=NN=C23)C(=O)N1C1=CC=CC=C1,0
CC(NC(=O)C1CN(CC2=CC=CC(=C2)C(F)(F)F)C(=O)C1)C1=CC=NC=C1,0
CC1=C(C(=O)NC2=CC=C(C=C2)C(=O)N2CCOCC2)C(=NO1)C1=C(F)C=CC=C1Cl,0
BrC1=CC=C(CNC(=O)C2=CC=CN=C2OC2=CC=CC=C2)S1,0
CC1=CC=C(NC(=O)NC2CCN(CC3=CC=CC=C3)CC2)C(Cl)=C1,0
CCC(=O)NC1=CC=C(C=C1)C1=CSC(NC(=O)C2=CC=CC=C2)=N1,0
CC(C)N1C2CCC1CN(CC2)C(=O)NCC1=CC=CC=C1CO,0
CC(NC(=O)C1=CC=C(C=C1)N1C=CC=N1)C1CCN(CC2=CC=CC=C2)C1,0
CN(C)CC1CCN(C1)C(=O)NC1=NC=C(S1)C1=CC=CC=C1C,0
CN(CC(F)F)C1CCN(CC1)C(=O)C1CN(C(=O)C1)C1=CC=CC(Cl)=C1,0
O=C(NC1=CC=C2CCCC2=C1)C1CC2=CC=CC=C2O1,0
ClC1=CC=CC=C1NC(=O)C1=C(C=CS1)C1=CC=CC=C1,0
CN1N=C(C=C1NCC1=CC=C(F)C=C1)C1=CC=CC=C1C,0
CC(N1CCN(CC1)C(=O)CN1C(=O)OC2=CC=CC=C12)C1=CC=CC=C1,0
CC1=NC2=CC(NC(=O)C3=CC4=C(S3)N(CC3=CC=C(F)C=C3)N=C4C)=CC=C2O1,0
FC(F)(F)C1=CC=CC(NC(=O)CN2CCCCCC2=O)=C1,0
COC1=CC=C2NC=C(C2=C1)C1=CCN(CC(=O)N(C)CC2=CC=CC=C2)CC1,0
O=C(NC12CC3CC(CC(C3)C1)C2)C1=CC=C(CN2CCOCC2)C=C1,0
CC1=NN2C(N=C(C)C=C2NCCN2CCOCC2)=C1C1=CC=C(Cl)C=C1,0
CC(=O)NC1=CC=CC=C1OCC1=CC(=O)N2C=C(C)C=CC2=N1,0
CC(=O)NC1=CC=C(CC(=O)N2CCC(=CC2)C2=CNC3=CC=CC(C)=C23)C=C1,0
O=C(NC1CCCCC1OC1=CC=CC=C1)[C@H]1CCC(=O)N1,0
CC(NC(=O)C1=CC=C(OCC2=CC=CN=C2)C=C1)C1CC2CCC1C2,0
CN1N=C(Br)C2=C(OC3=CC=CC(C=O)=C3)N=CN=C12,0
ClC1=CC=CC=C1C(=O)NC1CCCN(CC2=CC=CC=C2)C1,0
CC(OC1=CC=C(F)C=C1)C(=O)N1C(C)CC2=CC=CC=C12,0
CN1C=C(C=N1)C1=NOC(=N1)C1(CC1)C1=CC=CC=C1,0
COC1=CC(OC)=C2NC(=CC2=C1)C(=O)N1CCN(CC2=CC=CC(C)=C2)CC1,0
COC1=CC=C(NC(=O)C2=CC(O)=NC3=CC=CC=C23)C=N1,0
CC(OC1=CC=C(Cl)C=C1)C(=O)N1CCN(CC1)C(=O)C1=CC=CC=C1,0
CC(NC1=CC=C2NC(=O)CCC2=C1)C(=O)N1C(C)CC2=CC=CC=C12,0
O=C(NCC1=CC=CC=N1)C1=CSC(=N1)C1=CC=CC=C1,0
FC1=CC=C(NC(=O)C2=NOC(=C2)C2=CC=CO2)C(F)=C1,0
CCC1=NSC(NCC2=CC=C(CN3CCC(O)CC3)C=C2)=N1,0
COC1=CN(N=C1C(=O)N1CCOC(C)(C)C1)C1=CC=CC=C1,0
CC1CC2=CC=CC=C2N1C(=O)C1=CN(N=N1)C1=CC=CC(Br)=C1,0
CC(C)C(N1CCC2=CC=CC=C2C1)C(=O)N1CCN(CC1)C(=O)C(C)C,0
CC(NC(=O)C1CCCC1)C1=CC=C(C=C1)N1C=CN=C1,0
COCCN1C(=NC2=C1C(=O)NC(=O)N2CC(C)C)C1=CC=NC=C1,0
CCC(NC1=CC=CC(OC2=CC=C(C=C2)C#N)=C1)C(N)=O,0
ClC1=CC=C(C=C1)C1=CC=C(C=C1)S(=O)(=O)N1CCOCC1,0
O=C(N1CCCCC1CN1C=CC=N1)C1=CC2=CC=CC=C2O1,0
OC(CNC1=NC2=CC=CC=C2C(=C1)C(=O)NC1CC1)C1CC1,0
CCN1N=NC2=CC(=CC=C12)C(=O)N1CCCC1C1=NN=C2C=CC=CN12,0
CNC(=O)C1CCN(CC1)C(=O)C1=C(C)C2=CC=CC=C2O1,0
FC(F)(F)C1=CC=CC(=C1)S(=O)(=O)NC1CCN(CC1)C1CC1,0
ClC1=CC=CC(=C1)C(CNC(=O)C1=C2C=CNC2=CC=C1)N1CCCC1,0
CC1=NOC(NCC2=CC=CC=C2OCC2CC2)=N1,0
COC(=O)C1(CCN(CC1)C(=O)C1CC2CCC1C2)C1=CC=CC=C1,0
O=C(NC1=CC=C(N=C1)N1C=NC=N1)C1=CC=CC=C1N1C=CC=N1,0
O=C(CNC1=NN=C(S1)C1=CC=CC=N1)N1CCCC1,0
COC1=CC(=CC(OC)=C1C)C(=O)N1CCN(CC1)C(=O)CC1=CC=C(F)C=C1,0
O=C(CC1CCCO1)NC1=CN=CC=C1OC1=CC=CC=C1,0
FC1=CC2=CC=CN=C2C(CN2CCN(CC2)C(=O)C2=CC=C(C=C2)C(F)(F)F)=C1,0
CC(=O)N1[C@@H](CC2=CC=CC=C12)C(=O)NC1CCCCC1OC1CCCC1,0
COCCN1C=C(C(=O)N2CCNC(=O)CC2)C2=CC=CC=C12,0
O=C(CC1=NOC2=CC=CC=C12)NC1=NN=CS1,0
FC1=C2N=C(CSC3=NN=NN3C3CC3)NC2=CC=C1,0
O=C(C1CC1)N1CCC(CC1)C(=O)N(CCC1=CC=CC=C1)C1=CC=CC=C1,0
FC1=CC=C(NC(=O)C2=CN=C(S2)C2=CC=CC=C2)C(=C1)C#N,0
CCOC1=CC=C2CCN(CC2=C1)C(=O)C1(CC1)C(O)=O,0
CN(CC1=CC=CC=C1C)C1=CC=C(C=N1)C(=O)NC1CC1,0
CCN1N=CC2=CC=C(NC(=O)C3=CN=C(C)C=N3)C=C12,0
ClC1=CC=CC=C1CCC(=O)N1CCC2=CC=CC=C12,0
CC1CCCCN1C(=O)CN1CCN(CC1)C(=O)C1=NNC2=CC=CC=C12,0
CC(=O)NC1=CC=C(NC(=O)C2=CC=C(O2)C2=CC=C(Cl)C=C2)C=C1,0
CCN1C=C(C(=O)N2CCCN(CC3=CC=CC=C3)CC2)C2=CC=CC=C12,0
CN1C=C(C#N)C(NC(=O)C2=C(C)C(=CC=C2)C2=CC=CC=N2)=N1,0
COCC1=CC=C(C=C1)C(=O)NC1=CC=CC(=C1)N1N=C(C)C=C1C,0
COC1=CC=C(C=C1OC1CCCC1)C(=O)N(C)CC1=CC=NC=C1,0
COC1=CC=CC=C1C1=NN=C(SC2=CC=C(C=N2)C#N)N1CC=C,0
Cl.NCC1CCCC1NC(=O)C1(CCC1)C1=CC=C(Cl)C(Cl)=C1,0
CC1=C(SC(=N1)C1=CC=CC=N1)C(=O)NCC1CCOC1,0
ClC1=CC=C(OC2=CC=CC=C2)C(NC(=O)N2CCCC2C2=CC=NC=C2)=C1,0
CC1(C)CC(CC(C)(C)N1)NC(=O)CCC1=C(NC2=CC=CC=C12)C1=CC=C(F)C=C1,0
COC1=CC=C(CN(C2CC2)C(=O)C2=CC3=CC=CC=C3S2)C=C1,0
CCC1=CC=C(NC(=O)N2CCCN(C)CC2)C=C1F,0
CNC(=O)C1CCN(CC1)C(=O)C1=CN(CC2=CC=CC=C2)C2=CC=CC=C12,0
COC1=CC=C2C=C(NC2=C1)C(=O)N1CCN(CC1)S(=O)(=O)C1=CC=CC=C1F,0
ClC1=CC=C(CC(=O)N2CCNC(=O)C2)C=C1,0
ClC1=CC=CC(=C1)N1CCN(CC1)C(=O)CCN1C(=O)COC2=CC=CC=C12,0
ClC1=CC=C(CS(=O)CC2=NOC(=C2)C2=CC=CC=C2)C=C1,0
CC1CC1CNC(=O)C1=CC=C(N2C=NN=N2)C(C)=C1,0
CC1=CC=C(CC(=O)NC2=CN(N=C2)C2=NC=C(Cl)C=C2Cl)C=C1,0
CN(CC1=C(C)N(CC2=CC=CC=C2Cl)N=C1C)CC1=CC=C(C=C1)N1C=CC=N1,0
COC1=CC=CC(NC(=O)N2CCCC(CN3CCN(C)CC3)C2)=C1,0
CN1CCN(CCC2CCN(CC2)C(=O)NC2=CC=C(C)C=C2)CC1,0
ClC1=CC=CC(=C1)N1CCC(N2CCC3(C2)CCOCC3)C1=O,0
CN1N=C(C)C(C(=O)NC2=CC=C(OC3=CC=C(C)C=C3)C=C2)=C1C,0
CNC(=O)CN1CCN(CC1)C1=C(C(C)C)C(C)=NC2=CC=CC=C12,0
CC1=C(N=C(O1)C1=CC=CC=C1)C(=O)N1CCCSC2=CC=CC=C12,0
CC1=C(SC=N1)C1=NC(CN2C(=O)OC3=CC(Cl)=CC=C23)=NO1,0
CC(C)C1=CC=C(NC(=O)N2CCCCCC2)C=C1,0
FC(F)CN(C(=O)C1=CN=C(S1)C1=CC=CC=N1)C1=CC=CC(Cl)=C1,0
O=C(CN1C(=O)OC2=CC=CC=C12)NCC1=CC=C(CN2CCCC2)C=C1,0
BrC1=CN(CC2=NC=C(O2)C2=CC=CC=C2Br)C(=O)C=C1,0
FC(F)(F)C1=CC=CC(=C1)C(=O)N1CC(=O)NC2=CC=CC=C12,0
COC1=CC=C(C=C1)C1=NOC(CCC(=O)NC2=CC=CC3=NC=CC=C23)=N1,0
CC1=CC=C(C=C1S(=O)(=O)N1CCCCC1)C(=O)NC1CC(C)(C)NC(C)(C)C1,0
CC1CCCN(CC2=CSC(NC(=O)C3=CC=CC=C3O)=N2)C1,0
FC(F)(F)C1=CC=C(C=C1)C1=NOC(CN2N=NC(=N2)C2=CC=C(Br)C=C2)=N1,0
O=C(NC1CC1)C1CCCC(C1)NC1CC2=CC=CC=C2C1,0
O=C(CN1CCN(CC1)C(=O)C1C2=CC=CC=C2OC2=CC=CC=C12)NC1CC1,0
CC1=C(CC(=O)N2CCNC(=O)C2)N=C(O1)C1=CC=CC=C1,0
CC(SC1=NN=C(N1C)C1=CC=CN=C1)C1=CC=C(F)C=C1F,0
CN1N=C(C)C2=C1SC(=C2)C(=O)N1CCC2=CC=C(F)C=C12,0
CN1CCN(C(C1)C1=CC=CC=C1)C(=O)C1=CC=C2NC(C)=C(C)C2=C1,0
CC1=CC=CC=C1NC(=O)CN1CC2=CC=CC=C2CC1C(N)=O,0
CN(CC1=NOC(=N1)C1=CSC=C1)CC1=CC(=CC=C1F)C#N,0
O=C(C(C1=CC=CC=C1)C1=CC=CC=C1)N1CCN(CC1)C(=O)C1=CC=CN=C1,0
COC1=CC=CC(=C1)C(=O)NC1=NC2=CC=CC=C2C=C1,0
CC1=NC(=NN1C1=CC=C(F)C=C1)C(=O)NCC1=CC=CC=N1,0
COC1=CC=C(CCNC2=CC(C)=NC3=C(C=NN23)C2=CC=C(F)C=C2)C=C1OC,0
O=C(NC1=NN=C(S1)C1CCCCC1)C1=CN=C2N(CC3=CC=CC=C3)N=CC2=C1,0
CC(=O)NC12CC3CC(C1)CC(C3)(C2)C1=NC(=NO1)C1CC1,0
CCC(C)NC1=CC(C)=NC2=C(C(C)=NN12)C1=CC=CC=C1Cl,0
CC1=NOC(=N1)[C@H]1C[C@H](O)CN1CCN1N=C2C=CC=CN2C1=O,0
OC1CCC(CC1)NC1=NC(=NC2=CC=CC=C12)C1=CC=CC=C1,0
COC1=CC(=CC(OC)=C1)N1CCC(C1)NC(=O)CC1=CC=NC=C1,0
COCC1CCN(C1)C1=CC=C(N=N1)N1N=C(C)C=C1C,0
CC1CCC(CC1)NC1=CC=C(C=C1)C(=O)N1CCN(C)CC1,0
CSC1=CC=C(NC(=O)C2=CC=C(C=C2)N2C=CC=C2)C=C1,0
COC1=CC=C(CC(=O)N2CCC(CC2)(C(O)=O)C2=CC=CC=C2)C=C1,0
COC1=CC(NC(=O)N2CCC(CN3CCOCC3)C2)=CC=C1F,0
CC1=CC=C(C=C1)S(=O)(=O)NCC1=CC=C2NC3=C(CCCC3)C2=C1,0
CC(NC(=O)CC1=CSC2=NC(=CN12)C1=CC=C(F)C=C1)C1=CC=CC=C1,0
CC(C)C1=NN(C)C(=C1)C(=O)N(CC=C)C1=NC(=CS1)C1=CC=CC=C1,0
O=C1NC2=CC=CC=C2CCC1N1CCCCCC1,0
O=C(NC1=C(C=C(S1)C1=CC=CC=C1)C#N)C1CC2=CC=CC=C2O1,0
CN1C=C(C(=O)NC2CCOC3=CC=CC=C23)C2=CC=CC=C12,0
O=C(CCN1C(=O)COC2=CC=CC=C12)N1CCCC1CC1=CC=CC=C1,0
FC1=CC=C2SC(=CC2=C1)C(=O)NC1=NC2=CC=CC=C2S1,0
C(CC1=NC2=CC=CC=C2N1C1=CC=CC=C1)C1=NC(CC2CCCO2)=NO1,0
COC1=CC=C(C=C1)C(NC(=O)C1CC1)C1=CC=C(OC)C=C1,0
O=C(CC1=CN(N=C1)C1=CC=CC=C1)NC1=C(C=CS1)C#N,0
CCN1CCC(CC1)N(C1CC1)C(=O)NC1=CC(OC)=CC(OC)=C1,0
FC(F)(F)C1=CC=CC=C1C(=O)NC1CC2CC1C1CCCC21,0
OC[C@@H]1C[C@H](NC2=CC(=NC3=NC=NN23)C2=CC=CC=C2)C=C1,0
CCOC1=CC=CC=C1C1=CSC(NC(=O)C2=CC=C(N=C2)C(F)(F)F)=N1,0
OC(=O)C1CCCN1C(=O)CC1=CC=CC=C1C(F)(F)F,0
CN1C2=C(N3CCN(C3=N2)C2=CC(C)=CC=C2)C(=O)N(CC2=CC=CC=C2)C1=O,0
COCC1=NN2CCCC(NC3CCN(C3=O)C3=CC=CC=C3)C2=N1,0
FC(F)(F)C1=CC=CC(NC(=O)C2=CC=C(C=C2)N2CCCC2=O)=C1,0
CC1=NC2=CC(NC(=O)C3=C(C)N(N=C3)C3=CC=CC(=C3)C(F)(F)F)=CC=C2O1,0
CC1CC1C(=O)N1CCN(CC1)S(=O)(=O)C1=CC(=CC(=C1)C(F)(F)F)C(F)(F)F,0
CN1CCOC(CNC(=O)C2C3=CC=CC=C3OC3=CC=CC=C23)C1,0
O=C(N1CCC(CCN2CCOCC2)CC1)C1=CC=C2CCCC2=C1,0
FC1=CC=C(C=C1)C1=CC=C(O1)C(=O)NC1=CC=CC=C1N1C=CN=C1,0
FC1=CC=C(C(=O)N2CCN(CC2)C(=O)C2=CC=CC(=C2)C(F)(F)F)C(F)=C1,0
CC(C)NC1CCN(CC1)C(C)C(=O)NC1=CC=CC=C1C#N,0
CN1CCCC1C1CCCN1C(=O)C1=CC=C(C)N=C1,0
FC(F)(F)C1=CC=CC(CC(=O)NC2=CC3=C(OCCO3)C=C2Cl)=C1,0
COC1=CC2=CC(C)=C(N=C2C=C1)N1CCCC(CC(N)=O)C1,0
CC1CN(CCS1(=O)=O)C1=CN=CC(=N1)N1C=CN=C1C,0
CC(=O)NC1=NC(CN2CCN(CC3CC3)C3=CC=CC=C23)=CS1,0
CCN1N=C(C)C(CNC2=CC(=NC=N2)N2CCCC2CO)=C1C,0
COC1=CC=CC=C1NC1=NN=C(SCC2=CC=NN2C)S1,0
O=C(NC1CCOCC1)C1=CC=C(S1)C1=CC=C2OCCOC2=C1,0
O=C(NC1=CC=CC2=NC=CC=C12)C1=NOC(=C1)C1=CC=CN=C1,0
OC1=CC=C(C=N1)C(=O)NCC1=CC=C(OC2=CC=C(F)C=C2)C=C1,0
CC1=CC2=NC=C(CN3CCN(CC4=CC=NC=C4)CC3)N2C=C1,0
CC1CCN(CC1)C(=O)C1CCN(CC1)C(=O)C1=CC=CC(Cl)=C1,0
COC1=CC=C(C=N1)N(C)C(=O)C1=CN=C(CC2=CC=CC=C2)S1,0
CC1=CC=C(C2=CC=CN=C12)S(=O)(=O)N1CCC(CN2CCCCC2)CC1,0
COC1=CC(F)=CC(NCC2=NC(=NO2)C2=CC=C(Cl)C=C2)=C1,0
CN1C=CN=C1CN(C1CC1)C(=O)C1=CC(Cl)=CC(Cl)=C1,0
CC1OC2=CC=CC=C2N(CC(=O)N(C)C2CCCC2)C1=O,0
CC1=CC=CC=C1C1=NC(=CS1)C(=O)NC1=CC=CC=C1CS(C)(=O)=O,0
CC1=CC=CC=C1CN1CCCN(CC1)C(=O)C1=CC=C(C=C1)S(C)(=O)=O,0
COC(=O)C1=C(CN2N=NC(=N2)C2=CSC=C2)C=CS1,0
CCOCC1=CC=CC(CNC2=C3NC=NC3=NC=N2)=C1,0
CC1=C2C(NC=C2C2=CCN(CC2)S(C)(=O)=O)=CC=C1,0
CC1=CC=CC(=N1)C(=O)NC1=CC=NN1CC1=C(Cl)C=CC=C1Cl,0
CC(NC(=O)C1=C(N(N=C1)C1=CC=C(F)C=C1)C(F)(F)F)C1CC2CCC1C2,0
ClC1=CC=C(CC(=O)N2CCN(CCC3=CC=CC=C3)CC2)C=C1,0
O=C(N1CCC(CC1)C1=NN=C2C=CC=CN12)C1(CC1)C1=CC=CC=C1,0
CC(C)CCC1=NN=C(NCC2=CN=C3C=NC=CN23)O1,0
COC1=CC(OC)=CC(NC2CCN(CC2)C(=O)C2=NC3=CC=CC=C3N=C2)=C1,0
CC1=CC=CC=C1CC1=NC(CN2C=CC=C(C2=O)C(F)(F)F)=NO1,0
FC1=CC=CC2=C1N(CCC2)C(=O)C1=CC=CC(=N1)N1C=CC=N1,0
CCC1=CC2=C(NC3(C)CCCC3)N=CN=C2S1,0
CC(OC1=CC=CC(C)=C1)C(=O)N1CCN(CC1)C(=O)C1=CC=CC=C1,0
CN(CC1=CC=C(F)C(F)=C1)S(=O)(=O)C1=CC=C2CCCC2=C1,0
OC1=NC=CC=C1C(=O)NC1=NC(=NS1)C1=CC=CC=C1,0
COC(=O)C1=CC=CC=C1N(C)C(=O)C1=CSC(=N1)C1=CC=C(C)C=C1,0
CCN(CC)CC1CCN(CC1)C(=O)C1=CC=C2NC(=O)COC2=C1,0
COC1=CC=CC(=C1)C(=O)CN1N=NN(C2=CC=CS2)C1=O,0
COC1=CC=CC=C1N1CCN(CC1)C1=CC=C(C=N1)C(=O)NC1CC1,0
CN1CCN(C(C1)C1=CC=CC=C1)C(=O)CN1C(=O)NC(=O)C2=CC=CC=C12,0
COC1=CC2=CC=C(N=C2C=C1)C(=O)N1CCC(CC1)NS(C)(=O)=O,0
COC1=CC=CC(=C1)N1CCN(CC1C)C(=O)C1=NN(C(C)=C1)C1=CC=CC=C1,0
CC(C)CN1CCOC(CNC(=O)C2=NOC(=C2)C2=CC=CN=C2)C1,0
O=C(NC1=CC=CC(=C1)C#N)C1=CC=C2NC(=O)COC2=C1,0
NC(=O)C1CCCCN1CC1=CSC(=N1)C1=CC=CC=C1,0
CN1CCCC1C1CCCN1C(=O)C1=CSC(=N1)C1=NC=CC=N1,0
CC1=CC(=CC=C1OCC(=O)NC1=CC=C(F)C=C1F)C#N,0
O=C(NCC1=CN(N=C1)C1=CC=CC=C1)C1=CC=C(C=C1)N1C=CN=C1,0
CN(CC1CCCN1C1=CC=CN=N1)CC1=NC2=CC=CC=C2C(N)=N1,0
O=C(N1CCCCCC1C1=CC=NC=C1)C1=CC=C2CCCC2=C1,0
CC1=CC=C(C=C1C)C(=O)NC1=CC=CC(OCC(=O)N2CCCC2)=C1,0
COC1=CC=C(C=C1F)C(=O)CN1N=NN(C1=O)C1=CC=CC=C1Cl,0
CC1=C(CC2=CC=C3OCOC3=C2)SC(NC(=O)CC2CCC=C2)=N1,0
ClC1=CN2C(=O)C=C(OC3=CC=C4OCOC4=C3)N=C2C=C1,0
FC1=CC=C(F)C(=C1)S(=O)(=O)N1CCC(CC1)C(=O)NC1=CC=C(Cl)C=C1,0
CN(CC1COC2=CC=CC=C2O1)C(=O)C1=CC2=NC(C)=C(C)N=C2C=C1,0
C(NC1=CC=CC=C1CN1C=NC=N1)C1=CSC(=N1)C1=CC=CC=N1,0
COC1=CC=C(Cl)C=C1C(=O)N1CCNC(=O)C1,0
CCOC1=NC=CC=C1NC(=O)C1=CC2=C(S1)N(C)N=C2C,0
CC(C)N1CCC(C1)NC1=NC(=NC2=CC=CC=C12)C1=CC=NC=C1,0
CCC1=NN(CC(=O)NC2=CC(=CC=C2F)N2C=NN=N2)C(CC)=N1,0
O=C(CCC1CC2=CC=CC=C2NC1=O)N1CCCCCC1,0
COC1=CC=C(F)C=C1C(C)NC1=CC=C(N=N1)N1C=CC(C)=N1,0
CCN1CCC(CC1)NC(=O)C1=CC=CC(OCC2=CC=CC=C2)=C1,0
CC1CC2=CC=CC=C2N1C(=O)C1=NN(C=C1)C1=CC=C(F)C=C1,0
O=C(NC1=CC=C(C=C1)N1CCC2=CC=CC=C12)C1=CN=CC=N1,0
OC1=NC2=CC=CC=C2C(=C1)C(=O)NC1=CC=CC(CN2C=CC=N2)=C1,0
COC1=CC=C(NC(=O)C2=C(C)C3=CC=CC=C3S2)C=C1Cl,0
COC1=CC(NC(=O)C2=NN(C=C2)C2=CC=CC=C2)=C(OC)C=C1Cl,0
CN(CC1=NC(=NO1)C1=CC=CC(=C1)C(F)(F)F)C1CCC2=CC=CC=C12,0
COC1=CC(CC(=O)N2CCCC2C2=CC=C(F)C=C2)=CC(OC)=C1OC,0
FC(F)(F)C1=CC=CC=C1C(=O)NC1=CC=NC(=N1)C1=CC=CC=C1,0
COC1=CC2=C(CN(CC2)C(=O)NC(C)C2=CC=CN=C2)C=C1OC,0
O=C(NC1=CC=CC(CN2C=CN=C2)=C1)C1=CC2=CC=CC=C2S1,0
ClC1=CC=C(CN2CCN(CC2)C(=O)NCC2=CC=CC=C2)C=C1,0
OCC1CCN(CC1)C1=NC2=CC=CC=C2C(=C1)C(=O)NC1CC1,0
CCNC(=O)C1CN(C1)C(=O)C1=C(C)C2=CC=CC(OC)=C2O1,0
CN(C)C(=O)C1=CC=CC(NC(=O)C2=CC3=CC=CC=C3S2)=C1,0
CCN1CCC(CC1)NC(=O)C1=CC=C(OC2=CC=CC=C2)C=C1,0
FC1=CC(=CC=C1N1CCC(CC1)C(=O)N1CCCCCC1)C#N,0
CCOC1=CC=CC=C1N1CCN(CC1)C(=O)C1=CC=C(O)N=C1,0
CC(O)CNC1=C2C=NN(C2=NC=N1)C1=CC(C)=CC(C)=C1,0
CN(C)C1=NC=CC=C1NC(=O)C1=NOC(=C1)C1=CC=CC=C1Cl,0
COC1=CC=CC=C1C(=O)N1CCCC2=CC=C(F)C=C12,0
CC1=C(N=NN1C1=CC=CC=C1)C(=O)NC1=CC=CC=C1O,0
O=C(CCCC1=CNC2=CC=CC=C12)N1CCOC2=CC=CC=C12,0
CC(C)N(C)C(=O)C1CCN(CCN2C(=O)OC3=CC=CC=C23)CC1,0
CCN1N=CC=C1CNC1=CC=CC2=C1CCN(CC(C)(C)O)C2,0
O=C(CN1N=NC(COC2=CC=CC=C2)=N1)N1CCCC2=CC=CC=C12,0
COC1=CC=CC(NC(=O)C2=CN(CC3=CC=CC=C3Cl)N=C2)=C1,0
FC1=CC=C(C=C1)N1C=NC=C1C(=O)NCC1CCOC1,0
O=C(NC1=CC=CN=C1)C1=CC=CC=C1OCC1CCCO1,0
COC1=CC2=CC=C(N=C2C=C1)C(=O)NCC1=CC=C(CN2CCCC2)C=C1,0
OCC1N(CCC2=CC=CC=C12)C(=O)CN1CCCC1=O,0
CC1=C(N=C(O1)C1=CC=CC=C1)C(=O)NCC1CCOC1,0
COC1=CC=C2NC=C(C3CCN(CC3)C(=O)CN3CCCCCC3=O)C2=C1,0
CC1=NC2=NC=C(C(=O)N3CCN(CC4=CC=CC=C4F)CC3)C(O)=C2C=C1,0
CN(CC1=CC=CC=C1)C1=C(Cl)C(=O)N(N=C1)C1=CC=CC=C1,0
NC(=O)C1CCCN(C1)C(=O)CC1=CC=CC(=C1)C(F)(F)F,0
CC(N(C)C(=O)C1=CC=C(C)N=C1)C1=CC2=CC=CC=C2O1,0
O=C(NC1=NN=C(S1)C1=CC=CC=N1)C1CCCC1,0
CC1=NOC(=N1)C1=CC=C(C=C1)C(=O)NC1CCN(C1)C1CC1,0
CC1=NC(=CC=C1C#N)C(=O)NC1=CC=CC(COCC2CC2)=C1,0
CC1(C)CN(C(=O)C2=CC=CN=C2NC2=CC=CC(F)=C2)C1(C)C,0
COC1=CC(C)=C(Br)C=C1S(=O)(=O)N1N=NC2=CC=CC=C12,0
FC1=CC=C2C(Cl)=C(SC2=C1)C(=O)N1CCN(CC(=O)N2CCCCCC2)CC1,0
O=C(NC1=CC=CN=C1OC1=CC=CC=C1)C1=CC2=CC=CC=C2O1,0
O=C(NCC1=CC=CC=C1)C1=CC=C2OCCOC2=C1,0
COC1=CC(CC(=O)N2CCCC3(C2)CCCCCC3)=CC(OC)=C1OC,0
FC1=CC=C(C=C1)N1CCN(CCNC(=O)C2=CC=CC3=CC=CN=C23)CC1,0
CC1=CC=CC=C1CC(=O)NC1=CC=C(CN2C=NC=N2)C=C1,0
CN(C(=O)C1=CC=CC(F)=C1Cl)C1=CC=C(N=N1)C1=CC=CC=C1,0
CN1N=C(C)C2=CC(NC(=O)C3=CC(Br)=CC=C3Cl)=CN=C12,0
ClC1=CC=C(Cl)C(=C1)C1=CSC(NC(=O)C2=CC=NC=C2Cl)=N1,0
COC1=CC=C(C2=NC(CN3CCNC(=O)C3)=CS2)C(OC)=C1,0
CN(C)C1=NC=NC2=C1CN(CC1=NN=NN1C1=CC=CC=C1)CC2,0
COC1=CC(=CC(OC)=C1)C(=O)N1CCC(CC1)C(=O)N1C(C)CC2=CC=CC=C12,0
COC1=CC=NC(=C1)N1CCN(CCN2CCCCC2)CC1,0
O=C(NC1CCCCC1)N1CCCC(C1)N1CCCC1,0
C(SC1=NN=NN1CC1=CC=CC=C1)C1=NN=NN1C1=CC=CC=C1,0
FC1=CC=C2C(NC=C2C2CCN(CC3=CSN=N3)CC2)=C1,0
CC(C)C1=CN=C(O1)C1=CC=C(NC(=O)C2COCCO2)C=C1,0
OC1CCN(C1)C(=O)NC1=CC=CC=C1CN1CCC2=CC=CC=C12,0
COC1=CC=CC(CNC2CCCN(C2)C2=NC=CC=N2)=C1OC,0
COC1=CC=CC=C1C1=NC(=CS1)C(=O)N1CCCCCC1,0
COC1=CC=CC=C1NC(=O)CN1CCC(CC1)C1=CNC2=CC=CC=C12,0
CC1=CC=CC=C1CNC(=O)CN1CCN(CC1)C1=NC2=CC=CC=C2S1,0
C=CCSC1=CC=CC=C1NC(=O)C1=NC2=CC=CC=C2C=C1,0
CN1C(C)=C(C=C1C#N)C1=NC2=CC=C(F)C=C2N1C,0
CC(NC(=O)C1=CC=C2CCCC2=C1)C1=NN=C2CCCN12,0
COC1=CC=CC(=C1)C(=O)NC1=CC=C2N=C3CCCN3C(=O)C2=C1,0
O=C(NCC1CC1)C1=CC=C(C=C1)N1CCCC1=O,0
CN1C(NC2=CC=CC=C2C1=O)C1=CN=C2C=CC(Cl)=CN12,0
CC1CCC(CN1C(=O)C1=CC=C(OC2=CC=CC(Br)=C2)N=C1)C(N)=O,0
CC1CN(CCO1)C1=NN=C(S1)C1=CC=CC=C1Cl,0
COC1=CC=C2C(CN3N=NC(=N3)C3=CC=CC(=C3)C(F)(F)F)=CC(=O)OC2=C1,0
O=C(NCC1CC1)C1=CC=CC(OCC2=CC=CC=C2)=C1,0
OC(=O)C1CCN(CC1)C(=O)C1=C2NC=CC2=CC=C1,0
O=C(N1CCN(CC1)C1=CC=CC=C1)C1=CC=C2NC(=O)COC2=C1,0
FC1=CC=CC(Br)=C1C(=O)NC1=NC(=NS1)C1=CC=CC=C1,0
CN1C(=O)N(CC(=O)NC2CCN(CC2)C(C)=O)C2=CC=CC=C12,0
OC1=COC(CSC2=NN=C(O2)C2=CC3=CC=CC=C3O2)=CC1=O,0
CCN1C(=CC2=CC=CC=C12)C(=O)N1CCCN(CC(N)=O)CC1,0
CC1CCCN(C1)C(=O)CCN1C(=O)COC2=CC=CC=C12,0
OCC1=CC(=O)C(OCC2=NOC(=C2)C2=CC=CC=C2)=CO1,0
CC1=C(N=C(N1)C1=CC=CC(Cl)=C1)C(=O)NC1=CC=C2COCC2=C1,0
ClC1=CC=C(OCCN2CCN(CC2)C2=CC=C(C=N2)C(=O)N2CCCC2)C=C1,0
CN(CC1=CC=CC=C1NC(=O)C1CC(=O)NC2=CC=CC=C12)C1CCCCC1,0
CC1=CC=C(C=C1)C1=NC2=CC=CC=C2C(=O)N1C1=CC=CN=C1,0
CC1CC(C)CN(C1)C(=O)CN1CCCC1C1=CC=C2OCCOC2=C1,0
CN([C@@H]1CCCC[C@H]1O)C(=O)CC1=CNC2=CC=C(Cl)C=C12,0
CC1=CC=C(C=C1)S(=O)(=O)N1CCN(CC1)C(=O)C1COC2=CC=CC=C2O1,0
OC1=NC2=CC=CC=C2C(=C1)C(=O)NCC1CC2=CC=CC=C2O1,0
ClC1=CC=C(CS(=O)CC2=NC3=CC=CC=C3S2)C=C1,0
CC1=CC=C(C(=O)N2CC(=O)NC3=CC=CC=C23)C(C)=C1,0
CC(N(C1CC1)C(=O)C1=NN(C(=O)C=C1)C1=CC=C(F)C=C1)C1=CC=CO1,0
CC1CCN(CC1)C(CNS(=O)(=O)C1=CC=C2NC(=O)CCC2=C1)C1=CC=CC=C1,0
C(CN1CCOCC1)NC1=C2C=CSC2=NC=N1,0
CC1CCCN(C1C1=CC=C(C)C=C1)C(=O)NC1CC1,0
CC1=NC(=NC(N2CCCC(CCO)C2)=C1C)C1=CC=CN=C1,0
CN1C=C(C=C1C(=O)NC1=CC(C)=CC=C1C)C1=CSC(C)=N1,0
COC1=CC=CC=C1C1=NOC(CN2N=C(OC2=O)C2=CC=CS2)=N1,0
FC(F)(F)COC1=CC=C(C=N1)C(=O)NC1CCC2=CC=CC=C12,0
ClC1=CC=C(C=C1)C1CCCN1S(=O)(=O)C1=CC=C(C=C1)N1CCCC1=O,0
COC1=CC=CC(C(=O)NC2CCC(=O)N(C)C2)=C1OC,0
NC(=O)COC1=CC=C(NC(=O)CC2=CNC3=CC=CC=C23)C=C1,0
CC1=CSC(CN2N=NC3=C(C=NN3C3=CC=CC=C3)C2=O)=N1,0
CN(CC1=CN(CC2=CC=CC=C2)N=C1)CC1=NC(=NO1)C1=CC=CC=C1Cl,0
O=C(N1CCN(CC1)C1=C2C=COC2=CC=N1)C1=CC=NC=C1,0
CC1=C(C(=O)NCC2=CC=CC=C2CN2CCCC2)C(=NO1)C1=CC=CC=C1Cl,0
CC1CCCC(N1C(=O)CC1=CC=CC=C1F)C1=CC=CC=C1,0
Cl.CC(C)C1=NN(C=C1CNC(=O)C1CCNC1)C1=CC=CC=C1,0
CC(=O)N1CCN(CC1)C(=O)C1=CC=CC=C1C1=CC=C(C=C1)C(F)(F)F,0
CC1=CC=C(C(=O)NCC2=NN=C3C=CC=CN23)C(C)=C1,0
FC(F)(F)COC1=NC=CC=C1CNC(=O)C1=NNC(=O)C2=CC=CC=C12,0
CS(=O)(=O)C1=NC=CN1CC1=NC=C(O1)C1=CC=CC=C1,0
FC1=CC=C(C(=O)NC2=CC=C(C=C2)S(=O)(=O)N2CCCCCC2)C(F)=C1,0
CN1N=C(C)C2=C1SC(=C2)C(=O)NCC1OCCC2=C1C=CS2,0
COC1=CC=C(C2CCCN2C(=O)CC2=C(C)NC3=CC=CC=C23)C(OC)=C1,0
FC1=CC=C(C=C1)C1=NN(CC2=NC3=CC=CC=C3S2)C(=O)O1,0
COC1=CC2=C(CN(CC2)C(=O)NCC(N2CCOCC2)C2=CC=CC=C2)C=C1OC,0
CCC1N(CCC2=C1C=CS2)C(=O)CC1=CC=C(NC(C)=O)C=C1,0
CCOC1=CC=C(NC(=O)C2=C(C)N=C(S2)C2=CC=CC=N2)C(C)=C1,0
CC1=C(C)C2=C(NC(=O)C3=CC=C(N=C3)C(F)(F)F)N=CN=C2O1,0
CC1=CC=C(C=C1)S(=O)(=O)N1CCCCCC1,0
COC1=CC=C(Cl)C=C1NC(=O)C1=CC(=CN1C)C1=CSC(C)=N1,0
CC(C)CN1C(=NN=C1S(=O)(=O)CC1=CC=CC=C1C)C1=CC=CC=C1F,0
CC1(C)C2CCC1(C)C(C2)NC(=O)NC1CCCN(C1)C1=NC=CC=N1,0
CCN1C(=CC2=CC=CC=C12)C(=O)N1CCOCC1C,0
COC1=CC(=CC(Cl)=C1OC)C(=O)N1CCN(CC(=O)N2CCCC2)CC1,0
N#CC1=CC=CC=C1CN1CCN(CC1)C1=CC=CC=N1,0
COC1=CC=C(Cl)C=C1C(=O)N1CCC(CC1)C(=O)NC(C1CC1)C1CC1,0
OC1=CC=C(Cl)C=C1C(=O)N1CCC(CC1)NC1=CC=CC=C1,0
CCC1=CC=CC(C)=C1NC(=O)C1=CC=C(O1)C1=CC=CC(Cl)=C1C,0
CC1=NC2=CC=C(F)C=C2C(N2CCN(CC2)C(=O)CO)=C1C,0
CN1CCC2C(CCCN2C(=O)NC2=CC=C(Cl)C(F)=C2)C1,0
BrC1=CN(N=C1)C1=CC=CC(=C1)C(=O)NCC1CC2=CC=CC=C2O1,0
FC(F)OC1=CC=CC(NC(=O)N2CCC3=C(C2)C=CS3)=C1,0
CC(=O)NC1=CC=C(NC(=O)C23CC4CC(C2)CC(C4)(C3)C2=CC=CC=C2)C=C1,0
O=C(NC1=CC=C(C=C1)C(=O)NCC1COC2=CC=CC=C2O1)C1CC1,0
ClC1=CC=C(O1)C(=O)NC1=NN=C(S1)C1=CSC=C1,0
CC1=NN=C(NC(=O)C2=CC=CC(OCC3CCCO3)=C2)S1,0
O=C(CC1=CSC(=N1)C1=CC=CC=N1)NC1=CN=C(N=C1)C1=CC=CC=C1,0
FC1=CC=C(C=C1)C1(CNC(=O)C2CCN(CC2)C(=O)COC2=CC=CC=C2)CC1,0
O=C(NC1=CC=CC=C1CN1C=CC=N1)C1=NC2=CC=CC=C2N=C1,0
CC1=CC=C(C)C(=C1)S(=O)(=O)N1CCN(CC1)C(=O)C1=CC=CC=C1,0
NC(=O)N1CCCN(CC2=CC=C(C=C2)N2C=NC3=CC=CC=C23)CC1,0
CN(C1CCC(CC1)C1=CC=CC=C1)C1=NC=C(C=C1Cl)C(N)=O,0
CC1=C(SC=C1)C(=O)NC1=NC(=CS1)C1=CC(F)=CC=C1F,0
O=C1CC(CN1C1CC1)NC1=NC2=CC=CC=C2C(=C1)C#N,0
O=C(NCCC1=CC=CC=N1)C1C2=CC=CC=C2OC2=CC=CC=C12,0
CC1=C(C=NN1C1=CC=CC(C)=C1)C(=O)NC1=CC=C(F)C(Cl)=C1,0
[O-][N+](=O)C1=CC=CC(NC(=O)C2=CN(N=N2)C2=CC=CC=C2Br)=C1,0
COC1=CC=CC(=C1)C1=NOC(=N1)N1CCCC(CCC(N)=O)C1,0
CN(CN1N=C(OC1=O)C1=CC=CC=C1)CC1=C(C)ON=C1C,0
CC1=CC=CC(C(=O)N2CCC(CC2)C(N)=O)=C1C,0
O=C(NC1CCCN(CC2=CC=CC=C2)C1)C1CC2CCC1C2,0
CN1C=C(C(=O)NC2=CN(N=C2)C2=CC=CC=C2Br)C(C)=N1,0
CC(C)CC1=NN=C(NC(=O)C2=CC=NC(OC3=CC=CC=C3)=C2)S1,0
CC1=NNC(C(=O)N2CCN3CCCCC3C2)=C1Br,0
CC1CCCN(CCCN2C(C)=CN3C2=NC2=C3C(=O)NC(=O)N2C)C1,0
CC(C)CC1=NC(CN2N=C(OC2=O)C2=CC=C(F)C=C2)=NO1,0
CC1=NC(=CC(=N1)N1CCC(CC1)N1CCCC1)N1CCC(CC1)N1CCCC1,0
CCC1=CN=C(S1)N1CCN(CC1)C(C)C1=CC=C(OC)C(NC(C)=O)=C1,0
ClC1=C(NC2=CC=CC=C12)C(=O)NC1=CC=CC=C1,0
CC1=CC(F)=C(C=C1F)S(=O)(=O)N1CCN(CCCO)CC1,0
CC1=NC2=NC(CC(=O)NC3=CC=C(C#N)C(Cl)=C3)=NN2C(C)=C1,0
OC(=O)CCC1=CC=C(C=C1)S(=O)(=O)NCC1=CC=CC=C1F,0
O=C(C1CCCCC1)N1CCC(CC1)NC1=CC=C(C=N1)C#N,0
CN1C=CN=C1CN1N=NC2=C(C=NN2C2=CC=CC=C2)C1=O,0
CC1=CC=C2C=C(NC2=C1)C(=O)N1CCN(C2CC2)C(=O)C1,0
CNC(=O)CN1CCC(CC1)NC(=O)C1=CC2=CC(Cl)=CC=C2N1,0
O=C(NC1CCCCC1)C1CCN(CC1)C(=O)C1=NOC(=C1)C1CC1,0
CC1OC2=CC=CC=C2OC1C(=O)NC1=CC=C(C)C=C1C,0
CCC1=NC(CCNC2=CC(=NC=N2)N2CCCC2CO)=NO1,0
OC1CCN(C1)C(=O)NC1=CC=CC(=C1)C1=C(F)C=CC=C1F,0
CC(C)CC1COCCN1C(=O)C1=CC=C(O1)C(N)=O,0
FC1=CC=C2CCCN(C(=O)C3CC(=O)NC4=CC=CC=C34)C2=C1,0
NS(=O)(=O)N1CCN(CC1)C1CCCC2=CC=CC=C12,0
CC(C)C1=NN=C2CCC(CN12)NC(=O)C1=CC=C(C)C=N1,0
COC1=CC=C(NC(=O)CN2CC3=CC=CC=C3CC2C(=O)N2CCCC2)C=C1,0
NC(=O)N1CCC2=CC(NC(=O)N3CCN(CC4=CC=CC=C4)CC3)=CC=C12,0
CC1(C)CC(CC(C)(C)N1)NC(=O)N1CCCC1C1CCCCC1,0
CN1C=C(CNC2=NN=C(O2)C2=C(C)OC=C2)C(=N1)C1=CC=CS1,0
ClC1=CC=CC=C1C1=NC(CC(=O)NC2=C(C=CS2)C#N)=CS1,0
NC(=O)C1CC2=CC=CC=C2CN1CCC(=O)N1CCN(CC1)C1=CC=C(F)C=C1,0
CN1N=C(C)C2=CC(=CN=C12)C(=O)NC1=CC=C(Cl)C2=NC=CC=C12,0
O=C1NC(CC2=CN=CS2)=NC2=C1C(=CS2)C1=CC=CS1,0
COC1=CC=C(CNCC2=CC=C(CN3CCC(C)CC3)C=C2)C=C1O,0
C1CC(CN(C1)C1=NC=CC=N1)NC1=CC=CC=C1,0
FC1=C(Cl)C=CC=C1C(=O)NC1=CC=CC(=C1)N1C=CN=C1,0
CC(=O)N1CCC(CC1)NC1=C2C=NNC2=NC=N1,0
COC1=CC=CC(NC(=O)NC2CCN(CC2)C(=O)NC2CCCCC2)=C1,0
N#CC1=C(C#N)N(CC2=NN(C=N2)C2=CC=CC=C2)C=N1,0
ClC1=CC=CC(=C1)S(=O)(=O)NCC1=CC=C(C=C1)C(=O)NCC1=CC=CC=N1,0
FC(F)OC1=CC=CC=C1NC(=O)CC1=CC=C2CCCCC2=C1,0
CC1=CC=C(C=C1)C1=CSC(NC(=O)C2=CC=CN=C2C(F)(F)F)=N1,0
CN1N=CC=C1NC(=O)C1=C(C)N(N=C1)C1=CC=C(F)C=C1,0
CCN1C(SC2=CC=C(C=N2)C#N)=NN=C1C1=CC=CC=C1C,0
CCC1=CC=C(C=C1S(=O)(=O)N1CCOCC1)C(=O)NC1=CC=CC(Cl)=C1,0
CC1=CN2CC(CCC2=N1)NC(=O)C1=CSC(=N1)C1=CC=CC=N1,0
COC1=CC=C(CCNC(=O)N2CCC(=CC2)C2=CNC3=CC=CC=C23)C=C1,0
CN1C(=O)C=CN(CC2=NC(=NO2)C2=CC=CC=N2)C1=O,0
O=C(CN1CCN(CC1)C1=CC=CC=C1)NC1CCCCCC1,0
C1CCC(C1)N1CCN(CC1)C1=NC=NC2=CC=CC=C12,0
O=C(CCC1=CC=CC=C1)N1CCC(CC1)C(=O)NC12CC3CC(CC(C3)C1)C2,0
OC1CN(C1)C1=C2C(SC=C2C2=CC=CC=C2)=NC=N1,0
CC1=CC=C(OCC2=NC(CC(=O)NC3=CC=C(F)C(F)=C3)=CS2)C=C1,0
CCC(CO)NC1=CC(=NC(=N1)C1=CC=CC=N1)C(F)(F)F,0
COC1=CC=C(C=C1OC)C1=C2N=C(C)C=C(NC3CCCC3)N2N=C1C,0
CC1=CC(=CC=C1NCC1=NC(=NO1)C1=CC(F)=C(F)C(F)=C1)S(C)(=O)=O,0
CC1=CC(=CC(C)=C1)C(=O)N1CCCN(CC(N)=O)CC1,0
O=C(N1CCC(=CC1)C1=CNC2=CC=CC=C12)C1=CC=CC(=C1)C#N,0
OC1CCN(CC(=O)N2CCN(CC2)C2=CC=CC=C2F)CC1,0
CCC(=O)N1CCC2=CC(=CC=C12)C(=O)N1CCN(CCC2=CC=CC=C2)CC1,0
CC1=CC=CC2=C1N(CCC2)C(=O)C1CCN(CC1)S(=O)(=O)C1=CC=C(Cl)C=C1,0
O=C(NC1=CC=C2SC=CC2=C1)C1=CC=C2OCOC2=C1,0
CC1=NN(C=C1)C1=CC=C(N=N1)N1CCCC1C1=CC=C2OCOC2=C1,0
OC1=CC=C(C2=CSC(CCN3CCCC3=O)=N2)C(O)=C1,0
O=C(N(CC1CCOC1)C1CC1)C1=NC2=CC=CC=C2C=C1,0
CC1CN(CCS1(=O)=O)C1=NN=C(S1)C1=CC=CC=C1Cl,0
O=C(COC1=CC=CC=C1)N1CC(OC2=CC=CC=C12)C(=O)N1CCCCC1,0
CC(N1C(=O)OC2=CC=CC=C12)C(=O)N1CCC(C)CC1,0
CC1=CC=C2NN=C(C(=O)NC34CC5CC(CC(C5)C3)C4)C2=C1,0
ClC1=CC=C2NC(=CC2=C1)C(=O)N1CCC(CC1)OC1=CC=CC=C1,0
O=C(NCC1(CCC1)C1=CC=CC=C1)C1=CC=C2OCCCOC2=C1,0
FC(F)(F)C1=C(C=NN1C1=CC=C(Cl)C=C1)C(=O)NC1=CC=C2NC(=O)NC2=C1,0
CCN1CCN(CC1)C1CCN(C1)C(=O)NC1=CC=C(C2CC2)C(F)=C1,0
ClC1=CC=CC(CC2=NN=C(NC(=O)CC3CCOC3)S2)=C1,0
CC1=NN(CC2=NC(=NO2)C2=CC=C3OCCC3=C2)C(C)=C1,0
ClC1=CC=C(C=C1)N1C=C(N=N1)C(=O)N1CCCC1,0
FC1=CC=C(CN2CCC(CC2)NC(=O)NC2=CC=CC(=C2)C#N)C=C1,0
FC1=CC=CC(CC2CCCN2CC(=O)NC2CCCCNC2=O)=C1,0
CC(C)C1=CC=C2C=C(NC2=C1)C(=O)N1CCC(CC(N)=O)CC1,0
FC1=CC=C(F)C(=C1)N1CCN(CC1)C(=O)C1CCC(=O)N1,0
FC1=CC=C(OCC2=NOC(=N2)C2=CC=CS2)C(F)=C1,0
FC1=CC=C(NC(=O)C2=CC=CC(=C2)N2C=CN=C2)C=C1F,0
FC1=CC=C(C=C1)C1CN(CCN2C(=O)CNC2=O)CCO1,0
COC1=CC=CC(CNC2=NC3=CC=CC=C3O2)=C1,0
O=C(N1CCCC2=CC=CC=C12)C1=CC2=CC=CC=C2S1,0
CN1C=C(C=N1)N1CCC(NC2=CC=C(C(=C2)C#N)C(F)(F)F)C1=O,0
FC1=CC=C(NC(=O)N2CCC(CC2)C2=CC=CC=C2)C=C1,0
ClC1=CC=C(C=C1)C1=CSC(CCN2CCCC2=O)=N1,0
CCN1CCN(CC1)C1=CC(C)=NC2=C(C(C)=NN12)C1=CC=CC=C1OC,0
C(NC1=NN=C(CC2=CC=CC=C2)S1)C1=NN=C2C=CC=CN12,0
CC1(C)NC(=O)N(CCCN2CCN(CC2)C2=CC=CC=C2)C1=O,0
CC(C)C1NC(=O)N(CCC2=CNC3=C(C)C=CC=C23)C1=O,0
CC1=CC=CC(CN2C(=NC3=CC=CC=C23)C2CN(C(=O)C2)C2=CC(C)=CC(C)=C2)=C1,0
COC1=CC=CC=C1C(C)CC(=O)N1CCCC1C1CCCN1C,0
COC1=CC=C(CN2CCN(CC2)C(=O)C2CCN(C)C(=O)C2)C=C1,0
CC1=CC=CC=C1C(=O)NC1CCN(CC1)C(=O)CC1=CC=C(F)C=C1,0
COC1=CC=C(C=C1)N1C(=O)CC(N2CCN(CC2)C2=CC=CC=C2)C1=O,0
CN1C(COC2=CC=CC3=C2OC(C)(C)C3)=NN=C1C1CC1,0
CS(=O)CC1=CC=CC(=C1)C(=O)NC1=NC2=CC(F)=C(F)C=C2S1,0
CC(C)NC(=O)C1=CC=C(C=C1)C(=O)N1CCCC2=CC=CC(O)=C12,0
CCOC(=O)C1=C(SC=C1C1=CC=CC=C1)N1C(C)=CC=C1C,0
CN1N=C(C)C2=C1SC(=C2)C(=O)NC1=CC=C(Cl)C=C1Cl,0
O=C(CC1=CN(N=C1)C1=CC=CC=C1)NC1=NC2=C(CCC2)S1,0
COC1=CC=C(C=C1)C1=NC(C)=C(S1)C(=O)N1CCCC1CC1=CC=CC=C1,0
CC(C)CC1=NN(C)C(NC(=O)CC2=CSC(CC3=CC=C(F)C=C3)=N2)=C1,0
CC(=O)NC1=CC=CC(=C1)N1C(C)=NN=C1SCC1=CC=CC=C1C,0
ClC1=CC=CC(=C1)C(=O)N1CCC2=CC=CC=C12,0
CC(C)OCC1=CC=CC(CNC(=O)N2CCC3CCC(C2)N3C)=C1,0
FC(F)(F)C1=CC(=CC(=C1)C(=O)NC1CCCN(C1)C1=NC=CC=N1)C(F)(F)F,0
CC1=C(C(=O)NC23CC4CC(CC(C4)C2)C3)C(=NO1)C1=C(F)C=CC=C1Cl,0
CN1C(=O)N(C)C2=NC=C(C=C2C1=O)C(=O)NC1=CC=C2C(CC3=CC=CC=C23)=C1,0
ClC1=CC=CC(=C1)C1=NC(=CS1)C(=O)NCC1CCOC1,0
CN1C2=C(N(CC3=CC=CC=C3)C(CCC(O)=O)=N2)C(=O)NC1=O,0
CC1=CC=C(CNC(=O)C2CCN(CC2)C(=O)C23CC4CC(CC(C4)C2)C3)C=C1F,0
OC[C@@H]1C[C@H](NC2=NC(=NC3=C2CCC3)C2=CC=NC=C2)C=C1,0
CC1=CC=C(NC(=O)CC2=CC=CC(=C2)C(F)(F)F)C=C1S(=O)(=O)N1CCOCC1,0
[O-][N+](=O)C1=CC=CC(=C1)C1=NN(CC2=NC(=NN2)C2CC2)N=N1,0
CC1=CC=C(F)C(=C1)N1CCCC(NC2=NC=CN3C=NN=C23)C1=O,0
CCN1CCC(NC(=O)C2CC2)C1C1=CC(F)=C(F)C(F)=C1,0
O=C(NC1CCCCCC1)C1=NC=CC2=CC=CC=C12,0
CC1=CN2C(C=C1)=NC(=C2CN1CCNC(=O)C1)C1=CC=CC=C1,0
CN(C1CCCC2=CC=CC=C12)C(=O)C1=CN(N=N1)C1=CC=CC=C1C(F)(F)F,0
COC1=CC=C(NC(=O)C2=CC=C3NC(C)=C(C)C3=C2)C=N1,0
CN1CCCC1C1CCCN1C(=O)C1=CC=C(C=C1)N1C=C(C)C=N1,0
O=C(N1CCCC1)C1=CC=C(CN2CCC3=C(C2)C=CS3)C=C1,0
O=C1ON=C(N1CC1=NC2=C(SC=C2)C(=O)N1)C1=CC=CN=C1,0
FC1=CC=CC=C1C(=O)NCC1=NC=C(O1)C1=CC=CC=C1,0
O=C(NC1=CC=CC2=CN=CC=C12)N1CCC2=CC=CC=C12,0
COC1=CC=C(C=C1)S(=O)(=O)NC1=C(C)N(N=C1C)C1=CC=C(C)C=C1,0
CC1=CC=CC=C1C(=O)NCC1CCN(C1)C1=CC=CC=C1,0
CC1=C(SC(=N1)C1=NC=CC=N1)C(=O)NC1=NC(=CS1)C1CC1,0
OCC1CCN(CC2=CC=C(C=C2)C2=NC3=CC=CC(Cl)=C3S2)CC1,0
CC(N1CCN(C)CC1)C(=O)NC1=CC=C(C)C(=C1)S(=O)(=O)N1CCOCC1,0
CC1=CC2=CC=CC(=C2N=C1)S(=O)(=O)NCCOC1=CC=CC=C1F,0
O=C(COC1=CC=CC=C1C#N)N1CCC(=CC1)C1=CNC2=NC=CC=C12,0
CNC(=O)C1CCN(CC1)C(=O)C1=CC2=CC(OC)=CC(OC)=C2N1,0
[O-][N+](=O)C1=CC(Br)=CC=C1SC1=NC(CC2=CC=CS2)=NN1,0
CN1CCCN(C(=O)C2CCCN2C(=O)C2CC2)C2=CC(F)=CC=C12,0
CN1C(=O)CN(C(=O)C2=CC=C(N3C=CC=C3)C(F)=C2)C2=CC=CC=C12,0
COC1=CC=C2N(CCCC2=C1)C(=O)C1=CC(Cl)=CC=C1OC,0
COC1=CC=C(C=C1)N1N=CC2=C(NC3CC3)N=CN=C12,0
CC(N1CCN(CC1)C1=C2C=NN(C)C2=NC=N1)C(=O)NC1=CC=C(Cl)C=C1Cl,0
C(N1CCOCC1)C1=CC=CC(=C1)C1=NOC(=N1)C1=CN=CS1,0
CS(=O)(=O)NC1=CC=C(C=C1)C1=CSC(NC(=O)C2=CN=CN2C2=CC=CC=C2)=N1,0
CCC1CN(CCO1)C(=O)NC1=CC=CC=C1N1C=CC=N1,0
CC1=C(C(=O)NCC2=CC=C(C=C2)C(=O)N2CCCCCC2)C(C)=NO1,0
CC1=CC(CNC2=NN=C(O2)C2=C(C)OC=C2)=C(C)O1,0
COC1=CC=C2NC=C(CC(=O)N3CCNC(=O)C3(C)C)C2=C1,0
COC1=CC=C2OC(C)CN(C(=O)C3=CC=C(C=C3)N3C=C(C)C=N3)C2=C1,0
O=C(CCC1=CNC2=CC=CC=C12)N1CCC(CC1)NS(=O)(=O)C1=CC=CC=C1,0
CC1=CC=CC(=C1)C1(CCC1)C(=O)N1CCC(CC(N)=O)CC1,0
CC1=CC=C(O1)C1=NN(C=C1C(=O)N1CCCCC1)C1=CC=CC=C1,0
COC1=CC=C2OC(C(=O)NC3CCCCNC3=O)=C(C)C2=C1,0
OC(=O)C1CCCN1C(=O)C12CC3CC(CC(C3)C1)C2,0
CC1=CC=CC=C1C(=O)NC1CCN(CC1)C(=O)CCC1=CC=C(Cl)C=C1,0
COC1=CC(OC)=C2NC(=CC2=C1)C(=O)N1CCN(CC1)C1CC1,0
CN1C2=C(N(CCN3CCCCC3)C=N2)C(=O)NC1=O,0
O=C(NC1=CC=CC=N1)C1CCN(CC1)C1=CC=C(C=N1)C#N,0
CC1=CC=CC(CN2CCC(CC2)NC(=O)C2=CC=C(F)C=C2)=C1,0
BrC1=CC2=C(OCC2)C(CN2CCNC(=O)CC2)=C1,0
ClC1=CC=C(C=C1)C(=O)NC1=CC=CC(OC2=NC=CC=N2)=C1,0
COC1=CC=C(NC(=O)C2=CC=C(Cl)C=C2C)C(C)=C1,0
CC(C)(C1CCCN(C1)C(=O)C1=CSC2=C1CCCC2)C(O)=O,0
FC1=CC(=CC(F)=C1)C(=O)NC1=NC(=CS1)C1=CC=CS1,0
CN(CC1=NC2=CC=CC=C2S1)C(=O)C1=CC=C(CN2C=CC=N2)C=C1,0
C1CC(CN(C1)C1=NC=CC=N1)NC1=NC=NC2=CC=CC=C12,0
ClC1=CC=CC=C1CCC(=O)N1CCN(CC1)S(=O)(=O)C1=CC=CC=C1,0
CCCOC1=CC=C(OC2=C3C=NN(C)C3=NC=N2)C=C1,0
CCOC(C)C1=NOC(COC2=CC=CC3=C2OC(C)(C)C3)=N1,0
CCOC1=CC=C(C=N1)C(=O)NC1=CC=NN1CC1=CC=CC=C1F,0
O=C(CN1C[C@H]2CCC[C@]2(C1)C1=NC(CC2=CC=CC=C2)=NO1)N1CCNC(=O)C1,0
CC1=CC(OC2=NC=CC=N2)=CC=C1NC(=O)C1=CC=C(O1)C1=CC=CC=C1Cl,0
CCN1CC(CN(C)C(=O)C2=CC3=CC(F)=CC=C3N2)OC2=CC=CC=C12,0
COC1=CC=C(C)C=C1NC(=O)CN1CCN(CC1)C1=CC=CC=C1OC,0
CCC1=CC2=C(N=CN=C2S1)N(CC1=CC=C(C=C1)C(=O)NC)C1CC1,0
O=C(NC1CC1)C1CCCN1C(=O)C1=CC2=CC=CC=C2O1,0
COC1=CC=CC(C(=O)NC2=NC=C(S2)C2=CC=CC=C2C)=C1OC,0
FC(F)C1=NN=C2C=CC(=CN12)C(=O)NC1=CC=CC=C1OC(F)(F)F,0
CCOC(=O)C1CCN(CC1)C(=O)C1=CC=CC2=NC=CC=C12,0
CN1N(C(=O)C(NC(=O)C2CCCCC2)=C1C)C1=CC=CC=C1,0
COC(=O)C1=CC=C2N(CCC2=C1)C(=O)C1=COC(=N1)C1=CC=CC=C1,0
CN1CCN(C(C1)C1=CC=CC=C1)C(=O)CN1C(=O)COC2=CC(Br)=CC=C12,0
FC1=CC=CC(=C1)C(=O)NC1=CC=CC(CN2C=CC=N2)=C1,0
O=C(NC1CC1)C1=CC(NC2CCCCNC2=O)=NC2=CC=CC=C12,0
FC1=CC=C(F)C(=C1)C(=O)N1CCN(CC1)C(=O)C1=CC=CC(=C1)C(F)(F)F,0
CCOC1=CC=CC=C1NC(=O)C1=NN(C=CC1=O)C1=CC=CC(Cl)=C1,0
CCC1=CN=C(CNC2=CC(Cl)=CC=C2OCC2CCCO2)O1,0
CC(C)CC1=CC=C(C=C1)C(=O)NC1=NC=CS1,0
CC1=CC(NC(=O)NC2CCN(CC2)C2CC2)=CC=C1Br,0
CCC1CN(CCO1)C1=NC=CC=C1C(=O)NC1=CC=C(Br)C=C1,0
CCOC1=CC=CC=C1C1=NN=C(O1)SCC1=CC(C)=NS1,0
COC1=CC(OC)=C(NC(=O)N2CC3CC4CC(C3)CC2C4)C=C1Cl,0
NC(=O)C1=CC(=NC2=CC=CC=C12)N1CCN(CCO)CC1,0
CC(N(C)C(=O)C1=CC2=CC(C)=CC=C2N=C1C)C1=CC=CC=C1,0
CC1=CC=CC=C1CN1CCC(CC1)NC1=NC=CC=C1C#N,0
CC1CC(C)CN(C1)C(=O)CN1CCN(CC1)C(=O)C1=CC2=CC=C(C)C=C2N1,0
OCC1=CC=CC(NC(=O)C2=CC=C3NC4=C(CCCC4)C3=C2)=C1,0
CC1=CC=CC2=NC(COC3=C(Cl)C=CC=C3Cl)=CC(=O)N12,0
O=C(NCC1CCOC2=CC=CC=C12)C1=CC=CC(=N1)N1C=CC=N1,0
CC1=C(Cl)C=CC=C1S(=O)(=O)N1CCN(CC1(C)C)C(=O)C1CC1,0
CC1=C(C(=O)N2CCC(CC2)NC(=O)C2=CC=C(F)C=C2)C(C)=NO1,0
FC1=CC=C2NC(C(=O)N3CCN(CC3)S(=O)(=O)C3=CC=CC=C3)=C(Cl)C2=C1,0
COC1=CC=CC=C1CC(=O)NC1=CC=C2N3CCCCCC3=NC2=C1,0
ClC1=C(NC2=CC=CC=C12)C(=O)NC1=CC=C(Cl)C=C1,0
CN(C)C1CCN(CC1)C(=O)C1C2=CC=CC=C2OC2=CC=CC=C12,0
COC1=CC=CC=C1N1CCN(CC1)C(=O)C1=CC(Cl)=CC=C1O,0
O=C(C1CCCC1)N1CCN(CC1)C1=NC=NC2=CC=CC=C12,0
OCCN1CCN(CC(=O)N2CCN(CC2)C2=CC=CC=N2)CC1,0
O=C(N1CCN(CCCC2=CC=CC=C2)CC1)C1=CC2=CC=CC=C2N1,0
COC1=CC=CC=C1CC(=O)NC1=C2CCCCC2=NC2=CC=CC=C12,0
CC1=CC=C(NC(=O)N2CCC3CCCCC3C2)C=C1F,0
FC1=CC=C(C=C1)C1(CNC(=O)C2=NC3=CC=CC=C3N=C2)CCOCC1,0
CC1=CC=C(OCC2=NN=C(O2)SCC2=CC=C(Cl)S2)C=C1,0
Cl.COC1=CC=CC=C1CNC(C)C1=CC=CC(=C1)N1CCCC1=O,0
COC1=CC=C(CN(C)C2=NC3=CC=CC=C3O2)C=C1OC,0
COC1=CC(=CC(OC)=C1OC)C(=O)N1CCCC2=CC=C(F)C=C12,0
COC1=CC(Cl)=C(C)C=C1NC(=O)CN1CCN(CC1)C1=CC=CC=C1,0
Cl.NC1(CC2=CC=CC=C2C1)C(=O)N1CCN(CC1)C(=O)C1=C2C=CC=CC2=NN1,0
FC1=CC=C(C=C1)N1C=CC(=N1)C(=O)NC1=CC=CC=C1Cl,0
COC1=CC=C(C=C1)C1CCCN1C(=O)CCC1=CC=C(C=C1)C#N,0
CN1C(CNC2=CC=CC=C2N2C=CC(C)=N2)=NN=C1C1=CC=CC=C1,0
O=C1CCCN1C1CCN(CC1)C1CCC2=CC=CC=C2NC1=O,0
NCC12CCCC(CN(CC3=CC=CC=C3)C1)C2O,0
NC(=O)C1=CC=C(Cl)C=C1NCC1=CSC(=N1)C1=CC=CC=C1F,0
FC1=CC=C(C=C1)C1=C(NC(=O)C2=NC3=CC=CC=C3C=C2)N2C=CSC2=N1,0
FC1=CC=CC(=C1)C1=NOC(=C1)C(=O)NCC1CCCO1,0
OC1=CC=C(C(=O)CSC2=NN=C(N2CC=C)C2=CC=C(C=C2)[N+]([O-])=O)C(O)=C1,0
CCOC1=CC(F)=CC=C1NCC1=NN=C(O1)C1=CC=CC=C1OC,0
COC1=CC=C(C2CCCN2C(=O)C2=CC(F)=CC=C2Br)C(OC)=C1,0
CC(=O)NC1=CC=CC(NC(=O)CN2CCN(CC2)C2=CC=CC(=C2)C(F)(F)F)=C1,0
CC(C)N(CC1=NN=C(O1)C1=CC=C(Cl)C=C1Cl)C1=CC=C(F)C=C1,0
NC1=C(C=NN1C1=CC=C(C=C1)C(=O)N(CC1CCC1)C1=CC=CC=C1)C#N,0
FC(F)(F)C1=NC2=CC=CC=C2C(NCC2=NC3=CC=CC=C3S2)=N1,0
COC1=CC=C(Cl)C(NC(=O)CC2=CSC(=N2)C2=CC=CC=C2Cl)=C1,0
COC1=CC=CC(C2=NN=C(NCC3=CC=CC=C3Cl)O2)=C1OC,0
CC(C)CN1C(=NC2=C1C(=O)NC(=O)N2C)N1CCNCC1,0
C(NC1=NC2=CC=CC=C2S1)C(N1CCOCC1)C1=CC=CC=C1,0
CN1CCC(CC1)NC(=O)COC1=CC=C2OC3=C(CCCC3)C2=C1,0
OCC1CCN(CC1)C(=O)NCC1=CC=C(C=C1)C1=CC=CC=C1C#N,0
CN1N=CC(CN2N=NC(CC3=CC=CC=C3Br)=N2)=C1C,0
BrC1=C(NC2=CC=CC=C12)C(=O)N1CCNC(=O)CC1,0
NC(=O)CC1=CC=C(NC(=O)CC2=CSC3=NC(=CN23)C2=CC=CC=C2)C=C1,0
O[C@H]1CCN(C1)C(=O)NC1=NC(=NS1)C1=CC=CC=C1,0
CC1CCCC(NC(=O)C2COC3=CC=CC=C3O2)C1C,0
COC1=CC=CC(C2=NN=C(NCC3=CC=NN3C)O2)=C1OC,0
OC1=NC2=CC=CC=C2C(=C1)C(=O)NC1CCN(CC1)C1CC1,0
FC(F)(F)C1=CC=NC(=N1)N1CCCC1C(=O)NC1=CC(Cl)=CC=C1Cl,0
CN(CC1=C(C)N(N=C1C)C1=CC=CC=C1C)C1=NC2=CC=CC=C2O1,0
NC(=O)C1=CN=C(N2CCCC(C2)C(F)(F)F)C(Cl)=C1,0
CN(C)CC1CCN(C1)C(=O)NCC1=CN(N=C1)C1=CC=CC=C1,0
COC1=CC(=CC(OC)=C1)C(=O)N1CCN(CC1)C1=CC=CC=C1Cl,0
NC(=O)CCN1CCN(CC1)C(C1=CC=CC=C1)C1=CC=CC=C1,0
CC1=CN=C(C=N1)C(=O)N1CCN(CC1)C(=O)C1CCCO1,0
CC1=CC=C(NC(=O)NC2CCN(CC3=CC=CC=C3)CC2)C(F)=C1,0
CC1CCC2=C(C1)C1=CC(=CC=C1N2)C(=O)NCC1=CC=C(NC(C)=O)C=C1,0
COC1=CC=C2NC=C(C3CCN(CC3)C(=O)COC3=CC=C(Cl)C4=CC=CN=C34)C2=C1,0
NC(=O)CN1CCN(CC1)C1=C2SC=CC2=NC=N1,0
CCOC1CC(O)C11CCN(CC1)C1=NC2=CC=CC=C2N=C1C,0
CC1=CC=CC=C1CNC(=O)CN1N=CC=C1C1=CC=NC=C1,0
O=C(NCC1=CC=C(CN2CCCC2)C=C1)C1=CC2=CC=CC=C2S1,0
CN(C)C1=NC(C)=CC(CNC(=O)C2=CC=C(OCC3CC3)N=C2)=N1,0
FC(F)(F)C1=CC(NC(=O)C2CCCN2C2=NC=CS2)=CC=C1Br,0
COC1=CC=C(C=C1)C1CCCCCN1C(=O)NC1CC1,0
NC(=O)C1=CC=C(C=C1)C1=NC(CN(C2CCCC2)C2CCCC2)=CS1,0
COC1=CC=C(C=C1)N1CC(CC1=O)C1=NC2=CC=CC=C2N1CC1=CC(C)=CC=C1C,0
CC1=CC(C(=O)NC(C2CC2)C2CC2)=C(C)N1CC1=CC=CC=N1,0
CC(=O)NC1=CC=CC(NCC2=NC=C(O2)C2=CC=CC=C2Cl)=C1C,0
CC(=O)NCC1=CC=C(C=C1)C(=O)N1CCCC2CCCC12,0
NC(=O)C1=CC(=NC2=CC=CC=C12)N1CCC(CC1)N1C=NC=N1,0
CN1C2CCC1CN(CC2)C(=O)NC1=CC=CC(=C1)C1=NC=C(C)O1,0
COC1=CC=C(C=C1Cl)C1=CSC(NC(=O)C2=CN=CC=N2)=N1,0
C(N1CCOC2=CC=CC=C12)C1=NOC(=C1)C1=CC=CS1,0
O=C(C1CCN(CC2=CC=CC=C2)CC1)N1CCC1C1=CC=CC=C1,0
COC1=CC=C(C=C1OC)C1=C2N=C(C)C=C(N2N=C1C)N1CCCCC1,0
COC1=CC=C(C=C1)C1CCCN1CC1=COC(=N1)C1=CC=C(C)C=C1C,0
COC1=CC=C(CC2=NN=C(O2)SCC2=CC(=O)OC3=C2C2=C(C=CC=C2)C=C3)C=C1,0
CC(N(C)CC1=NN=C(O1)C1=CC=CC=C1)C1=CC2=CC=CC=C2O1,0
FC1=CC=CC=C1C(=O)NC1=CC=CC(OC2CCCC2)=C1,0
CC1=CC=CC=C1C1=NN(CC2=CC=C(C=C2[N+]([O-])=O)C(N)=O)N=N1,0
COC1=CC(=CC(OC)=C1OC)C(=O)N1CCC(CN2CCOCC2)CC1,0
CCOC1=CC=CC=C1C1=CSC(NC(=O)C2=NNC=C2)=N1,0
O=C(NC1=NC(=NS1)C1=CC=CC=C1)C1CC2CCC1C2,0
FC1=CC=C(NCC2=NC=C(O2)C2=CC=CC(Cl)=C2)C(F)=C1F,0
CN1C=C(C(N)=O)C(NC(=O)C2=NN(C=C2)C2=CC=C(F)C=C2C)=N1,0
COC1=CC=C(C=C1N1C=NN=N1)C(=O)N1CC(C)(C)C1(C)C,0
NC(=O)C1=CC=C(CN2N=NN(C2=O)C2=CC=CC=C2Cl)C=C1,0
CC1=CC(=CC=C1NC(=O)C1CCC1)C(=O)NC1CCCC1,0
CC1=NNC2=NC(C)=CC(C(=O)NC3=NN=C(CC4=CC=CC(F)=C4)S3)=C12,0
CC1=CC=C(C=C1)C1=NOC(=C1)C(=O)N(CC1=CC=CC=C1F)C1CC1,0
CN1N=CC2=C(N=CN=C12)N1CCN(CC(=O)NC2=CC=C(F)C=C2)CC1,0
CN(C(=O)C1=C(C)NC(=N1)C1=CC=CC(Cl)=C1)C1=CC=CC=C1,0
CC1CC(C)CN(C1)C(=O)CC1=C(C)NC2=CC=CC=C12,0
O=C(N1CCOCC1)N1CCN(CC1)C(C1=CC=CC=C1)C1=CC=CC=C1,0
CC(C)(O)C1CCCN1C(=O)NCC1=CC=NC(=C1)N1C=CC=N1,0
CNS(=O)(=O)CC1=CC=CC=C1CNC1=NC2=CC=CC=C2C(=C1)C(=O)NC1CC1,0
COC1=CC=C(F)C=C1C1=CSC(NC(=O)C2=CC=CC(C)=N2)=N1,0
CN1C2=C(N3C=C(C)N(CCCN4CCCCCC4)C3=N2)C(=O)NC1=O,0
OC1=CC=C(C=C1)N1CCN(CC1)C(=O)COC1=CC=C(C=C1)C#N,0
COC1=CC=C(F)C=C1C1=CSC(NC(=O)C2=CC=C(C)N=C2)=N1,0
CN1C=NN=C1SCC1=NC2=CC=CC=C2N1C(F)F,0
CN1N=C(C)C2=CC(NC(=O)C3=CC(O)=NC4=CC=CC=C34)=CN=C12,0
CN(CC1=CC=C(C)C=C1)C(=O)C1=CN(N=N1)C1=CC=CC(Br)=C1,0
FC1=CC=CC=C1C1=CC=C(O1)C(=O)NC1=CC=CC(=C1)N1CCNC1=O,0
CS(=O)(=O)NCC1CCCN(C1)C(=O)C1=CC=CC=C1COC1=CC=CC=C1,0
CC(C)C1=NC2=C(C(C)=NN2C(=C1)N1CCN(C)CC1)C1=CC=CC=C1,0
O=C(N1CCN(CC1)C1=NC2=CC=CC=C2C=C1)C1=CC=CC(=C1)C#N,0
CC1=C(C=NN1C1=CC=CC=N1)C(=O)NCC1=C(C)C2=CC=CC=C2O1,0
FC1=CC=C(CC2=NOC(=N2)C2(CCOCC2)C2=CC=C(F)C=C2)C=C1,0
O=C(NC1CC1)C1CCCCC1C(=O)N1CCC2=CC=CC=C12,0
FC(F)(F)C1=CN(CC2=NC(=NO2)C2=CC=CS2)C(=O)C=C1,0
CCOC1=C(F)C=CC=C1C(=O)NC1=C(C)N(N=C1C)C1=CC=CC=C1,0
CN(C(=O)C1=CC=C(C)N1C)C1=NC2=CC=CC=C2N1C,0
COCC(=O)N1CCN(CCN2C(=O)OC3=CC=CC=C23)CC1,0
CC(=O)N1CCC(CC1)NC(=O)C1=NC2=CC=CC=C2C=C1,0
CC1=NC2=CC=C(C=C2N=C1C)C(=O)NCC1CN(CC2=CC=CC=C2)CCO1,0
CN1C(COC2=CC=C(Cl)C=C2)=NC2=CC=CC=C12,0
CC1OC2=CC=CC=C2N(CC(=O)N2CCOC3CCCCC23)C1=O,0
CC1=CN2CC(CCC2=N1)NC(=O)C1=C2N=CC=CN2N=C1,0
COC1=NC=CC=C1C(=O)NC1=NC=C(CC2=CC(F)=CC(F)=C2)S1,0
CC(C)(C(=O)N1CCN(CC1)C(=O)C1=NNC2=CC=CC=C12)C1=CC=CC=C1,0
CC1=CC=CN=C1NC(=O)C1=CC=C(C)C(=C1)S(=O)(=O)N1CCCCC1,0
FC1=CC(F)=C2CCCN(C(=O)CCC3=NC(CC4=CC=CC=C4)=NO3)C2=C1,0
CC1=C(C(=O)NC2=CC=CC(=C2)C2=CN=CO2)C(=NO1)C1=C(Cl)C=CC=C1Cl,0
ClC1=CC=C(CN2C(CNC(=O)C3=CC=CC=C3)=NC3=CC=CC=C23)C(Cl)=C1,0
FC1=CC(NC(=O)C2=CC=CC=C2F)=CC=C1NCC1CCCO1,0
CC1=CC=C(S1)C(=O)NC1CCCN(CC2=CC=CC=C2)C1,0
O=C(NC1=NN=CN1C1=CC=CC=C1)C1=CC=CC2=NC=CC=C12,0
CC1=CC=C(C=C1)C1=NC(CC(=O)NC2=CC=CC3=CC=CN=C23)=CS1,0
CC(C)N1CC2=CC=CC(NC(=O)C3=C(Br)C=CS3)=C2C1,0
COC1=CC(=CC=C1F)C(=O)N1CCCC2=CC(=CC=C12)C(N)=O,0
O=C(NC1=NN(CC2=CC=CN=C2)C=C1)C1=NN(C2=C1CCC2)C1=CC=CC=C1,0
NC(=O)C1=CC=CC2=C1CCCN2CC1=NN=NN1C1=CC=CC=C1,0
COC1=C2N=C(NC(=O)C3=CC(O)=NC4=CC=CC=C34)SC2=CC=C1,0
CC1=CC(NC(=O)C2=CC=CC(CN3CCCC3=O)=C2)=CC(=C1)C(F)(F)F,0
CC1=NC(=NN1C1=CC=C(F)C=C1)C(=O)NCC1=CC=C(N=C1)N1C=NC=N1,0
CN(C)C(=O)C1=CC=C2N(CCCC2=C1)C(=O)C1=CC=C(C)C(F)=C1,0
CC(=O)NC1=CC=C(NC(=O)C2(CCCC2)C2=CC=C(Cl)C=C2)C=C1,0
CCC1=CC=CC=C1NC(=O)CN1CCN(CC1)C(=O)COC1=CC=CC=C1,0
FC1=CC=C(CCNC(=O)N2CCC(CC2)C2=CNC3=CC=CC=C23)C=C1,0
OCCNC1=CC(=NC(=N1)C1=CC=CC=C1)C1=CC=CC=C1,0
O=C(NC1CCN(C1)C1CC1)C1=CC=C(C=C1)N1CCCCC1=O,0
CC1=CC=CC(=N1)C(=O)NC1=NC(=CS1)C1=CC=CC(F)=C1,0
CC1CC2=CC=CC=C2N1C(=O)C1=NN(C=C1)C1=CC=CC=C1,0
ClC1=CC=C(C(=O)NC2CCCC2)C(=C1)N1CCCC1=O,0
O=C(C1CCOC1)N1CCC(CC1)C1=NC2=CC=CC=C2S1,0
O=C1CCC2=CC(=CC=C2N1)S(=O)(=O)N1CCCC1CN1CCCC1,0
CC(C)C1=CC=C(C=C1)C1=NC=C(CS(=O)CC2=NOC=C2)S1,0
O=C(NC1=NN=C(CC2=CC=CC=C2)S1)C1=CC=CC(=C1)C#N,0
NC(=O)C1(CC1)C(=O)N1CCC(COC2=CC(Cl)=CC(Cl)=C2)CC1,0
CC(C)CN1CC(CC1=O)C(=O)N1CCN(CC1)C1=CC=CC(C)=C1,0
CCN1CCCC1CNC(=O)C1=C(Cl)C2=CC=C(F)C=C2S1,0
CC1=CC(CN2CCC3=C(C2)C=CS3)=CC(C)=C1O,0
CC1=NC(=C(CC(=O)N2CCN(CC2)C(=O)C2CC2)S1)C1=CC=C(F)C=C1,0
COC1=CC=CC(=C1)N1CCN(CC1)C(=O)C1=NNC2=CC=CC=C12,0
Cl.N#CC1=CC=CC(=C1)C1NCCC2=C1NC1=CC=CC=C21,0
CC1=CC=CC(N2CCN(CCN3C(=O)C4CCCN4C3=O)CC2)=C1C,0
O=C(N1CCCCC1CN1C=CC=N1)C1=CC=C(C=C1)N1C=NN=N1,0
CN1CCC(CNC2=NC=NC3=C(F)C=CC=C23)CC1,0
C(C1CC2CC1C=C2)N1CCN(CC1)C1=CN=CC=N1,0
CC1=CC=CC=C1C1CCCN1CC1CCCN(C1)S(C)(=O)=O,0
CS(=O)(=O)N1CCC(CC1)NC(=O)C1=CC=C2NC3=C(CCCC3)C2=C1,0
CCC1=CSC(CC(=O)NC2=NN(CC3=CC=NC=C3)C=C2)=N1,0
CN(C1CCCC1)C(=O)C1=CSC(=N1)C1=CC=CC=C1,0
CC(C)(C(=O)N1CC(C)(C)C1(C)C)C1=CC=C2OCCOC2=C1,0
C(N1CCC2=C(C=CS2)C1C1=CC=CC=C1)C1=NC(=NO1)C1CC1,0
CC(=O)N1CCC(CC1)NC(=O)C1=CC=CC(OCC2=CC=C(F)C=C2)=C1,0
COC1=NC=C(C)C=C1NC(=O)C1=NN(C(C)=C1)C1=CC=CC=C1,0
O=C(NC1CCOC2=CC=CC=C12)C1=CSC(CC2=CC=CC=C2)=N1,0
CCC1=CC=CC=C1NC(=O)CN1CCN(CC1)C1=CC=CC=C1,0
CCN(CC)C1=CC=C(C=C1)C(=O)NC1=C(C)N(C)N(C1=O)C1=CC=CC=C1,0
CC1=CN=C(C=N1)C(=O)NC1=NC=C(CC2=CC(Cl)=CC=C2Cl)S1,0
CC1=NC(=CS1)C1=CC=C(CNC(=O)C2=CC=CC3=NC=CC=C23)O1,0
CC1=NC2=C(C=NN2C(C)=C1)C1=NOC(CN2N=NC3=CC=CC=C23)=N1,0
O=C(N1CCC(CC1)N1CCCC1)C1=CC=C(C=C1)C1=CC=CC=C1,0
O=C(NC1CCN(C1)C1=CC=CC=N1)C1=CC2=NC=CN=C2C=C1,0
CCC1=CC=C(C=C1)C1=NC(CS(=O)(=O)C2=NC3=CC=CC=C3C=C2)=CS1,0
NC(=O)C(N1CCC(CC1)C1=CNC2=CC=CC=C12)C1=CC=C(F)C=C1,0
CC(=O)N1[C@@H](CC2=CC=CC=C12)C(=O)NCCC1=CN=C(N=C1)C1CC1,0
ClC1=CC=C(CC(=O)N2CCC(CC2)C(=O)N2CCC3=CC=CC=C3C2)C(Cl)=C1,0
COC1=CC(=CC(OC)=C1)N1CCC(C1)NC(=O)CC1CCC=C1,0
Cl.OC(=O)[C@H]1CCCN1CCC(=O)N1CCC2=CC=CC=C12,0
CN(C)C(=O)CN1CCN(CC1)C(=O)C1=CC=C(S1)C1=CC=C(Cl)C=C1,0
CC1=NC2=NC(=NN2C(C)=C1)C(=O)NC1=CC(=CC=C1C)S(C)(=O)=O,0
COC1=CC=C(C=C1)C(=O)NC1CCN(CC1)C(=O)C1=CC=NC=C1,0
CC1=CN=C(NC(=O)C2=CN(CC3=CC=CC=C3Cl)N=C2)S1,0
ClC1=CC=C(CN2CCN(CC2)C2=CN=CC=N2)C(Cl)=C1,0
FC(F)(F)C1=CC(=CC(=C1)C(=O)NC1=NN=C(S1)C1CC1)C(F)(F)F,0
CN(CN1N=NN(C1=S)C1=CC=CC=C1)CC1=CC=C(F)C=C1F,0
CCCOC1=CC(C)=CC=C1NC(=O)C1=NN(C=C1)C1=CC=C(F)C=C1,0
CC(C)N1CCCCC1C(=O)N1CCCC(C1)C1=NOC(C)=N1,0
CN(C1CCCCCC1)C(=O)C1=NC=CC2=CC=CC=C12,0
FC1=CC=C(C=C1)C(=O)NC1CCN(CC1)C(=O)C1=CC=C(Cl)C(Cl)=C1,0
CC1=CC=C2N=C(NC(=O)C3=CC(F)=C(F)C=C3Cl)SC2=C1,0
CC1=CC=CC=C1C1=NN(CC(=O)NC2=CC=CC=C2OC(F)F)N=N1,0
CC(NC1=CC=C(F)C=C1)C1=NC(=NO1)C1=CC=CO1,0
CN(CC1=CN(C)N=C1)C(=O)C1=CC=C(O1)C1=CC=C(Cl)C=C1,0
CC(=O)N1CCN(CC1)C(=O)C1=CC=C(Cl)C(Cl)=C1,0
COC1=CC=C(C=C1)C1=NC(=CS1)C(=O)NC1=CC=CC(=C1)C(F)(F)F,0
CN(C)C1CCN(CC1)C(=O)C1=CC2=CC(Cl)=CC=C2O1,0
CC1CN(CC2=CC=C(OC3=CC=CC=C3)O2)CCS1(=O)=O,0
FC(F)OC1=CC=CC(=C1)C(=O)CN1N=NN(C1=O)C1=CC=CC=C1,0
COC1=CC=CC2=C1N(CCC2)C(=O)C1=CN(N=N1)C1=CC=C(C)C=C1,0
ClC1=NN(CC2=CC=CC(Cl)=N2)C2=CC=CC=C12,0
CCS(=O)(=O)N1CCC(CC1)NC1CCC(C1)C1=CC=CC=C1,0
COC1=CC=C(C=C1Br)C(=O)NCC1=NC2=CC=CC=C2N1C,0
CS(=O)(=O)C1=CC=CC(=C1)C(=O)N1CCN(CC2=CSC3=CC=CC=C23)CC1,0
COC1=CC=C(Cl)C=C1C(=O)NC1CCCN(C1)C1=NC=CC=N1,0
COC1=CC=C(C=C1)C1=NC(=CS1)C(=O)NC1=CC=CC=C1N(C)C,0
CC(C)C1=CC=CC(C(C)C)=C1NC(=O)C1=CC=CC=C1,0
CN1C(CN2N=C(C=CC2=O)C(F)(F)F)=NN=C1C1=CC=CC=C1,0
CC1=CC(Cl)=CC=C1NC(=O)C1COC2=CC=CC=C2O1,0
CC1=CSC2=NC(COC3=C(C)C=CC(=C3C)[N+]([O-])=O)=CC(=O)N12,0
ClC1=CC=C(CSC2=NN=C(N2CC=C)C2=CC=NC=C2)N=C1,0
CC1=C(C=NN1C1=CC=CC(C)=C1)C(=O)NC1=CC=CC=C1S(C)(=O)=O,0
CC(C)N1CC(CC1=O)C(=O)N1CCN(CC1)C1=CC=CC=C1F,0
CC(C)OC1=CC=C(C=C1)C(C)NC(=O)C1=CC=C(CN2C=CN=C2)C=C1,0
CC(NC(=O)C1=CC2=CC=CC=C2N1)C1CC2CCC1C2,0
CC1=CC=C(OC2=CC=C(NC(=O)N3CCC(O)C3)C=C2)C=C1,0
CCN1CCCC1CNC(=O)C1=CN=C(S1)C1=CC=C(C)C=C1C,0
O=C(NC1=CC=CC=C1C(=O)N1CCCC1)C1=NC2=CC=CC=C2C=C1,0
COC1=CC2=C(CN(CC2)C(C)C(N)=O)C=C1OC,0
ClC1=CC=CC=C1CN1C=C(C=N1)C(=O)NCC1CCCC1,0
CN1CCN(CC1)C1=NC2=C(N1CC1=CC=C(Cl)C(Cl)=C1)C(=O)NC(=O)N2C,0
CC1CC2=CC=CC=C2N1C(=O)C1=NOC(=C1)C1=CC=CC=C1F,0
Cl.NCC1=CC=C(C=C1)C(=O)N1CCOC(C1)C1=CC=C(F)C(F)=C1,0
COC1=CC=CC=C1CCNC(=O)C12CC3CC(CC(O)(C3)C1)C2,0
OC(=O)C1=CC=CC(CC(=O)N(C2CC2)C2CCCC2)=C1,0
CC1CCC2C(CCCN2C(=O)C2=CNC3=NC=CC=C23)C1,0
BrC1=CC2=CC=C(N=C2C=C1)N1CCNC(=O)C1,0
FC1=CC=C(C2CC2C(=O)NCC2CCN(C2)C2CC2)C(F)=C1,0
CC1=CC=C(C=C1NS(C)(=O)=O)C(=O)N1N=C(N)C2=CC=CC=C12,0
O=C1CCC2=CC(=CC=C2N1)S(=O)(=O)NCC1(CCC1)C1=CC=CC=C1,0
COC1=CC=C(F)C=C1CN1CCN(CC1)S(=O)(=O)C1=CC=CC=C1Cl,0
CN1C2=CC=CC=C2C(Cl)=C1C(=O)N1CCN(CC2=CC=C(C=C2)C#N)CC1,0
CNC(=O)C1=CC=CC(NC(=O)C2=CC=C(S2)C2=CC=CC=C2F)=N1,0
CN(CC1=C(C)N(CC2=CC=CC=C2Cl)N=C1C)C(=O)C1=CC=C2N=CSC2=C1,0
CS(=O)(=O)C1=CC=C(C=C1)C(=O)N1CCCN(CC2=CC=CC=C2)CC1,0
CCC1=CC=CC=C1NC(=O)CN1CCN(CC1)C(=O)C1=CC2=CC=CC=C2S1,0
COC1=C2OC(=CC2=CC=C1)C(=O)N1CC(C)C(C1)N1CCOCC1,0
COC1(C)CC(NC2=C3NC=NC3=NC=N2)C1(C)C,0
CN(CC1=CC=C(F)C=C1)C1=NC2=CC=CC=C2C(=C1)C(=O)N1CCOCC1,0
CN(C)CC1CCCCN1C(=O)CC1=CNC2=CC=CC=C12,0
FC1=CC=C(NC(=O)C2=CC(=CC=N2)N2C=CC=N2)C(F)=C1,0
COC1=CC=C(C(C)NC2CCN(CC2)C2=NC=CS2)C(OC)=C1,0
CC(=O)NCC1=CC=C(C=C1)C(=O)NC(C1CCCCC1)C1=CC=CC=C1,0
CN1CCN(CC1)C(=O)C1=CC=C(CNC(=O)C2=CC3=CC(C)=CC=C3N2)C=C1,0
CCN1N=NC2=CC(=CC=C12)C(=O)N1CCC(=CC1)C1=CNC2=CC=CC=C12,0
O=C(N1CCC(=CC1)C1=CNC2=CC=CC=C12)C1=CC=C2NC(=O)CCC2=C1,0
CC1=CC=C(C(=O)N2CCC(CC2)C2=NC3=CC=CC=C3N2)C(C)=C1,0
O=C(NCC1(CC1)C1=CC=CC=C1)C1=CC=CC2=CC=CN=C12,0
CN(CC1=CC=CC=C1Cl)C(=O)NC1=CC=C(OC2=CC=CC=C2)N=C1,0
O=C(CCC1=CC=CC=C1)N1CCC(CC1)C(=O)N1CCCCC2=CC=CC=C12,0
CN1CCC(CC1=O)C(=O)N(CC1=CC=CC=C1)CC1=CC=CC=C1,0
COC1=CC(=CC(OC)=C1)C(=O)N(C)C1CCCC2=CC=CC=C12,0
CC1C(CCN1C(=O)C1=CC=C(Cl)C=C1)C1=CC=CC=C1,0
O=C(NCC1(CCC1)C1=CC=CC=C1)C1=CC2=CC=CC=C2N1,0
CC1CCC(C)N1C(=O)C1=CC=C(C=C1)C1=CC=CC=C1,0
COC1=CC=CC=C1NC(=O)CN1CCN(CC1)C1=CC=CC(C)=C1C,0
C(N1CCC(=CC1)C1=CNC2=CC=CC=C12)C1=NNC=C1,0
OCCN1CCN(CC2=CN(N=N2)C2=CC=CC=C2)CC1,0
CC1=C(C)N(CC2=NOC(=N2)C2=CC=CC=C2C)C(=O)S1,0
CC(C)C1=CC=C(C=C1)C1=NC(=CS1)C(=O)N1CCSC2=CC=NC=C12,0
COC1=CC=C(C=C1OC)C1=CN2C=CC=C(C)C2=N1,0
FC1=CC=C(OC2=CC=C(CNC(=O)C3=C(F)C=CC=C3F)C=C2)C=C1,0
CCN(C(=O)C1=CC=C(C=C1)N1C(=O)CCC1=O)C12CC3CC(CC(C3)C1)C2,0
COC1=CC=C(CC(=O)NC2=C(C(C)C)N(C)N(C2=O)C2=CC=CC=C2)C=C1,0
C(CNC1=NC2=CC=CC=C2C=C1)NC1=NC2=CC=CC=C2O1,0
NC(=O)C1CCN(CC1)C1=NC=NC2=CC=CC=C12,0
CCN1N=CC=C1CNC1=NN=C2C=C(C)C=CN12,0
CC(C)N(C)CC1=CC=C(CNC(=O)C2=CC=CC3=C2OC(C)C(=O)N3)C=C1,0
CC1=NN(C(C)=C1NC(=O)CC1=CN2C=CSC2=N1)C1=CC=CC=C1,0
CC1=CC=C(NC(=O)CC2=CSC(CC3=CC=CC=C3)=N2)C=C1,0
CN(C1C2CCOC2C1(C)C)C(=O)C1=CN=C(N=C1)C1=CC=CC=C1,0
CCC1=CC=C(C=C1)C(=O)NC1=CC=CC(OCC2CCCO2)=C1,0
CC1CN(C(=O)C2=CN(N=C2C)C2=CC=CC=C2)C2=CC=C(F)C=C2O1,0
COC1=CC=C(NC(=O)C23CC4CC(CC(C4)C2)C3)C=C1,0
CCN1C(=O)N(CC(=O)NC2CCN(CC3=CC=CC=C3C)CC2)C2=CC=CC=C12,0
COC1=CC=C(C=N1)N(C)C(=O)C1=CC=C2NC(C)=C(C)C2=C1,0
CN1N=CN=C1SCC1=NN=C(O1)C1=CC=CC=C1Cl,0
Cl.Cl.FC(F)(F)C1=CC=CC(=C1)C1=CNC(=N1)C1CCCN1,0
CC1=C(C=NN1C1=CC=CC(Cl)=C1)C(=O)NC1=CC=C(CN2CCSCC2)C=C1,0
CN(C)C(=O)CC1=NC(=CS1)C1=CC=CC(Br)=C1,0
COC1=CC=NC(NCC2=CC=CC(NC(=O)C(C)C)=C2)=N1,0
CC1=NN(C=C1)C1=CC=CC=C1NC(=O)N1CCC(O)C1,0
COC1=CC=C(CN2CCN(CC2)C2=NC=CC=N2)C(Cl)=C1OC,0
COC1=C(OC)C=C2C(=O)N(CC(=O)N3CCC(CC4=CC=CC=C4)CC3)C=NC2=C1,0
C(OC1=CC=CC=C1)C1=NOC(CN2C(=NC3=CC=CC=C23)C2CC2)=N1,0
FC1=CC=C(NC(=O)N2CCCC2CN2CCOCC2)C=C1C(F)(F)F,0
ClC1=CC=C(N2N=CC(C(=O)NCC3=NN=C4CCCN34)=C2C2CC2)C(Cl)=C1,0
ClC1=CC=CC=C1N1CCN(CC1)C(=O)C1CN(C2CCCC2)C(=O)C1,0
CN1C2CCC1CN(CC1=NC(=CS1)C1=CC=CC=C1)CC2,0
COC1=CC=C(C=C1)S(=O)(=O)N1CCN(CC1)C(=O)C1=CC2=CC=CC=C2N1,0
COC1=CC=C(CN2CCCN(CC2)C(=O)C2=CC=C(C=C2)N2C=CN=C2)C=C1,0
COC1=CC2=NC(=NC(N)=C2C=C1OC)N1CCOCC1,0
FC(F)(F)C1CCCC(C1)NC(=O)CN1CCN(CC1)C1=CC=CC(Cl)=C1,0
CC(N1CCCN(CC1)C1=CC=CC=C1C#N)C(=O)NC1=CC(C)=CC=C1C,0
CC1=NN(CCO)C(C)=C1CNC1=CC=NN1CC1=CC=CC=C1F,0
O=C(NC1=NC(CN2CCCC2)=CS1)C1=CC=CC=C1COC1=CC=CC=C1,0
O=C(NC1CCCC1)NC1CCCN(C1)C1=NC=CC=N1,0
CC(C)CC1CC(CCO1)NC(=O)C1=CC(=NC2=CC=C(F)C=C12)C1CC1,0
[O-][N+](=O)C1=CC=CC=C1CCNC1=NC=NC2=CC=CC(F)=C12,0
COC1=CC=CC=C1N1CCN(CC1)S(=O)(=O)C1=CC(C)=C(C)C=C1C,0
COC1=CC=CC=C1C(=O)NC1=CC=CC(OC2CCCC2)=C1,0
CC1=CC=C(O1)C1=NC(=CS1)C(=O)N1CCCC2=CC=CC=C12,0
CC(N1CCN(CC1)C(=O)C1=NN(C)C(C)=C1)C1=CC=C(Cl)C=C1,0
COC1=CC(=CC=C1OCC1=CC=CC=C1)C(=O)N1CCC(CC1)C(O)=O,0
FC1=CC=CC(=C1)C(=O)NC1=CC=CC=C1OC1=CC=CC=C1,0
NC(=O)C1CCN(C1)C(=O)C1(CCCC1)C1=CC=C(F)C=C1,0
OC1=CC=C(CCNC2=C3C=NNC3=NC=N2)C=C1,0
CNC(=O)C1CN(CC2=CC(F)=CC3=CC=CN=C23)C2=CC=CC=C2O1,0
CN1N=C(C)C=C1NC(=O)C1=CN=C(S1)C1=CC=CC=C1,0
CN1CCN(CC1)C1=CC=C(NC(=O)C2=CC=C(CN3CCCCC3)C=C2)C=N1,0
CC(C)CN1CCN(CC1)C(=O)C1CC(=O)NC2=CC=CC=C12,0
CC(NC(=O)C1CCN(CC1)C(=O)COC1=CC=CC=C1)C1CC1,0
CC(NC(=O)C1CC2=CC=CC=C2CN1C(C)=O)C1=CC=C(C=C1)S(C)(=O)=O,0
CCN1CCN(CC1)C1=NC2=CC(OC)=C(OC)C=C2C(N)=N1,0
CC1=CC(C)=C(NCC2=NC(=NO2)C2=CC=CS2)C(Cl)=C1,0
COC1=CC2=C(CN(CC2)C(=O)NC2CCCC2)C=C1OC,0
COC1=CC=C(C=C1NCC1=C(C)OC(=N1)C1=CC=CS1)C(N)=O,0
CCNC(=O)C1=CC(NCC2=CC=CC=C2C)=NC2=CC=CC=C12,0
CN1C(C)=NN=C1NCC1=CC=C(O1)C1=CC=CC(Cl)=C1Cl,0
C(OC1=CC=CC2=CC=CN=C12)C1=CN2C=CC=NC2=N1,0
CN1C(CN2CCN(CC2)C2=CC=CC=C2)=NC2=CC=CC=C12,0
Cl.CC1=NC(=NO1)C1CCN(CC1)C(=O)[C@@H](N)CC1=CC=CC=C1,0
COC1=C2C=NN(C)C2=NC=C1C(=O)N1CC(C)CC2=CC=CC=C12,0
CS(=O)(=O)CC1=CC=CC(=C1)C(=O)N1CCCCC2=CC=CC=C12,0
CN(CC1=NC2=CC=CC=C2N1)C(=O)C1=CC=C(C=C1)C1CCCCC1,0
CC1=NC2=CC=CC=C2N1CC1=CC=CC(Br)=C1,0
CC1OC2=CC=CC=C2N(CC(=O)NC2=CC=C3NC(C)=CC3=C2)C1=O,0
CC1CCCN(C1)C(=O)CN1N=C2CCCCC2=CC1=O,0
CC1CC(C)CN(C1)C(=O)C1=CC=C2NC(C)=C(C)C2=C1,0
COC1=CC=C(F)C(NC(=O)C2=C(C(C)C)N(N=C2)C2=CC=CC(Cl)=C2)=C1,0
CCC1CN(CCO1)C(=O)C1=CSC(=N1)C1=CC=C(CC)C=C1,0
CC(=O)N1CCC(CC1)NC(=O)C1=CC=CC=C1NC1=CC=CC=C1,0
COC1=CC=C(CC2=CN=C(NCC3=CC=NN3C)S2)C=C1,0
CC1=NC(=NN1C1=CC=C(F)C=C1)C(=O)NC1CCC2=CC=CC=C12,0
CCN1CCN(CC2=CC=C(NC(=O)C3=CC=C(NC(=O)C4CC4)C=C3)C=C2)CC1,0
CCN1CCN(CC1)C1=CC=C(NC(=O)C2CC(=O)NC3=CC(F)=CC=C23)C(C)=C1,0
CN(C)C1CCN(C1)C1=CC(=NC=N1)N1CCC(C1)N(C)C,0
O=C(NC1=CC=CC2=CN=CC=C12)C1=CN(CC2=CC=CC=C2)N=N1,0
O=C(CCN1N=NC2=CC=CC=C2C1=O)N1CCN(CC1)C1CC1,0
FC(F)(F)C1=CC=NC(=N1)N1CCC(CC1)NC(=O)NC1CCCCC1,0
CN1C2CCCC1CC(C2)NC(=O)C1CC1C1=CC=CC=C1C,0
CCN1C=C(C(=O)N(C)C(C)C2=CC=C(F)C=C2)C2=CC=CC=C12,0
CC(C)CN1N=CN=C1COC1=CC=CC(=C1)C1=NOC(C)=N1,0
FC1=CC=C(C=C1)C(CNC(=O)C1CC2=CC(Cl)=CC=C2O1)N1CCOCC1,0
CC(C)CN1CC(CC1=O)C(=O)NC1=CC=CC=N1,0
CN(CC1=C(F)C=CC=C1Cl)C1=C(Cl)C(=O)N(N=C1)C1=CC=CC=C1,0
COC1=CC=C(Cl)C=C1CN1CCN(CC1)C1=CC=C(O)C=C1,0
CC(C)C1=C(C=NN1C1=CC=CC=C1)C(=O)NC1=NC(C)=C(S1)C1=NC=CN1C,0
CC1=NSC(=N1)N1CCCN(CC1)C1=CC=C(C=N1)C#N,0
CC1=CC2=NC(=CN2C=C1)C(=O)NC1=NC=CC=C1OCC1CCCCC1,0
CCN1CCC2=C(C=CC=C2C1)N1N=NC(C(=O)NC2=CC=C(F)C=C2)=C1C,0
CN1C(SCC2=CC(C)=NO2)=NN=C1C1=C(C)OC=C1,0
C(C1CN(CC2=COC(=N2)C2=CC=CC=C2)CCO1)N1C=NC=N1,0
CCC1CCCCN1C(=O)C1=CC=CC(=C1)S(=O)(=O)N1CCOCC1,0
COC1=CC=CC2=C1CCCCN2C(=O)C1=CN=C2SN=C(C)C2=C1,0
CCC1=CC=CC(CC)=C1NC(=O)CN1C=NC2=CC=C(C)C=C2C1=O,0
OC1=CC=C2CCN(CC2=C1)C1CCCC2=CC=CC=C12,0
O=C(C1CCN(CC1)C1=NC=CC=N1)N(C1CC1)C1CCCC1,0
FC(F)(F)C1=CC=CC=C1C(=O)N1CCC(CC1)C1=NC2=CC=CC=C2N1,0
ClC1=CC=CC=C1C1=CC=C(CN2CCN(CC2)C(=O)C2CCC2)S1,0
CNC(=O)C1CCCCC1NC1=NN=C(S1)C1=CC=CC=C1,0
CCN(C(=O)C1=CC=CC(=C1)C1=CSC(C)=N1)C1=CC=NC=C1,0
O=C(CC1CCC=C1)NC1=CC=CC(OC2=CN=CC=N2)=C1,0
C1CCN(C1)C1CCN(C1)C1=NC2=CC=CC=C2S1,0
CC(C)CN1CCN(CC1)C(=O)CCN1N=NC2=CC=CC=C2C1=O,0
CC1=CC(=C(C)O1)C1=CC(C(=O)NCC2CCC2)=C2C(C)=NOC2=N1,0
COC1=CC=C2CC(C3CCCCC3)N(CC2=C1)C(=O)NC1=CC=NC=C1,0
CN(C(=O)C1=CC(=CS1)C(C)=O)C1=NC2=CC=CC=C2N1C,0
CN1C=C(NC(=O)C2=CN=C3N(CC4=CC=CC=C4)N=CC3=C2)C(=N1)C(F)(F)F,0
CC(N1CCC(CC1)C(=O)N1CCC2=CC=CC=C2C1)C1=CC=CC=C1,0
CN1N=C(C)C2=CC(NC(=O)N3CCC3C3=CC=CC=C3)=CN=C12,0
O=C1N(CC2CC2)N=NC2=C1C=NN2C1=CC=CC=C1,0
CC1=CN2CC(CCC2=N1)NC(=O)C1=C2N=CC=CN2N=C1C,0
COCCN1CC(CC1=O)C(=O)NCC1=CC=C2OCCOC2=C1,0
FC1=CC=CC=C1CN1C(=O)COC2=CC=CC=C2C1=O,0
O=C(CCN1CCCN2CCCC2C1)N1CCC2=CC=CC=C12,0
CC1=CC(C)=C(C#N)C(SCC2=NN(C3=C2CCC3)C2=CC=CC=C2)=N1,0
CN(C)C(=O)C1=CSC(=C1)C1=CSC(NCC2CCC2)=N1,0
CC1=NN(C=C1)C1=CC=C(NCC(O)C2CCCCC2)N=N1,0
CC1=CC=CC=C1CC(=O)NC1CCCN(CC2=CC=CC=C2)C1,0
CCC1=CC=CC=C1NC(=O)C1=CC2=CC=CC=C2N1,0
CCC(CC)C1CC(CCO1)NC(=O)CC1=CSC(=N1)C1=CC=C(C)O1,0
CCN1CCC2=CC=C(NC(=O)CN3C=NC4=CC=CC=C4C3=O)C=C12,0
CN1CCN(C(=O)C2=NNC3=CC=C(C=C23)[N+]([O-])=O)C2=CC=CC=C12,0
CCC1=CC=C(C=C1)C1=NC(C)=C(S1)C(=O)NC1=CC=C(OC)N=C1,0
O=C(CC1CCCCC1)NC1CCN(CC1)C1=NC=CC=N1,0
CC(C)CCN1N=CC(C(=O)NCC2=NN=C3C=CC=CN23)=C1C(C)C,0
CC1CC(C)CN(C1)S(=O)(=O)C1=CC=CC2=CC=CN=C12,0
NC(=O)CC1CCN(CC1)C(=O)C1=CSC(=N1)C1=CC=CC=C1F,0
CC1=CC(=CC(C)=C1)C1(CCC1)C(=O)N1CCC(CC(N)=O)CC1,0
ClC1=CC=CC(NC(=O)N2CCC(CC2)C2=CC=CC=C2)=C1,0
NC(=O)C1CCN(CC1)C(=O)CCC1=CC=C2OCCOC2=C1,0
CCCN1C(CNC2=NC(C)=NN2C)=NC2=CC=CC=C12,0
CC1=CC(=CC(C)=C1)C(=O)N1CCN(CC1)C(=O)C1=CC=CC2=CC=CN=C12,0
CC1=CC=CC=C1C(=O)NC1CCCN(CC2=CC=CC=C2)C1,0
ClC1=CC=C2NC(=CC2=C1Cl)C(=O)NCC1=NN=CN1C1=CC=CC=C1,0
Cl.CNCC1CCN(CC2=C(C)N(N=C2C)C2=CC=CC=C2)CC1,0
O=C(NC1CCN(CC2=CC=CC=C2)CC1)C1CCCCC1C(=O)N1CCC2=CC=CC=C12,0
CC1=CC=C(C=C1)C1(C)NC(=O)N(CC2=CC=CC(F)=C2)C1=O,0
CN1CCC(N2CCN(CC2)C(=O)CC2=CC=CC(Cl)=C2)C1=O,0
CN1CCN(CC1)C1=NC=CC(=N1)N1CCC(CC1)NC(=O)C1=CC=CC=C1C,0
O=C(NC1=CC=C(C=C1)N1CCCC1=O)C1=CC=C2NC3=C(CCCC3)C2=C1,0
CC(=O)NCC1=CC=C(C=C1)C(=O)N1CCCCC2=CC=CC=C12,0
COC1=CC=CC(=C1)C(=O)NC1CCN(CC1)C(=O)CCC1=CC=CC=C1,0
CCN(C1=CC=CC=C1)S(=O)(=O)C1=CC(C)=CC(F)=C1,0
FC(F)(F)C1=CC(NC(=O)CN2C(=O)C3CC=CCC3C2=O)=CC=C1Cl,0
O=C1CSC2=CC=C(C=C2N1)C1=NC(CC2=CC=CC=C2)=NO1,0
COC1=CC=C(CC(=O)N2CCN(CC3=CC=CC(Cl)=C3)CC2)C=C1OC,0
COC1=CC=C(NS(=O)(=O)C2=CC=CC3=CC(C)=CN=C23)C=C1OC(F)F,0
COC1=CC=C2N(CCCC2=C1)C(=O)CN1CCCC(C1)C(N)=O,0
CC1CN(CC2=CC=C(C=C2)C(=O)NCC2=CC=CN=C2N2C=NC=N2)CC(C)O1,0
CC1=C(NC(=O)C2COC3=CC=CC=C23)N(N=C1)C1=CC=CC=C1,0
CC(C1CC2=CC=CC=C2O1)N(C)CC1=CC=C(N1)C(=O)N(C)C,0
FC1=CC=CC=C1NCC1=NC(=NO1)C1=CC=CS1,0
OC1=CC=CN=C1NC(=O)CC1=CNC2=CC=CC=C12,0
CN1C=NC2=CC(=CN=C12)C(=O)NCC1=CSC(=N1)C1=CC=CC=C1,0
CC1=CC2=NC=C(CN[C@H]3CCCO[C@@H]3C3=CC=NC=C3)N2C=C1,0
FC1=CC=C(C=C1)N1C(=O)CN(C2CCCC2)C1=O,0
O=C(NC1=NC2=CC=CC=C2C=C1)C1=CC=CC=C1N1C=CC=N1,0
FC1=CC=CC(Cl)=C1C(=O)N1CCC(CC1)C1=NC2=CC=CC=C2N1,0
CN1C=C(CNC2=NC=C(CC3=CC=CC(F)=C3)S2)C=N1,0
CCN(CC1=CC=CO1)CC1=CC(=O)N2C=CC=C(C)C2=N1,0
CCOC(=O)C1=C(C)OC2=C1C(=O)N(CC1=NOC(=N1)C1=CC=C(F)C=C1)C=N2,0
COC1=CC=CC(CC(=O)NC2CCN(CC3=CC=CC=C3)C2)=C1,0
CNC(=O)C1CC2=CC=CC=C2CN1C(=O)C1=CC(F)=CC(F)=C1,0
CC1=CC(=NN1C1=CC=C(F)C=C1F)C(=O)NC1=CC=CC=C1N1CCCC1=O,0
O=C(N(C1CCCC1)C1CCCC1)C1=NC2=CC=CC=C2N=C1,0
COC1=CC=CC=C1N1CCCC(C1)NC(=O)C1=CN=CC=N1,0
CC1=CC=C(C=C1C)C(=O)N1CCN(CC1)C1=NC=CC=N1,0
CC1=CC=C(N=C1)N(C1CCCCC1)C(=O)C1=CSC(=N1)C1=COC=C1,0
CN1CCC(NC(=O)C2=C(C)N(C(C)=C2)C2=NC=CS2)C1C1=CC=C(F)C(F)=C1,0
O=C(NC1=CC=CC=C1C(=O)N1CCCC1)C1CCCC2=CC=CC=C12,0
COCCOC1=CC=C(NC(=O)C2=NN(C=C2)C2=CC=CC=C2F)C=C1Cl,0
CCN(C)CC1=CC=CC(CNC(=O)C2=CC(NC)=NC3=CC=CC=C23)=C1,0
CC1=CC=C(C=C1)N1N=CC2=CC=CC=C2C1=O,0
O=C(NCC1(CC1)C1=CC=CC=C1)C1CC2=CC=CC=C2O1,0
CN(C[C@@H]1CCN(C)[C@H]1C1=CC=CN=C1)C(=O)C1=CC2=CC=CC=C2N1,0
COC1=CC=C(C=C1)C1=NN=C(N1C)S(=O)(=O)CC1CCCCO1,0
CC1CC(C)CN(C1)C(=O)NC1=CC=CC(=C1)C1=NN=CO1,0
CC1=CC=C(O1)C1=NC(=CS1)C(=O)N1CCCC2=CC(=CC=C12)C(F)(F)F,0
BrC1=NN(CC2=CSC(=N2)C2=CC=CO2)C2=CC=CC=C2C1=O,0
COC1=CC=CC(CNC2=CC=CC=C2N2CCCC2=O)=C1,0
COC1=CC=CC(=C1)N1CCN(CC(=O)NC2=CC=CC(C)=C2C)CC1,0
CCOC1=CC=CC=C1NC1=NC2=CC=CC=C2N1C(C)C,0
NC(=O)C1CCCN(C1)C1CC(=O)N(CCC2=CC=CC=C2)C1=O,0
O=C(C1CCN(CC1)C(=O)C1=CC2=CC=CC=C2N1)N1CCC2=CC=CC=C2C1,0
CC1C(CCN1C(=O)C1=CC(O)=CC(O)=C1)C1=CC=CC=C1,0
CN1CCN(C(C1)C1=CC=CC=C1)C(=O)C1=CC=C(C=C1)N1CCCC1=O,0
CC1OC2=CC=CC=C2N(CC(=O)N2CCCC2C2=CC=CC=C2)C1=O,0
COC1=CC2=C(CN(CC2)C(C)C(=O)NC2=CC=CC(=C2)C#N)C=C1OC,0
FC(F)(F)OC1=CC=C(CC(=O)N2CCN(CC(=O)NC3CC3)CC2)C=C1,0
CCN1C(=O)N(CC(=O)NC2CC2)C2=CC=CC=C12,0
COC1=CC=CC(=C1)N1CCN(CC1)C(=O)C1CN(C)C(=O)C1,0
O=C(CCN1C(=O)COC2=CC=CC=C12)N1CCOCC1,0
CC1=NN(C(C)=C1)C1=CC=C(C=N1)C(=O)NC1CCC2=CC=CC=C12,0
CC1=CC=C(C=C1)C1=NNC(=C1)C(=O)N1CCN(CC1)C(=O)CN1CCOCC1,0
COC1=CC=C(C)C=C1C(C)NC(=O)C1=CC=CN=C1,0
COC1=CC=C(C=C1)C(NC(=O)C1CCN(C)C(=O)C1)C1CC1,0
CC(N1CCN(CC2CCC(CC2)C2=CC=CC=C2)CC1)C(=O)NC1CCCC1,0
Cl.CN1CCN(C(CN)C1)C(=O)CC1=CC(C)=CC=C1C,0
Cl.Cl.COC1=CC=CC(=C1)N1CCN(CC(C)(C)N)CC1,0
O=C(NC1CC1)N1CCC(CC2=CC=CC=C2)CC1,0
CCN(CC)S(=O)(=O)C1=CC=C(OC)C(=C1)C(=O)NC1=NC2=CC=CC=C2C=C1,0
CC1=CC(=NN1C1=CC=CC=C1)C(=O)NCC1CC1,0
OC1=CC=CC=C1NC(=O)C1=CC=C(C=C1)N1C=NC=N1,0
N#CC1=CC(=NC2=CC=CC=C12)N1CCN(CC2CCCO2)CC1,0
ClC1=CC=CC(=C1)N1CCN(CC1)C(=O)CN1C(=O)CCC1=O,0
O=C(CN1N=C(OC1=O)C1=CC=CO1)C1=CC=C2OCCC2=C1,0
CN1C2CCCC1CC(C2)NC(=O)C1(CCC1)C1=CC=CC(F)=C1,0
CC(=O)NCCC1=CC=C(C=C1)C1=CSC(NC(=O)C2=CC3=CC(C)=CC=C3N2)=N1,0
CC1=CC=C(C=C1C)C(=O)N1CCC(CC1)C(N)=O,0
COC1=CC=CC(=C1)C(=O)N1CCN(CC1)C1=NC=CC=N1,0
CN(C1CCN(CC1)C(=O)CC1=CC=C(Cl)C=C1)C(=O)CC1=CC=C(Cl)C=C1,0
FC(F)(F)C1=NC2=CC=CC=C2N1CC(=O)N1CCN(CC1)C(=O)C1CC1,0
COC1=CC(=CC(OC)=C1)C(=O)NCC1COC2=CC=CC=C2O1,0
COC1=CC=C(C=C1)S(=O)(=O)N1CCN(CC1)C(=O)C1=CC2=CC(Cl)=CC=C2N1,0
BrC1=CC=C(N=C1)N1CCN(CC1)C1=NC=CC=N1,0
FC1=CC=C(SCC(=O)NC2=CC(=NN2C2=CC=CC=C2)C2CC2)C=C1,0
CC(C)CNC1=CC(C)=NC2=C(C=NN12)C1=CC=C(Cl)C=C1,0
FC1=CC=CC=C1C(=O)NC1=NC=C(CC2=CC=C(C=C2C(F)(F)F)C#N)S1,0
CC1=NC2=CC(NC(=O)C3=CSC(=N3)C3=CC=C(Cl)C=C3)=CC=C2O1,0
CC1(C)N(CCNC1=O)C(=O)C1=C2NC=CC2=CC=C1,0
COC1=CC=C(C=C1)C1(CCCCC1)C(=O)N1CCC(C1)C(N)=O,0
NC(=O)C1CCN(CC1)C(=O)CN1CCCC1CC1=CC=C(F)C=C1,0
CN1CCC2=CC=C(C=C12)C(=O)NC1CCN(C1)C1=NC=CC=C1F,0
CCOC(=O)C1CCN(CC1)C(=O)CCC1CC2=CC=CC=C2NC1=O,0
CC1=CC=C(C=C1S(N)(=O)=O)C(=O)NC1=CC2=CC=CN=C2C=C1,0
CCNC(=O)C1=CC(NC(=O)C2=CC=NC=C2F)=NC2=CC=CC=C12,0
CNC(=O)C1=NN(CC2=CC=CC=C2Cl)C(=O)C2=CC=CC=C12,0
COC1=CC=C2N(CCCC2=C1)C(=O)C1=C(C)C=CS1,0
O=C(C1CN(CC2CC2)C(=O)C1)N1CCN(CC1)C1=CN=CC=N1,0
COC1=CC=C(CC2=NN=C(O2)SC2=NC=C(C=C2Cl)C(F)(F)F)C=C1,0
O=C(N(CC1CCOC1)C1CC1)C1=CC=C(C=C1)N1C=NC=N1,0
O=C(NCCC1=NC2=CC=CC=C2N1)C1=CC=C(CN2CCCCC2)C=C1,0
FC(F)(F)CN1CCC(CNC(=O)C2=CSC3=C2CCCC3)C1,0
CCN(C1CCC1)C(=O)C1=CC=C(OC2=CC=CC=C2)C=C1,0
CCOC1CCCN(C1)C(=O)C1=CN(N=C1C1=CC=C(C)O1)C1=CC=CC=C1,0
O=C(NC(C1CC1)C1CC1)N1CCCC(C1)N1CCCCCC1,0
CS(=O)CC1=CC(NC(=O)CC2CCC=C2)=CC=C1Cl,0
CC1=CN=C(C=N1)C(=O)NC1=CC=C2NC(=NC2=C1)C1=CC=C(F)C=C1,0
COC1=CC=C(Cl)C=C1C(=O)N1CCN(CC1)C(=O)C1=CC=C(C=C1)C(F)(F)F,0
BrC1=CC=CC=C1N1C=C(N=N1)C(=O)NC1=CC=C(C=C1)C#N,0
ClC1=CC=C(N2N=C(C(=O)N3CCCC3)C3=C2CCC3)C(Cl)=C1,0
COC1=CC=C(C=C1)C(=O)N1CCN(CC1)C(=O)C1=CC=CC=C1OC(F)F,0
FC1=CC=C2CCCN(C(=O)C3=CC=C(Br)C=C3)C2=C1,0
CN(C1CCCC2=CC=CC=C12)C(=O)CCC1=CC=C(C=C1)S(=O)(=O)N1CCCC1,0
COC1=CC=C2N(CCCC2=C1)C(=O)C1=CC=CC=C1OC(F)F,0
CC1=CC=C(C)C(NC(=O)CN2N=C(C3=CC=CC=C3)C3=CC=CC=C3C2=O)=C1,0
CC(C)(C(=O)N1CCCC(C1)C(=O)NC1CC1)C1=CC=C2OCCOC2=C1,0
COC1=CC=C(C=C1)C1CCCN1C(=O)C1=CSC(NC(C)=O)=N1,0
COC1=CC=C(OC(C)C(=O)N2CCN(C)CC2C2=CC=CC=C2)C=C1,0
CCN1C(=O)N(CC(O)CN2CC(C)OC(C)C2)C2=CC=CC=C12,0
FC(F)(F)OC1=CC=C(CN2CCN(CC(=O)N3CCCCC3)CC2)C=C1,0
Cl.CCC1=CC=C(C=C1CC)S(=O)(=O)N1CC[C@H](N)C1,0
FC(F)(F)C1=CC(=CC(=C1)C(=O)NC1=NC(=CS1)C1=CC=CN=C1)C(F)(F)F,0
ClC1=CC=C(S1)C(=O)NC1=NC2=CC=CC=C2N1C1CCCC1,0
COC1=CC2=C(CN(CC2)C(=O)CN2CCC(CC2)NS(C)(=O)=O)C=C1OC,0
CC(NC(=O)CC1C(=O)NC2=CC=CC=C12)C1CC2CCC1C2,0
O=C(CCN1C(=O)C2CCCCC2C1=O)N(C1CC1)C1CCCCC1,0
CC1=CC=C(NC(=O)C2=CN(N=N2)C2=CC=CC=C2Br)C=C1,0
CC1=C(C(=O)NC2CCN(CC3=CC=CC=C3)CC2)C2=CC=CC=C2N1,0
FC1=CC=C(C=C1)C1=CC=C(CNCC2=CC=C(CN3CCOCC3)C=C2)O1,0
CC1=CC=CC(=N1)C(=O)NC1=NC=C(CC2=CC=CC=C2C)S1,0
CCOC1=CC=C(NC(=O)C2=NN(C(=C2)C(N)=O)C2=CC=CC=C2)C(C)=C1,0
COC1=CC=C2N(CCC(NC(=O)C3CC3)C2=C1)C(=O)C1CC1,0
NC(=O)NCC1CCCN(C1)C(=O)NCC1CC2=CC=CC=C2O1,0
COC1=CC(Cl)=C(NC(=O)C2=CC3=C(F)C=CC=C3S2)C=C1OC,0
CC1CCN(CC1)C(=O)CN1N=C2CCCCC2=CC1=O,0
O=C(NC1=CC=C2CCCC2=C1)C1=CC=CN=C1N1CCCC1,0
O[C@H]1CCN(C1)C(=O)CC1=CSC2=NC(=CN12)C1=CC=C(F)C=C1,0
CC1=CC=NC2=NC(=NN12)C(=O)N(CC1=CC=CC=C1)C1=CC=CC=N1,0
O=C(N1CCC2=CC=CC=C12)C1(CCC1)C1=CC=CC=C1,0
FC1=CC=C(C=C1C(F)(F)F)C(=O)NCC1=NC(=NO1)C1CC1,0
CC1=CC(Cl)=C(C=C1C)C(=O)NC1=CC=CC(=C1)N1C=NN=C1,0
CC(N1CCN(CC2=CC=CC=C2)CC1)C(=O)NC1=CC=CC=C1,0
CN1CCC(CC1=O)C(=O)N1CCN(CC2=CC=CC(Cl)=C2)CC1,0
FC1=CC=CC=C1NC1=NC(=CS1)C1=CC=C2OCC(=O)NC2=C1,0
CN1C=C(C=N1)C1=NC(=CS1)C(=O)NCC1=CC=CC=C1CN1C=NC=N1,0
CS(=O)(=O)C1=CC=CC(=C1)C(=O)N1CCN(CC1)C(=O)C1=CC=CC=C1,0
FC1=CC=C2NC(C(=O)N3CCN(CCC4=CC=CC=C4)CC3)=C(Cl)C2=C1,0
O=C1N(CCSC2=NC=CN2C2=CC=CC=C2)N=C2C=CC=CN12,0
CN(CC1COC2=CC=CC=C2O1)C(=O)C1=CC(Cl)=CC(Cl)=C1,0
O=C(NC1=NC2=CC=CC=C2S1)N1CCCC(CN2C=NC=N2)C1,0
O=S(=O)(CC1=CC=CC=C1)NC1CC1C1=CC=CC=C1,0
ClC1=CC=C(OCC2=NC3=CC=CC=C3N2CC2=CC=C(Cl)C=C2Cl)C=C1,0
FC1=CC=C(CC(=O)NC2CCCN(CC3=CC=CC=C3)C2)C=C1,0
CC(C1CCOCC1)C(=O)NC1=C(C)N(N=C1)C1=CC(C)=CC=C1C,0
CN(C(=O)CC1=CCCCC1)C1=CC=C(N=N1)C1=CC=CC=C1,0
CN(CC(=O)N1CCC2=C(C=CS2)C1C1=CC=CC=C1)CC1=CC=CC=C1,0
FC1=CC(F)=C2CCN(CC2=C1)C(=O)C1=C2N=CC=C(N2N=C1)C1=CC=CC=C1,0
FC1=CC=C(C=C1)C(N1CCNCC1)C1=CC=C(F)C=C1,0
CC1OC2=CC=CC=C2C(=O)N(CC2=CC=C(C)C=C2)C1=O,0
O=C(NC1=CC=C(OC2=CC=CN=C2)N=C1)C1=CC=C2NC=NC2=C1,0
CCC1=CC=CN=C1NC(=O)C1=CC=CC(=C1C)C1=CC=CC=N1,0
COC1=CC=CC2=C1CCN(C2)C(=O)NC1CC(C)OC(C)C1,0
CN1N=C(C)C(CC(=O)NC2=NC3=CC=CC=C3S2)=C1C,0
FC1=CC=C(C=C1)C1=CSC(NC(=O)CC2CCC=C2)=N1,0
CC1CCCC(NC(=O)CC2=CNC3=CC=CC=C23)C1C,0
O=C(CN1C(=O)C2C3CC(C=C3)C2C1=O)NC1=CC=C(OC2=CC=CC=C2)C=C1,0
COC1=CC=C(C(=O)N2CCC3=CC(OC)=C(OC)C=C3C2)C(O)=C1,0
COC1=CC=CC=C1N1CCN(CC1)S(=O)(=O)C1=CC=C(F)C=C1OC,0
CC1=CC=C(C=C1)C1(CCOCC1)C(=O)NC1CCC2=NC=CN2C1,0
CCC1=CC=C(C=C1)C1=NOC(NC(=O)C2=CC=NN2C)=C1,0
CN1N=NC=C1CNC1=CN(CC2=CC=CC=C2)N=N1,0
FC1=CC=CC=C1CC(=O)N1CCCC(C1)C(=O)NCC1CC1,0
COC1=CC=CC(CNC(=O)C2C3CC4CC(C3)CC2C4)=C1OC,0
CN1C=C(C(=O)N2CCCN(CC2)S(=O)(=O)C2=CC=C(C)C=C2)C2=CC=CC=C12,0
COC1=CC=CC(=C1)N1N=NC(C(=O)NC2=NN=C(C)S2)=C1C,0
CCC1CC(CCO1)C(=O)NC1=CC=NN1CC1=CC=C(OC)C=C1,0
CC1=C(C)C=C2N(CC3=CC=C(Cl)C=C3Cl)C=NC2=C1,0
CC1=CC=CC(=C1)C1=NC(CS(=O)(=O)CC2CCCO2)=NO1,0
CC1=CC=CN2C=C(CNC3=NC=NC4=NC(N)=CC=C34)N=C12,0
CN(CC1=NC=C(O1)C1=CC=C(Cl)C=C1)C1=CC=C(Cl)C=N1,0
CN(C)C(=O)N1CCN(CCN2C(=O)OC3=CC=CC=C23)CC1,0
CC(O)CN(C1=CC=CC=C1)S(=O)(=O)C1=CC(Cl)=CC(Cl)=C1,0
CCOC1=CC=CC=C1NS(=O)(=O)C1=CN(N=C1)C1=CC(Cl)=CC=C1OC,0
CC(C)C1=NC=CN1CC1=CC=C(C=C1)C(=O)N1CCCC1,0
CC1=NN=NN1CC1=CN(N=N1)C1=CC=C(Cl)C=C1,0
FC(F)(F)C1=CC=CC(=C1)S(=O)(=O)N1CCN(CC(=O)NC2CCCCC2)CC1,0
FC1=CC=CC(OC2=CC=C(C=C2)C(=O)N2CCCC2)=C1C#N,0
COC1=CC=CC=C1N1CCC(CNC(=O)C2=CC=CC=C2OC)C1,0
COC1=CC=C(NC(=O)C2=C(C)N(N=C2)C2=CC=CC=C2)C=N1,0
COC1=CC=CC=C1C1=NC(CN2CCN(CC2)C2=CC=CC=N2)=CS1,0
O=C(NC1CCCCC1)C1(CCC1)C1=CC=CC=C1,0
COC1=CC(Br)=C(CNC2CCN(CC3=CC=CC=C3)CC2)C=C1OC,0
CC1=CC=CC(N2CCN(CC3=CC4=CC=CC=C4C(=O)N3)CC2)=C1C,0
CN(C)C1=CC=C(NC2=C3C=NN(CCO)C3=NC=N2)C=N1,0
CC(C1=CC=CC=C1F)S(=O)CC1=CC=C(C=C1)N1C=CC=N1,0
COC1=CC=CC=C1N1CCN(CC1)C(C)C(=O)NC1=CC=C(C=C1)C(N)=O,0
CC(NC(=O)C1=CC=C(OCC2CCCO2)C=C1)C1=C(C)N(C)N=C1,0
CC1N(CCC2=C1NC1=CC=CC=C21)C(=O)NC1CCCN(C)C1,0
COC1=CC(OC)=CC(NC(=O)C2C3CC4CC(C3)CC2C4)=C1,0
NN1C(SCCCC2=CNN=C2)=NN=C1C1=CC=CC=C1F,0
O=C(CN1C=NC(C#N)=C1C#N)NC1=NC2=CC=CC=C2S1,0
CC1(C)N(C(=O)CNC2=CC=C(F)C(Cl)=C2)C2=CC=CC=C2NC1=O,0
O=C(NC1=NC=CS1)C1=CN=C2N(CC3=CC=CC=C3)N=CC2=C1,0
CC(=O)NC1=CC=CC(NCC2=CN(N=N2)C2=CC=C(Cl)C=C2)=C1C,0
CCC1(CCN(CC1)C(=O)C1=CC=CC=C1)C(=O)NC1=NC2=C(OC)C=CC=C2S1,0
CC1=CC(C)=C2C=C(NC2=C1)C(=O)N1CCCC1C1CCC1,0
CCC1=CC(=NC(=N1)C1=CC=CC=N1)N1CCC(CO)C(O)C1,0
CC1=C(C=NN1)C1=NN=C(NC(=O)C2=CN=CC=N2)S1,0
FC1=CC=C(CN2CCCN(CC2)C(=O)C2=CC3=CC(Cl)=CC=C3N2)C=C1,0
CN1C=C(C=C1C(=O)OCC1=NN(C=N1)C1=CC=CC=C1)C(C)=O,0
[O-][N+](=O)C1=CC=C(C=C1)C1=NN(CC2=CC(Cl)=CC3=C2OCOC3)C=N1,0
CC1=CC2=CC(NC(=O)C3=CC=C(F)C=C3Br)=CC=C2N1,0
O=C(C(C1=CC=CC=C1)C1=CC=CC=C1)N1CCNC(=O)C1,0
FC1=CC=C(C=C1)C(=O)NC1CCN(CC1)C(=O)C1=CC=CC=C1Br,0
BrC1=CC=CC=C1N1C=C(N=N1)C(=O)N1CCC2=CC=CC=C12,0
FC1=CC=CC=C1C1=CC(=NO1)C(=O)NC1=CC=CC=C1N1CCCC1=O,0
CC1=CC=CN2C=C(CN3CCN(CC(=O)NC4CC4)CC3)N=C12,0
CN(C)C1=NC(N)=NC(CSC2=NN=C(N2CC=C)C2=CC=CO2)=N1,0
COC1=CC=CC(=C1)N1CCN(CC(=O)NC2=CC=C(C)C(C)=C2)CC1,0
CC1=CC=CC(C)=C1NCC(=O)N1CCCC(C1)N1CCCC1=O,0
CC(=O)C1=CC=C(NC(=O)C2=CC=C(N3N=C(C)C=C3C)C(F)=C2)C=C1,0
FC1=CC=CC(=C1)C(=O)N1CCN(CC1)C1=NC=C(Cl)C=C1Cl,0
CN(C)C1=CC=CC(=C1)C(=O)N1CCCN(CC2=CC=CC=C2)CC1,0
CC1=NOC(=N1)C1=CC=CC=C1C(=O)NC1=CN=C(N=C1)C1=CC=CC=C1,0
CC(=O)NC1=CC=C(NC(=O)C2=CC3=CC(F)=CC=C3N2)C=C1Cl,0
CC1=CC=CC=C1CC(=O)N1CCN(CC1)C(=O)C1=CC=CC=C1,0
CC1CC(C)CN(C1)C(=O)C1=CC=C(C=C1)C(=O)N1CC(C)CC(C)C1,0
COC1=CC=C(CCC2CCN(CC2)C(=O)C2=CC=C3NC(=O)COC3=C2)C=C1,0
Cl.CC(C)NC(=O)C1CCN(CC1)C(=O)C1CC2=CC=CC=C2CN1,0
CC(C)C(C)N1CC2=CC=CC(NCC3=NOC(=N3)C3CC3)=C2C1,0
Cl.CC1CNCCN1CC1=CC(=CS1)N1C=CN=C1,0
COCCN1CCCC(C1)NC(=O)C1=CC2=CC(F)=CC=C2N=C1,0
CC1=CC=C2C=C(NC2=C1)C(=O)N1CCCCC1C(O)=O,0
O=C(NCC1CC2=CC=CC=C2O1)C1=CN=CC=N1,0
CN1C=CN=C1C(NC(=O)C1=CN(CC2=CC=CC=C2)N=C1)C1=CC=CC=C1,0
CC1N(C(=O)CCC2=CNC3=CC=CC=C23)C2=CC=CC=C2NC1=O,0
CC(C)CCN1CCN(CC1)C1=NC2=C(N1CCC1=CC=CC=C1)C(=O)NC(=O)N2C,0
CCN1CCCC1CNC(=O)C1=CC=C(C=C1)C#N,0
CN1CCN(CC1)C(=O)C1CC11CCN(CC1)C(=O)C1=C(O)C2=CC=C(C)N=C2N=C1,0
COC1=CC=CC=C1C1=NN=C(SCC2=CN=C(Cl)S2)N1CC=C,0
COC1=CC=C(C=C1)C1CCN(C1)C(=O)CNC1=CC=CC=C1OC,0
COC1=CC=C(CCC(=O)N2CCCC3=CC=C(F)C=C23)C=C1OC,0
CC1=CC2=CC=CC=C2N1CC(=O)N1CC2=CC=CC=C2CC1C(N)=O,0
CC1=C(Br)C2=CC=CC=C2N1CC(=O)NC1=CC=NN1CC1CCOC1,0
O=C(CCN1CCC(CC1)C(=O)NC1=CC=CC=C1)N1CCN(CC1)C1=CC=CC=N1,0
CN1C2CCCC1CC(C2)NC(=O)NC1CCN(CC2CC2)C1,0
CN(C)C(=O)C1=CC=C2N(CCCC2=C1)C(=O)C1=CC(F)=CC(F)=C1,0
COC1=CC=C(OCC2=NOC(=N2)C2=COC=C2)C=C1OC,0
NC(=O)COC1=CC=CC(=C1)C(=O)N1CCN(CC1)C1=CN=CC=N1,0
CC(C)CN1N=C(C)C2=C1SC(=C2)C(=O)NC1=CC2=CC=CC=C2N=C1,0
FC1=CC=C(C=C1)C1=NC(CS(=O)(=O)CC2=CC=C(F)C=C2Cl)=CS1,0
FC(F)(F)C1=CC=C(N=C1)N1CCN(CC=C)CC1,0
CCC1=CC=CC(OCC(=O)N2CCC3=CC(OC)=C(OC)C=C3C2)=C1,0
CN1C=C(C=N1)C1=NC(=CS1)C(=O)NCC1=CC=C(C=C1)N1C=CC=N1,0
FC1=CC(NC(=O)CN2C=NC=N2)=CC=C1NCC1CCCO1,0
CC1=NOC(CNC(=O)C2=C(C)N(N=C2)C2=CC=CC(=C2)C(F)(F)F)=C1,0
CC1=C(C(=O)NCC2=CN(N=C2)C2=CC=CC=C2)C(=NO1)C1=CC=CC=C1,0
COCCN1C=C(C=N1)C1=NC2=C(N1C)C(=O)NC(=O)N2CC1=CC=CC=C1,0
CC1=CC=CC(C(=O)NCC2=CC=CN=C2OC2=CC=CC(F)=C2)=C1C,0
COC(=O)C1=C(NC(=O)C2=CC(=O)N(C)C=C2)C=C(S1)C1=CC=CC=C1Cl,0
O=C(CCN1CCN(CC1)C1=CC=CC=C1)NC1CCN(CC2CCCC2)CC1,0
CN(CC(=O)N1CCC(=CC1)C1=CNC2=CC=CC=C12)S(=O)(=O)C1=CC=C(F)C=C1,0
O=C(CNC(=O)C12CC3CC(CC(C3)C1)C2)N1CCCC1C1CCCCC1,0
CC1=NC2=C(C=NN2C(NC2CCCC2)=C1)C1=CC=C(Cl)C=C1,0
CC(C)NC(=O)N1CCCC(C1)C1=NC(C)=NO1,0
ClC1=CC=CC(=C1)C1=CN=C(CNC2=CC3=C(NC(=O)CO3)C=C2Cl)O1,0
COC1=CC=C(C=C1)C1=C(C)SC(NC(=O)C2CCC2)=N1,0
FC1=CC=C(NC(=O)C2CCCN(C2)C(=O)C2CC2)C=C1Cl,0
CCN1CCCC1CNC(=O)C1=CC=C(C)S1,0
CN1N=CC2=C1CCCC2NCC1=CN=C(N=C1)C1=CC=CC=C1,0
ClC1=C(NC2CCOC3=CC=CC=C23)C=NN(C2=CC=CC=C2)C1=O,0
CN1N=CC2=C(N=CN=C12)N1CCN(CC1)C(=O)CCNS(=O)(=O)C1=CC=CC(Cl)=C1,0
COC1=CC=C(CN(C)C(=O)C2=CC=CN=C2O)C(OC)=C1,0
CC1CCC(CC1)NC(=O)CN1CCN(CC1)C1=CC=CC(C)=C1,0
ClC1=CC=CC=C1CN1C=C(C=N1)C(=O)NC1=CC=CC2=CN=CC=C12,0
CN1C=C(NC(=O)C2CC2C2=CC=CC=C2C(F)(F)F)C=N1,0
CC1CC2=CC=CC=C2N1CC1=NC(=NO1)C1=CC=C(Cl)C=C1,0
O=C(C1CCN(CC2=CC=C(C=C2)C(=O)NC2=CC=CC=C2)CC1)N1CCCCCC1,0
CN1C2=C(N3CCN(C3=N2)C2=CC=C(C)C=C2)C(=O)N(CC2=CC=CC=C2)C1=O,0
CN1C(COC2=CC=CC=C2Cl)=NN=C1SC1=NC2=CC=CC=C2N=C1,0
COC1=CC=CC(=C1)C(=O)NC1=NC2=CC=C(Cl)C=C2S1,0
CC(CN1C(=O)NC2=CC=CC=C2C1=O)N1CCOCC1,0
CN(CC1=CC=CC=C1Cl)C(=O)NC1=CC=CC=C1N1C=CC=N1,0
CCC1=NC=C(NC(=O)C2=CN(N=C2)C2=CC=CC=C2C)C=N1,0
CC(C)N1C2CCC1CN(CC2)C(=O)C1=C2C=CN(C)C2=CC=C1,0
CC1CCC(CCC(=O)N2CCC3=C(C2)C=C(S3)C2=CSC(C)=N2)O1,0
COC1=CC=C(NC(=O)C2CCCN2C(=O)C2=CN(C)C3=CC=CC=C23)C=C1,0
CN1C=C(C(=O)N(CCN2CCOCC2)C2CCCC2)C2=CC=CC=C12,0
CCC(CC)(C(=O)N1CCC(CC1)C(=O)NCC1=CC=CN=C1)C1=CC=CC=C1,0
O=C(NC1CCC(=O)NC1)C1(CC2=CC=CC=C2)CC2CCC1C2,0
ClC1=CC=C(C=C1)N1CCN(CC(=O)NC2CC2)CC1,0
O=C(CN1CCN(CCN2C(=O)OC3=CC=CC=C23)CC1)N1CCCCCC1,0
CN(C)CC1CCCN1C1=NC2=CC(F)=C(F)C=C2N=C1,0
CC1=CC=C(C=C1)C1=NC(CNC(=O)N2CCCC2C(C)(C)O)=CO1,0
O=C(NCC1CCN(C1)C1CC1)C1=CC=C2CCCCC2=C1,0
CC(NC(C)C1=NC(N)=NC(NC2=CC=CC=C2)=N1)C1=CC=C(Cl)C=C1,0
COC1=CC=C(C=C1N1C=NN=N1)C(=O)N(C)CC1CCC1,0
CCOC1=CC=C2N=C(NC(=O)C3=NOC(C)=C3)SC2=C1,0
COC(=O)C1(C)CCN(C1)C(=O)NC1=C(C=CC=C1C(C)C)C(C)C,0
COC1=CC=CC=C1CC(=O)N1CCC(CC1)C1=CC2=CC=CC=C2N1,0
O=C(N1CCCCC2=CC=CC=C12)C1=NC2=CC=CC=C2C=C1,0
CC(C)N1CCN(CC1)C(=O)NC1CCCN(C1)C1=NC=CC=N1,0
BrC1=CC=C(SCC2=NC(=NO2)C2=CSC=C2)C=C1,0
ClC1=CC=C(C=C1)C1=CC=C(O1)C(=O)NC1=CC=C(Br)C=C1Cl,0
O=C(NC1=CC=CC=C1N1C=CN=C1)C1=CN(N=C1)C1=CC=CC=C1,0
CC1=CN=C(COC(=O)C2=NN(C=C2)C2=CC=C(F)C=C2C)C=N1,0
CC1=C(C)N(CC2=NOC(=N2)C2=CC=CS2)C(=O)S1,0
ClC1=C(SC2=CC=CC=C12)C(=O)NC1=CC=CN=C1N1C=NC=N1,0
CCC1=CC=C(NC2=CC(C)=NC3=C(C(C)=NN23)C2=CC=CC=C2Cl)C=C1,0
CC(N1CCN(CC1)C1=CC=CC=C1O)C(=O)NC1=NC2=CC=CC=C2S1,0
COC1=CC=C(C=C1)C1CCCN1C(=O)C1CCN(CC1)C(=O)C1CC1,0
COC1=CC=C2C=C(NC2=C1)C(=O)N1CCN(CC1)C1=CC=CC=C1,0
ClC1=C(NC2CCC3=CC=CC=C23)C=NN(CC2=CC=CC=C2)C1=O,0
O=C(NC1CCN(CC2=CC=CC=C2)C1)C12CC3CC(CC(C3)C1)C2,0
CC1=C(CNC2=NN=C(CC3=CC=CC=C3F)S2)SC=N1,0
CC1=C(C=NN1C1=CC=NC=C1)C(=O)NC1=CC=C(Cl)C=C1F,0
COC1=CC=C2OC(C(=O)N3CCN(CC3)C3=CC=C(F)C=C3)=C(C)C2=C1,0
CCOC1=CC=CC=C1N1C(=O)N(CC2=CC=CC=C2C)C(=O)C1=O,0
ClC1=CN=C(NC(=O)C2=CC=CC(=C2)N2C=NN=N2)C=C1Cl,0
CCC(C)C(=O)N1CCC(CC1)C(=O)NCC1=CC=CC=C1,0
CC1=CC=C(C=C1)C1=NN2N=NC3=C(C=CC=C3)C2=NC1=O,0
O=C(NCCC1CC2CCC1C2)C1=CC=CN=C1N1CCCCC1,0
CN1N(C(=O)C(NC(=O)C2=CSC=N2)=C1C)C1=CC=CC=C1,0
CC1=CC=C(C)C(NC(=O)CN2C(=O)CC3(CCCCC3)C2=O)=C1,0
BrC1=CC=C2N=CN(CC(=O)NCC3CCCC4=CC=CC=C34)C(=O)C2=C1,0
CC(=O)NC12CC3CC(C1)CC(C3)(C2)C(=O)NC1CCCC2=CC=CC=C12,0
COC1=CC=C(CN2CCN(CC2)C(=O)C2=CC=C(OC)N=C2)C=C1,0
CCNC(=O)C1=CC(NC(=O)C2=CC=CC(CN3CCN(C)CC3)=C2)=NC2=CC=CC=C12,0
ClC1=CC=CC=C1C1=CC=C(O1)C(=O)NC1=NC2=C(CCC2)S1,0
CN1C=C(C=N1)C1CC1C(=O)NCC1=CC=CC=C1OCC1CC1,0
COC1=CC=C(Cl)C=C1C(=O)N(C)C(C)C1=CC2=CC=CC=C2O1,0
CN1C(=O)N(C)C(N2CCN(CC2)C2=CC=CC=C2)=C(C#N)C1=O,0
CC1CN(C(=O)C2=CC=C(F)C(Cl)=C2)C2=CC=CC=C2C(=O)N1,0
CN1N=CC2=C1N=C(CSC1=NN=C(CC3=CC=CS3)N1C1CC1)NC2=O,0
CN1CCN(CC2=CC=C(C=C2)C(=O)NC(C2CC2)C2CC2)CC1,0
CC(C)C1CCCN1C(=O)C1=CC=C(C=C1)N1C(=O)CCC1=O,0
COC1=CC(OC)=C2NC(=CC2=C1)C(=O)NCC1CCCO1,0
CC1=CC=CC(=C1)C(CNC(=O)C1=CN(CC=C)C2=CC=CC=C12)N1CCOCC1,0
CC1CCCN(C1)C(=O)CN1CC2=CC=CC=C2CC1C(=O)N1CCCC1,0
CC1=CC(NC(=O)CN2CCN(CC2)C(=O)C2CC2)=CC=C1Br,0
CCC1=C(C=NN1C1=CC=C(F)C=C1)C(=O)NC1=CC(=CC=C1Cl)S(C)(=O)=O,0
CC1CC2=CC=CC=C2N1C(=O)CN1CCN(CC1)C1=CC=CC=C1O,0
OC1=CC=C(C=C1)N1N=NN=C1SCC1=CC=C(Cl)S1,0
COC1=CC=C(CN2CCN(CC2)C(=O)C2=CC=CC(C)=C2C)C=C1,0
NC(=O)[C@@H]1CC2=CC=CC=C2CN1CCCN1CCCCC1,0
CC1=NN=C2CCC(CN12)NC(=O)C1=NC(=CS1)C1=CC=CC=C1,0
C1CN(CCN1C1=NC2=CC=CC=C2N=C1)C1=NC=CC=N1,0
COC1=CC=C(NC(=O)C2=CNC3=CC=CC=C3C2=O)C=N1,0
CN(CC1=CC=C(Br)C=C1)C(=O)C1=NN(C=C1)C1=CC=CC=C1,0
FC1=CC=C(NC(=O)C2=C(Cl)C3=CC=CC=C3N2)C=C1F,0
N#CC1=CC=CN=C1N1CCN(CC1)C1=CC=CC=C1,0
NC(=O)C1=CN(CC2=COC(=N2)C2=CC=C(C=C2)[N+]([O-])=O)N=C1,0
OC(=O)CCC1=CC=C(C=C1)S(=O)(=O)NC1=CC=C(C=C1)C1=CN2C=CSC2=N1,0
NC(=O)C1CCN(CC(=O)N2CCC3=CC=CC=C23)CC1,0
CN(CC1=CN(C)N=C1)C(=O)C1=CC2=C(Cl)C(Cl)=CC=C2N1,0
CC1=NOC(=N1)C1=CC=C(C=C1)C(=O)N1CCCCCC1,0
CC1=CC=NC2=NC(=NN12)C(=O)N1CCOC2=CC=CC=C12,0
COC(=O)C1=CC=CC=C1N(C)C(=O)C1=NN(C(C)=N1)C1=CC=C(Cl)C=C1,0
CCS(=O)(=O)N1CCC(CC1)C(=O)NCC1COC2=CC=CC=C2O1,0
NC(=O)CC1CCN(CC1)C(=O)CCC1=CC=CC(Cl)=C1,0
COC1=CC=C(N=N1)N1N=CC(C(=O)NC2=CC=CC3=CC=CN=C23)=C1C(F)(F)F,0
CC1=C(CN2CCC(CC2)C(=O)NCC2=CC=CC=C2)C(C)=NO1,0
CN1C(Cl)=CN=C1CSC1=NC(CC2=CC=CC=C2)=C(C)N1,0
COC1=CC=C(C(=O)NC2=NC(=CS2)C2=C(F)C=CC=C2F)C(O)=C1,0
O=C(N1CCOCC1)C1=CC(=NC2=CC=CC=C12)N1CCN(CC1)C1CCCC1,0
CC(N1CCN(CC2=CN=C3C=CC(C)=CN23)CC1)C1=CC=CC=N1,0
C(N1C=CN=C1)C1=NC(=NO1)C1=CC=CN=C1OC1=CC=CC=C1,0
COC1=CC=C(C=C1OC)C1=C2N=C(C)C=C(N3C=CN=C3C)N2N=C1C,0
CC1CCCC(NC(=O)C2=CC=C(C)C(=C2)S(=O)(=O)N2CCOCC2)C1C,0
CN1C(=O)N(C)C(N2CCN(CC2)C2=CC=CC=C2O)=C(C#N)C1=O,0
O=C(CC1=NOC(=C1)C1=CC=CC=C1)NC1CCN(CC2CC2)C1,0
CCN(C(=O)C1=NN(C(=N1)C1CC1)C1=CC=CC=C1)C1=CC=CC=C1,0
COC1=CC=C(CN2C=NC3=C(SC(=C3)C3=CC=CC=C3)C2=O)C=C1F,0
O=C(CNC1=CC=CC2=C1CCCC2)NC1=CC=C(C=C1)N1CCCC1=O,0
CC(NC(=O)C1=CN(N=C1)C1=CC=CC=C1)C1=CC=CC=N1,0
CC1(NC(=O)N(CC2=CC=CC=C2Cl)C1=O)C1=CC=CC=C1,0
OCCNC(=O)C1=CC=CC(OCC2=NC=C(O2)C2=CC=CS2)=C1,0
COC1=CC=C(C=C1OC)C1CCCN1C(=O)C1=CC=C2NC3=C(CCCC3)C2=C1,0
CCC(=O)NC1=CC=CC(NC(=O)CN2C=NC3=C(C)C=CC=C3C2=O)=C1,0
COC1=CC=C(C=C1CN1N=NC(=N1)C1=CC=CC(=C1)C(=O)OC(C)C)C(C)=O,0
CC1=CC=CC(C)=C1N1N=NN=C1CSC1=C2C=CC=CC2=CN=N1,0
O=C(C1CCOCC1)N1CCN(CC1)C1=NC2=CC=CC=C2S1,0
CC1=CC=CC(=N1)C(=O)NC1=NC2=CC=C(OCC(F)(F)F)C=C2S1,0
CCOC(=O)C1=CN=C2N(C)N=CC2=C1N1CCN(CC1)C1=NC=CC=C1Cl,0
CCOC1=CC=CC=C1NS(=O)(=O)C1=CC=C(CCC(O)=O)C=C1,0
FC1=CC=CC(=C1)N1C=CC(=N1)C(=O)NC1=CC=C2CCC3=C2C1=CC=C3,0
CNC(=O)C1=CC=C(CN(CC2=CC=CC3=CC=CN=C23)C2CC2)C=C1,0
FC(F)(F)C1=NC(=NO1)C1=CC=C(C=C1)C(=O)NC1=CC=C2OCCC2=C1,0
O=C(NC1CCN(CC2CC2)C1)C1CC2CCC1C2,0
O=C1N(CC2=NC3=CC=CC=C3S2)N=NN1C1=CC=CC=C1,0
CN1N=C(C)C2=CC(NC(=O)CCC3=NC(=NO3)C3=CC=C(F)C=C3)=CN=C12,0
CC1=CC=CC=C1NC(=O)C1CCCN1C1=NC=CS1,0
CN1N=C(C=C1NS(=O)(=O)C1=CC=C(F)C=C1Cl)C1=CC=CC=C1C,0
CC1=NN(C(C)=C1)C1=CC=C(NCC2=CC=NC=C2)N=N1,0
O=S(CC1CCOCC1)CC1=CC=C(C=C1)C1=CC=CC=C1,0
CC1CC1C(=O)N1CCN(CC1)S(=O)(=O)C1=CC=CC=C1,0
CC(C)CN1CCN(CC1)C(=O)C1=CN(N=N1)C1=CC=CC=C1,0
OC1CCCC1N1CCN(CC1)C(=O)C1=CC2=CC=CC=C2N1,0
ClC1=CC=CC=C1S(=O)(=O)CC1=NOC(=C1)C1=CC=CC=C1,0
CC1=NN(C(C)=C1NC(=O)NC1=CC=CC=C1)C1=CC=C(C)C=C1,0
COC1=CC=C(CC(=O)N(C)C2C3CC4CC(C3)CC2C4)C=C1OC,0
CC1=CC=C(CCNC2=NC=NC3=CC=CC=C23)C=C1,0
CCN1CCN(CC(=O)NC2=CC=C(OC3=CC=C(C)C=C3)C=C2)CC1,0
C=CCN1C(CC2=CC=CC=C2)=NN=C1SC1=C2C=CNC2=NC=N1,0
CCOC1=NC=CC=C1CNC(=O)C1=CC(C)=CC=C1O,0
CC1=NN(CC(=O)N2CCN(CC2)C2=CC=CC(=C2)C(F)(F)F)C(=O)C(C#N)=C1C,0
O=C(CC1=CSC2=NC(=CN12)C1=CC=CC=C1)NCC1CCCCC1,0
O=C(CN1C(=CC2=CC=CC=C12)C1=CC=CC=C1)NCC1COCCO1,0
CC1CN(CC(C)O1)C1=CC=C(CNC2=NC3=CC(=CC=C3S2)C(F)(F)F)C=N1,0
CC1=CC=CC(C)=C1NC(=O)CN1CCN(CC1)C(=O)CCC1=CNC2=CC=CC=C12,0
COC1=CC=CC(=C1)C1=NN(C=C1C(=O)NC1=CC=C(OC)N=C1)C1=CC=CC=C1,0
FC1=CC=C2CCCN(C(=O)CN3C(=O)COC4=CC=C(Cl)C=C34)C2=C1,0
CC1=CC=CN2C(CN3CCN(CC4=CC=NC=C4)CC3)=CN=C12,0
CN1C(SC2CCC3=C2C=C(Cl)C=C3Cl)=NN=C1C1=CN=CC=N1,0
Cl.OC1CCC(CC1)NCC1=CC=C(O1)C1=CC=C(Cl)C=C1,0
CN(C)S(=O)(=O)C1=CC=C(NS(=O)(=O)C2=CC=C(CCC(O)=O)C=C2)C=C1,0
CNC(=O)C1CCN(CC1)C(=O)C1=CC=C(C=C1)C1=NC(C)=NO1,0
CC1=C(C=CO1)C(=O)NC1=NC=C(CC2=CC=CC=C2C)S1,0
CN1CCN(CC1)C1=NC(=C(C)S1)C1=CC=C2OCC(=O)NC2=C1,0
FC(F)(F)C1=CC=C(C=C1)S(=O)(=O)N1CCN(CC1)C1=CC=CC=N1,0
CC1=CC=C(O1)C1=NC(C)=C(S1)C(=O)NC1=CC=CN=C1C1=CC=CC=C1,0
FC(F)(F)C1=CC=CC(=C1)C1=CC=C(O1)C(=O)N1CCCCCC1,0
FC(F)(F)C1CCN(CC(=O)NC2COC3=CC=CC=C3C2)CC1,0
COCCC1=NSC(NCC2=CC3=C(CCC(C)(C)C3)S2)=N1,0
CN(C)C(=O)N1CCN(CC1)C1=CC=NC2=CC=CC=C12,0
CC(CN1CCCCC1C1CNC(=O)C1)C1=CC=C(F)C=C1,0
CCC1COCCN1C(=O)CC1=CSC(=N1)C1=CC=C(OC)C(OC)=C1,0
COCC1=CC=C(C=C1)C(=O)N1CCCCC2=CC=CC=C12,0
O=C(N1CCC2=C(C1)C=CS2)C1=CC=C(OCC2CCCO2)C=C1,0
CC1=CC(NC(=O)C2=CN=C(S2)C2=CC=C(F)C(F)=C2)=CC=C1OCCO,0
CC1=CC(=CC=C1NC(=O)C1=NC(=NC=C1Cl)N1CCCCC1)C(N)=O,0
COC1=CC=C(CC2=NN=C(O2)SC2=CC=C(C=N2)[N+]([O-])=O)C=C1,0
CCOC1CC(O)C11CCN(CC1)C1=NC2=CC=CC=C2N=C1,0
FC1=CC=CC(CN2C=C(N=N2)C2=NC(=NO2)C2=CC=NC=C2)=C1,0
FC1=CC=CC(=C1F)S(=O)(=O)N(CC1CC1)C1=CC=CN=C1,0
CN1C2=C(N3CCCN(CC4=CC=CC=C4)C3=N2)C(=O)N(CC(N)=O)C1=O,0
CC1CC(=O)NC2=CC=CC=C2N1C(=O)CNC1=CC=CC=C1N1CCCCC1,0
CCN1C2=NN=C(CON3N=NC4=CC=C(Cl)C=C34)N2C2=CC=CC=C2C1=O,0
COC1=CC=CC=C1NC1CCN(CC1)C(=O)C1=CC=CC(F)=C1,0
CC(=O)N1CCCC2=CC(NCC3=CC=C(CO)O3)=CC=C12,0
CN(CC1CC1)C(=O)C1=CN(CC2=CC=CC=C2)C2=CC=CC=C12,0
CCC1CCC2=C(C1)SC(=O)N2CC1=NC=CN1C(F)F,0
COC1=CC=C(C=N1)N(C)C(=O)C1=CN(CC2=CC=CC=C2)C2=CC=CC=C12,0
NC(=O)C1CCN(CC1)C(=O)C1(CCC1)C1=CC=CC(Cl)=C1,0
OC1CCCN(CC2=CSC(NC3=CC=CC=C3)=N2)C1,0
CC1=CC=CC(C)=C1NC(=O)CN1CCCCCC1,0
FC1=CC=C2N(CCCC2=C1)C(=O)C1=CC=CC(=C1)N1C=CC=N1,0
O=C(C1CCN(CC1)C(=O)C1=CC=C(C=C1)C#N)N1CCC2=CC=CC=C2C1,0
O=C(NCC1=CC=CN=C1)C1=CC=C(OC2=CC=CC=C2)C=C1,0
CCOC1=CC=CC=C1N1CC(CC1=O)C(=O)NC1=CC=C(CC)C=C1,0
FC1=CC(NC(=O)C2=CC=NC=C2)=CC=C1NCC1CCCO1,0
CC1=CSC(=N1)N(C(=O)C1=CC=C(Br)O1)C1=CC=CC=C1,0
CN(C)CCN1C=CC2=CC(NC(=O)NC3CCCCC3O)=CC=C12,0
FC(F)(F)C1=CC=CC=C1C(=O)N1CC(=O)NC2=CC=CC=C12,0
CC1=NC2=NC=NN2C(NCC2=CC=CC(=C2)C(F)(F)F)=C1,0
CC1CN(CC2=CC=C(C=C2)C(=O)NC2CCC3=CC=CC=C23)CC(C)O1,0
COC1=CC=C(NC(=O)C2=CC=CC3=NC=CC=C23)C=C1OC(F)F,0
CC1=CC2=CC=CC=C2N=C1NCC1=CC=CC(=C1)C(N)=O,0
O=C(NCC1=CC=CC=C1CN1CCN(CC1)C1=CC=CC=C1)C1CC1,0
CN1CCN(C(C1)C1=CC=CC=C1)C(=O)NC1=CC=C(F)C=C1,0
CC1CCC(CN1C(=O)CC1=CC=CC(=C1)C(F)(F)F)C(N)=O,0
CC1=CSC(=N1)N(CC(F)(F)F)C(=O)C1=CN(N=N1)C1=CC=C(C)C=C1,0
FC(F)(F)C1=NN(CC(=O)NC2=CC=CC3=NC=CC=C23)C=C1,0
CC1=CC2=C(C(=O)NC3=CC=C(N=C3)N3C=NC=N3)C3=C(CCCC3)N=C2C=C1,0
CCN1CCC(CC1)N(C1CC1)S(=O)(=O)C1=CC(C)=CC=C1F,0
C(C1CCCN(C1)C1=C2C=NNC2=NC=N1)N1CCCCCC1,0
CC(C)N1CCC(NC2CC(C2)C2=CC=CC=C2)C1=O,0
CC(C)C(=O)N1CCN(CC1)C(=O)C1=C(Cl)C2=CC=CC=C2S1,0
CNS(=O)(=O)C1=CC=CC(=C1)C(=O)N(C)CC12CC3CC(CC(C3)C1)C2,0
CN1CCN(CC2=NC(=NO2)C2=CC=CC(Cl)=C2)C2=CC=C(F)C=C12,0
CN1C(=O)NC(C)(C2CCCN(CCC3CCCC3)C2)C1=O,0
CCN1C(SC2CCC3=C2C=CC=C3Cl)=NN=C1C1=CC=NC=C1,0
CN1C=C(NC(=O)C2=CC=C(O2)C2=CC=CC=C2Cl)C(C)=CC1=O,0
CC1=CC=C(C=C1NC(=O)C1=CC(Cl)=CC=N1)N1C=NN=N1,0
NC(=O)C1=CC=CN=C1N1CCN(CC2=CC=C3OCCC3=C2)CC1,0
CN1C2=C(N(CCC(=O)N3CCCCC3)C=N2)C(=O)N(C)C1=O,0
CC1CC(C(N)=O)C2=CC=CC=C2N1CC1=NN=C(O1)C1=CC=CC=C1Br,0
CCN(CC1CCOC1)C(=O)C1=CC=CC=C1OCC1=NOC(C)=N1,0
CN1C(CN2C[C@@H](F)C[C@H]2CO)=NN=C1C1=CC=C(Cl)C=C1,0
CC1=CC=C(C=C1C(=O)N1CCCCCC1)S(=O)(=O)N1CCCCC1,0
CC(NC(=O)C1=NN(C=C1)C1=CC=C(F)C=C1)C1=CC=CC=N1,0
COC1=CC=C(Br)C=C1CN(C)C(=O)C1=CC=C(CN2CCCC2=O)C=C1,0
ClC1=CC=C(CC(=O)NC2CCN(CC3=CC=CC=C3)CC2)C=C1Cl,0
COC1=CC=CC(CS(=O)CC2=CSC(=N2)C2=CN(C)N=C2)=C1,0
O=C(NC1CCN(CC1)C(=O)C1=COC=C1)C1=NOC(=C1)C1CC1,0
O=C(CC(C1=CC=CC=C1)C1=CC=CC=C1)N1CCCC1C1=CC=NC=C1,0
CC1=CN=C(N=C1)C1=NOC(=N1)C1(CCC1)C1=CC=CC=C1,0
CC1=NNC(C(=O)N2CCCC2CC2=CC=CC(F)=C2)=C1Br,0
FC1=CC=CC=C1CC1=NN=C(NCC2=CC=CO2)O1,0
O=C(N1CCN(CC1)C1CC1)C1=CC=CN=C1OC1=CC=CC=C1,0
CN(C(=O)C1=NN2C(=N1)N=CC=C2C)C1=CC=C(Cl)C=N1,0
CC1=CC=CC=C1CNC1=NN=C(O1)C1=CC=CC(=C1)C(F)(F)F,0
CC1=NN(C(C)=C1C1N(CC(=O)NC2CCCCCC2)CCNC1=O)C1=CC=CC=C1,0
O=C(NC1CC1)N1CC(C2=CC=CC=C2)C2=CC=CC=C2C1,0
CC(NC(=O)C1CCN(CC1)C(=O)C1=CC=C(Br)C=C1)C1CC2CCC1C2,0
CC1=CC=CC(NC(=O)N2CCN(CC3=CN4C=C(Cl)C=CC4=N3)CC2)=C1,0
ClC1=CC=CC=C1C1=NOC(=O)N1CC1=NN=NN1C1CC1,0
CN(CC1=CC=CC=C1N1CCOCC1)C(=O)C1=CC=CC(Cl)=C1,0
CC1=NC=C(N1)S(=O)(=O)NC1=NN=C(O1)C1=CC=CC=C1,0
CC(NC(=O)C1CCCO1)C1=CC=C(N2C=C(C)C=N2)C(F)=C1,0
CC1CCCN(CC2=CC=CC=C2CNC(=O)C2=CC=CC(=C2)C(N)=O)C1,0
CCC1CN(CCO1)C(=O)C1=CSC(=N1)C1=CC=C(OC)C=C1,0
CN(CC1COC2=CC=CC=C2O1)C(=O)C1=CC=CC(C)=C1C,0
FC1=CC(F)=C2N(CC3=NC(=NO3)C3=CC=CO3)CCCC2=C1,0
O=C(CN1CCOC2=CC=CC=C12)NC1=C(C=NN1C1=CC=CC=C1)C#N,0
NC1=CC=CC=C1CC1=NC(=NO1)C1=CSC=C1,0
FC1=CC=C(C=C1)C(=O)NCC1COC2=CC=CC=C2O1,0
CC1=NOC(=N1)C1=CC=C(C=C1)C(=O)NC1CCN(CC1)C1CC1,0
FC1=CC=C2NC=C(CCNC(=O)C3=CC4=C(F)C(F)=CC=C4N3)C2=C1,0
C(C1CCN(CC1)C1=NC=CC(=N1)N1CCCC1)N1CCCC1,0
CCN1C(NC(=O)C2=C(C)N=C(CC3=CC=CC=C3)S2)=NC2=CC=CC=C12,0
CC1=NN(C=C1)C1=CC=CC=C1NC(=O)C1=C(C)N(N=C1)C1=CC=CC=C1F,0
CCC1=CC=CC(CC)=C1NC1=NN=C(SCC2=NOC(C)=N2)S1,0
CC(N1CCN(CC(N)=O)CC1)C1=CC=CC=C1F,0
CC1=NN(C(C)=C1)C1=CN=CC(NCC2(CCC2)C2=CC=CC=C2)=N1,0
NC(=O)C1CC2=CC=CC=C2CN1C(=O)CCC1=CC=CN=C1,0
CCN1CCCC(C1)NC1=NC2=CC=CC=C2S1,0
CN(CC1COC2=CC=CC=C2O1)C(=O)C1=CC=CC=C1O,0
CC1CC1C(NC(=O)C1=CC=C(N=C1)N1C=NC=N1)C1=CC=C(Cl)C=C1,0
CC1CCC(CN1C(=O)CC1=CC=C(Cl)C(Cl)=C1)C(N)=O,0
FC1=CC=C(C=C1)C1CCCN1CC1=CC=CC2=CC=CN=C12,0
CCOC1=CC=CC=C1N1CCN(CC1)C1=NC=CC=C1C(=O)NC,0
NC(=O)C1(CC1)NC(=O)C1=CN(C2CC2)C2=CC(Cl)=C(F)C=C2C1=O,0
CCC1=CN=CC=C1C(=O)N(C)CC1=CC2=CC=CC=C2N1,0
CNC(=O)CN1CCC(CC1)NC(=O)C1=NC2=CC=CC=C2N=C1,0
CC(N1C(=O)CCC1=O)C(=O)NC1CC1C1=CC=CC=C1,0
O=C(NCCC1=CNC2=CC=CC=C12)C1=CC=CC2=NC=CC=C12,0
CN(C)C(=O)C1=CC=C2NC3=C(CCCCC3)C2=C1,0
FC1=CC=C(C=C1F)C(=O)N1CCC(CC1)NC(=O)C1=CC=NC=C1,0
CNC1=CC=C(NC2=NC=CN(CC(C)C)C2=O)C=N1,0
NC(=O)C1CCN(CCC2=CC=C(NCC3=CC=CN=C3)C=C2)CC1,0
FC1=CC=C(NC(=O)C2=CN(N=N2)C2=CC=CC=C2)C=C1F,0
COC1=CC=C(C=C1C(=O)NCC12CC3CC(CC(C3)C1)C2)S(N)(=O)=O,0
O=C(NC1=CC=CC2=C1CCCC2)C1=CC=C(CN2CCCC2=O)C=C1,0
COC1=CC=C(C2=NN=C(SCC(=O)NCC3=CC=CC=C3OC)N2N)C(OC)=C1,0
CN1C(CC2=NC3=CC=CC=C3C(=O)N2)=NC2=CC=CC=C12,0
O=C(NC1=NC2=CC=CC=C2N1)C1=NN(C=C1)C1=CC=CC=C1,0
CN1C=C(C(=O)N2CCC(CC2)C(=O)NCC2=CC=CC=C2)C2=CC=CC=C12,0
CC(=O)NC1=CC=C(C)C2=C1CCCN2C(=O)C1=CC=C(F)C=C1Cl,0
CC1=CC=NC(NC(=O)C2=NN(C=C2)C2=CC=CC(=C2)C(F)(F)F)=C1,0
CC1=NOC(=N1)C1CCCN(C1)C(=O)NC1CCCCC1,0
CN1CCCC1C1CCCN1C(=O)C1=CC(=NO1)C1=CC=CC(F)=C1,0
CCOC1=CC=C(C=C1)C(C)NC(=O)C1=CC=C(CN2CCCC2=O)C=C1,0
COC1=CC(CN2CCN(CC2)C2=CC=CC=C2)=CC=C1OC(F)F,0
CCN1C(=NN=C1S(=O)(=O)CC1=CC=CC(C)=C1)C1=CC=CC=N1,0
CN1N(C(=O)C(NC(=O)C2=CC=C3NC4=C(CCCC4)C3=C2)=C1C)C1=CC=CC=C1,0
CC1=NN=C(NC(=O)C2=CN(CC3=CC=CC(Cl)=C3)N=C2C)S1,0
NC(=O)C1=CC=CC(CN2C=NC3=C(SC(=C3)C3=CC=CC=C3)C2=O)=C1,0
COC1=CC=CC=C1C1=NOC(CNC2=CC(C)=C(Cl)C=C2OC)=N1,0
CCC1=NOC(=N1)C1=CC=C(C)C(NC(=O)N2CC[C@@H](O)C2)=C1,0
CC1=CC2=CC=CC=C2N1CC(=O)N1CCC2=C(C1)C=CS2,0
CN(CC1CCCCC1)C(=O)C1=C(C)N=C(CC2=CC=CC=C2)S1,0
NC(=O)C1=CC=CN=C1N1CCN(CC2=CC=C(Cl)C=C2)CC1,0
ClC1=CC=C(CC(=O)N2CC(OC3=CC=CC=C23)C(=O)N2CCCCC2)C=C1,0
FC(F)(F)C1=NC2=CC=CC=C2N1CC(=O)NC1=CC=CC2=C1CCCC2,0
FC1=CC=C2NC(=CC2=C1)C(=O)NC1CCCCCC1,0
CN(C(=O)C1=CC=NC(NCC2CC2)=C1)C1=CC=CC=C1,0
O=C(NCC1=CN(N=C1)C1=CC=CC=C1)C1CC2=CC=CC=C2O1,0
O=C(NC1=CC=C(C=C1)C#N)C1=CSC2=CC=CC=C12,0
CN1N=NN=C1C1=CC(NC(=O)C2=NN(C(C)=N2)C2=CC=C(F)C=C2)=CC=C1,0
CN(C(=O)C1=CC=C(O1)C1=CC=C(F)C=C1)C1=CC=CC(C)=N1,0
COC1=CC=CC(=C1)N1CCN(CC1)C(=O)CC12CC3CC(CC(O)(C3)C1)C2,0
O=C(N1CCCCC1)N1CCN(CC2=CC=C(C=C2)C#N)CC1,0
CC1=NN(C2=C1C=C(S2)C(=O)N1CC[C@@H](N)C1)C1=CC=C(F)C=C1,0
CC1CN(CC1N(C)C)C(=O)C1CC2=CC=CC=C2CN1C(C)=O,0
CC1=CC=CC(=C1)N1CC(CC1=O)C1=NC2=CC=CC=C2N1CC1=CC=CC=C1,0
CC1=CC=C(C=C1)C1=CC=C(C=C1)S(=O)(=O)N1CCCCC1,0
CC1(C)CCCN(CC1)C(=O)C1=CC=C2OCC(=O)NC2=C1,0
OCC1CCN(CC1)C1=CC=C(NC2CCC3=CC=CC=C23)N=C1,0
CC1=CC=C(C=N1)C(=O)NCC1=NN=CN1C1=CC=CC=C1,0
COC(=O)C1=CC=CC=C1N(C)C(=O)CN1CCCC(C1)C(=O)NC1=CC=CC=C1,0
COC1=CC=CC=C1C1=NOC(CN2N=NC(=N2)C2=CC=CC(F)=C2)=N1,0
O=C1CCCN1CCC1=NC(=CS1)C1=CC=C(C=C1)C#N,0
NC(=O)C1=CC=C(N=C1)C(=O)N1CCC(CCC2=CC=CC=C2)CC1,0
O=C(NCC1=CC=C(CN2CCCC2)C=C1)C1CCN(CC1)C(=O)C1CC1,0
CN(C)CC1=CC=CC=C1CNC(=O)C1=CC(=NC2=CC=CC=C12)N(C)C,0
COC1=CC=C(C=C1OC)C1=C(C)SC(NC(=O)C2=CC=NC(=N2)C2CC2)=N1,0
FC1=CC=C(C=C1)C1=CC=C(O1)C(=O)N1CCOC2=CC=CC=C12,0
FC(F)(F)C1=NC(N2CCCN(CC2)C(=O)C2CCCC2)=C2SC=CC2=N1,0
ClC1=CC=CC=C1N1CCN(CCN2CCCC2)CC1,0
CC1(C)CC(CC(C)(C)N1)NC(=O)C1=CC=C2NC3=C(CCCC3)C2=C1,0
CN1N=C(C)C2=C1SC(=C2)C(=O)NCC1=CC=CN=C1N1C=CC=N1,0
CC1CC2=CC=CC=C2N1C(=O)CC1=C(F)C=CC=C1Cl,0
ClC1=CC=CC=C1C1=NN=C(CN2C=CN=C2C2=CC=CC=N2)O1,0
CN1C=CN=C1C1=C(N=C(NC(=O)C2CCC2)S1)C1=CC=CC=C1,0
COC1=CC=C(C=C1)C1=NOC(CCC(=O)NC2=CC=CC=C2N2CCCC2)=N1,0
FC1=CC=CC=C1CN1CCC(CC1)NC1=NC=CC=C1C#N,0
O=C(CN1C(=O)N(C2=CC=CC=C12)C1=CCCCC1)NC1CC1,0
OC1CCC(CC1)NC(=O)C1=CSC2=C1CCCC2,0
COC(=O)C1=CC=CC2=C1CCCN2C(=O)C1=CN(N=C1)C1=CC=CC=C1,0
CN(C(=O)CC1=CN(N=C1)C1=CC=CC=C1)C1=CC=CC=C1,0
COC1=CC=C(C=C1)C(=O)N1CCN(CC1)C(=O)C1=CC2=CC=CC=C2N1C,0
CC(C)C1=C(C=NN1C1=CC=CC=N1)C(=O)NC1=CC=C(C=C1)C(C)C,0
C(NCC1=CC=C(N=C1)N1C=CC=N1)C1=CN(CC2=CC=CC=C2)N=C1,0
CC1=CC(C)=C(C(C)=C1)S(=O)(=O)N1CCN(CC1)C(=O)CCC1=CC=CC=C1,0
CS(=O)(=O)C1=CC=C(C=C1)N1N=NN=C1CN(CC1CCC1)C1=CC=CC=C1,0
COC1=CC=C(C=C1)C1=CSC2=NC=NC(NC3CCCC3O)=C12,0
CC1=NN2C(N=C(C)C=C2N2CCN(CC2)C2CCCC2)=C1C1=CC=CC=C1,0
COC1=CC=C(CN(C)C(=O)C2=CC=C3OCC(=O)NC3=C2)C=C1OC,0
O=C(NC1=CC=NC2=CC=NN12)C1=CC=C2OCCOC2=C1,0
COC1=CC=C(NC2=NC(=CS2)C(=O)NC2C3CCOC3C2(C)C)C=C1,0
O=C(N1CCCC1C1=CC=CC=C1)C1=CC2=CC=CC=C2N1,0
CC1=C(C)C(C)=C(C(C)=C1C)S(=O)(=O)N1CCN(CC1)C(=O)C1CC1,0
CN1C(SCCC2=C(O)N3N=CN=C3N=C2C)=NN=C1C1=CC=CC=C1F,0
O=C(N1CCN(CC1)C1=NC=CC=N1)C1=CC=C2C(CC3=CC=CC=C23)=C1,0
CC(C)C(=O)NC1CCN(CC1)C1=NC(CC2=CC=C(F)C=C2)=NO1,0
COC1=CC=C(CN(CC2=NC(=NO2)C2=CC=C(C=C2)C(F)(F)F)C2CC2)C=C1,0
COCC1=CC(NC(=O)C2=C(C)N=C(S2)C2=CC=C(Cl)C=C2)=CC2=C1OCOC2,0
CN(C1=CC=C(C=C1)C1=CSC(COC2=CC=C(F)C=C2)=N1)S(C)(=O)=O,0
COC1=CC=C(CN2CCN(CC2)C(=O)C2=CC3=CC=CC=C3N2)C=C1,0
FC(F)(F)C1=CC=NC(=N1)N1CCCC1C(=O)NC1=CC=CC=C1,0
OCC1CCCC1NC1=NC(=NC2=C1CCC2)C1=CC=NC=C1,0
CN1CCN(CC1)C(=O)C1=CC(Br)=CC=C1O,0
COC1=CC=C(C=C1OC)C1=C2N=C(C)C=C(NCCN3CCOCC3)N2N=C1C,0
OC1=CC=C(C=C1)N1CCN(CC2=CC=C(F)C=C2)CC1,0
CN1N=NN=C1C1=CC=CC(NC(=O)C2CC3CC2C=C3)=C1,0
FC1=CC=CC(Cl)=C1CN1CCN(CC1)C(=O)C12CC3CC(CC(C3)C1)C2,0
CCOC1=CC=C2OCC(=CC2=C1)C(=O)N1CCC(CC1)C(N)=O,0
FC1=C2C=C(SC2=CC=C1)C(=O)NC1=CC=CC(=C1)C1=NN=CO1,0
CC1=CN2C=C(COC3=CC=CC(=C3)C(=O)N3CCCCC3)N=C2C=C1,0
CC1=C(C(=NN1)C(=O)NC1=NOC(=C1)C1=CC=CC=C1)[N+]([O-])=O,0
CCC1N(CCNC1=O)C(=O)C1=C(C)N(N=C1)C1=CC=CC=C1,0
FC1=CC=C(CN2CCC(CC2)NC(=O)NC2=NN=CS2)C=C1,0
CC1CCCCN1C(=O)CN1CCN(CC1)C(=O)CC1CC2CCC1C2,0
O=C(CC1=CSC(=N1)N1CCCC1=O)NCC1=CC=C2CCCC2=C1,0
CN1C=C(NC(=O)C2=NN(C=C2)C2=CC=C(F)C=C2)C(=O)N(C)C1=O,0
NC(=O)C1=CN=CC(OC2=NC3=CC=CC=C3O2)=C1,0
CN1C(=O)COC2=CC=C(NC(=O)C3=CC=C(O3)C3=CC=CC=C3Cl)C=C12,0
BrC1=CC=CC(=C1)N1C=C(N=N1)C(=O)NC(C1CC1)C1CC1,0
COC1=CC=C(NC(=O)C2=CC=CC(C)=C2)C=C1N1CCCCC1=O,0
CC(NC1=C2NC=NC2=NC=N1)C1=CC=C(F)C=C1F,0
C(N1CCC(CC1)NC1=NC=NC2=CC=CC=C12)C1=CC=CC=C1,0
CCN1C=C(C(=O)NC(C2=NC=CN2C)C2=CC=CC(F)=C2)C2=CC=CC=C12,0
CC1=CC=CC2=NC(=CN12)C(=O)NC1=CC=C(OCC(F)(F)F)C(=C1)C#N,0
Cl.CC(C)N1CCC(CC1)NS(=O)(=O)C1=CC=C(C=C1)N1CCCC1=O,0
CC1=C(CN2CCCC3=CC=CC=C23)N=C(O1)C1=CC=CC=C1,0
O=C(N1CCN(CC2=CC=C(C=C2)C#N)CC1)C1=CC=CC2=NC=CC=C12,0
CC(NC(=O)NC1=C(ON=C1C)C1=CC=CC=C1)C1=CC=CN=C1,0
CCN1N=CC2=C(C=C(N=C12)C1=CC=CC=C1)C(=O)NCC1CCCO1,0
CC1=CC=C(NC(=O)C2=CC=CC(NC3=NC=CC=N3)=C2)C(F)=C1,0
FC1=CC=C(C=C1)C1=NN(CC2=CC=C(C=C2)C(=O)NC2=CC=CC=C2)N=N1,0
CC1=CN=C(C=N1)C(=O)NC1=CN(N=C1)C1=CC=CC=C1F,0
FC1=CC=CC=C1CNC(=O)N1CCC(CC1)N1C(=O)NC2=CC=CC=C12,0
FC1=CC=C(C=C1)C1=CC=C(S1)C(=O)N1CCCN(CC(F)(F)F)CC1,0
CN1C(C)=NC2=CC(NC(=O)C3=CC=CN=C3C(F)(F)F)=CC=C12,0
OC(=O)C1CCN(CC1)C(=O)CCC1=NC=C(O1)C1=CC=CC=C1,0
CN1C2CCC1CN(CC2)C1=NC2=CC=CC=C2S1,0
O=C(NC1CCN(CC1)C1=NC=CC=N1)C1C2CC3CC(C2)CC1C3,0
ClC1=CC=CC=C1C1=CC=C(O1)C(=O)NC1=CC=NC=C1,0
CC(C)N1C2CCC1CN(CC2)C(=O)NC1CCN(CC1)C1CC1,0
CC1=CC=C(C=C1)C1=NOC(CNC2=CC=CC(=C2)C(F)F)=C1,0
CC1CCC(CC1)N(C)C(=O)C1CN(CCC2=CC=CC=C2)C(=O)C1,0
ClC1=CC=CC(=C1)N1CCN(CC1)C(=O)NC1CCCC1,0
CC1=CC=C(C=C1)C1=NC(=CS1)C(=O)NC1CCN(CC2=CC=CC=C2)CC1,0
NC1=NC(CN2N=NN(C2=O)C2=CC=CC=C2Cl)=NC2=CC=CC=C12,0
CC1=CC=C(C=C1NCC1=NC(=NO1)C1=CC=CC=C1C)N1C=NN=N1,0
CC(C)CNC1=CC(C)=NC2=C(C(C)=NN12)C1=CC=CC=C1,0
BrC1=CC=CC=C1C1=NN(CC2=CC=CC=C2C#N)N=N1,0
COC1=CC2=CC=C(N=C2C=C1)C(=O)NC1=CC=C(NC(C)=O)C(Cl)=C1,0
O=C(CN1CCN(CC1)C(=O)C1=CC2=CC=CC=C2S1)N1CCCC1,0
CN1C(CNC2=CC=C(N=N2)C(=O)NC2=CC=CC=C2)=NC2=CC=C(F)C=C12,0
COC1=CC=C2C(CC(=O)NC3=C(Cl)C=C(F)C=C3Br)=COC2=C1,0
CC(C)SC1=NC2=CC=CC=C2N1CC1=NC(=NO1)C1=CC=CS1,0
CCC(C(=O)N1CCC(CC1)NC(=O)C1=CC=C(C)S1)C1=CC=CC=C1,0
CCOC1=CC=C(NC2=CC(C)=NC3=C(C=NN23)C2=CC=CC=C2OC)C=C1,0
CC1=CC=CC=C1CN1CCN(CC2=CC=C(C=C2)C(N)=O)CC1,0
FC(F)(F)C1=NC2=CC=CC=C2N1CC(=O)NC1=CN=CC=C1N1CCCC1,0
CCOC1=CC=C2C=C(NC2=C1)C(=O)N1CCC2=CC=C(O)C=C2C1,0
CC1=C2N=C(CSC3=NN=NN3C3=CC=C(O)C=C3)NC(=O)C2=CC=C1,0
CC1=NN(C(C)=C1)C1=CC=CC(NC(=O)CC2=NOC3=CC=CC=C23)=C1,0
CN1C=NC2=C1C(=O)N(CCCN1CCN(CC1)C(C)=O)C(=O)N2C,0
CN1CCN(C(C1)C1=CC=CC=C1)C(=O)C1=CC2=CC=CC=C2S1,0
CC1=NN(C(C)=C1CNC(=O)C1CCC(=O)NC1)C1=CC=CC=C1,0
NC(=O)C(N1CCN(CC1)C(=O)C1=CC=CC=C1)C1=CC=C(Cl)C=C1,0
CC1=CC=NC(NC(=O)C2=CC=C(S2)C2=CC=C3OCCOC3=C2)=C1,0
CC1=CC=C(C=N1)C(=O)NC(C1=CC2=CC=CC=C2O1)C1=CC=CC=C1,0
CN1CCC(CC1)NC1=CC=CC=C1NC(=O)C1=CC=CC(C)=C1,0
CN(C)C1=CC=C(C=C1)C(=O)NCC1CCCN1C,0
O=C(NC1=CC=CC(OC2=CC=C(C=N2)C#N)=C1)C1=CC=CN=C1,0
CC1=CC=CC(C(=O)NC2=NC3=CC=C(OC4=CC=CC=C4)C=C3S2)=C1C,0
CC1=CC=C(C(=O)NC2=CC=NC3=NC=NN23)C(F)=C1,0
CC1=CC(=CC(O)=N1)C(=O)NC1=NN2C=C(F)C=CC2=N1,0
COC(=O)C1=CC=CC(CC2=NC(=NO2)C2=CC=NC=C2)=C1,0
O=C(N(CC1CCCCC1)C1CC1)C1=C2C=NNC2=CC=C1,0
FC1=CC=CC(CN2N=C(OC2=O)C2=CC=CS2)=C1,0
ClC1=CC(Cl)=C(NC(=O)CN2C=CN=C2C2=CC=CC=N2)C=C1Cl,0
FC1=CC=C(C(F)=C1)S(=O)(=O)N1CCN(CC1)C(=O)CC1=CC=C(C=C1)C(F)(F)F,0
CCC1=C(CC2=NC(=NO2)C2=CC=CC(OC)=C2)C(CC)=NO1,0
CC(C)=CC1C(C(=O)NC2=CC=C(C=C2)C2=NC=CC(C)=N2)C1(C)C,0
CC1=CC=NN1C1=CC=C(C=C1)C(=O)NCC1COC2=CC=CC=C2O1,0
O=C(CN1C(=O)CC2(CCC3=CC=CC=C23)C1=O)NC1CCCC1,0
O1N=C(N=C1C1=C2C=CC=CC2=CN=C1)C1=CN=CC=N1,0
CN1C=NC2=CC(=CN=C12)C(=O)NC1=CC=CC(=C1)C1=NOC=N1,0
CC(=O)C1=CC=CC(=C1)S(=O)(=O)N1CCN(CC1)C(=O)CCN1C(=O)OC2=CC(Cl)=CC=C12,0
ClC1=CN2C=C(CN3CCN(CC3)C3=NC=CC=N3)N=C2C=C1,0
COC1=CC=C(NC(=O)C2=NNC(=C2)C2=CC=CC=C2Cl)C(C)=N1,0
COC1=CC=C(C2=C(CCC(O)=O)C3=CC=CC=C3N2)C(OC)=C1,0
O=C(CC1CCCCC1)NC1=CC=CC(CN2C=CC=N2)=C1,0
CCC1N(CCNC1=O)C(=O)C1=CC=CC2=CC=C(C)N=C12,0
COC1=CC=CN=C1N(C)C(=O)C1=NN(C2=C1CCCC2)C1=CC=C(F)C=C1,0
CC1=CC=C(CC(=O)NC2=CC=CN=C2N2C=CC=N2)C=C1,0
FC1=CC=CC=C1C1=CC=C(O1)C(=O)NC1=CC=CC=C1C1=CC=CS1,0
CC(NC(=O)C1=C(N)N(C)C2=CC=CC=C2C1=O)C1=CC=CC=C1,0
CC(C)C(=O)NC1=NC=C(CC2=CC=CC(=C2)C(F)(F)F)S1,0
CN1C=CC(=CC1=O)C(=O)NC1=NC(=C(C)S1)C1=CC=C(Cl)C=C1,0
N#CC1=CC=C(NCC2=CN(CC3=CC=CN=C3)N=N2)C=C1,0
O=C(NCC1CCOC1)C1=CC=CC(OCC2=CSC=N2)=C1,0
C1CC1(C1=NC(=NO1)C1=CN=CC=N1)C1=CC=CC=C1,0
CC1=NC2=CC(NC(=O)CN3C=CC(=N3)C(F)(F)F)=CC=C2O1,0
CC1=NN2C(S1)=NC(COC1=NN=C(O1)C1=CC=CC=C1)=CC2=O,0
CCC1=NC2=CC=CC=C2N1C1CCN(CC1)C(=O)C1(O)CCC1,0
CC1=CC=C(CNC(=O)C2=NN=C(CN3CCC(O)CC3)S2)C=C1,0
O=C(NCC1CC1C1=CC=CC=C1)NC1CCN(CC1)C1CC1,0
FC1=CC=CC(=C1)N1C=CC(CN2CCC3=CC=CC=C23)=N1,0
CC1=CC(OC2=NC=CC=C2C#N)=CC=C1NC(=O)C1CCC1,0
CC1=CC=C(NC(=O)C2=CC3=C(CCCCC3)S2)C(OCC2CCCO2)=C1,0
CCN1CCC2=NC3=CC=CC=C3C(C(=O)NC(C)C3=CC=CC=C3)=C2C1,0
CC1CCC2=C(C1)SC=C2C(=O)N1CCNC(=O)C1CC(O)=O,0
CC1=CN2C(=O)C=C(OC3=CC=C(Cl)C(Cl)=C3)N=C2C=C1,0
BrC1=CC=CC(NC(=O)C2=CC=C(C=C2)N2C(=O)CCC2=O)=C1,0
CC1=C(N=C(S1)C1=CC=CO1)C(=O)NC1=CC=C(C)C=C1C,0
CC(C)CCN1C(=O)NC(C1=O)(C1=CC=CC=C1)C1=CC=CC=C1,0
O=C(NCC1CC2=CC=CC=C2O1)NC1=CC=C2CCCC2=C1,0
CC1=C(SC=N1)C(=O)N1CCCC1C1=NN=C2C=CC=CN12,0
COC1=CC(=CC=C1C)C(=O)NC1=CC=CC(=C1)C1=NN=NN1C1CC1,0
CN1C=NN=C1SCC1=CSC(COC2=CC=C(Cl)C=C2)=N1,0
COC1=CC=NC(=N1)N1CCN(CC2=NC3=CC=CC=C3N2)CC1,0
FC1=CC=C(C=C1)S(=O)(=O)N1CCN(CC1)C(=O)CC1=CC=CC=C1Cl,0
CC1=CC=CC(NC(=O)C2=CC=C(S2)C2=CC=C(F)C=C2)=N1,0
CC1CN(CC(C)O1)C(=O)C1=C(C)N(CC2=CC=C(C)C=C2)N=C1C,0
COC1=CC=C(CN2CC3=CC=CC=C3CC2C(N)=O)C=C1OC,0
FC(F)(F)C1=CC=CC(=C1)N1CCN(CC(=O)NC(C2CC2)C2CC2)CC1,0
CC(C)COC1=CC=C(C=N1)C(=O)N1CCCC2=CC(F)=C(F)C=C12,0
CC1=CC=C2C(CC(=O)NC3=CC=CC=C3OC(F)(F)F)=COC2=C1,0
CC1=C(SC(=N1)C1=CC=CC(Cl)=C1)C(=O)NC1=NC=CC=C1OC(F)F,0
COC1=CC=C(CN2CCCN(CC3=CC=C(C=C3)C(N)=O)CC2)C=C1,0
OC1CCC(CC1)NC(=O)N1CCN(CC1)C1=NC=CC=N1,0
CN1N=C2CCCC2=C1NC(=O)CC1=CC=C(OC(F)F)C=C1,0
COC1=CC=C(OC)C(=C1)C1CCCN1C(=O)C1=CC(Cl)=CC=C1Cl,0
CCN1C(=O)N(CC(=O)N2C(C)CCCC2C)C2=CC=CC=C12,0
FC1=CC=C2NC3=C(CN(CC3)C(=O)CN3CCN(CC4=CC=CC=C4)CC3)C2=C1,0
CN(CCC(=O)N1CCC2=CC=CC=C12)C1CCC2=CC=CC=C12,0
OC(=O)CCC1CCCN(C1)C(=O)C1=CC2=CC=CN=C2C=C1,0
NC(=O)C1CCN(CC1)C1=C(C=NC2=CC=CC=C12)C#N,0
CC1=CC2=NC(=CN2C=C1)C(=O)NC1CCC2=CC=CC=C12,0
CN1CCC(CC1)NC(=O)C1=C(C)N=C(S1)C1=CC=CC=C1Cl,0
CC(NC1=CC=C(F)C=C1)C(=O)N1C(C)CC2=CC=CC=C12,0
OC(=O)CNC(=O)C1=CC=C(NS(=O)(=O)C2=CC=C3OCC(=O)NC3=C2)C=C1,0
CS(=O)(=O)N1CCCC(C1)C(=O)NC1=NC(=CS1)C1=CC=C(F)C=C1,0
O=C(C1CCCCC1)N1CCN(CC2=CC=C3OCCOC3=C2)CC1,0
CN(C1CCC2=CC=CC=C2C1)C(=O)C1=CC=CC=C1O,0
CC(NC(=O)N1CC2CC3CC(C2)CC1C3)C1=CC=C(C=C1)S(C)(=O)=O,0
FC(F)(F)CN1CC(CC1=O)C(=O)NC1=CC=CC(Cl)=C1,0
CC1=CC(=C(C)S1)C1=CC(C(=O)NC2CC(C)(C)NC(C)(C)C2)=C2C(C)=NOC2=N1,0
CC(=O)NC1=CC=C2N=C(NC(=O)C3=CC(C)=NO3)SC2=C1,0
FC1=CC=CC(F)=C1C(=O)NC1CCN(CC2=CC=CC=C2)CC1,0
CC1=CC(=CC=C1NC(=O)C1=NN(CCOC2=CC=CC=C2)C(=O)C=C1)C(O)=O,0
FC1=CC=CC=C1CC1=NN=C(NCC2=CC=CS2)O1,0
CC(N1CCC(CC1)C(=O)N1CCC2=CC=CC=C2C1)C(N)=O,0
O=C(NCC1=CC=C(N=C1)N1C=NC=N1)C1=CC=C(OC2=CC=CC=C2)N=C1,0
FC(F)(F)C1=CC=CC(=C1)N1CCN(CC1)C(=O)C1=CC=CN=C1N1CCCCC1,0
CC1=CC=CN2C=C(CC(=O)NC3=NC=C(CC4=CC=C(F)C=C4)S3)N=C12,0
C(N1CCN(CC2=CC=C3OCCC3=C2)CC1)C1=CSC(=N1)C1=CC=CC=C1,0
CC1=CC=C(C=C1)C1=NN(CCOC2=CC=CC(=C2)[N+]([O-])=O)N=N1,0
CC1=CC=C(Cl)C=C1N1N=CC2=C(NC3=CC=CC(Cl)=C3)N=CN=C12,0
CC(=O)N1CCC2=CC(=CC=C12)C(=O)NCC1=CC=C(C=C1)C(O)=O,0
O=C(NC1CC1)C1CCN(CC1)C(=O)C1(CC1)C1=CC=CC=C1,0
COC1=CC=CC=C1SCC(=O)NC1=C2CCCC2=NN1C1=CC=CC=C1,0
CC1=CC(=NN1C1=CC=CC=C1)C(=O)N(CC=C)C1=CC=CC=C1,0
O=C(N1CCC2=C(C1)C=CS2)C1=CC=C(C=C1)C#N,0
CN1C=CC(=CC1=O)C(=O)OCC1=CN(N=N1)C1=CC=C(Cl)C=C1,0
CNC(=O)C1CCCCN1C(=O)C1=C(C)N(N=C1)C1=CC=CC=C1C,0
CCN1N=CC2=CC=C(NC(=O)C3=CC(=CC(=C3)C(F)(F)F)C(F)(F)F)C=C12,0
CC1=NOC(=N1)C1=CC=C(C=C1)C(=O)NCCN1CCN(CC1)C1=CC=CC=C1,0
CN1C=C(C=N1)N1CCC(NC2=CC(F)=C(F)C=C2F)C1=O,0
CC(=O)NC1CCC(CC1)NC1CC2CCCC3=CC=CC1=C23,0
CC(C)CN1C=CC2=CC(NC(=O)N3CCC(O)C3)=CC=C12,0
CCN(CC1COC2=CC=CC=C2O1)C1=C2C=CSC2=NC=N1,0
CCN1C(C)=CC(C(=O)NC2=CN=C3N(N=CC3=C2)C(C)C)=C1C,0
OC(=O)CN(CC1CC1)C1CC(C1)NC(=O)C1=NC=CC2=CC=CC=C12,0
CC(C)S(=O)(=O)C1=C(N=C(O1)C1=CC=C(F)C=C1)S(=O)(=O)C1=CC=CC=C1,0
CN(C(=O)C1=CN(N=N1)C1=CC=C(C)C=C1)C1=CC(Cl)=CC=C1C#N,0
COC1=CC=C(C(C)=C1)S(=O)(=O)N1CCC(=CC1)C1=CNC2=NC=CC=C12,0
FC(F)(F)C1=CC=CN(CC2=NN(C=N2)C2=CC=CC=C2)C1=O,0
CCOC1=CC=C(C=C1)C1CCCN1CC(=O)N1CCC2=C(C1)C1=CC=CC=C1N2,0
CN1N=C(C)C(C2CCCN2CC2=NN(C=C2)C2=CC=CC=C2)=C1C,0
CC1=CC=C(CC(=O)N2CCN(CC2)C2CCCC2O)C=C1,0
CC(=O)NC1=CC=CC=C1OCC1=NC(=CS1)C1=C(F)C=CC=C1F,0
CC1=CC=C(OC2=CC=C(NC(=O)C3CCCN3C3=NC=CS3)C=N2)C=C1C,0
CC1=CC=CN2C=C(CN3N=NN(C4=CC=CS4)C3=O)N=C12,0
CC1=C(N=C(NC(=O)C2=CC3=CC=CC=C3O2)S1)C1=CC=C(F)C(F)=C1,0
OC1=CC=C(C=C1)C(=O)N1CCN(CC1)C1=C2C=COC2=CC=N1,0
O=C(CN1C(=O)C2CCCCC2C1=O)NC1=CC=CC=C1,0
CC1=CC=CC=C1C1=NN(CC2=C(F)C(F)=C(F)C(F)=C2F)N=N1,0
CC1(C)CC2=CC=CC(OCC3=CC=C(C=C3)C#N)=C2O1,0
CC1=CC=CC(=C1)N1CCN(CC(C)(C)NC2CCOCC2)CC1,0
CC(=O)N1CCN(CC1)S(=O)(=O)C1=CC=CC(Cl)=C1C,0
CN1C2=C(N(CC3=CC=C(C=C3)C(=O)N3CCCC3)C=N2)C(=O)N(C)C1=O,0
ClC1=CC(NC(=O)CN2C=NC3=CC=CC=C23)=CC=C1C#N,0
C(NC1CCCC1)C1(CCCCC1)N1CCCCC1,0
CCOC1=CC=C2N=C(NC(=O)C3=C4N=CC=CN4N=C3)SC2=C1,0
CN(C)C1=NC(=NC2=CC=CC=C12)C1=CC=CN=C1,0
CN(CC1=C(F)C=CC=C1Cl)C(=O)C1=CC2=NC(C)=C(C)N=C2C=C1,0
CC1=CC=C(NC(=O)C2CCCC3=CC=CC=C23)C=C1C,0
COC1=NC(=CC2=CC=CC=C12)C(=O)N1CC(CO)C1,0
COC1=CC=C(NC(=O)C2=CN(N=N2)C2=CC=CC=C2)C=C1,0
N#CC1=CC=C(OC2CN(C2)C2=C3C=CSC3=NC=N2)C=C1,0
COC1=CC=C(C=C1)C1=NN=C(CN2C(=O)C(=CC=C2C(F)(F)F)C(N)=O)O1,0
CC1CN(CC2CCCN2C(=O)C2=CC3=CC=CC=C3N2)CC(C)O1,0
OC1CCCC1N1CCN(CC1)C(=O)CC1=CC=CC(Cl)=C1,0
CCC1=CC=C(C=C1S(=O)(=O)N1CCOCC1)C(=O)N1CCCC11CCCCCC1,0
O=C(CN1CCCC2=CC=CC=C12)NC1=CC(=NN1C1=CC=CC=C1)C1CC1,0
CC(=O)N1CCC(CC1)NC(=O)C1=CC=CN=C1N1CCCC1,0
NC(=O)C1=CC=CN=C1N1CCN(CC1)C1=CC=CC=C1F,0
C(CC1=CNC2=CC=CC=C12)NCC1=CC=C2OCCOC2=C1,0
COC1=CC=CC=C1CN(C)C(=O)C1=CC2=CC=CC=C2S1,0
CN1CCN(CC1)S(=O)(=O)C1=CC=C(NC(=O)CC2=C(F)C=CC=C2Cl)C=C1,0
CN(CC1=NC2=CC=CC=C2N1CC1=CC=C(Cl)C=C1Cl)C(C)=O,0
NC(=O)C1=CC=C(NC(C(=O)N2CCCCC2)C2=CC=CC=C2)C=C1,0
CC(N1CCC(CC1)C(=O)NC1=CC=CC=C1)C(=O)N1CCC2=CC=CC=C12,0
ClC1=CC=CC=C1CNC(=O)C1=CC=CC(CN2C=CN=C2)=C1,0
CC(C)C1=CC=C(C=C1)C1=NC(=CS1)C(=O)NC1=NC=C(C)S1,0
CC1=CC=C(CNC(=O)CN2CCN(CC3=CN(N=C3)C3=CC=CC=C3)CC2)C=C1,0
CCC1=CC=C(NC(=O)C2CCCN2C2=NC=CS2)C=C1,0
CC1=CC(C)=C2C=C(CN3CCC(CC3)C3CCOCC3)NC2=C1,0
O=C(NCC1=CC=C(CN2C=CN=C2)C=C1)C1CCCC2=CC=CC=C12,0
OC1=CC=CC=C1N1CCN(CC1)C(=O)CC1CC2CCC1C2,0
CC1=NN2C(N=C(C)C=C2NC2=CC=CC(C)=C2)=C1C1=CC=C(Cl)C=C1,0
O=C(N1CCCC1C1CCCC1)C1=CC=C2NC=CC2=C1,0
CC1=NN(C(C)=C1)C1=CC=CC(NC(=O)C2=CC=C(F)C(F)=C2)=C1,0
FC(F)(F)COC1=CC=C(CN2CCC(CC2)N2C(=O)NC3=CC=CC=C23)C=C1,0
CN(CC1=CC=C(C=C1)C(O)=O)C(=O)C1CC2=CC=CC=C2O1,0
CC(N1CCC(CC1)N1CCCC1)C(=O)N1CCC2=C(C1)C=CS2,0
O=C(NC1CCCC1)C1=CC=CC=C1OC1=CC=CC=C1,0
CC1=NNC(=N1)C1=CC=C(NCC2CC2)C=C1,0
CN(C)CC1CCN(C1)C(=O)NC1=CC=C(C)C(=C1)N1C=NN=N1,0
CC1=C(C2CCN(CC3=CNN=C3)CC2)C2=CC=CC=C2N1,0
NC(=O)C1=CC=C(CN(C2CC2)C2=C3C=CSC3=NC=N2)C=C1,0
COCCCN1C(SC2=CC=C(C=N2)C#N)=NN=C1C1=CC=CC=C1Cl,0
O=C(NCCN1CCCCC1)C1C2=CC=CC=C2OC2=CC=CC=C12,0
Cl.COC1=CC=C(C=C1)C1CC(C)N(C1)C(=O)CNC1CC1,0
FC1=CC(Br)=CC=C1C(=O)NC1=CC=CC(=C1)C#CC1=CC=CC=N1,0
C(NC1=NC=CN2C(=NN=C12)C1CC1)C1(CCOCC1)C1=CC=CC=C1,0
ClC1=CN=CC=C1N1CCN(CC1)C1=CC(=CC=N1)C#N,0
O=C(NC1=CC=CC=C1)N1CCCC(C1)N1CCNC1=O,0
CC(=O)C1=CC=C(OCC2=NC3=CC=CC=C3N2C(F)F)C=C1,0
NC(=O)C1=CC(=NC2=CC=CC=C12)N1CCN(CC(=O)N2CCCCCC2)CC1,0
CC1CN(CCC1NCC1=C2C=CNC2=CC=C1)C(=O)C1CC1,0
COC1=CC=CC=C1C(=O)N1CCN(CCN2C(=O)CCC2=O)CC1,0
CCC1=NN=C2C=CC(NC3CC(C)N(C3=O)C3=CC=CC=C3)=NN12,0
COC1=CC=CC=C1CN(C)C(=O)C1=CN(CC2=CC=CC=C2)N=N1,0
CCN(CC1CCOC1)C(=O)C1=CSC(=N1)C1=CC=C(OC)C=C1,0
CC(C)N1CCN(CC1)C1=CC(=NC=N1)N1CCN(CC1)C(C)C,0
FC1=CC=C(C=C1)C(=O)NC1=CC=C(CN2C=NC=N2)C=C1,0
CC1CN(C)CCC1N(C)C(=O)NC1=CN(CC2=CC=CC=N2)N=C1,0
CN1N=CC2=C1CCCC2NC(=O)CC1=CSC(=N1)C1=CC=CC=C1,0
COC1=CC=CC=C1NC1CCN(CC2=CC=C(C=C2)C(N)=O)CC1,0
CC1=CC=C(C=C1)C1=NOC(NCCN2C=CN=C2)=N1,0
CC(=O)NC1=CC=CC(=C1)N1C(C)=NN=C1SC1=CC=C(C=C1C#N)[N+]([O-])=O,0
FC1=CC=C(C=C1)N1CCN(CC(=O)NCC2CCN(C2)C2=CC=CC=C2)CC1,0
[O-][N+](=O)C1=CC=CC(=C1)C1=NOC(CN2C=NC3=C(SC=C3)C2=O)=N1,0
O=C(NCC1=CC=CC=C1)N1CCN(CC2=CC=NC=C2)CC1,0
O=C(N1CCN(C2CC2)C(=O)C1)C1=NC2=CC=CC=C2N1,0
CN1C(=CC2=CC=CC=C12)C(=O)NCC1=NN=C2C=CC(C)=NN12,0
CCN(CC1=NC2=C(N1)C(=O)N(C)C(=O)N2C)C1=CC=CC=C1,0
[O-][N+](=O)C1=CN(CCOC2=NN=C(O2)C2=CC=CC=C2)C(=O)C=C1,0
O=C(NC1CC1)C1CCN(CC1)C(=O)C1(CCC1)C1=CC=CC=C1,0
O=C(NC12CC3CC(CC(C3)C1)C2)C1=CC2=CC=CC=C2N1,0
CC1=CC(=CC=C1NC(=O)C1=CC=C(O1)C1=CC=CC=C1Cl)C(N)=O,0
CN1CCN(CC1)S(=O)(=O)C1=CC(F)=CC(F)=C1,0
O=C(NC1=CC=CC(=C1)S(=O)(=O)N1CCCCCC1)C1CCC1,0
COC1=CC=C(C=C1)C1=C(C)SC(NC(=O)C2=C(C)N(C(C)=C2)C2=CC=CN=C2)=N1,0
CC1=CC=CC(C)=C1NC(=O)C1=CC=C(C=C1)N1C=CN=N1,0
CC1=CC=C(CCC2CCN(CCN3C(=O)CCC3=O)CC2)C=C1,0
CC(C)C1=NOC(CNC2=CC=CC=C2CN2CCC(CO)CC2)=N1,0
CC1=NC(=NC(N2CCCC(CCC(N)=O)C2)=C1C)C1=CC=CN=C1,0
ClC1=CC=C(CN2CCC(CC2)NC(=O)C2CCCCC2)C=C1,0
FC1=CC=C(OCC2=NOC(=C2)C2=CC=CO2)C(Br)=C1,0
CC1N(CCC2=C1NC1=CC=CC=C21)C(=O)C1=CC=C(OCC(N)=O)C=C1,0
O=C(CCC1=CNC2=CC=CC=C12)N1CCCC1C1=CC=CN=C1,0
CC(NC1=C(Cl)C(=O)N(N=C1)C1=CC=CC=C1)C1=CC=C2OCCC2=C1,0
OC1CCCC1CNC(=O)C1=CN(N=N1)C1=CC=CC(Cl)=C1F,0
CN(C1CCC(CC1)C1=CC=CC=C1)C(=O)NC1=NOC(C)=C1,0
CC1=C(O)C=CC=C1C(=O)NC1=CC=CC=C1CN1CCC(O)CC1,0
O=C(CC1CCC=C1)NC1=NC(=CS1)C1=CC=CN=C1,0
CCNC1=CC=C(C=C1NC(=O)C1CCCC1)S(=O)(=O)N1CCOCC1,0
CC(C)C(=O)N(C)C1=CC=CC2=C1CCCN2C(=O)C(C)C,0
CCC1CCC(CC1)N(C)CC(=O)N1CCCC2=CC(=CC=C12)S(=O)(=O)N1CCCC1,0
CC(C)C(SC1=NN=CN1C1=CC=CC=C1C)C(=O)N(C)C1CCCCC1,0
CS(=O)(=O)C1=CC=C(C=C1)C(=O)N1CCCCCC1,0
CN(CC1=CN(N=C1)C1=CC=CC=C1)C(=O)C1CCCN1C(=O)C1CCCCC1,0
CC(NC(=O)C1CCC1)C1=CC=CC(Br)=C1,0
COC1=CC=C(C2=NOC(CNC3=C(F)C=CC=C3F)=N2)C(OC)=C1,0
Cl.CNC1CCN(C1)S(=O)(=O)C1=CC=C(C=C1)C1=CC=CC=C1,0
CCC(NC1=CC(CC)=NC(=N1)C1=CC=NC=C1)C1=NC(=CN1)C1=CC=CC=C1,0
NC1=CC(=NN1)C1CCN(CC1)C1=CC=C(C=N1)C(F)(F)F,0
CCC1=C(O)C=C2OC(C)=C(C3=NC4=CC=CC=C4N3C)C(=O)C2=C1,0
NC(=O)C1CCN(CC1)C(=O)C1=CC=CC=C1CCC1=CC=CC=C1,0
CC1CCCCN1C(=O)CN1CCN(CC2=CC=C(C=C2)N2C=CC=N2)CC1,0
CC1=CC2=NN=C(SCC(=O)C3=CC=CC=C3)N2C(C)=N1,0
O=C(N1CCCCC1CN1C=CC=N1)C1=CC=C(N=C1)N1C=CC=N1,0
CN1CCCC(CNC(=O)C2=CC=C(OCC3=CC=CC=N3)C=C2)C1,0
FC(F)(F)C1=CC=CC(=C1)C1=NOC(CN2C=C(C=C(Cl)C2=O)C(F)(F)F)=N1,0
CCC(CN1C(=O)NC2=CC=CC=C2C1=O)N1CCCC1,0
CC1=NN(C(NC(=O)CN2C(=O)COC3=CC=CC=C23)=C1)C1=CC=CC(Cl)=C1,0
NC1=NC(CSC2=NN=CN2CC2=CC=CO2)=NC(N)=N1,0
CCN1C=CC2=CC(NC(=O)NC3=CC=CC=N3)=CC=C12,0
CC1(CNC2=NC=C(CC3=CC=C(F)C(F)=C3)S2)CCOCC1,0
CC1=NN(CC2=CC=C(C)C=C2)C(C)=C1C(=O)NC1=CC2=CC=CC=C2N=C1,0
COC1=CC=CC=C1CC(=O)N1CCCC(C1)C1=NN=CN1C,0
CC(NC(C)C1=CC=C(C=C1)N1C=CN=C1)C1=NN=C(O1)C1=CC=CC(C)=C1,0
FC1=CC(=CC(F)=C1)C(=O)N1CCN(CC1)C1=CC=C(C=N1)C#N,0
COC1=CC=CC=C1N1CCN(CC1)C(=O)C1=CC=C(OCC(N)=O)C=C1,0
COC1=CC=C(CN2CCN(CC3=CN(N=C3)C3=CC=CC=C3)CC2)C=C1OC,0
FC1=CC2=C(NCCNC3=NC=NC4=CC=CC=C34)N=CN=C2C=C1,0
CC1=C(C=NN1C1=CC=CC(=C1)C(F)(F)F)C(=O)NCC1CCOC1,0
BrC1=CC=CC=C1NC(=O)CC1=COC(=N1)C1=CC=CC=C1,0
NC(=O)C1CCCCN1CC1=CC=C(C=C1)C(=O)N1CCCC1,0
COC1=CC=C(NC(=O)C2=CC=C(NC(C)=O)C=C2)C=N1,0
CCN1C(=CC2=CC=CC=C12)C(=O)NCC1=NN=CN1C1=CC=CC=C1,0
COC1=CC=CC=C1N1CCN(CC1)S(=O)(=O)C1=CC=C(OC(F)(F)F)C=C1,0
CCC1=NN=C(NC(=O)CC2=COC3=CC(C)=CC(C)=C23)S1,0
CN1C=CN=C1C(NC(=O)C1=CN=C(N)C(Cl)=C1)C1=CC=CC=C1,0
COC1=CC=C(NC(=O)C2=CC=C(CN3C=CC=N3)C=C2)C=N1,0
CC1=CC=CC(=C1)N1C=C(N=N1)C(=O)NC1=CC=C2CNC(=O)C2=C1,0
CC(OC1=CC=C(F)C=C1)C(=O)N1CCN(C)CC1C1=CC=CC=C1,0
NC1=CC=C2N=C(CC3=CC=CC=C3)OC2=C1,0
CC1=CC=CC=C1CN1CCN(CC1)C(=O)NCC1=CC=CC=C1,0
CC1(C)CC(CC(C)(C)N1)NC(=O)N1CCC2=CC=CC=C2C1,0
FC(F)(F)C1CCCN(C1)C(=O)C1=CC=C(O1)C1=CC=CC=C1Cl,0
CC1CC1C(=O)N1CCNC(=O)C1C1=CC=CC=C1C(F)(F)F,0
ClC1=CC=C2CCN(C(=O)C3=CC=CC4=C3OCC(=O)N4)C2=C1,0
COC1=CC=C(NC(=O)C2=NN3C(=N2)N=C(C)C=C3C)C=C1S(=O)(=O)N(C)C,0
NC(=O)C1=CC(=NN1C1=CC=CC=C1)C(=O)N1CCSC2=CC=C(Cl)C=C12,0
CC1=C(C)C2=CC(=CC=C2N1)C(=O)N1CCCCCC1C1=CC=NC=C1,0
CCOC1=CC2=C(OC(C)C2)C=C1NC(=O)CC1=CC=C(C)C=C1,0
Cl.OC(=O)[C@@H]1CCCN1CCC(=O)N1CCC2=CC=CC=C12,0
COC1=CC=CC=C1C1=NOC(CNC2=CC(Cl)=CC=C2N2CCOCC2)=N1,0
NC(=O)CN1CCC(CC1)NC(=O)C1=CC2=CC(Cl)=CC=C2O1,0
CC1=CC=C(C=C1)C1=NN(CC(=O)NC2CC3CCC2(C)C3(C)C)N=N1,0
FC1=CC=C(C(=O)NC2=CC=C(OC3=CC=CC=C3C#N)N=C2)C(F)=C1,0
C1CC2=C(CN1C1=NC=CC=N1)C1=CC=CC=C1N2,0
CCN1CCN(CC1)S(=O)(=O)C1=CC=CC(Cl)=C1,0
CC1=NN(C(NC(=O)CC2=CC=C(F)C=C2)=C1)C1=CC=C(C)C=C1,0
CC1CC(C)CN(CC2=CC=C(CNC(=O)C3=CC=C4NC(=O)COC4=C3)C=C2)C1,0
O=C(NC(C1CC1)C1CC1)C1COC2=CC=CC=C2O1,0
O=C(NC1CCCC1)C1=CC=CC=C1C1=CC=CC=C1,0
COC1=CC=CC=C1C(=O)N1CCC(CC1)C(N)=O,0
CNC(=O)C1=CC=CC(NC(=O)C2=NN(C=C2)C2=CC=C(Cl)C=C2Cl)=N1,0
CC(C)N1CCC(C1)NC(=O)C1=CC(O)=NC2=CC=CC=C12,0
NC(=O)CC1CCN(CC1)C(=O)CC1=CC=C2CCCC2=C1,0
CCC1=C2NC=C(C(=O)NC3CCN(CC3)C3=NC=CC=N3)C2=CC=C1,0
C1CC(CCO1)N1CCN(CC1)C1=NOC(=N1)C1=CC=CC=C1,0
CC(=O)N1CCC2=CC=CC=C2C1CC(=O)N1CC2=CC=CC=C2CC1C(O)=O,0
CC1CCC(C)N1C1CCCN(C1)C(=O)C1(CC1)C1=CC=CC=C1,0
CC(N1CCN(CC1)C(=O)C1=C2NC=CC2=CC=C1)C1=CC=CC=N1,0
O=C(NC1=CC=CC=C1)N1CCN(CC1)C(=O)N1CCOCC1,0
COC1=CC=C2N(C3CC3)C(C)=C(C(=O)N3CCC(CO)C3)C2=C1,0
CCC1=NN(C(CC)=C1)C1=NC2=C(N1C)C(=O)N(CC(C)=O)C(=O)N2C,0
CC1(C)CC2=CC=CC(OCC(=O)NC3CCN(CC4=CC=CC=C4)CC3)=C2O1,0
CCOC(=O)C1=CN=C2N(C)N=CC2=C1N1CCC(CC1)C1=CN(C)N=C1,0
O=C(N1CCC(CC1)C1=CC=CC=C1)C1=CC=CC2=C1OCCO2,0
NC(=O)C1CCCN1C(=O)CC1=CSC2=CC=C(Cl)C=C12,0
CC(=O)N1CCN(CC1)S(=O)(=O)C1=CC(Cl)=CC=C1C,0
CN1C=C(C=N1)C1CCCN1CC1=NC(=NO1)C1=CC=CC=N1,0
COC1=CC=C(CC2=NC3=CC=CC=C3N2CC(=O)N2CCOCC2)C=C1,0
O=C(N1CCN(CC2=CC=CC=C2)CC1)C1=CC=C(C=C1)N1CCCC1=O,0
CC1=C(NC(=O)C2=CC=CN=C2SCC2CCCCC2)C=CC=C1C(N)=O,0
CC1CC1C(=O)NC1=CC=C(CC2=NC3=CC=CC=C3S2)C=C1,0
FC1=CC(=CC(F)=C1)C(=O)N1CCN(CC1)C(=O)C1=CC=CC(=C1)C(F)(F)F,0
FC1=CC=C(C=C1)C1(CCC1)NC(=O)C1=CSC(=N1)C1=CC=CC=N1,0
CN(CC1COC2=CC=CC=C2O1)C(=O)C1=CC=CN=C1N1CCOCC1,0
CN1C(N)=C(C(=O)NC2CCCCCC2)C(=O)C2=CC=CC=C12,0
CC1=NN=C(O1)C1=CC=CC(NC(=O)C2=CN(N=C2)C2=CC=CC=C2)=C1,0
CCN1CCN(CC1)C1=CC(C)=NC2=C(C(C)=NN12)C1=CC=C(Cl)C=C1,0
CC(=O)N1CCCC1C(=O)NC1CCN(C1)C1=CC=C(F)C=C1F,0
BrC1=CC=C(N=C1)N(C(=O)C1=CC=CS1)C(=O)C1=CC=CS1,0
CCC1CCCCN1CC1=NC2=C(N1CC1=CC=C(Cl)C=C1)C(=O)N(C)C(=O)N2C,0
OCC1CCN(CC1)C1=NC(=NC2=CC=CC=C12)C1=CC=CC=C1,0
OCCN1CCN(CC1)C(=O)CC1=CSC2=CC=CC=C12,0
COCCN1C2=C(N(CC3=CC=CC=C3)C(=N2)C2=CC=NC=C2)C(=O)NC1=O,0
O=C(C1CC1)N1CCCN(CC1)C(=O)C1=CNC2=CC=CC=C12,0
CC1CN2C(=NC3=C2C(=O)N(C)C(=O)N3C)N(C1)C1=CC=C(Cl)C=C1,0
CC1=NC(CS(=O)CC2=CC=C(C=C2)N2C=CC=N2)=CS1,0
C=CCN1C(SCCN2N=C3C=CC=CN3C2=O)=NN=C1C1=CC=CO1,0
CC1CCCCN1C(=O)CN1CCN(CC1)C(=O)C1=CC=C(Cl)C(Cl)=C1,0
CC1=CC=CN=C1NC(=O)CC1=CSC(=N1)C1=CC(Br)=CS1,0
CN1C2=C(N(CCC3=CC=CC=C3)C(=N2)N2CCN(CC=C)CC2)C(=O)NC1=O,0
OC(=O)CCSCC1=CC=CC(NC(=O)CNC(=O)CC2=CC=CC(F)=C2)=C1,0
CC(N1CCOC(C1)C1=CC=C(Cl)C=C1)C(=O)NC1=CC=C(C#N)C(Cl)=C1,0
ClC1=CC=C(C=C1)C(=O)N1CCCC(C1)C(=O)N1CCC(=CC1)C1=CNC2=CC=CC=C12,0
O=C(CN1C(=O)OC2=CC=CC=C12)N1CCN(CC2=CC=C(C=C2)C#N)CC1,0
CN(CC1COC2=CC=CC=C2O1)CC(=O)N1CCC(CC1)C(=O)NC1=CC=CC=C1,0
ClC1=CC=C(N2CCC(C2)NC(=O)C2CNC(=O)C2)C(Cl)=C1,0
Cl.BrC1=CC=CC=C1C(=O)N1CCC(CC1)NCC1CC1,0
CC1=CC=CC(=C1)C(=O)NC1=C(N(N=C1)C1=CC=CC=C1)C(F)(F)F,0
O=C(CN1N=NC2=CC=CC=C2C1=O)N1CCC(C1)NC1=CC=CC=C1,0
O=C(CNC1=CC=CC2=C1CCCC2)N1CCC2=CC=CC=C12,0
CC(N1CCN(CC1)C1=NC(N)=C2C=NN(C)C2=N1)C1=CC=CC=N1,0
CN1CCOC(CNCC2=CNN=C2C2=CC=C3OCOC3=C2)C1,0
COC1=CC=C(C=N1)C(=O)NC(C1=CC=CC=C1)C1=CC=CC=C1,0
CN(CC(F)F)C1CCN(CC1)C1=C2C=C(SC2=NC(C)=N1)C1=CC=CC=C1,0
O=C(NC1=NC(=NS1)C1=CC=CC=C1)C1=CC=CC=C1,0
FC1=CC=C(C=C1)C1=NOC(COC2=CC=C(Cl)C=C2C(=O)NC2=CC=CC=C2)=N1,0
O=C(NCCN1CCN(CC1)C1=NC=CC=N1)C12CC3CC(CC(C3)C1)C2,0
COC(=O)CN(C(=O)C1=C(C)N=C(S1)C1=CC=CC=N1)C1=CC=CC(C)=N1,0
CC(C)C(=O)N1CCC(NCC2=CC3=CC=CN=C3C=C2)C(C)C1,0
C=CCNC1=NC=C(S1)C(=O)NCC1=CN(N=N1)C1=CC=CC=C1,0
CN1C2=C(N(CC3=CC=C(Cl)C=C3Cl)C(=N2)N2CCN(CC=C)CC2)C(=O)NC1=O,0
CN1N=C(C)C(C)=C(C2=NC(=CS2)C2=CC3=CC=CC=C3O2)C1=O,0
CC1=CC=CC=C1NC(=O)C1=CN(CC2=CC=CC=C2)N=C1,0
CS(=O)(=O)C1=CC=CC(OCC2=NC(CC3=CC=CC=C3)=NO2)=C1,0
OCC1CCCCN1C(=O)CC1=CSC(=N1)C1=CC=CC(F)=C1,0
CS(=O)(=O)NC1CCN(CC1)C(=O)C1=CC2=CC=CC=C2N1,0
CC1CC2=CC=CC=C2N1C(=O)C1=CN(N=N1)C1=CC=CC=C1Br,0
CN(C1CCC(CC1)C1=CC=CC=C1)C(=O)C1=CNC2=NC=CC=C12,0
CN1C(SCC2=CC=CC3=CC=CC=C23)=NN=C1C1=CC=NC=C1,0
CC(CC(=O)N1CCC(CC1)NC(=O)C1CCCCC1)C1=CC=C(F)C=C1,0
CCN1CCC(CC1)NC(=O)C1=CC=CN(CC2=CC=CC=C2)C1=O,0
CN(CC1=CSC=N1)C1CCN(C1=O)C1=CC=CC(Cl)=C1,0
CC1=CC=CC=C1CN1CCC(CC1)NC1=CC=C(C=N1)C#N,0
CC1=CC=CC(=N1)N1CCCN(CC1)C1=CC=CC=N1,0
CN1CCOC2=CC=C(NC(=O)C3=COC(=N3)C3=CC=CC=C3)C=C12,0
O=C(NC1CCCC2=CC=CC=C12)C1=CC=C(OC2=CC=CC=C2)C=C1,0
CCN(C(=O)C1=C(C=CS1)C1=CC=C(C)C=C1)C1=NC2=CC=CC=C2S1,0
CC(C)C(=O)NC1=CC=C(OCC2=NN=C(C3CC3)N2C)C=C1,0
COC1=CC=C(NC(=O)C2CCCC3=CC=CC=C23)C=C1,0
FC1=CC=CC(F)=C1N1C=CC(=N1)C(=O)NC1=CC=C(CN2CCOCC2)C=N1,0
OC1=CC=CC=C1N1CCN(CC2=CC=C(F)C3=CC=CN=C23)CC1,0
C(NC1=CC=C(N=N1)C1=CC=CC=C1)C1=CC=C2OCCOC2=C1,0
CN(C)S(=O)(=O)C1=CC=C2N(CCC2=C1)C(=O)CCC1CCCCC1,0
CC1=CC=CC=C1CC1=NC2=CC=CC=C2N1,0
COC1=CC=C(NC(=O)C2=C(C)N(N=C2)C2=CC=CC(Cl)=C2)C(C)=N1,0
CCOC1=CC=CC=C1N1CCN(CC2=CN(C)N=C2C)CC1,0
CN(C)C1=NC(C)=CC=C1NC(=O)C1=CN(N=C1)C1=CC=CC=C1C,0
COC1=CC=CC=C1N1CCN(CCN2C(=O)CCC2=O)CC1,0
CCN1C=C(C=N1)S(=O)(=O)N1CCC2=C(C1)N=CN2C1CC1,0
FC(F)(F)C1=CC=CC=C1NC(=O)C1=CSC(=N1)C1=CC=CC=C1,0
CC1=C(N=C(O1)C1=CC=CS1)C(=O)NC1=C(F)C=C(Cl)C=C1F,0
CCOC1=CC=CC=C1C(=O)N1CCCC2=CC(OC)=CC=C12,0
CC(C)OC1=CC=C(C=C1)C(=O)N1CCCC2=CC=CC=C12,0
CN(C)C1=CC=C(C=C1)C(=O)N1CCC(CC1)C(=O)NC1=CC=CC=C1,0
CC(NC(=O)C1=CC=C(CN2CC(C)OC(C)C2)C=C1)C1=C(C)N(C)N=C1,0
COC1=CC=C(CSCC2=NC(=NO2)C2=CC=C(C)C(F)=C2)C=C1F,0
FC1=CC=C(C=C1)S(=O)(=O)N1CCN(CC1)C(=O)C1=C(Cl)C2=CC=CC=C2N1,0
FC1=CC=C2N(CCC(=O)N3CCCC3)C(=O)CCC2=C1,0
FC1=CC=C(NC(=O)C2=NN(C=C2)C2=CC=CC=C2)C(F)=C1,0
ClC1=CC=CC(CN2C=CN(C(=O)C2=O)C2=CC=CC=C2)=C1,0
CCC(NC1=NN2N=NN=C2C=C1)C1=CC=C2OC(C)(C)CC2=C1,0
COC1=CC(F)=CC=C1NC(=O)C1=CC=CC(NC2=NC=CC=N2)=C1,0
CN(C)C1CN(C1)C(=O)NC1=CC=C(OCC2=CC=CN=C2)C=C1,0
O=C(NC1=NN=CS1)N1CCC(CC2=CC=CC=C2)CC1,0
CC(N1CCN(CC1)C(C1=CC=CC=C1)C1=CC=CC=C1)C(N)=O,0
CC1CCC2=C(C1)SC=C2C(=O)NC1=NN(CC2=CC=NC=C2)C=C1,0
CCC1CN(CC(C)O1)C(=O)NC1=CN(CC2=CC=CC=C2)N=C1,0
O=C(NCC1=NOC(CCC2CCCOC2)=N1)C1=CC=CC=C1,0
FC(F)OC1=CC=CC(=C1)C(=O)N1CCC(CC1)NC(=O)C1=CC=CC=C1,0
COC1=CC=CC=C1N1C=CN=C(NCC2=CC=C(F)C=C2)C1=O,0
CN1C=CN=C1C(NC(=O)C1=CC(C)=CC=C1)C1=CC=C(F)C=C1,0
CCC1=CC=C(C=C1)C1=NOC(NC(=O)C(C)N2C=CN=C2)=C1,0
O=C(NC(C1CCCCC1)C1=CC=CC=C1)C1CCN(CC1)C(=O)C1=CC=CN=C1,0
CC1CN(CC2=CC=C(C=C2)C2=CC=CC=C2C#N)C(C)CO1,0
CC1=C(C2=CSC(NC(=O)C3=CC=CC=N3)=N2)C2=CC=CC=C2N1,0
CN1CCN(CC2=CSC(=N2)C2=COC=C2)C2=CC=CC=C12,0
COC1=CC=C(NC(=O)CN2C3=CC=CC=C3OCCC2=O)C=C1Cl,0
COC1=NC2=CC=CC=C2C(CNC(=O)C2=C3N=CC=CN3N=C2C)=C1,0
CS(=O)(=O)CC1=CC=C(C=C1)C(=O)N1CCCC(C1)C(=O)NC1=CC=CC=C1,0
CNC(=O)C1CCN(CC1)C(=O)C1=CSC2=C1CCC(C)C2,0
CC1=CC(C)=C2C=C(CN3CCC(CC3)C(N)=O)NC2=C1,0
FC1=CC=C(CC(=O)NC2CCN(CC3=CC=C(Cl)C=C3)CC2)C=C1,0
COC1=CC2=C(CN(CC2)C(=O)C2=CC3=C(C)C=C(C)C=C3N2)C=C1OC,0
COC1=CC=CC=C1N1CCN(CC1)S(=O)(=O)C1=CC=C(F)C(F)=C1,0
CN1C(N)=C(C(=O)NCC2=CC=CC=C2)C(=O)C2=CC=CC=C12,0
O=C1COC2=CC=C(C=C2N1)S(=O)(=O)N1CCC(CC1)OC1=CC=CC=C1,0
FC1=CC(Cl)=CC=C1NC(=O)C1=NOC(=C1)C1=CC=CS1,0
CC(C)C1=CC=C(CN2CCN(CC2)C(=O)C2=NNC3=CC=CC=C23)C=C1,0
COC1=CC=C(C=C1)C1=NN=C(CN2CCCC2C2=CC=CC=C2)O1,0
FC(F)OC1=CC=CC=C1N1CCC(C1)NC(=O)NC1=CC=CC=N1,0
CC(C)CC1=NN=C(O1)C(C)S(=O)(=O)C1=NC(C)=C(CC2=CC=CC=C2)N1,0
CC1=CC2=CC=CC=C2N1CC(=O)NC1=CC2=CC=CC=C2N=C1,0
O=C(NCC1CCCO1)C1=NN(C(=N1)C1=CC=CC=C1)C1=CC=CC=C1,0
CN1N=CC=C1CN1CCC(=CC1)C1=CNC2=CC=CC=C12,0
CC(C)C(=O)N1CCN(CC1)C(C)C1=NC(=NO1)C1=CC=C(Cl)C=C1,0
COC1=CC=CC=C1N1CCN(CC1)C(=O)C1=CC=C(C)N=C1,0
COC1=CC=C(C=C1OC)C1=NN=C(NC(=O)C2=CC=C(F)C=C2)O1,0
CCN1C=CC2=CC=C(NC(=O)C3=CN(N=N3)C3=CC=C(F)C=C3)C=C12,0
CC1=CC=C(C=C1)C1=NC(CS(=O)(=O)CC2=CC=CC(F)=C2)=CO1,0
CN(C)C(=O)C1CCCN1C1=NC=NC2=CC=CC=C12,0
CC1CCN(CC1)C(=O)CN1C(=O)OC2=CC=CC=C12,0
CC1=CC=NC2=NC(=NN12)C(=O)NC1=CC=CC(=C1)C(=O)NCC(F)(F)F,0
CCC1=NN2C(N=C(C)C=C2N2CCN(CC(C)=C)CC2)=C1C1=CC=CC=C1,0
ClC1=CC=CC=C1N1CCN(CC1)C(=O)C1=CC2=CC=C(Br)C=C2N1,0
COC1=CC=C(CNC(=O)C2=CC=C3NC4=C(CCCC4)C3=C2)C=C1OC,0
CC(N1CCC(=CC1)C1=CNC2=CC=CC=C12)C(N)=O,0
CC(NC(=O)C1=CC2=C(OCO2)C(Cl)=C1)C1=CC=CC=C1Br,0
COC1=CC(Cl)=C(C)C=C1NC(=O)C1=C(C)NC(=N1)C1=CC=CC=C1,0
CCOC1CC(NC(=O)C2=C(C)ON=C2C2=C(Cl)C=CC=C2Cl)C11CCC1,0
CC1=CC=CN2C=C(N=C12)C1=CC=C(NC(=O)CC2=CC=C3OCCOC3=C2)C=C1,0
O=C(N1CCC(CC2=CC=CC=C2)CC1)C1=CC=C(C=C1)N1CCCC1=O,0
FC(F)(F)C1=CC=C(N2CCCC2)C(NC(=O)CN2C(=O)COC3=CC=CC=C23)=C1,0
CN(CC1CCS(=O)(=O)C1)C1=NC2=CC(F)=CC=C2C=C1,0
COC1=CC=C(C=C1)C1CC1C(=O)N1CCN(CCC(=O)NC2CC2)CC1,0
CCC1=NN2CCCC(NC(=O)C3=CC4=CC(Cl)=CC=C4O3)C2=N1,0
ClC1=CC=C(CN2CCC(CC2)NC(=O)C2CC2)C2=NC=CC=C12,0
O=C(N1CCN(CC1)C(=O)C1=CC=CC=C1)C1=CC2=CC=CC=C2N1,0
CC1=NC(=NN1C1=CC=C(F)C=C1)C(=O)NC(C1CC1)C1CC1,0
COC1=CC=C(C=C1)C(CNC(=O)C1=CC=C2NC3=C(CCCC3)C2=C1)N1CCOCC1,0
CC1=CC=CC(F)=C1NCC1=NN=C(O1)C1=CC=CS1,0
CN(C)C1CCN(CC1)S(=O)(=O)C1=CC=C2NC(=O)CCC2=C1,0
O=C(OC1=CC=C2OCOC2=C1)C1=CN(CC2=CC=CC=C2)N=N1,0
CC1=NOC(=N1)C1=CC=C(C=C1)C(=O)N1CCCSC2=CC=CC=C12,0
O=C(NC(C1CC1)C1=CC=CC=C1)C1=CC=C(CN2C=CC=N2)C=C1,0
CC(=O)NC1=CC=C(C=C1)C1=CSC(NC(=O)C2=NC3=CC=CC=C3C=C2)=N1,0
O=C(NCCC1CC2CCC1C2)C1=CNC2=CC=CC=C2C1=O,0
O=C(C1CCN(CC1)C1=NC=CC=N1)N1CCCC1C1CCCC1,0
CC1=C(SC(NC(=O)C2=CN3C=CC=NC3=N2)=N1)C1=CC=CC=C1,0
COC1=CC=C(C=C1)C1=CC2=C(S1)C(=O)N(CC(=O)N(C)C1CCC(C)CC1)C=N2,0
CC1=NC2=CC=CC=C2N=C1N1CCN(CC2=CC=CN=C2)CC1,0
CCC1=CC=CC=C1CC1=NOC(=N1)C1=CC=NC=C1C,0
O=S(=O)(CC1CCCO1)CC1=NN=NN1C1=CC=CC=C1,0
CC1CCC2=CC=CC=C2N1CC(=O)N1CCC2=CC=CC=C2C1,0
OC(=O)C1CC2CCCCC2N1C(=O)C1=CC=CC(Cl)=C1,0
[O-][N+](=O)C1=CN(CC2=NOC(=N2)C2=CSC=C2)C=CC1=O,0
CC1=CC=C(C=C1S(=O)(=O)N1CCCCC1)C(=O)NC1=CC=C(C=C1)N1C=CN=C1,0
CCN1CCN(CC1)C1=NC2=C(N1CC1=CC=C(C)C=C1)C(=O)NC(=O)N2C,0
CC1=C(C=CO1)C1=NN=C(O1)SCC1=CC(=O)N2C(C)=CSC2=N1,0
CC(C)C1=NC=CN1CC1=NN=C(O1)C1=CC=CS1,0
CCN1C(NC2=CC=CC(C)=C2)=NC2=CC=CC=C12,0
NC(=O)C1=CC=CC(=C1)C(=O)NC1CCC(CC1)C1=CC=CC=C1,0
O=S(=O)(N1CCC(CC1)N1CCCC1)C1=CC=C2CCCCC2=C1,0
CS(=O)(=O)C1=CC=C(NS(=O)(=O)C2=CC=C(OCC(O)=O)C=C2)C=C1C(F)F,0
FC1=CC(Cl)=C(C=C1F)C(=O)NC1=CC2=NC=CN=C2C=C1,0
O=S(CC1=NC(=NO1)C1=CC=CO1)C1=CC=CS1,0
CC(NC(=O)N1CCN(CC1)S(=O)(=O)C1=CC=C(Cl)C=C1)C1=NN=C2C=CC=CN12,0
COC1=CC=CC=C1C(=O)NC1=NC(=CS1)C1=CC=CO1,0
CN1C=C(C(=O)NCC2=CC=NC(=C2)N2CCCC2)C2=CC=CC=C12,0
CC1CCCC(NC(=O)C2=CC(=CC=C2C)S(=O)(=O)N2CCOCC2)C1C,0
CCC1=C2NC=C(C2=CC=C1)C1=CCN(CC1)C(=O)C1=CC=NC=C1,0
CN1C(SCC2=NN=NN2C2=CC=CC=C2)=NC2=CC=C(C)C=C2C1=O,0
CC1=CC(C)=C2C=C(NC2=C1)C(=O)N1CCN(CCO)C(C)(C)C1,0
C1CN(CCN1C1=NC2=CC=CC=C2O1)C1=CC=NC=C1,0
CC(N1CCN(CC1)C1=C2SC=CC2=NC=N1)C(=O)NC1CC1,0
CCOC1=CC=CC=C1C1=NC(CC(=O)NC2=CC=CC(F)=C2)=CS1,0
O=C(NC1CC1C1CCCCC1)C1=CC=CC=C1CN1C=NC=N1,0
FC(F)OC1=CC=CC=C1NC(=O)CN1CCN(CC1)C(=O)CC1CCCC1,0
ClC1=CNC(=C1)C(=O)NCC1=NN=C2C=CC=CN12,0
O=C(NCC1CC2=CC=CC=C2O1)C1=CC=CC(=C1)C#N,0
ClC1=CC=C(CC2=CN=C(NC(=O)C3=CN=CC=N3)S2)C=C1,0
O=C(NC1=NN(CC2=CC=CC=C2)C=N1)C1=NC2=CC=CC=C2C=C1,0
CC1=CC=CC(CC2=CN=C(NC(=O)C3CCCO3)S2)=C1Cl,0
ClC1=CC=C(N=C1)C1=NC2=CC=C(Br)C=C2C(=O)N1,0
CC1=C(SC=C1)C(=O)NC1=NC(=CS1)C1=CC(C)=CC=C1C,0
CC(C)N(C(=O)C1=NOC(=C1)C1=CC=C(F)C=C1)C1=CC=CN=C1,0
CC(C)N1N=CC2=C(C=C(C)N=C12)C(=O)NC1=NC2=CC=CC=C2C=C1,0
O=C(NC1CCN(CC1)C(=O)C1(CCCC1)C1=CC=CC=C1)C1=CC=CC=C1,0
CC(C)CN1CCN(CC1=O)C(=O)C1=CC2=CC(=CC=C2N1C)C(F)(F)F,0
Cl.O=C(CN1CCN(CC2=CC=CC=C2)CC1)N1CCCC2=CC=CC=C12,0
ClC1=CC=C(C=C1)N1C(=O)CC(N2CCC(CC2)C(=O)NC2=CC=CC=C2)C1=O,0
O=C(CN1N=NC(COC2=CC=CC=C2)=N1)N1CCN(CC1)C1CC1,0
CC1=CC=C(C=C1)C1=CC=C(C=C1)S(=O)(=O)N1CCCC1,0
CC1=NOC(=C1)C(=O)NC1=CC=C(F)C=C1OCC1CC1,0
CN1CCC(CC1)NC(=O)CN1C(COC2=CC=CC=C2)=NC2=CC=CC=C12,0
O=C(CC1CCC=C1)NC1=NN=C(S1)C1=CC=CC=N1,0
COC1=CC2=C(CN(CC2)C(=O)C(C)N2C=CN=C2)C=C1OC,0
COC1=CC=C(Cl)C=C1C(=O)N1CCCN(CC1)S(=O)(=O)C1=CC=C(C)C=C1,0
CC1=CC2=CC(NC(=O)C3=CC=C(F)C=C3Cl)=CC=C2N1,0
O=C(N1CCC2=CC=CC=C2C1)C1=NN(C2=C1CCC2)C1=CC=CC=C1,0
CN(C)C(=O)CN1CCN(CC1)C1=NC2=CC=CC=C2O1,0
CC1=CC(=CC(C)=C1)C(=O)NC1=CC=CC(OCC(=O)N2CCCC2)=C1,0
O=C(NC1CCOC2=CC=CC=C12)C1=CN(CC2=CC=CC=C2)N=C1,0
FC1=CC=C(C(=O)N2CCC(CC2)C(=O)N2CCCCC3=CC=CC=C23)C(F)=C1,0
O=C(NC1=CC=CC(=C1)N1CCCC1=O)C1=CC2=CC=CC=C2N1,0
O=C(NC1=CC=CC(=C1)S(=O)(=O)N1CCOCC1)C1CC2CCC1C2,0
CC1=CC=C2N=C(NC(=O)C3=CC(F)=CC=C3F)SC2=C1,0
OC(=O)C1CCCN(C1)C(=O)CC1=CC=C2OCCC2=C1,0
FC(F)(F)C1=CC=CC=C1C(=O)NC1=CC=C(N=C1)N1C=CC=N1,0
O=C(NC1=CC=CC(=C1)C1=CN=CO1)C1=CC2=CC=CC=C2S1,0
Cl.CC1=CC(=CC=C1F)C1=CSC(=N1)C1CCNCC1,0
O=C(CN1CCC2=C(C1)C1=CC=CC=C1N2)N1CCOCC1,0
C(NC1=NC=NC2=CC=CC=C12)C1(CCC1)C1=CC=CC=C1,0
CC(=O)NCC1=CC=C(O1)C1=CSC(NC(=O)C2=CC=CC(F)=C2)=N1,0
N#CC1=CC=CN=C1N1CCCN(CC1)C1CCCC2=CC=CC=C12,0
CC1=CC(C)=C(NC(=O)CSC2=CC=C(Cl)C=N2)C(C)=C1,0
COC1=CC=C(NC(=O)C2=NOC(=C2)C2=CC=CS2)C=C1Cl,0
O=C(C1CCCO1)N1CCC(CC1)N1C(=O)NC2=CC=CC=C12,0
CCC1CN(CCO1)C(=O)C1=CN(CC2=CC=CC=C2Cl)N=C1,0
ClC1=CC=C2SCCN(C(=O)C3=CN=C(S3)C3=CC=CO3)C2=C1,0
CC1=CC=C(CNC(=O)C2CN(C3CC3)C(=O)C2)C=C1,0
CC1CCN(CCC2=CC=CC(NC(=O)CCN3C(=O)COC4=CC=CC=C34)=C2)CC1,0
CCCCC1=NOC(CN2N=NN(C2=O)C2=CC=CC=C2Cl)=N1,0
CN(C(C1CC1)C1CC1)C(=O)C1=NNC(=C1)C1=CC=C(F)C=C1,0
CN1CCN(C(C1)C1=CC=CC=C1)C(=O)C1=NC2=CC=CC=C2C=C1,0
CCC1=NN2CCCC(NC3CCN(C3=O)C3=CC=CC=C3)C2=N1,0
N#CC1=NC=CN=C1SC1=NN=C(O1)C1=CC2=CC=CC=C2O1,0
CC1=NC=CN1CC1=NOC(=N1)C1=CC=CC=C1Cl,0
FC1=CC=C(C(=O)NC2=CC=CC=C2N2C=CN=C2)C(F)=C1,0
CN1N=C(C)C2=C1SC(=C2)C(=O)NC1CCC2=NC(C)=CN2C1,0
CC1=CC=C2NC(=CC2=C1)C(=O)NC1=CC=C(Cl)C(=C1)C(N)=O,0
OC(=O)CC1=CC=CC(NC(=O)CC2=NOC3=CC=CC=C23)=C1,0
CC(NC(=O)C1=CC=C(OC2=CC=CC(Br)=C2)N=C1)C1=CC=CN=C1,0
COC1=CC=C(Cl)C=C1C(=O)NC1CCN(CC2=CC=C(Cl)C=C2)CC1,0
CNC(=O)C1=CC=C(CN2CC3=CC=CC=C3C[C@H]2C(N)=O)C=C1,0
CC(C)C1=C(C=NN1CC1=CC=CC=C1)C(=O)NC1CCCCCC1,0
FC(F)(F)C1=CC=CC(CC(=O)N2CCOC3=NC=CC=C23)=C1,0
CCC1CN(CCO1)C(=O)C1=CSC(=N1)C1=CC=C(Cl)C=C1,0
FC1=CC=CC(F)=C1NC(=O)C1=CSC(=N1)C1=CC=CC=C1F,0
ClC1=CC=C(SC2=NC(=CS2)C2=CC=CC=C2)C=C1,0
CC(=O)NCC1=CC=C(O1)C1=CSC(NC(=O)CC2CC3CCC2C3)=N1,0
FC1=CC(F)=C(CC(=O)NC2=CC=CC=C2C2=CC=CC=C2)C=C1F,0
COC1=CC=C(C=C1)C1=NN=C(O1)C(C)N1CC(C)OC(C)(C)C1,0
CC(=O)N1CCC2=CC(NC(=O)C3=C(C)NC(=N3)C3=CC=CC(Cl)=C3)=CC=C12,0
CC(C)C(=O)NC1CCCN(C1)C1CCN(CCC2=CC=CC=C2)C1,0
O=C(NC1=NC2=CC=CC=C2N=C1)C1=CC=CN=C1,0
FC(F)(F)C1=CN=C(N2CCC(CC2)N2C(=O)NC3=CC=CC=C23)C(Cl)=C1,0
CC1=NC2=CC=CC=C2C(NC(=O)C2CCCN2C2CCOCC2)=C1,0
CC(NC(=O)C1CC2=CC=CC=C2O1)C1=CC=CC(Cl)=C1,0
CN(C)C(=O)C1CN(C(=O)C2=CSC(=N2)C2=CC=C(C)C=C2)C2=CC=CC=C2O1,0
O1C=CC=C1C1=NN2C=NC3=C(C=CC=C3)C2=N1,0
CC(C)C1=CC=CC=C1NCCN1C=NC2=C1C(=O)N(C)C(=O)N2C,0
CN(C)C1=CC=NC(=C1)C(=O)NC1=C2C(C)=C(C)OC2=NC=N1,0
CN1C2=C(N(CC3=CC=C(Cl)C(Cl)=C3)C(=N2)N2CCNCC2)C(=O)NC1=O,0
COC1=CC=C(C)C=C1N1C=CC(=N1)C(=O)NC1=CC=C2OC(C)(C)OC2=C1,0
CC1C(OC2=CC=CC=C12)C(=O)NC1=C(C)N(C)N(C1=O)C1=CC=CC=C1,0
CCC(NC1=CC=C(OC2=CC=C(Cl)C=N2)C=C1)C(N)=O,0
FC1=CC=C(C=C1)C1(CCCC1)NC(=O)C1CCN(CC1)C(=O)C1CC1,0
CC(C)C1=CC=C(C=C1)C1=NC(=CS1)C(=O)NC1=CC=NC=C1,0
CC1(C)CC(CC(C)(C)N1)NC(=O)N1CCC(CC2=CC=CC=C2)CC1,0
CN1C2=C(N(CCOC3=CC=CC=C3Cl)C=N2)C(=O)N(C)C1=O,0
CC(N1CCN(CC1)C1=C2C=CSC2=NC=N1)C(=O)NC1=CC=C(C)C(F)=C1,0
O=C(NC1=CC=CC=C1)N1CCC(=CC1)C1=CNC2=CC=CC=C12,0
CC(N1CCN(CC1)C(C(N)=O)C1=CC=CC=C1)C(=O)NC1CC1,0
CCN1C(=CC2=CC=CC=C12)C(=O)NC1=NC(CC(N)=O)=CS1,0
O=C(NC1CCOC2=CC=CC=C12)C1=CSC(=N1)C1=CC=CC=C1,0
COC1=CC2=C(CN(CC2)C(=O)CN2C=NC3=C(OC4=C3C=CC=C4)C2=O)C=C1OC,0
CC1=CN2C(CC(=O)NC3=CC=C(C)C=C3Br)=CSC2=N1,0
FC(F)OC1=CC=CC=C1NC(=O)CN1CCN(CC1)C(=O)C1=CC=C(F)C=C1,0
CC(C)OC1=CC=CC=C1C(=O)NCC1=NN=CN1C1=CC=CC=C1,0
FC1=CC=C(NCC2=NC(=NO2)C2=CSC=C2)C(F)=C1F,0
O=C(NC1=CC=C(OC2=CC=CN=C2)N=C1)C1=C2C=CNC2=CC=C1,0
CC(C)C1=NC(=NN1C1=CC=CC(F)=C1)C(=O)NC1=CC=C(C=C1)C(C)=O,0
CC1=NN(C(F)F)C(C)=C1CC(=O)NC1=NC2=C(C)C=CC(C)=C2S1,0
CN1C2=C(N(CCOC3=CC=CC(=C3)C#N)C=N2)C(=O)N(C)C1=O,0
NC(=O)C(N1CCN(CC1)C1=NC=CC=C1C#N)C1=CC=CC=C1,0
ClC1=CC2=C(OCC2)C(CNC(=O)C2CCC2)=C1,0
FC(F)(F)C1=CC=CC=C1C(=O)N1CCN(CC1)C(=O)C12CC3CC(CC(C3)C1)C2,0
OC(=O)C1CCN(CC1)C(=O)C(C1=CC=CC=C1)C1=CC=CC=C1,0
CNC(=O)C1=CC=C(CN(C)S(=O)(=O)C2=CC=C3CCCCC3=C2)C=C1,0
CC1=CC=CC(=C1)C1(CC1)C(=O)NC1=CC=C(CC(=O)NCC(O)=O)C=C1,0
CC1=NC2=CC=C(C=C2N=C1C)C(=O)NCC1CCCO1,0
O=C(CN1C=NC2=CC=CC=C2C1=O)NC1=CC=CC=C1C#N,0
CN1CC(CC1=O)C(=O)N1CCCN(CC1)C1=CC=C(C=C1)C#N,0
CN1N=C(C=C1NC(=O)C1=CC=C(C)NC1=O)C1=CC=CC=C1C,0
CCN(CC1=NC2=CC(OC)=C(OC)C=C2C(=O)N1)C(=O)C1=C(C)OC=C1,0
CC1=CC=C(NC(=O)CN2CC3=CC=CC=C3CC2C(N)=O)C=C1,0
ClC1=CC=C(Cl)C(NC(=O)NC2CCN(CC3=CC=CC=C3)CC2)=C1,0
C(CN1CCC(CN2CCOCC2)CC1)OC1=CC=CC=C1,0
COCC1=CC=C(C=C1)C(=O)NC1=CC=CC(OC2CCCC2)=C1,0
CC1=CC=C(C=C1F)C(=O)N1CCN(CC1)C1CCNC1=O,0
CC(N1C=CC=N1)C(=O)NC1=CC=C(NCC2CCCO2)C(F)=C1,0
ClC1=CC=C(C=C1)C1=CC=C(S1)C(=O)N1CCCC1,0
CC1=CSC(NC(=O)CC2=CN(N=C2)C2=CC=CC=C2)=N1,0
CC1=NC2=CC=CC=C2C(C)=C1CC(=O)NC1=CC=C(Cl)C=N1,0
CCOC1=CC=CC=C1C(=O)N1CCN(CC1)C1=CC=CC(OC)=C1,0
CC1=CC=C(F)C(=C1)N1N=NN=C1CN1N=C2C=CC=CN2C1=O,0
FC1=CC=CC(=C1)C1=CN=C(CN2C=CC=N2)O1,0
NS(=O)(=O)CCN1CCN(CC2=CC=C(O2)C2=CC=CC=C2)CC1,0
OC1=CC=C(C=C1)C1CCCN1CC(=O)N1CCCC2=CC=CC=C12,0
FC1=CC=CC=C1CN1C(COC2=CC=CC=C2)=NC2=CC=CC=C12,0
CCN1CCCC(C1)NS(=O)(=O)C1=CC=C(C=C1)C1=CC=CC=C1,0
CC1=CC=C(C=C1)C(=O)NCC1=NN=C2N=C(C)C=C(C)N12,0
COC1=CC(OC)=CC(CCC(=O)N2CCC(CC2)NC(=O)C2=CC=CC=C2)=C1,0
CC1(C)CN(CCS1(=O)=O)C1=C(F)C2=NC=CC(Cl)=C2C=C1,0
CC1=CC=C(NC(=O)NC2CCN(CC3=CC=C(F)C=C3)CC2)C(F)=C1,0
CC(O)CNC1=NC(=NC(C)=C1C)C1=CC=CN=C1,0
CC(C)N(C)CC1=CC=CC=C1CNC1=NC(=O)C2=C(NN=C2)N1,0
COCC1=NC(=CS1)C(=O)NC1=CC=CC(=C1)N1C=NN=C1C,0
COC1=CC=C(C=C1OC)S(=O)(=O)N1CCN(CC1)C1=CC=CC=C1,0
CC(CNC(=O)C1=CNN=C1C1=CC=CC=C1)C1=CC=CC=C1,0
FC1=CC=C(C=C1)C1=CC=C(O1)C(=O)N1CC(=O)NC2=CC=CC=C12,0
CC1=NC(CC(=O)NC2=CC=C(OC(F)F)C(CC3=CC=CC=C3)=C2)=CS1,0
COC1=NC=CC=C1C(=O)NCC1=CC=NC(=C1)N1C=CC=N1,0
CC1=CC=C(Cl)C(=C1)S(=O)(=O)N1CCC2=CC=CC=C12,0
O=C(NC1=CC=C(OC2CCCC2)C=C1)C1=CC=C(C=C1)N1C=NC=N1,0
NC(=O)C1=CC=C(CSC2=NN=C(CC3=CC=CS3)O2)C=C1,0
CC1=CC=C(O1)C1=NC(C)=C(S1)C(=O)NC1=CC=C2CNC(=O)C2=C1,0
CC1=CN=CC(=C1)C(=O)NC1=CC=CC=C1CN1CCC(O)CC1,0
COC1=CC=C(C=C1Br)C(=O)N(C)C1CCC2=CC=CC=C12,0
CC1CC(C)CN(C1)C(=O)CN1CCN(CC(=O)NC2=CC=C(Cl)C=C2)CC1,0
CC(C)C(=O)NC1=CC=CC(=C1)C1=CN2C=CC=C(C)C2=N1,0
CN1CCN(CC(=O)NC2CCCC3=CC=CC=C23)C(C)(C)C1=O,0
COC1=CC=CC=C1C1=NN2C(=C1)N=C(C)C=C2NCC(C)C,0
CC1=CC=CC=C1CC(=O)NC1=NN(C=C1)C1=CC=CC=C1,0
FC1=CC=CC(N2CCCC2)=C1NC(=O)CC1=CN2C=CSC2=N1,0
CC1=NC(=NC(N2CC(O)C2)=C1C)C1=CC=CN=C1,0
COCC1=CC=CC(=C1)C(=O)N1CCN(CC1)C1=CC=CC=C1F,0
O=C(N1CCC(CC1)C1=CC=CC=C1)C1=CC=C2NC(=O)CCC2=C1,0
CC(C)CC1=NC(C)=C(O1)C(=O)NC1=CC=C(OC2COC2)C=C1,0
O=C(CC1=CC=C2OCCC2=C1)NC1=CC=C(C=C1)C1=CN2C=CC=CC2=N1,0
O=C(NCC1=CC=CC=C1)C1CCN(CC1)C(=O)C1=CC=CC=C1,0
OC(=O)C1CCN(CC1)C(=O)C1=CC=C(S1)C1=CC=C(Cl)C=C1,0
CC(C)OC1=CC=CC=C1NC(=O)N1CCN(CC1)C1=CC=CC=C1,0
NC(=O)CCC1CCCN(C1)C1=CC=NC2=CC=C(Cl)C=C12,0
FC1=CC=CC(NC(=O)C2=C(Cl)C3=CC=CC=C3N2)=C1,0
CC(N1CCCC(C1)C(=O)NC1=CC=CC=C1)C(=O)N1CCCC2=CC=CC=C12,0
CN(C1CCCCCC1)C(=O)C1=C2N=CNC2=CC(F)=C1,0
COC1=CC=CC=C1N1CC(CC1=O)C1=NC2=CC=CC=C2N1CC1=CC=CC=C1C,0
CN1CCN(C(C1)C1=CC=CC=C1)C(=O)COC1=CC=CC=C1Cl,0
O=C(CN1C(=O)C2=CC=CC=C2N=C1C1=CC=CC=C1)NC1CCCCC1,0
O=C(CC1CC1)NC1=CC=CC(OC2=CC=CN=N2)=C1,0
COC1=CC=C(C=C1OC)C(=O)CN1N=NC(=N1)C1=CC=CC(F)=C1,0
CC1=C(C=NO1)C(=O)N1CCC(CC1)C(=O)NCC1=CC=CC=C1,0
CCN1C=C(C(=O)NC(C)C2=NN=C3C=CC=CN23)C2=CC=CC=C12,0
COC1=CC=C(Cl)C=C1C(=O)N1CCN(CCOC2=CC=CC=C2)CC1,0
O=C(C1CCN(CC2=CC=CC=C2)CC1)N1CCC(CC2=CC=CC=C2)CC1,0
FC1=CC=C(C=C1)C1=NNC=C1CNCC1CC1,0
CC1=CC=C(C)C(NC(=O)CN2CCN(CC2)C2=CC=CC=C2)=C1,0
CC1=NN(C(C)=C1)C1=CC=C(NC(=O)CC2=NOC3=CC=CC=C23)C=N1,0
COC1=CC=CC(C(=O)NC2=CC=NN2C2=CC=NC=C2)=C1F,0
CC1=CC=CC=C1C1=NC(CNC2=NC=CC=C2[N+]([O-])=O)=NO1,0
CC1=CC=NN1C1=CC=C(C=C1)C(=O)NC1CCN(CC1)C1CC1,0
BrC1=CC=CC(OC2=CC=C(C=N2)C(=O)N2C3CCC2CC(=O)NC3)=C1,0
CCNC(=O)C1=CC(NC(=O)C2=CC=CC=N2)=NC2=CC=CC=C12,0
NS(=O)(=O)C1=CC=C(C=C1)C1=NOC(=N1)C1(CCC1)C1=CC=CC(F)=C1,0
O=C(NC1=CC=CC2=CC=CN=C12)C1=NN(C2=C1CCC2)C1=CC=CC=C1,0
COC1=CC(=CC(Cl)=C1OC)C(=O)N1CCN(CC1)C1=CC(=CC=N1)C#N,0
CN(CC1=NC2=C(CCCC2)S1)C1=NC=C(CN2C=C(Br)C=N2)S1,0
COC1=NC=C(C)C=C1NC(=O)C1=CC=C(C)NC1=O,0
CC1CC(CN1C(=O)C1=CC(O)=CC(O)=C1)C1=CC=CC=C1,0
NC(=O)C1=CC=CC(CS(=O)CC2=CC(=NO2)C2=CC=CC=C2)=C1,0
CC1=NN(CC2=NC(=NO2)C2=CC(C)=CC=N2)C(=O)S1,0
CC(C)C1=C(NC(=O)NC2CCCC2)C(=O)N(N1C)C1=CC=CC=C1,0
CC1=CC=CC(C)=C1N1N=NN=C1CNC1CC(C)(C)OC1(C)C,0
NC(=O)C1CCN(CC1)C(=O)C1=CC=C(OCC2=CC=NC=C2)C=C1,0
ClC1=C(NC2=CC=CC=C12)C(=O)N1CCN(CC1)C1=CC=CC=C1,0
CC1=CC=C2NC(=CC2=C1)C(=O)NC1CCC(O)CC1,0
CC(N1CCN(CC2=CC=CC=C2)CC1)C(=O)NC1=CC=CC(=C1)C#N,0
CNC(=O)C1CCCCN1C(=O)C1=C(C)N(N=C1)C1=CC=C(C)C=C1,0
CC1=CC=C(NC(=O)C2=CC=C(C=C2)N2CCCC2=O)C=C1Cl,0
CCN1C(=O)N(CC(=O)NC2CCN(CC(=O)N3CCCC3)CC2)C2=CC=CC=C12,0
OC1=CC=C(Cl)C=C1C(=O)NC1CCCCCC1,0
COC1=CC=CC(=C1)C(=O)N1CCN(CC1)C(=O)CC1=CC=CC=C1,0
COC1=CC=CC=C1N1CCCC(C1)NC(=O)NC1CC=CC1,0
CCN1C(=NN=C1S(=O)(=O)C(C)C1=CC=CC=C1F)C1=CC=CC=C1,0
CCOC1=CC(=CC=C1OC)C(=O)N1CCC(CC1)(C(O)=O)C1=CC=CC=C1,0
COC1=CC=C(C=C1)C(CNC(=O)C1=C(C)C2=CC=CC=C2O1)N1CCCCC1,0
O=C(CN1CCN(CC1)C1=CC=NC2=CC=CC=C12)N1CCOCC1,0
COC1=CC(=CC=C1C)C(=O)N(C)C1CCC2=CC=CC=C12,0
CC1CCCC(NC(=O)CN2CCN(CC2)C2=NC=CC=N2)C1C,0
CN1CCCC(C1)N1CCN(CC1)C1=CC=C(Cl)C=N1,0
COC1=CC=C(C=C1)C1CCCN1C(=O)C1=NC2=CC=C(OC)C=C2C=C1,0
CC1=NC2=CC=CC=C2C(=C1)N1CCN(CC2=CC=NC=C2)CC1,0
CC(C)C(=O)N1CCCC(C1)C(=O)N1CCN(CC1)C1=CC=CC(C)=C1,0
CCCN1C=C(NC(=O)C2=NNC(=C2)C2=CC=CC=C2)C=CC1=O,0
CCOC1=CC=C(N=N1)N1N=CC(C(=O)N2CCC3=CC=CC=C23)=C1C,0
CC1=NN2C(N=C(C)C=C2NC2=CC=CC(C)=C2)=C1C1=CC=C(F)C=C1,0
CCN1C(=O)N(CC(=O)NC2CCCCNC2=O)C2=CC=CC=C12,0
CN1C=CN=C1C1=C(N=C(NC(=O)C2=CC=C(Cl)C=N2)S1)C1=CC=CC=C1,0
CC1=CC(C)=C2C=C(NC2=C1)C(=O)N1CCC(CC1)C(=O)NC1=CC=CC=C1,0
NC(=O)COC1=CC=CC(=C1)C1=NC(CC2=CC=CC=C2)=NO1,0
FC1=CC=CC=C1NC(=O)C1=C(N(N=C1)C1=CC=CC=N1)C(F)(F)F,0
ClC1=CC=CC=C1N1N=NN(CC(=O)C2=CC=CN2)C1=O,0
OC(=O)C1=CC=C(C=C1)C(=O)N1CCC(CC1)OCC1=CC=CC=C1,0
NC(=O)C1=CC(NC(=O)C2=CC=C(O2)C2=CC=CC=C2Cl)=CC=C1Cl,0
COC1=CC(=CC=C1OCC1=CC=CC=C1)C(=O)N1CCC(CC1)C(=O)N1CCCC1,0
CC1N(CCNC1=O)C(=O)C1=CC=CC(=C1)C(F)(F)F,0
COC1=CC=CC(=C1)N1CC(CC1=O)C1=NC2=CC=CC=C2N1CC1=CC=C(C)C=C1,0
COC1=CC=CC(C(=O)N2CCC(CC2)C(=O)N2CCCCCC2)=C1OC,0
OC1CCN(CC2=CC=CC=C2NC(=O)C2=CC=CC(Cl)=C2)CC1,0
CC1=NC(NC(=O)C2=CSC(=N2)C2=CC=CC=C2F)=CC(=N1)C1CC1,0
CC(=O)NCC1CCCN(C1)C1=C(C)C(C)=NC2=CC=CC=C12,0
CCC1=CC=C(C=C1)C(=O)N1CC(=O)NC2=CC(=CC=C12)C(F)(F)F,0
ClC1=CC=C(OCC2CCCO2)C(NC(=O)C2=NC3=CC=CC=C3N=C2)=C1,0
CC1=CSC(CNC(=O)C2=CN=C(CC3=CC=C(F)C=C3)S2)=N1,0
OC1CCN(C1)C(=O)NC1=CC=CC=C1OC1=CC(F)=CC(F)=C1,0
CCC1=CC=CC(C)=C1NC1=NN=C(SC2=NC=CC(C)=N2)S1,0
OC(=O)C1CCCN(C1)C(=O)C1=NC2=CC=CC=C2N=C1,0
COC1=CC=CC=C1C1(CCC1)C(=O)N1CCC(CC1)C(N)=O,0
O=C(CCN1CCC(CC1)C1=CC=CC=C1)N1CCN(CC1)C1=CC=CC=N1,0
CC1=CC=CC(=C1)N1C(=O)C2C3CC(C=C3)C2C1=O,0
CN(CC1=NC2=CC=CC=C2C(=O)N1)C1=NN=NN1C1=CC=CC=C1,0
CC1=NC(=NN1C1=CC=C(F)C=C1)C(=O)NC1=CC(=CC=C1Cl)S(C)(=O)=O,0
CCC1=NN=NN1CC1=NN=C(O1)C1=CC=CS1,0
CC1=C(OC(CNC2=CC=C(F)C(=C2)C(N)=O)=N1)C1=CC=C(Cl)C=C1,0
OC1CS(=O)(=O)CC1N1CCN(CC2=NC=C(O2)C2=CC=CC(Cl)=C2)CC1,0
COC1=CC=C(C2=CSC(NC(=O)C3=CC=C4NC=NC4=C3)=N2)C(OC)=C1,0
O=C(NC1CCN(CC2=CC=CC=C2)CC1)N1CCC2=CC=CC=C12,0
CC1=CN2CC(CCC2=N1)NC(=O)C1=NC2=CC=CC=C2C=C1,0
OCC1CCCN1CC1=CC=CC=C1CNC(=O)C1=CN=NS1,0
CN(C(=O)CC1=CC=CC(Cl)=C1)C1=CC=C(N=N1)C1=CC=CC=C1,0
CCN(C)C1=CC=C(C=C1)C(=O)N1CCC(CC1)C1=CNC2=CC=C(C=C12)C(N)=O,0
COC1=CC=CC2=C(NC3CCN(CC3)C3=NC=CC=N3)C=CN=C12,0
CCC1CN(CCC1NC(C(N)=O)C1=CC=C(F)C=C1)C(=O)C1CC1,0
CS(=O)(=O)C1=CC=CC(=C1)C(=O)NCC1CC2=CC=CC=C2O1,0
CC(C)C(=O)N1CCN(CC1)C1=C2C=C(SC2=NC=N1)C1=CC=CC=C1,0
BrC1=CC=CC(OC2=CC=C(C=N2)C(=O)N(C2CC2)C2CC(=O)NC2=O)=C1,0
CC1=NN=C(CN(CC2=CC=CC=C2)C2CC(C)(C)OC2(C)C)O1,0
CC1=CC(=CC=C1N1C=NN=N1)C(=O)N1CCCC1CN1C=CC=N1,0
CC1=NC2=CC(NC(=O)C3=CC(=CC(=C3)C(F)(F)F)C(F)(F)F)=CC=C2O1,0
CC1=NN2C(N=C(C)C=C2NCC2CCCO2)=C1C1=CC=C(Cl)C=C1,0
CC1OC2=CC=CC=C2C(=O)N(CC2=CC=CC=C2F)C1=O,0
CC(C)CNC1=C(CC=C)C(C)=NC2=C(C=NN12)C1=CC=CC=C1,0
COC1=CC=CC(CNC2=CC=CC=C2CN2CCC(CO)CC2)=C1,0
CCC1=NC2=CC=CC=C2C(=O)N1C1=CC=C(C=C1)C(O)=O,0
CC(=O)N1CCN(CC1)C(=O)C1=CN(N=N1)C1=CC=CC=C1,0
O=C(NC1CCN(CC2=CC=CC=C2)CC1)C1(CCCC1)C1=CC=CC=C1,0
FC1=CC=C(C(=O)N2CCC(CC2)NC(=O)C2CCCCC2)C(Cl)=C1,0
CC1CN(CCO1)C(=O)CN1C(=O)COC2=CC=C(Cl)C=C12,0
CC1=C(C=NN1C1=CC=CC(=C1)C(F)(F)F)C(=O)NC1=CC=CN=C1,0
CCN1CCN(CC1)S(=O)(=O)C1=CC=C(NC(=O)CC2=CC=C(C)C=C2)C=C1,0
CC(=O)N1CCC(CC1)NC(=O)C1=C(C)ON=C1C1=C(F)C=CC=C1Cl,0
CC1=CC=C(C=C1Cl)N1N=CC(N2CC(O)C2)=C(Cl)C1=O,0
CC1CCCCN1C(=O)C1=CC=C(CNS(=O)(=O)C2=CC(C)=CC=C2C)C=C1,0
COC1=CC=C2NC=C(C3CCN(CC(O)COC4=CC=CC=C4F)CC3)C2=C1,0
CC1=NC2=CC=CC=C2C(=C1)C(=O)NC1CCN(CC1)C(=O)C1CC1,0
CC1=CC=CC=C1N1N=CC(C(=O)NC2=CC=C(N=C2)N2C=NC=N2)=C1C(F)(F)F,0
CC1=NC(=CC=C1C(=O)NCC1=CC(=NO1)C1=CC=CC=C1)C1=CC=CC=C1,0
O=C(CCN1CCC2=C(C1)C=CS2)NC1=CC=C2CCCC2=C1,0
CN1C=NC(=C1NC(=O)CC1OCCC2=CC=CC=C12)C1=CC=C(F)C=C1,0
FC1=CN=C(N=C1)N1CCN(CC2=NC3=CC=CC=C3N2)CC1,0
O=C(NC1CCCCCC1)C1=CC=CC(=C1)S(=O)(=O)N1CCCCC1,0
CC1=C(NC(=O)CC2=CSC(=N2)C2=CC=CC(F)=C2)C(=CC=C1)S(C)=O,0
COC1=CC=C(CC(=O)NC2=C(C)N(C)N(C2=O)C2=CC=CC=C2)C=C1F,0
CCN(CC1=CC=CC=C1[N+]([O-])=O)C(=O)C1=C(Cl)C2=CC=CC=C2N1,0
COC1=CC=C(Cl)C=C1C(=O)NCC1=CC=C(CN2CCN(C)CC2)C=C1,0
COC1=CC=C(CN2CCN(CC2)C(=O)C2=CN(N=N2)C2=CC=CC=C2)C=C1,0
CC(=O)NC1=CC=C(C=C1)C(=O)N1CCN(CC1)C1=CC=CC(=C1)C(F)(F)F,0
O=C(N1CCNC(=O)C1)C1=CC=C(C=C1)C1CCCCC1,0
CC(N1C(=O)OC2=CC=CC=C12)C(=O)N(C)C1CCCC1,0
OC1=CC=C(C=C1)C(=O)N1CCC2=C(C1)C=CS2,0
CC1CC(C)CN(CC2=CSC(NC(=O)C3=CC=C(CN4C(=O)CCC4=O)C=C3)=N2)C1,0
C(N1CCCCCC1C1=CC=NC=C1)C1=C2NC=CC2=CC=C1,0
CC1=C(OC2=C(F)C=CC=C12)C(=O)NCC1=CC=C(C=C1)S(=O)(=O)N1CCOCC1,0
COC1=CC=C(C=C1)N1C=CN=C(SCC(=O)C2=CC=CC=C2)C1=O,0
O=C(N1CCC(CC1)NC1=NC=CS1)C1=CC2=C(N1)C=CS2,0
COC(=O)C1=CN=C2N(CN(C)CC3=CC=C(OC)C(F)=C3)N=C(C)C2=C1,0
OCCNC1=NC(=NC2=CC=CC=C12)N1CCCCC1,0
O=C(C1CCCC1)N1CCCN(CC1)C(=O)C1=CC=C(OC2=CC=CC=C2)C=C1,0
COC1=CC=CC=C1C(=O)NCC1COC2=CC=CC=C2O1,0
CN(C)C(=O)C1CCN(CC2=C(NC3=CC=CC=C23)C2=CC=CC=C2)CC1,0
COC1=CC=CC(=C1)C1CC1C(=O)NC1CCN(CC1)C1CC1,0
CC1(C)C2CCC1(C)C(C2)NC(=O)C1=CC=C(CN2CCCC2=O)C=C1,0
CC1=CC=C2NC3=C(CN(CC3)C(=O)C3CCN(CC3)C(=O)C3=CC=C(F)C=C3)C2=C1,0
CC1=NC2=CC(=CC=C2N1C1=CC=CC=C1)C(=O)N1CC(O)C1,0
CC1CCCC(NC(=O)C2=CC(O)=NC3=CC=CC=C23)C1C,0
CC1=C(C2CCN(CC2)C(=O)CCNC2=NC=CC=N2)C2=CC=CC=C2N1,0
CC(=O)N1CCC2=CC(=CC=C12)C(=O)NCCC1=CNC2=CC=CC=C12,0
CCC1=CC=CC(CN2CCC(CC2)NC(=O)C2=CC=CC=C2)=C1,0
CC1=NSC=C1C(=O)NC1=NN=C(S1)C1(CC1)C1=CC=CC=C1,0
COC1=CC=C(C)C=C1NC(=O)C1=CC=C2NC(=O)COC2=C1,0
CN(C)C1=CC=C(N=C1)C(=O)NCC1=CC=C(OC2=CC=C(F)C=C2)N=C1,0
CC1=NC(=CS1)C1=CC(=CS1)C(=O)NC1=C(ON=C1C)C1CC1,0
COC1=CC2=C(CN(CC2)C(=O)CN2CCCC2C2=NC3=CC=CC=C3S2)C=C1OC,0
NC(=O)CN1CCN(CC1)C1=NC2=C(Br)C=CC=C2C=C1,0
CN1C=C(CC2=NC(=NO2)C2=CSC=C2)C2=CC=CC=C12,0
CC(=O)C1=CC=C(NC(=O)C2=CN(N=N2)C2=CC=CC=C2Br)C=C1,0
CC1N(CCC2=C1NC1=CC=CC=C21)C(=O)CCN1C(=O)OC2=CC=CC=C12,0
OC(=O)C1CCC(C1)NC(=O)C1=CC=CC(NC(=O)C2CCCO2)=C1,0
O=C1CN(C2CCCCC2N1)C1=C2C=NN(C2=NC=N1)C1=CC=CC=C1,0
CC1=NC2=CC=CC=C2C(N2CCN(CCO)CC2)=C1C,0
CNC(=O)C1=CC=C(OC)C(NCC2=NOC(=N2)C2=CC=CS2)=C1,0
C(ON1N=NC2=CC=CC=C12)C1=NOC(=C1)C1=CC=CO1,0
CC1=NC=CC=C1NC(=O)C1=NN(C=C1)C1=CC=CC=C1Cl,0
ClC1=CC(Cl)=C(NC(=O)C2=CN(N=N2)C2=CC=CC=C2)C=C1Cl,0
CC(C)C(=O)N1CCC(CC1)C(=O)NC(C1=CC=CC=C1)C1=CC=C(OC(F)F)C=C1,0
CC1OC2=C(C=CC=C2C(=O)N2CCN(CC3=CC=CC=C3C)CC2)C1C,0
COC1=CC2=C(CCN(CC2)C(=O)C2=CC=C(O)N=C2)C=C1OC,0
CN1N=NC=C1CNC1=NC=C(CC2=CC=CC=C2F)S1,0
CC1=C2N=CN(CC(=O)NC3=CC=CC4=NC=CC=C34)C(=O)C2=CC=C1,0
CN(C(=O)CNC1=CC=CC=C1N1C=CC=N1)C1=CC=CC=C1,0
CCN1C2=C(N(C)C(=N2)C2=CC=CC=C2Br)C(=O)NC1=O,0
CC1CN(CC2=CC=CC=C2)CC(C)C1NC(=O)NC1=NOC(C)=C1,0
CNC(=O)C1=CC=C(CNCC2=CC(Cl)=CC3=C2OCC3)C=C1,0
CC1=CC=CC(=C1)S(=O)(=O)N1CCCCCC1,0
ClC1=CC=CC(=C1)N1CCN(CCCN2C(=O)NC3=CC=CC=C3C2=O)CC1,0
CC1CCCC(CO)N1CC1=NN(C=N1)C1=CC=CC=C1,0
CC(N1C(=O)OC2=CC=CC=C12)C(=O)NC1CCN(CC2=CC=C(Cl)C=C2)CC1,0
CC(NC(=O)C12CC3CC(CC(C3)C1)C2)C(N1CCN(C)CC1)C1=CC=CC=C1,0
[O-][N+](=O)C1=CC=CC(=C1)C1=NOC(CN2C3=CC=CC=C3N=C2C(F)(F)F)=N1,0
NC(=O)C1CCN(CC2=CC=CC(NC(=O)CC3CC4CCC3C4)=C2)CC1,0
OCC1CCN(CC1O)C(=O)C1=CSC2=CC=CC=C12,0
CCN1N=C(C(=O)OC2=CC=C(C)C=C2)C2=CC=CC=C2C1=O,0
COC1=CC2=C(CN(CC2)C(C)C(=O)NC2=CC(C)=CC=C2C)C=C1OC,0
O=C(NCC1=CC=C(CN2CCCC2)C=C1)C1=CC=C2NC(=O)COC2=C1,0
COC1=CC=C(C=C1OC)C1=NC(=CS1)C(=O)N1CCSC2=CC=C(Cl)C=C12,0
CC1=C(NC(=O)C2=CC(Br)=CS2)C=NN1C1=CC=CC=C1F,0
CC(C)C1=CC=C(CN(C2CC2)C(=O)C2=CC=CC(=C2)S(=O)(=O)N2CCCC2)C=C1,0
FC1=CC=CC(Cl)=C1CN1N=NC2=CC=CC=C12,0
COC1=CC=C(OC)C(=C1)C(=O)N1CCN(CC1)C(C)=O,0
CC1CN(CC(C)O1)C(=O)C1=C(N(N=C1)C1=CC=CC=C1F)C(F)(F)F,0
COC[C@@H]1C[C@H](CN1C(=O)C1=CN=CC(=C1)N1C=CN=N1)OC,0
CN1CCCC(C1)C(=O)N1CCN(CC1)C1=CC=CC=C1O,0
COC1=CC=C2N=C(NC(=O)CC3=C(C)N(CC(C)C)N=C3C)SC2=C1,0
COC1=CC(OC)=C2NC(=CC2=C1)C(=O)N1CCCCCC1,0
Cl.CNC1CCN(CC2=CN=C(S2)C2=CN=CC=N2)C1,0
CC1=CC=CC=C1C1=NOC(CN2N=NC(=N2)C2=CC=CC=C2)=N1,0
CC(=O)NC1=CC=C(C)C=C1OCC1=CN(N=N1)C1=CC=C(Cl)C=C1,0
ClC1=CC=C(C=C1)N1CCN(CC2=CN=C3N=CC=CN23)CC1,0
NC(=O)C1CC2CCCCC2N1C1=NC=CC(=N1)C(F)(F)F,0
NC(=O)C1CCN(CC1)C(C1=CC=CC=C1)C1=CC=C(Cl)C=C1,0
BrC1=CC=C(C=C1)C(=O)NC1=CC=CC(OCC(=O)N2CCCC2)=C1,0
O=C(N1CCN(CC1)C1=NC=CC=N1)C1=CC=CC(=C1)C#N,0
CC1COC(CO)CN1C(=O)NC1=C(N=C2N1C=CC=C2C)C1=CC=CC=C1,0
FC1=CC=CC=C1C1=CC=C(O1)C(=O)NC1=CC=NC=C1,0
COC1=CC=C(CNC2=NN=C(CC3=CC=CC=C3F)O2)C=C1C#N,0
FC(F)OC1=CC=C(NC(=O)C2=CSC3=CC=CC=C23)C=C1Cl,0
CS(=O)(=O)NC1=CC=CC(=C1)C(=O)N1CCN(CC2=CC=C(Cl)C=C2)CC1,0
COC1=CC=C(C=C1OC)C(=O)N1CCN(CC(=O)NC2=CC=CC(C)=C2C)CC1,0
CC1=CC=C(OC2=CC=C(Cl)C=C2NC(=O)C2=CSC(=N2)C2=NC=CC=N2)C=C1,0
Cl.CNCC1CCN(C1)C(=O)C1=CC=C(F)C=C1F,0
CC1CC2=CC=CC=C2N1CCN1N=C2C=CC=CN2C1=O,0
CN1C=NN=C1C1=CC=CC(NC(=O)C2=CN=CC(Br)=C2)=C1,0
CN(C1CCCC2=CC=CC=C12)C(=O)C1=CN=C2N(CC3=CC=CC=C3)N=CC2=C1,0
COC1=CC=CC=C1C1=C2N=C(C)C=C(N2N=C1C)N1CCN(CCO)CC1,0
O=C(N1CCN(CC1)C1CCCN(CC2=CC=CC=C2)C1=O)C1=CC=C(C=N1)C#N,0
CN(C1CCN(C)CC1)S(=O)(=O)C1=CC=C(NC(=O)C2=CC=CC(F)=C2)C=C1,0
CC(O)CNC1=NC2=CC=CC=C2N1CC1=C(Cl)C=CC=C1Cl,0
COC1=CC=C(C=C1)C1=NN=C(CNC(C)(C)C2=NC(C)=CS2)O1,0
CC1=CC=C(C=C1)C1=NC(CN2CCCC2CN2C=NC=N2)=NO1,0
NC(=O)COC1=CC=CC=C1C(=O)NC1=NC(=CS1)C1=CC=C(F)C=C1,0
CC(C)N1CCN(CC1)C1=NC2=CC=CC=C2C(=C1)C1=CC=CC=C1,0
CC(N(C)C(=O)C1=CC=NC(=C1)N1C=NC=N1)C1=CC=C(Cl)C=C1Cl,0
CC1CCCC(C)C1NC(=O)N1CCC(C1)N1CCCC1,0
CC1=NC2=CC=C(C=C2N=C1C)C(=O)N1CCCCC1CN1C=CC=N1,0
CCOC1=CC=C(Cl)C=C1S(=O)(=O)N1CCN(CC2=CC=CC=C2)CC1,0
CC1=NOC(=N1)C1CCN(CC1)C(=O)C1=CC=CC=C1,0
CCN(CC)C1CCN(C1)C(=O)NC1=CC=CC=C1C1=NOC(C)=N1,0
CC(N1CCN(CC1)C1=CC=CC(C)=C1)C(=O)NC1=CC=CC=C1C#N,0
NC1=NC(CN2C=C(C=CC2=O)[N+]([O-])=O)=NC2=CC=CC=C12,0
NC1=NC=CN=C1C(=O)NC1=CC=CC(OCC2CCCO2)=C1,0
CC1=CC=C2N=C(NC(=O)CC3=CN4C=CSC4=N3)SC2=C1,0
COC1=CC=C(NC(=O)C2=CC=C(C=C2)N2C=CN=C2)C=C1,0
COC1=CC=C(CC2=NN=C(O2)SC2=NC(C)=NC(C)=C2C)C=C1,0
O=C(NCCN1CCC2=CC=CC=C2C1)C1=NNC2=CC=CC=C12,0
CN(CC1=NC=NN1C)C(=O)C1=NN(C(C)=C1)C1=CC=CC=C1,0
CN(CC1CCCCC1)C(=O)C1=CC=CN=C1OC1=CC=CN=C1,0
CC1N(CCC2=C1NC1=CC=CC=C21)C(=O)C1=CC=NN1C,0
COC1=CC=CC=C1C1=NN=C(SC2=CC=C(C=C2[N+]([O-])=O)C#N)N1C,0
O=C(CC1=NOC2=CC=CC=C12)NC1=NN=C(S1)C1=CC=CC=C1,0
CN(C)C1=CC=C(NC(=O)C2=CC=C(C=C2)N2CCCCC2=O)C(=C1)C(F)(F)F,0
CC1=CC(C)=C(NC(=O)CC2=CC=C(C=C2)N2C=NN=N2)C(C)=C1,0
CC1=NC(C)=C(CNC2=C3C=COC3=CC=N2)S1,0
CC(=O)NC1=CC=CC(=C1)N1C(C)=NN=C1SC1=NC=CC=C1[N+]([O-])=O,0
FC1=CC=CC=C1S(=O)(=O)N1CCC(=CC1)C1=CNC2=CC=CC=C12,0
COC1=CC=C(Cl)C=C1C(=O)N1CCC(CC1)C(=O)N1CCCCCC1,0
CN(C(=O)C1=CC=C2SC=CC2=C1)C1=CC=CN=C1N1CCCC1,0
NC(=O)C1=CC=C(OC2=CC=C(C=C2)C2=CC=CC=C2)N=C1,0
COC1=CC=C(CC(=O)N2CCC3=C(C=CS3)C2C)C=C1,0
FC(F)(F)C1CCCN(C1)C(=O)NC1=CC=CC(=C1)N1C=CC=N1,0
CN1C(N)=C(C2=NC3=CC=CC=C3N2)C(=O)C2=CC=CC=C12,0
FC1=CC=CC(F)=C1C(=O)NCC1CN(CCC2=CC=CC=C2)C(=O)C1,0
O=C(N1CCC2=C(C1)NC1=CC=CC=C21)C1=NNC=C1,0
CN(CC1=CC=C(C)C=C1C)C(=O)C1=CC=C2NC(=O)COC2=C1,0
COC1=CC=C2N(CC(=O)NC3=C(C)N=CS3)C=CC2=C1,0
CC1=CC=C2N=C(NC(=O)C2=C1)C1=CC=CS1,0
COC1=CC=C(C=C1)C1=CSC2=NC=NC(NCCC(=O)N3CCCC3)=C12,0
CN(C(=O)C1=CC(C)=C(S1)C1=CC=CC(Cl)=C1)C1=CC=CC=N1,0
FC1=CC=C(CC2=CN=C(NC(=O)C3=CC=C(C=C3)C#N)S2)C(F)=C1F,0
FC1=CC=C2OC(CC2=C1)C(=O)NCC1=CC=C(N=C1)N1C=CC=N1,0
CC1=C(NC(=O)C2=CC(=NO2)C2=CC=CC(Cl)=C2)C=CC=C1CS(C)=O,0
CC1=CC=CC(NC(=O)C2=CC(=CC=C2C)S(=O)(=O)N2CCCCC2)=N1,0
NC(=O)C1=CC=CC(NC(=O)C2=C(N(N=N2)C2=CC=C(F)C=C2)C(F)(F)F)=N1,0
COC1=CC(=CC(OC)=C1OCC1=CC=CC=C1)C(=O)NC1CCN(C)CC1,0
CN(C)C(=O)C1=CC=C(OC2=CC=C(F)C(Cl)=C2)N=C1,0
COC1=CC=C(NC(=O)COC2=CC=C(C)C=C2C)C(C)=N1,0
CN(C)C(=O)C1=CC(NC2CCN(CC2)C2=CC=CC=C2)=CC=C1C,0
O=C(N(CC1CC1)C1=CC=CN=C1)C1=CC=C(C=C1)N1C=CN=N1,0
COC1=CC2=CC(C(=O)NC3=CC=C(F)C=C3F)=C(C)N=C2C=C1,0
CN1CCCN(CC1)C1=NC2=CC=CC=C2C(=C1)C(=O)NC1CC1,0
CN1C=C(CNC2=NC3=C(Cl)C=CC(Cl)=C3C=C2)C=N1,0
NC(=O)C1CCCN1C1CCN(CC1)C(=O)C1=CC=C(OCC2=CC=CC=C2)C=C1,0
BrC1=CC=C2NC(=CC2=C1)C(=O)N1CCN(CC1)C(=O)CN1CCOCC1,0
CC(=O)N[C@@H](CC1=CNC2=CC=CC=C12)C(=O)N1CCN(CC1)C1=CC=CC(C)=C1,0
CCOC1CCN(CC1)C(=O)C1=CC2=C(N1)C=CS2,0
CC1CCC(CC1)N1CCC(CC1)NC(=O)C1=CC=CN=C1C,0
CC1CN(CC(C)O1)C(=O)C1=CC=CC=C1NC(=O)C1=CC2=CC=CC=C2N1,0
FC(F)(F)C1=CC=CC(=C1)C(=O)N1CCN(CC1)C(=O)C1CCC1,0
O=C(OCC1=NOC(=C1)C1=CC=CS1)C1=CC=CC=N1,0
COC1=NC=CC=C1N(C)C(=O)C1=NC2=CC(Cl)=CC=C2C=C1,0
CC(N1CCC2=CC=CC=C12)C(=O)NC1CCN(C1=O)C1=CC=CC=C1,0
NC1=NC=CN=C1C(=O)NCC1=NN(C=C1)C1=CC=C(F)C=C1,0
FC(F)(F)C1=CC=CC(CC(=O)NC2=NN(C=C2)C2=CC=CC=C2)=C1,0
COC1=CC=CC(=C1)N1CCN(CC1)C(=O)C1=C(C=CS1)C1=CC=CC=C1,0
CC1CCCN(C1)C(=O)C1=CC2=C(C)C=C(C)C(C)=C2N1,0
CC1CN(CCN1C(=O)C1=CC=CC=C1Cl)C(=O)C1=CC=CC=C1Cl,0
CC1=CC=C(C=C1)C1=NC(=CS1)C(=O)NCC1=CC=CC=N1,0
CC1CC2=CC=CC=C2N1C(=O)C1=C(C)OC(=N1)C1=CC=CC=C1,0
O=C(CC1=CN(N=C1)C1=CC=CC=C1)NC1=CC=CC=N1,0
CC(OC1=CC=CC(Cl)=C1)C(=O)N1CCOC2=CC=CC=C12,0
O=C(CN1C(=O)OC2=CC=CC=C12)N(CC1=CC=CC=C1)C1CC1,0
O=C(CN1C(=O)N(C2=CC=CC=C12)C1=CCCCC1)NC1CCN(CC1)C(=O)C1CC1,0
OC(=O)CCC1=CC=C(C=C1)S(=O)(=O)NC1=CC=CC(OC2=CN=CC=N2)=C1,0
OC1CN(C1)C(=O)C1=CC=CC=C1OC1=CC=CC=C1C#N,0
CCCN1N=C(C=CC1=O)C(=O)N(CC=C)C1=NC(=CS1)C1=CC=CC=C1,0
CCC1=C2NC=C(C3=CSC(NC4CC4)=N3)C2=CC=C1,0
COC1=CC=C(F)C=C1C1=CSC(NC(=O)C2=CC=CC=N2)=N1,0
CNC(=O)C1=CC=C(CN2CCCC(CC2)C2=CC=CC=C2)C=C1,0
CN1C(CNC2=C(C)C(C)=NN2CCO)=NC2=CC=CC=C12,0
FC1=CC=CC(=C1)C(=O)N1CCN(CC1)C(=O)C1COC2=CC=CC=C2O1,0
CN(C(=O)C1=C(C)N(CC2=CC=CC=C2Cl)N=C1C)C1=CC=CC=C1,0
CC1=CC=C(Cl)C=C1N1CCN(CC1)C(=O)NCC1CCC1,0
CC1=NC2=CC=CC=C2N1CCNC1=NC=CN2C=NN=C12,0
FC1=CC=C(N2N=CC(NC3CCC4=CC=CC=C34)=C(Cl)C2=O)C(F)=C1,0
O=C(NCC1=CC=CO1)C1=CC=CC(CN2N=NC(=N2)C2=CC=CC=C2)=C1,0
COC1=CC=C(F)C=C1C1=CSC(CC2=CC=CC=C2)=N1,0
COC1=CC=CC=C1NC1CCN(CC2=CN=C3C=CC=CN23)CC1,0
COC(=O)C1CC2=CC=CC=C2N1C(=O)C1=CC(OC)=CC=C1OC,0
CCC1=CC=C(NC(=O)C2=C(N)C3=CC=CC=C3N=N2)C=C1,0
CN(CC1=NC2=CC=CC=C2S1)C(=O)C1=C2N=CC=C(N2N=C1)C1=CC=CC=C1,0
BrC1=CC=C(CC2=CN=C(NC(=O)C3=CC=CC(CC#N)=C3)S2)C=C1,0
Cl.CCOC1=CC=C(CNC(=O)C2NCCC3=CC=CC=C23)C=C1OC,0
CC1=NC=C(CNCC2CCN(C2)C2=CC=C(F)C(F)=C2)N1C1=CC=CC=C1,0
